Date,Nucleaire,Gaz,Charbon,Biomasse,Fioul,Hydro,STEP Pompage,STEP Turbinage,Batterie Injection,Batterie Soutirage,RES,Charge Nette
2020-01-01 00:00:00,4410.0,3555.0,0.0,0.0,0.0,290.1630789302012,0.0,0.0,0.0,0.0,2820,8255
2020-01-01 01:00:00,4410.0,3555.0,0.0,0.0,0.0,322.16307893019984,0.0,0.0,0.0,0.0,2486,8287
2020-01-01 02:00:00,4410.0,3555.0,0.0,0.0,0.0,1105.1630789301998,0.0,0.0,0.0,0.0,1361,9070
2020-01-01 03:00:00,4410.0,3554.9999999999986,0.0,0.0,0.0,757.1630789302026,0.0,0.0,0.0,0.0,1243,8722
2020-01-01 04:00:00,4410.0,3555.0,0.0,0.0,0.0,380.16307893019984,0.0,0.0,0.0,0.0,1482,8345
2020-01-01 05:00:00,5242.163078930202,3555.0,0.0,0.0,0.0,0.0,0.0,0.0,0.0,0.0,1319,8797
2020-01-01 06:00:00,5550.1630789302,3555.0,0.0,0.0,0.0,0.0,0.0,0.0,0.0,0.0,1603,9105
2020-01-01 07:00:00,5580.0,3555.0,0.0,0.0,0.0,391.1630789302012,0.0,0.0,0.0,0.0,1669,9526
2020-01-01 08:00:00,5418.163078930201,3554.9999999999995,0.0,0.0,0.0,0.0,0.0,0.0,0.0,0.0,2507,8973
2020-01-01 09:00:00,5580.0,3555.0,0.0,0.0,0.0,26.163078930200527,0.0,0.0,0.0,0.0,2551,9161
2020-01-01 10:00:00,5319.163078930202,3554.9999999999995,0.0,0.0,0.0,0.0,0.0,0.0,0.0,0.0,2968,8874
2020-01-01 11:00:00,4995.1630789302,3555.0,0.0,0.0,0.0,0.0,0.0,0.0,0.0,0.0,3427,8550
2020-01-01 12:00:00,4902.163078930202,3554.9999999999995,0.0,0.0,0.0,0.0,0.0,0.0,0.0,0.0,3743,8457
2020-01-01 13:00:00,5580.0,3555.0,0.0,0.0,0.0,0.0,1155.8369210697977,0.0,0.0,0.0,3793,7979
2020-01-01 14:00:00,3871.163078930203,3555.0,0.0,0.0,0.0,0.0,0.0,0.0,0.0,0.0,3979,7426
2020-01-01 15:00:00,3706.163078930202,3555.0,0.0,0.0,0.0,0.0,0.0,0.0,0.0,0.0,3886,7261
2020-01-01 16:00:00,3834.163078930203,3555.0,0.0,0.0,0.0,0.0,0.0,0.0,0.0,0.0,3680,7389
2020-01-01 17:00:00,5580.0,3554.9999999999995,0.0,0.0,0.0,0.0,977.8369210697972,0.0,0.0,0.0,3443,8157
2020-01-01 18:00:00,5580.0,3555.0,0.0,0.0,0.0,0.0,4.836921069799473,0.0,0.0,0.0,2941,9130
2020-01-01 19:00:00,5580.0,3554.9999999999995,0.0,0.0,0.0,593.1630789302017,0.0,0.0,0.0,0.0,2376,9728
2020-01-01 20:00:00,5580.0,3555.0,0.0,0.0,0.0,0.0,157.8369210697996,0.0,0.0,0.0,2607,8977
2020-01-01 21:00:00,5119.163078930202,3554.9999999999995,0.0,0.0,0.0,0.0,0.0,0.0,0.0,0.0,2430,8674
2020-01-01 22:00:00,5580.0,3555.0,0.0,0.0,0.0,0.0,685.8369210697996,0.0,0.0,0.0,2978,8449
2020-01-01 23:00:00,4770.0,3555.0,0.0,0.0,0.0,66.16307893020121,0.0,0.0,0.0,0.0,3218,8391
2020-01-02 00:00:00,4770.0,3554.9999999999995,0.0,0.0,0.0,250.32387475538644,0.0,383.839204174815,0.0,0.0,2085,8959
2020-01-02 01:00:00,4770.0,3554.9999999999995,0.0,0.0,0.0,267.1630789302012,0.0,0.0,0.0,0.0,2211,8592
2020-01-02 02:00:00,4770.0,3555.0,0.0,0.0,0.0,0.0,264.83692106979686,0.0,0.0,0.0,2455,8060
2020-01-02 03:00:00,4770.0,3554.9999999999995,0.0,0.0,0.0,0.0,648.8369210697969,0.0,0.0,0.0,2387,7676
2020-01-02 04:00:00,4125.1630789302035,3555.0,0.0,0.0,0.0,0.0,0.0,0.0,0.0,0.0,2246,7680
2020-01-02 05:00:00,3960.0,3554.9999999999995,0.0,0.0,0.0,0.0,0.0,351.16307893020326,0.0,0.0,2293,7866
2020-01-02 06:00:00,3960.0,3555.0,0.0,0.0,0.0,659.163078930203,0.0,0.0,0.0,0.0,2437,8174
2020-01-02 07:00:00,3960.0,3554.9999999999995,0.0,0.0,0.0,0.0,0.0,718.1630789302014,0.0,0.0,2799,8233
2020-01-02 08:00:00,3960.0,3554.9999999999995,0.0,0.0,0.0,690.1630789302012,0.0,0.0,0.0,0.0,3210,8205
2020-01-02 09:00:00,3960.0,3554.9999999999995,0.0,0.0,0.0,0.0,0.0,409.16307893020326,0.0,0.0,3743,7924
2020-01-02 10:00:00,3855.163078930203,3554.9999999999995,0.0,0.0,0.0,0.0,0.0,0.0,0.0,0.0,4354,7410
2020-01-02 11:00:00,3960.0,3555.0,0.0,0.0,0.0,0.0,754.8369210697969,0.0,0.0,0.0,5072,6760
2020-01-02 12:00:00,3150.0,3554.9999999999995,0.0,0.0,0.0,0.0,161.83692106979686,0.0,0.0,0.0,5530,6543
2020-01-02 13:00:00,2469.163078930203,3555.0,0.0,0.0,0.0,0.0,0.0,0.0,0.0,0.0,5649,6024
2020-01-02 14:00:00,3150.0,3554.9999999999995,0.0,0.0,0.0,0.0,1047.8369210697967,0.0,0.0,0.0,5660,5657
2020-01-02 15:00:00,2078.163078930203,3555.0,0.0,0.0,0.0,0.0,0.0,0.0,0.0,0.0,5464,5633
2020-01-02 16:00:00,3150.0,3554.9999999999995,0.0,0.0,0.0,0.0,781.8369210697969,0.0,0.0,0.0,5185,5923
2020-01-02 17:00:00,3150.0,3554.9999999999995,0.0,0.0,0.0,113.16307893020304,0.0,0.0,0.0,0.0,4872,6818
2020-01-02 18:00:00,3150.0,3554.9999999999995,0.0,0.0,0.0,0.0,0.0,1010.1630789302033,0.0,0.0,4147,7715
2020-01-02 19:00:00,3150.0,3554.9999999999995,0.0,0.0,0.0,1519.1630789302012,0.0,0.0,0.0,0.0,3463,8224
2020-01-02 20:00:00,3150.0,3555.0,0.0,0.0,0.0,150.16307893020326,0.0,1200.0,0.0,0.0,3037,8055
2020-01-02 21:00:00,3150.0,3554.9999999999995,0.0,0.0,0.0,0.0,0.0,909.1630789302033,0.0,0.0,2954,7614
2020-01-02 22:00:00,3150.0,3555.0,0.0,0.0,0.0,1474.163078930203,0.0,0.0,0.0,0.0,2760,8179
2020-01-02 23:00:00,3150.0,3554.9999999999995,0.0,0.0,0.0,1694.1630789302014,0.0,0.0,0.0,0.0,2953,8399
2020-01-03 00:00:00,3960.0,3555.0000000000005,0.0,0.0,0.0,732.1630789301998,0.0,0.0,0.0,0.0,2813,8247
2020-01-03 01:00:00,3960.0,3555.0,0.0,0.0,0.0,598.1630789302028,0.0,0.0,0.0,0.0,2709,8113
2020-01-03 02:00:00,3960.0,3555.0,0.0,0.0,0.0,731.1630789301998,0.0,0.0,0.0,0.0,2198,8246
2020-01-03 03:00:00,3960.0,3555.0,0.0,0.0,0.0,197.1630789302028,0.0,0.0,0.0,0.0,2086,7712
2020-01-03 04:00:00,3768.1630789302017,3555.0,0.0,0.0,0.0,0.0,0.0,0.0,0.0,0.0,2086,7323
2020-01-03 05:00:00,3738.1630789302026,3554.9999999999995,0.0,0.0,0.0,0.0,0.0,0.0,0.0,0.0,2047,7293
2020-01-03 06:00:00,3168.1630789302017,3555.0,0.0,0.0,0.0,0.0,0.0,0.0,0.0,0.0,2679,6723
2020-01-03 07:00:00,3661.1630789302017,3555.0000000000005,0.0,0.0,0.0,0.0,0.0,0.0,0.0,0.0,2235,7216
2020-01-03 08:00:00,2165.1630789302017,3555.0,0.0,0.0,0.0,0.0,0.0,0.0,0.0,0.0,3923,5720
2020-01-03 09:00:00,2065.1630789302017,3555.0000000000005,0.0,0.0,0.0,0.0,0.0,0.0,0.0,0.0,4352,5620
2020-01-03 10:00:00,3329.871058925683,3555.0,0.0,0.0,0.0,0.0,231.70797999548117,0.0,0.0,0.0,3685,6653
2020-01-03 11:00:00,2184.1630789302008,3555.000000000001,0.0,0.0,0.0,0.0,0.0,0.0,0.0,0.0,4824,5739
2020-01-03 12:00:00,2156.1630789302026,3555.0,0.0,0.0,0.0,0.0,0.0,0.0,0.0,0.0,5147,5711
2020-01-03 13:00:00,1784.1630789302017,3555.0,0.0,0.0,0.0,0.0,0.0,0.0,0.0,0.0,5053,5339
2020-01-03 14:00:00,1336.1630789302026,3555.0,0.0,0.0,0.0,0.0,0.0,0.0,0.0,0.0,5033,4891
2020-01-03 15:00:00,1421.1630789302026,3555.0,0.0,0.0,0.0,0.0,0.0,0.0,0.0,0.0,4725,4976
2020-01-03 16:00:00,1537.1630789302017,3555.0000000000005,0.0,0.0,0.0,0.0,0.0,0.0,0.0,0.0,4574,5092
2020-01-03 17:00:00,2275.1630789302026,3555.0,0.0,0.0,0.0,0.0,0.0,0.0,0.0,0.0,4422,5830
2020-01-03 18:00:00,2556.1630789302017,3555.0000000000005,0.0,0.0,0.0,0.0,0.0,0.0,0.0,0.0,4474,6111
2020-01-03 19:00:00,2973.1630789302026,3555.0,0.0,0.0,0.0,0.0,0.0,0.0,0.0,0.0,4062,6528
2020-01-03 20:00:00,3369.1630789302017,3555.0,0.0,0.0,0.0,0.0,0.0,0.0,0.0,0.0,3408,6924
2020-01-03 21:00:00,4410.0,3555.0,0.0,0.0,0.0,0.0,1114.8369210697972,0.0,0.0,0.0,3128,6850
2020-01-03 22:00:00,3657.1630789302017,3555.0,0.0,0.0,0.0,0.0,0.0,0.0,0.0,0.0,3029,7212
2020-01-03 23:00:00,4410.0,3554.9999999999995,0.0,0.0,0.0,0.0,507.8369210697974,0.0,0.0,0.0,3025,7457
2020-01-04 00:00:00,4410.0,3555.0000000000005,0.0,0.0,0.0,0.0,15.836921069798336,0.0,0.0,0.0,2831,7949
2020-01-04 01:00:00,3600.0,3554.9999999999995,0.0,0.0,0.0,2059.1630789302035,0.0,0.0,0.0,0.0,1257,9214
2020-01-04 02:00:00,3600.0,3555.0000000000005,0.0,0.0,0.0,670.1630789302018,0.0,0.0,0.0,0.0,2279,7825
2020-01-04 03:00:00,3600.0,3554.9999999999995,0.0,0.0,0.0,536.1630789302035,0.0,0.0,0.0,0.0,1826,7691
2020-01-04 04:00:00,3600.0,3555.0000000000005,0.0,0.0,0.0,254.1630789302017,0.0,0.0,0.0,0.0,1739,7409
2020-01-04 05:00:00,3518.1630789302026,3555.0000000000005,0.0,0.0,0.0,0.0,0.0,0.0,0.0,0.0,2006,7073
2020-01-04 06:00:00,3600.0,3555.0000000000005,0.0,0.0,0.0,350.1630789302018,0.0,0.0,0.0,0.0,1614,7505
2020-01-04 07:00:00,2430.0,3555.0000000000005,0.0,0.0,0.0,1165.1630789302026,0.0,0.0,0.0,0.0,1985,7150
2020-01-04 08:00:00,2430.0,3554.9999999999995,0.0,0.0,0.0,784.1630789302026,0.0,0.0,0.0,0.0,2531,6769
2020-01-04 09:00:00,2430.0,3555.0000000000005,0.0,0.0,0.0,0.0,775.8369210697983,0.0,0.0,0.0,4453,5209
2020-01-04 10:00:00,2430.0,3554.9999999999995,0.0,0.0,0.0,167.16307893020348,0.0,0.0,0.0,0.0,3955,6152
2020-01-04 11:00:00,2430.0,3555.0,0.0,0.0,0.0,0.0,432.8369210697973,0.0,0.0,0.0,4915,5552
2020-01-04 12:00:00,1620.0,3555.0,0.0,0.0,0.0,686.163078930203,0.0,0.0,0.0,0.0,5027,5861
2020-01-04 13:00:00,1620.0,3555.0,0.0,0.0,0.0,0.0,7.836921069797199,0.0,0.0,0.0,5335,5167
2020-01-04 14:00:00,1055.1630789302026,3555.0000000000005,0.0,0.0,0.0,0.0,0.0,0.0,0.0,0.0,5478,4610
2020-01-04 15:00:00,1620.0,3555.0000000000005,0.0,0.0,0.0,0.0,884.8369210697983,0.0,0.0,0.0,5547,4290
2020-01-04 16:00:00,899.1630789302026,3555.0000000000005,0.0,0.0,0.0,0.0,0.0,0.0,0.0,0.0,5313,4454
2020-01-04 17:00:00,1620.0,3554.9999999999995,0.0,0.0,0.0,195.16307893020257,0.0,0.0,0.0,0.0,4986,5370
2020-01-04 18:00:00,1620.0,3555.0000000000005,0.0,0.0,0.0,918.1630789302018,0.0,0.0,0.0,0.0,4748,6093
2020-01-04 19:00:00,1620.0,3554.9999999999995,0.0,0.0,0.0,1110.1630789302037,0.0,0.0,0.0,0.0,4602,6285
2020-01-04 20:00:00,1620.0,3555.0000000000005,0.0,0.0,0.0,93.16307893020166,0.0,1200.0,0.0,0.0,4029,6468
2020-01-04 21:00:00,1620.0,3554.9999999999995,0.0,0.0,0.0,1120.1630789302037,0.0,0.0,0.0,0.0,3688,6295
2020-01-04 22:00:00,1620.0,3555.0000000000005,0.0,0.0,0.0,882.1630789302018,0.0,0.0,0.0,0.0,4150,6057
2020-01-04 23:00:00,1620.0,3555.0000000000005,0.0,0.0,0.0,1513.1630789302026,0.0,0.0,0.0,0.0,3736,6688
2020-01-05 00:00:00,1620.0,3555.0000000000005,0.0,0.0,0.0,358.97749510776566,0.0,651.185583822437,0.0,0.0,3662,6185
2020-01-05 01:00:00,2430.0,3555.0,0.0,0.0,0.0,262.1630789302026,0.0,0.0,0.0,0.0,3259,6247
2020-01-05 02:00:00,2430.0,3554.9999999999995,0.0,0.0,0.0,0.0,0.0,209.16307893020416,0.0,0.0,3028,6194
2020-01-05 03:00:00,2430.0,3555.0,0.0,0.0,0.0,0.0,0.0,248.1630789302037,0.0,0.0,2561,6233
2020-01-05 04:00:00,2430.0,3555.0,0.0,0.0,0.0,183.16307893020303,0.0,0.0,0.0,0.0,2554,6168
2020-01-05 05:00:00,2430.0,3555.0,0.0,0.0,0.0,0.0,0.0,670.1630789302037,0.0,0.0,2433,6655
2020-01-05 06:00:00,2430.0,3555.0,0.0,0.0,0.0,893.1630789302012,0.0,0.0,0.0,0.0,3036,6878
2020-01-05 07:00:00,2430.0,3555.0,0.0,0.0,0.0,772.1630789302019,0.0,0.0,0.0,0.0,3877,6757
2020-01-05 08:00:00,3085.1630789302026,3555.0,0.0,0.0,0.0,0.0,0.0,0.0,0.0,0.0,4491,6640
2020-01-05 09:00:00,3326.1630789302008,3555.0000000000005,0.0,0.0,0.0,0.0,0.0,0.0,0.0,0.0,4582,6881
2020-01-05 10:00:00,3600.0,3555.0000000000014,0.0,0.0,0.0,1407.1630789301998,0.0,0.0,0.0,0.0,3157,8562
2020-01-05 11:00:00,3392.1630789302026,3554.9999999999986,0.0,0.0,0.0,0.0,0.0,0.0,0.0,0.0,4996,6947
2020-01-05 12:00:00,4770.0,3555.0000000000005,0.0,0.0,0.0,354.16307893020087,0.0,0.0,0.0,0.0,3418,8679
2020-01-05 13:00:00,3402.1630789302017,3554.9999999999995,0.0,0.0,0.0,0.0,0.0,0.0,0.0,0.0,4884,6957
2020-01-05 14:00:00,3304.1630789302008,3555.0000000000005,0.0,0.0,0.0,0.0,0.0,0.0,0.0,0.0,4804,6859
2020-01-05 15:00:00,3374.1630789302017,3554.9999999999995,0.0,0.0,0.0,0.0,0.0,0.0,0.0,0.0,4511,6929
2020-01-05 16:00:00,3556.1630789302008,3555.0000000000005,0.0,0.0,0.0,0.0,0.0,0.0,0.0,0.0,4238,7111
2020-01-05 17:00:00,4292.163078930201,3555.0,0.0,0.0,0.0,0.0,0.0,0.0,0.0,0.0,4045,7847
2020-01-05 18:00:00,4629.163078930202,3555.0,0.0,0.0,0.0,0.0,0.0,0.0,0.0,0.0,4102,8184
2020-01-05 19:00:00,4547.163078930201,3555.0,0.0,0.0,0.0,0.0,0.0,0.0,0.0,0.0,4056,8102
2020-01-05 20:00:00,4770.0,3554.9999999999995,0.0,0.0,0.0,919.163078930202,0.0,0.0,0.0,0.0,2129,9244
2020-01-05 21:00:00,4056.1630789302008,3555.0000000000005,0.0,0.0,0.0,0.0,0.0,0.0,0.0,0.0,3124,7611
2020-01-05 22:00:00,3795.1630789302017,3554.9999999999995,0.0,0.0,0.0,0.0,0.0,0.0,0.0,0.0,3558,7350
2020-01-05 23:00:00,3875.1630789302017,3555.0,0.0,0.0,0.0,0.0,0.0,0.0,0.0,0.0,3633,7430
2020-01-06 00:00:00,4117.163078930202,3555.0,0.0,0.0,0.0,0.0,0.0,0.0,0.0,0.0,3128,7672
2020-01-06 01:00:00,3960.0,3554.9999999999995,0.0,0.0,0.0,266.16307893020144,0.0,0.0,0.0,0.0,2694,7781
2020-01-06 02:00:00,3960.0,3555.0,0.0,0.0,0.0,281.1630789302012,0.0,0.0,0.0,0.0,2378,7796
2020-01-06 03:00:00,3960.0,3554.9999999999995,0.0,0.0,0.0,259.16307893020144,0.0,0.0,0.0,0.0,2008,7774
2020-01-06 04:00:00,3960.0,3555.0,0.0,0.0,0.0,291.1630789302012,0.0,0.0,0.0,0.0,1925,7806
2020-01-06 05:00:00,4770.0,3554.9999999999995,0.0,0.0,0.0,3.1630789302014364,0.0,0.0,0.0,0.0,1888,8328
2020-01-06 06:00:00,4770.0,3554.9999999999995,0.0,0.0,0.0,559.1630789302014,0.0,0.0,0.0,0.0,2507,8884
2020-01-06 07:00:00,4770.0,3555.0,0.0,0.0,0.0,2358.163078930201,0.0,0.0,0.0,0.0,1727,10683
2020-01-06 08:00:00,4770.0,3554.9999999999995,0.0,0.0,0.0,502.16307893020144,0.0,0.0,0.0,0.0,3920,8827
2020-01-06 09:00:00,4770.0,3555.0,0.0,0.0,0.0,203.1630789302012,0.0,0.0,0.0,0.0,4293,8528
2020-01-06 10:00:00,4770.0,3554.9999999999995,0.0,0.0,0.0,71.16307893020144,0.0,0.0,0.0,0.0,4472,8396
2020-01-06 11:00:00,4745.163078930202,3555.0,0.0,0.0,0.0,0.0,0.0,0.0,0.0,0.0,4650,8300
2020-01-06 12:00:00,4667.163078930202,3554.9999999999995,0.0,0.0,0.0,0.0,0.0,0.0,0.0,0.0,4704,8222
2020-01-06 13:00:00,4770.0,3555.0,0.0,0.0,0.0,1562.1630789302012,0.0,0.0,0.0,0.0,2773,9887
2020-01-06 14:00:00,3600.0,3554.9999999999995,0.0,0.0,0.0,875.1630789302014,0.0,0.0,0.0,0.0,4405,8030
2020-01-06 15:00:00,3600.0,3554.9999999999995,0.0,0.0,0.0,661.1630789302014,0.0,0.0,0.0,0.0,4421,7816
2020-01-06 16:00:00,3600.0,3555.0,0.0,0.0,0.0,857.1630789302012,0.0,0.0,0.0,0.0,4160,8012
2020-01-06 17:00:00,3600.0,3554.9999999999995,0.0,0.0,0.0,1594.1630789302014,0.0,0.0,0.0,0.0,4003,8749
2020-01-06 18:00:00,3600.0,3555.0,0.0,0.0,0.0,2004.1630789302012,0.0,0.0,0.0,0.0,4149,9159
2020-01-06 19:00:00,3600.0,3554.9999999999995,0.0,0.0,0.0,1919.1630789302017,0.0,0.0,0.0,0.0,4096,9074
2020-01-06 20:00:00,3600.0,3555.0,0.0,0.0,0.0,1844.1630789302012,0.0,0.0,0.0,0.0,3312,8999
2020-01-06 21:00:00,3600.0,3554.9999999999995,0.0,0.0,0.0,2488.1630789302017,0.0,0.0,0.0,0.0,1927,9643
2020-01-06 22:00:00,3600.0,3554.9999999999995,0.0,0.0,0.0,1169.1630789302014,0.0,0.0,0.0,0.0,3392,8324
2020-01-06 23:00:00,3600.0,3554.9999999999995,0.0,0.0,0.0,2708.1630789302017,0.0,0.0,0.0,0.0,1999,9863
2020-01-07 00:00:00,3600.0,3554.9999999999995,0.0,0.0,0.0,1151.1630789302023,0.0,0.0,0.0,0.0,2896,8306
2020-01-07 01:00:00,3600.0,3554.9999999999995,0.0,0.0,0.0,1041.163078930202,0.0,0.0,0.0,0.0,2705,8196
2020-01-07 02:00:00,3600.0,3554.9999999999995,0.0,0.0,0.0,1080.1630789302023,0.0,0.0,0.0,0.0,2389,8235
2020-01-07 03:00:00,3600.0,3554.9999999999995,0.0,0.0,0.0,1079.163078930202,0.0,0.0,0.0,0.0,2017,8234
2020-01-07 04:00:00,3600.0,3554.9999999999995,0.0,0.0,0.0,1071.1630789302023,0.0,0.0,0.0,0.0,1990,8226
2020-01-07 05:00:00,3600.0,3554.9999999999995,0.0,0.0,0.0,1320.163078930202,0.0,0.0,0.0,0.0,2242,8475
2020-01-07 06:00:00,3600.0,3554.9999999999995,0.0,0.0,0.0,2140.1630789302026,0.0,0.0,0.0,0.0,2613,9295
2020-01-07 07:00:00,3600.0,3554.9999999999995,0.0,0.0,0.0,2397.1630789302026,0.0,0.0,0.0,0.0,3390,9552
2020-01-07 08:00:00,3600.0,3554.9999999999995,0.0,0.0,0.0,2143.1630789302026,0.0,0.0,0.0,0.0,3983,9298
2020-01-07 09:00:00,3600.0,3554.9999999999995,0.0,0.0,0.0,2714.1630789302026,0.0,0.0,0.0,0.0,3484,9869
2020-01-07 10:00:00,3600.0,3554.9999999999995,0.0,0.0,0.0,2439.163078930202,0.0,0.0,0.0,0.0,3782,9594
2020-01-07 11:00:00,4410.0,3554.9999999999995,0.0,0.0,0.0,1545.1630789302023,0.0,0.0,0.0,0.0,3943,9510
2020-01-07 12:00:00,4410.0,3554.9999999999995,0.0,0.0,0.0,1480.163078930202,0.0,0.0,0.0,0.0,3975,9445
2020-01-07 13:00:00,4410.0,3554.9999999999995,0.0,0.0,0.0,646.1630789302023,0.0,0.0,0.0,0.0,4526,8611
2020-01-07 14:00:00,4955.163078930202,3555.0,0.0,0.0,0.0,0.0,0.0,0.0,0.0,0.0,4348,8510
2020-01-07 15:00:00,5063.163078930201,3555.000000000001,0.0,0.0,0.0,0.0,0.0,0.0,0.0,0.0,4014,8618
2020-01-07 16:00:00,5267.163078930201,3555.000000000001,0.0,0.0,0.0,0.0,0.0,0.0,0.0,0.0,3722,8822
2020-01-07 17:00:00,5580.0,3555.0,0.0,0.0,0.0,628.1630789302017,0.0,0.0,0.0,0.0,3297,9763
2020-01-07 18:00:00,5580.0,3555.000000000001,0.0,0.0,0.0,1363.1630789302008,0.0,0.0,0.0,0.0,2995,10498
2020-01-07 19:00:00,5580.0,3554.9999999999995,0.0,0.0,0.0,1732.1630789302026,0.0,0.0,0.0,0.0,2500,10867
2020-01-07 20:00:00,5580.0,3555.000000000001,0.0,0.0,0.0,265.16307893020075,0.0,0.0,0.0,0.0,3017,9400
2020-01-07 21:00:00,5580.0,3554.9999999999995,0.0,0.0,0.0,676.1630789302026,0.0,0.0,0.0,0.0,1797,9811
2020-01-07 22:00:00,4897.163078930202,3555.0,0.0,0.0,0.0,0.0,0.0,0.0,0.0,0.0,3240,8452
2020-01-07 23:00:00,4993.163078930202,3555.0000000000005,0.0,0.0,0.0,0.0,0.0,0.0,0.0,0.0,3224,8548
2020-01-08 00:00:00,4934.163078930202,3555.0,0.0,0.0,0.0,0.0,0.0,0.0,0.0,0.0,2644,8489
2020-01-08 01:00:00,5580.0,3555.0,0.0,0.0,0.0,162.1630789302012,0.0,0.0,0.0,0.0,1471,9297
2020-01-08 02:00:00,5482.163078930202,3555.0,0.0,0.0,0.0,0.0,0.0,0.0,0.0,0.0,1398,9037
2020-01-08 03:00:00,4727.163078930202,3554.9999999999995,0.0,0.0,0.0,0.0,0.0,0.0,0.0,0.0,1675,8282
2020-01-08 04:00:00,4831.163078930202,3554.9999999999995,0.0,0.0,0.0,0.0,0.0,0.0,0.0,0.0,1424,8386
2020-01-08 05:00:00,5155.163078930202,3555.0,0.0,0.0,0.0,0.0,0.0,0.0,0.0,0.0,1479,8710
2020-01-08 06:00:00,5580.0,3554.9999999999995,0.0,0.0,0.0,362.16307893020235,0.0,0.0,0.0,0.0,1602,9497
2020-01-08 07:00:00,5580.0,3554.9999999999995,0.0,0.0,0.0,931.163078930202,0.0,0.0,0.0,0.0,1840,10066
2020-01-08 08:00:00,5580.0,3554.9999999999995,0.0,0.0,0.0,833.1630789302023,0.0,0.0,0.0,0.0,2229,9968
2020-01-08 09:00:00,5580.0,3554.9999999999995,0.0,0.0,0.0,344.1630789302019,0.0,0.0,0.0,0.0,2810,9479
2020-01-08 10:00:00,5574.163078930202,3554.999999999999,0.0,0.0,0.0,0.0,0.0,0.0,0.0,0.0,3213,9129
2020-01-08 11:00:00,5445.163078930202,3554.9999999999995,0.0,0.0,0.0,0.0,0.0,0.0,0.0,0.0,3422,9000
2020-01-08 12:00:00,5277.163078930202,3554.999999999999,0.0,0.0,0.0,0.0,0.0,0.0,0.0,0.0,3622,8832
2020-01-08 13:00:00,4964.163078930202,3554.9999999999995,0.0,0.0,0.0,0.0,0.0,0.0,0.0,0.0,3620,8519
2020-01-08 14:00:00,4673.163078930202,3554.9999999999995,0.0,0.0,0.0,0.0,0.0,0.0,0.0,0.0,3654,8228
2020-01-08 15:00:00,4424.1630789302035,3554.9999999999995,0.0,0.0,0.0,0.0,0.0,0.0,0.0,0.0,3648,7979
2020-01-08 16:00:00,4423.1630789302035,3554.9999999999995,0.0,0.0,0.0,0.0,0.0,0.0,0.0,0.0,3554,7978
2020-01-08 17:00:00,5208.163078930202,3554.9999999999995,0.0,0.0,0.0,0.0,0.0,0.0,0.0,0.0,3382,8763
2020-01-08 18:00:00,5580.0,3554.9999999999995,0.0,0.0,0.0,350.1630789302019,0.0,0.0,0.0,0.0,3058,9485
2020-01-08 19:00:00,5580.0,3554.999999999999,0.0,0.0,0.0,443.1630789302021,0.0,0.0,0.0,0.0,2612,9578
2020-01-08 20:00:00,5580.0,3554.9999999999995,0.0,0.0,0.0,108.16307893020188,0.0,0.0,0.0,0.0,2154,9243
2020-01-08 21:00:00,5063.163078930202,3554.999999999999,0.0,0.0,0.0,0.0,0.0,0.0,0.0,0.0,2210,8618
2020-01-08 22:00:00,5513.163078930202,3554.9999999999995,0.0,0.0,0.0,0.0,0.0,0.0,0.0,0.0,1976,9068
2020-01-08 23:00:00,4573.1630789302035,3554.9999999999995,0.0,0.0,0.0,0.0,0.0,0.0,0.0,0.0,3095,8128
2020-01-09 00:00:00,4566.1630789302035,3554.9999999999995,0.0,0.0,0.0,0.0,0.0,0.0,0.0,0.0,2076,8121
2020-01-09 01:00:00,4585.163078930203,3555.0000000000005,0.0,0.0,0.0,0.0,0.0,0.0,0.0,0.0,1732,8140
2020-01-09 02:00:00,4123.163078930203,3554.9999999999995,0.0,0.0,0.0,0.0,0.0,0.0,0.0,0.0,1921,7678
2020-01-09 03:00:00,3594.1630789302017,3555.0000000000005,0.0,0.0,0.0,0.0,0.0,0.0,0.0,0.0,2030,7149
2020-01-09 04:00:00,3424.1630789302035,3554.9999999999995,0.0,0.0,0.0,0.0,0.0,0.0,0.0,0.0,2086,6979
2020-01-09 05:00:00,3611.1630789302017,3555.0000000000005,0.0,0.0,0.0,0.0,0.0,0.0,0.0,0.0,2109,7166
2020-01-09 06:00:00,3920.1630789302035,3554.9999999999995,0.0,0.0,0.0,0.0,0.0,0.0,0.0,0.0,2206,7475
2020-01-09 07:00:00,4115.163078930202,3555.0000000000005,0.0,0.0,0.0,0.0,0.0,0.0,0.0,0.0,2442,7670
2020-01-09 08:00:00,4267.163078930203,3555.0000000000005,0.0,0.0,0.0,0.0,0.0,0.0,0.0,0.0,2850,7822
2020-01-09 09:00:00,4229.163078930203,3554.9999999999995,0.0,0.0,0.0,0.0,0.0,0.0,0.0,0.0,3445,7784
2020-01-09 10:00:00,3976.1630789302026,3555.0000000000005,0.0,0.0,0.0,0.0,0.0,0.0,0.0,0.0,3990,7531
2020-01-09 11:00:00,3543.1630789302026,3554.9999999999995,0.0,0.0,0.0,0.0,0.0,0.0,0.0,0.0,4629,7098
2020-01-09 12:00:00,3543.1630789302017,3555.0000000000005,0.0,0.0,0.0,0.0,0.0,0.0,0.0,0.0,4882,7098
2020-01-09 13:00:00,3085.1630789302035,3554.9999999999995,0.0,0.0,0.0,0.0,0.0,0.0,0.0,0.0,4992,6640
2020-01-09 14:00:00,2852.1630789302017,3555.0000000000005,0.0,0.0,0.0,0.0,0.0,0.0,0.0,0.0,4906,6407
2020-01-09 15:00:00,2436.1630789302035,3554.9999999999995,0.0,0.0,0.0,0.0,0.0,0.0,0.0,0.0,5126,5991
2020-01-09 16:00:00,2431.1630789302026,3555.0,0.0,0.0,0.0,0.0,0.0,0.0,0.0,0.0,5063,5986
2020-01-09 17:00:00,3101.1630789302026,3555.0000000000005,0.0,0.0,0.0,0.0,0.0,0.0,0.0,0.0,5037,6656
2020-01-09 18:00:00,3600.0,3554.9999999999995,0.0,0.0,0.0,202.16307893020328,0.0,0.0,0.0,0.0,4653,7357
2020-01-09 19:00:00,3600.0,3555.0000000000005,0.0,0.0,0.0,658.1630789302026,0.0,0.0,0.0,0.0,4168,7813
2020-01-09 20:00:00,3600.0,3554.9999999999995,0.0,0.0,0.0,238.16307893020257,0.0,0.0,0.0,0.0,3880,7393
2020-01-09 21:00:00,3445.1630789302017,3555.0000000000005,0.0,0.0,0.0,0.0,0.0,0.0,0.0,0.0,3586,7000
2020-01-09 22:00:00,3600.0,3554.9999999999995,0.0,0.0,0.0,505.1630789302035,0.0,0.0,0.0,0.0,3212,7660
2020-01-09 23:00:00,3600.0,3555.0,0.0,0.0,0.0,1029.1630789302028,0.0,0.0,0.0,0.0,2967,8184
2020-01-10 00:00:00,3539.163078930204,3554.999999999999,0.0,0.0,0.0,0.0,0.0,0.0,0.0,0.0,3672,7094
2020-01-10 01:00:00,3297.1630789302035,3554.9999999999995,0.0,0.0,0.0,0.0,0.0,0.0,0.0,0.0,3594,6852
2020-01-10 02:00:00,3223.1630789302035,3555.0,0.0,0.0,0.0,0.0,0.0,0.0,0.0,0.0,3297,6778
2020-01-10 03:00:00,2888.1630789302017,3554.9999999999995,0.0,0.0,0.0,0.0,0.0,0.0,0.0,0.0,3046,6443
2020-01-10 04:00:00,2674.1630789302017,3555.0,0.0,0.0,0.0,0.0,0.0,0.0,0.0,0.0,2895,6229
2020-01-10 05:00:00,2741.1630789302017,3554.9999999999995,0.0,0.0,0.0,0.0,0.0,0.0,0.0,0.0,2756,6296
2020-01-10 06:00:00,2742.1630789302008,3555.0000000000005,0.0,0.0,0.0,0.0,0.0,0.0,0.0,0.0,2785,6297
2020-01-10 07:00:00,2257.1630789302026,3554.999999999999,0.0,0.0,0.0,0.0,0.0,0.0,0.0,0.0,3262,5812
2020-01-10 08:00:00,1689.1630789302008,3555.0000000000005,0.0,0.0,0.0,0.0,0.0,0.0,0.0,0.0,3959,5244
2020-01-10 09:00:00,2779.1630789302026,3554.999999999999,0.0,0.0,0.0,0.0,0.0,0.0,0.0,0.0,3184,6334
2020-01-10 10:00:00,1739.1630789302008,3555.0000000000005,0.0,0.0,0.0,0.0,0.0,0.0,0.0,0.0,4622,5294
2020-01-10 11:00:00,3090.1630789302017,3555.0,0.0,0.0,0.0,0.0,0.0,0.0,0.0,0.0,3621,6645
2020-01-10 12:00:00,2204.1630789302017,3554.9999999999995,0.0,0.0,0.0,0.0,0.0,0.0,0.0,0.0,4912,5759
2020-01-10 13:00:00,1936.1630789302017,3555.0,0.0,0.0,0.0,0.0,0.0,0.0,0.0,0.0,4802,5491
2020-01-10 14:00:00,1610.1630789302014,3554.9999999999995,0.0,0.0,0.0,0.0,0.0,0.0,0.0,0.0,4718,5165
2020-01-10 15:00:00,1660.163078930201,3555.0000000000005,0.0,0.0,0.0,0.0,0.0,0.0,0.0,0.0,4456,5215
2020-01-10 16:00:00,1896.1630789302026,3554.999999999999,0.0,0.0,0.0,0.0,0.0,0.0,0.0,0.0,4208,5451
2020-01-10 17:00:00,2740.1630789302008,3555.0000000000005,0.0,0.0,0.0,0.0,0.0,0.0,0.0,0.0,4063,6295
2020-01-10 18:00:00,4149.163078930204,3554.999999999999,0.0,0.0,0.0,0.0,0.0,0.0,0.0,0.0,3221,7704
2020-01-10 19:00:00,4410.0,3555.0000000000005,0.0,0.0,0.0,80.16307893020257,0.0,0.0,0.0,0.0,3002,8045
2020-01-10 20:00:00,3342.1630789302035,3555.0,0.0,0.0,0.0,0.0,0.0,0.0,0.0,0.0,3705,6897
2020-01-10 21:00:00,3894.1630789302035,3554.9999999999995,0.0,0.0,0.0,0.0,0.0,0.0,0.0,0.0,2624,7449
2020-01-10 22:00:00,3187.1630789302035,3555.0,0.0,0.0,0.0,0.0,0.0,0.0,0.0,0.0,3587,6742
2020-01-10 23:00:00,3389.1630789302035,3554.9999999999995,0.0,0.0,0.0,0.0,0.0,0.0,0.0,0.0,3621,6944
2020-01-11 00:00:00,3600.0,3555.0000000000005,0.0,0.0,0.0,70.16307893020257,0.0,0.0,0.0,0.0,3179,7225
2020-01-11 01:00:00,3600.0,3554.999999999999,0.0,0.0,0.0,254.1630789302044,0.0,0.0,0.0,0.0,2771,7409
2020-01-11 02:00:00,3600.0,3555.0000000000005,0.0,0.0,0.0,280.1630789302026,0.0,0.0,0.0,0.0,2478,7435
2020-01-11 03:00:00,3600.0,3554.999999999999,0.0,0.0,0.0,344.1630789302044,0.0,0.0,0.0,0.0,1992,7499
2020-01-11 04:00:00,3600.0,3555.0000000000005,0.0,0.0,0.0,149.16307893020257,0.0,0.0,0.0,0.0,2144,7304
2020-01-11 05:00:00,3600.0,3555.0,0.0,0.0,0.0,576.1630789302035,0.0,0.0,0.0,0.0,2269,7731
2020-01-11 06:00:00,3600.0,3554.9999999999995,0.0,0.0,0.0,1400.1630789302017,0.0,0.0,0.0,0.0,2670,8555
2020-01-11 07:00:00,3600.0,3555.0,0.0,0.0,0.0,1678.1630789302017,0.0,0.0,0.0,0.0,3442,8833
2020-01-11 08:00:00,3600.0,3554.9999999999995,0.0,0.0,0.0,1195.1630789302017,0.0,0.0,0.0,0.0,4247,8350
2020-01-11 09:00:00,4506.163078930203,3555.0000000000005,0.0,0.0,0.0,0.0,0.0,0.0,0.0,0.0,4602,8061
2020-01-11 10:00:00,4222.163078930204,3554.999999999999,0.0,0.0,0.0,0.0,0.0,0.0,0.0,0.0,4870,7777
2020-01-11 11:00:00,4031.1630789302026,3555.0000000000005,0.0,0.0,0.0,0.0,0.0,0.0,0.0,0.0,5139,7586
2020-01-11 12:00:00,3934.1630789302044,3554.999999999999,0.0,0.0,0.0,0.0,0.0,0.0,0.0,0.0,5217,7489
2020-01-11 13:00:00,3742.1630789302026,3555.0000000000005,0.0,0.0,0.0,0.0,0.0,0.0,0.0,0.0,5183,7297
2020-01-11 14:00:00,3528.1630789302035,3555.0,0.0,0.0,0.0,0.0,0.0,0.0,0.0,0.0,5159,7083
2020-01-11 15:00:00,3551.1630789302035,3554.9999999999995,0.0,0.0,0.0,0.0,0.0,0.0,0.0,0.0,4922,7106
2020-01-11 16:00:00,3600.0,3555.0,0.0,0.0,0.0,138.16307893020348,0.0,0.0,0.0,0.0,4711,7293
2020-01-11 17:00:00,3600.0,3554.9999999999995,0.0,0.0,0.0,759.1630789302036,0.0,0.0,0.0,0.0,4541,7914
2020-01-11 18:00:00,3600.0,3555.0000000000005,0.0,0.0,0.0,1383.163078930201,0.0,0.0,0.0,0.0,4377,8538
2020-01-11 19:00:00,3600.0,3554.999999999999,0.0,0.0,0.0,1235.1630789302026,0.0,0.0,0.0,0.0,4260,8390
2020-01-11 20:00:00,3600.0,3555.0000000000005,0.0,0.0,0.0,1202.1630789302008,0.0,0.0,0.0,0.0,3360,8357
2020-01-11 21:00:00,3600.0,3554.999999999999,0.0,0.0,0.0,422.1630789302044,0.0,0.0,0.0,0.0,3399,7577
2020-01-11 22:00:00,3600.0,3555.0000000000005,0.0,0.0,0.0,83.16307893020257,0.0,0.0,0.0,0.0,3844,7238
2020-01-11 23:00:00,3527.1630789302035,3555.0,0.0,0.0,0.0,0.0,0.0,0.0,0.0,0.0,4085,7082
2020-01-12 00:00:00,3847.1630789302026,3554.9999999999995,0.0,0.0,0.0,0.0,0.0,0.0,0.0,0.0,3292,7402
2020-01-12 01:00:00,3901.1630789302008,3555.000000000001,0.0,0.0,0.0,0.0,0.0,0.0,0.0,0.0,2880,7456
2020-01-12 02:00:00,3903.1630789302026,3554.9999999999995,0.0,0.0,0.0,0.0,0.0,0.0,0.0,0.0,2583,7458
2020-01-12 03:00:00,3810.1630789302017,3555.0,0.0,0.0,0.0,0.0,0.0,0.0,0.0,0.0,2230,7365
2020-01-12 04:00:00,3961.1630789302017,3555.0000000000005,0.0,0.0,0.0,0.0,0.0,0.0,0.0,0.0,1996,7516
2020-01-12 05:00:00,4176.163078930202,3555.0,0.0,0.0,0.0,0.0,0.0,0.0,0.0,0.0,2281,7731
2020-01-12 06:00:00,4410.0,3555.0000000000005,0.0,0.0,0.0,382.16307893019984,0.0,0.0,0.0,0.0,2835,8347
2020-01-12 07:00:00,4410.0,3555.0,0.0,0.0,0.0,638.1630789301998,0.0,0.0,0.0,0.0,3619,8603
2020-01-12 08:00:00,4410.0,3555.000000000001,0.0,0.0,0.0,312.16307893019894,0.0,0.0,0.0,0.0,4265,8277
2020-01-12 09:00:00,4410.0,3554.9999999999995,0.0,0.0,0.0,1820.1630789302008,0.0,0.0,0.0,0.0,2762,9785
2020-01-12 10:00:00,4178.163078930201,3555.000000000001,0.0,0.0,0.0,0.0,0.0,0.0,0.0,0.0,4805,7733
2020-01-12 11:00:00,4033.1630789302026,3554.9999999999995,0.0,0.0,0.0,0.0,0.0,0.0,0.0,0.0,5033,7588
2020-01-12 12:00:00,3952.1630789302017,3555.0,0.0,0.0,0.0,0.0,0.0,0.0,0.0,0.0,5109,7507
2020-01-12 13:00:00,3600.0,3555.0000000000005,0.0,0.0,0.0,224.1630789302017,0.0,0.0,0.0,0.0,4992,7379
2020-01-12 14:00:00,3304.1630789302017,3555.0,0.0,0.0,0.0,0.0,0.0,0.0,0.0,0.0,5295,6859
2020-01-12 15:00:00,3347.1630789302017,3555.0000000000005,0.0,0.0,0.0,0.0,0.0,0.0,0.0,0.0,5057,6902
2020-01-12 16:00:00,3566.1630789302017,3555.0,0.0,0.0,0.0,0.0,0.0,0.0,0.0,0.0,4840,7121
2020-01-12 17:00:00,1560.0,3555.000000000001,0.0,0.0,0.0,2726.1630789302008,0.0,0.0,0.0,0.0,4658,7841
2020-01-12 18:00:00,4770.0,3554.9999999999995,0.0,0.0,0.0,6.163078930200754,0.0,0.0,0.0,0.0,4707,8331
2020-01-12 19:00:00,4749.163078930199,3555.000000000001,0.0,0.0,0.0,0.0,0.0,0.0,0.0,0.0,4412,8304
2020-01-12 20:00:00,4433.163078930203,3554.9999999999995,0.0,0.0,0.0,0.0,0.0,0.0,0.0,0.0,3869,7988
2020-01-12 21:00:00,4770.0,3555.0,0.0,0.0,0.0,160.16307893019984,0.0,0.0,0.0,0.0,2670,8485
2020-01-12 22:00:00,1560.0,3555.0000000000005,0.0,0.0,0.0,2134.1630789302017,0.0,0.0,0.0,0.0,3978,7249
2020-01-12 23:00:00,3820.1630789302017,3555.0,0.0,0.0,0.0,0.0,0.0,0.0,0.0,0.0,3964,7375
2020-01-13 00:00:00,4731.163078930203,3554.999999999999,0.0,0.0,0.0,0.0,0.0,0.0,0.0,0.0,2428,8286
2020-01-13 01:00:00,4581.1630789302,3555.000000000001,0.0,0.0,0.0,0.0,0.0,0.0,0.0,0.0,2231,8136
2020-01-13 02:00:00,4372.163078930201,3555.0000000000005,0.0,0.0,0.0,0.0,0.0,0.0,0.0,0.0,2163,7927
2020-01-13 03:00:00,4038.1630789302017,3554.999999999999,0.0,0.0,0.0,0.0,0.0,0.0,0.0,0.0,2070,7593
2020-01-13 04:00:00,3970.1630789302008,3555.0000000000005,0.0,0.0,0.0,0.0,0.0,0.0,0.0,0.0,2070,7525
2020-01-13 05:00:00,4491.163078930202,3554.999999999999,0.0,0.0,0.0,0.0,0.0,0.0,0.0,0.0,2062,8046
2020-01-13 06:00:00,4770.0,3555.000000000001,0.0,0.0,0.0,842.1630789302,0.0,0.0,0.0,0.0,2128,9167
2020-01-13 07:00:00,3960.0,3554.999999999999,0.0,0.0,0.0,2490.1630789302026,0.0,0.0,0.0,0.0,2349,10005
2020-01-13 08:00:00,3960.0,3555.000000000001,0.0,0.0,0.0,2521.1630789302,0.0,0.0,0.0,0.0,2680,10036
2020-01-13 09:00:00,3960.0,3554.999999999999,0.0,0.0,0.0,2034.1630789302023,0.0,0.0,0.0,0.0,3196,9549
2020-01-13 10:00:00,3960.0,3555.000000000001,0.0,0.0,0.0,1375.1630789301998,0.0,0.0,0.0,0.0,3848,8890
2020-01-13 11:00:00,3960.0,3555.0000000000005,0.0,0.0,0.0,904.1630789302008,0.0,0.0,0.0,0.0,4400,8419
2020-01-13 12:00:00,3960.0,3554.999999999999,0.0,0.0,0.0,669.1630789302017,0.0,0.0,0.0,0.0,4633,8184
2020-01-13 13:00:00,4380.163078930201,3555.0000000000005,0.0,0.0,0.0,0.0,0.0,0.0,0.0,0.0,4658,7935
2020-01-13 14:00:00,3888.1630789302017,3554.999999999999,0.0,0.0,0.0,0.0,0.0,0.0,0.0,0.0,4971,7443
2020-01-13 15:00:00,3750.1630789302,3555.000000000001,0.0,0.0,0.0,0.0,0.0,0.0,0.0,0.0,4941,7305
2020-01-13 16:00:00,3835.1630789302026,3554.999999999999,0.0,0.0,0.0,0.0,0.0,0.0,0.0,0.0,4875,7390
2020-01-13 17:00:00,4770.0,3555.000000000001,0.0,0.0,0.0,2.1630789301998448,0.0,0.0,0.0,0.0,4528,8327
2020-01-13 18:00:00,4770.0,3554.999999999999,0.0,0.0,0.0,803.1630789302026,0.0,0.0,0.0,0.0,4327,9128
2020-01-13 19:00:00,4770.0,3555.000000000001,0.0,0.0,0.0,1036.1630789301998,0.0,0.0,0.0,0.0,3846,9361
2020-01-13 20:00:00,4770.0,3555.0000000000005,0.0,0.0,0.0,650.1630789302008,0.0,0.0,0.0,0.0,3314,8975
2020-01-13 21:00:00,4770.0,3554.999999999999,0.0,0.0,0.0,56.163078930201664,0.0,0.0,0.0,0.0,3143,8381
2020-01-13 22:00:00,4770.0,3555.000000000001,0.0,0.0,0.0,158.16307893019984,0.0,0.0,0.0,0.0,3105,8483
2020-01-13 23:00:00,4770.0,3554.999999999999,0.0,0.0,0.0,236.1630789302017,0.0,0.0,0.0,0.0,3127,8561
2020-01-14 00:00:00,3960.0,3555.0000000000005,0.0,0.0,0.0,215.16307893020075,0.0,0.0,0.0,0.0,3336,7730
2020-01-14 01:00:00,3960.0,3554.9999999999995,0.0,0.0,0.0,158.16307893020166,0.0,0.0,0.0,0.0,3047,7673
2020-01-14 02:00:00,3960.0,3555.0000000000005,0.0,0.0,0.0,44.163078930200754,0.0,0.0,0.0,0.0,2884,7559
2020-01-14 03:00:00,2328.3939986952464,3554.9999999999995,0.0,0.0,0.0,1230.769080234955,0.0,0.0,0.0,0.0,2896,7114
2020-01-14 04:00:00,3564.1630789302008,3555.0000000000005,0.0,0.0,0.0,0.0,0.0,0.0,0.0,0.0,2815,7119
2020-01-14 05:00:00,3960.0,3555.0000000000014,0.0,0.0,0.0,277.1630789301998,0.0,0.0,0.0,0.0,2650,7792
2020-01-14 06:00:00,3960.0,3554.9999999999986,0.0,0.0,0.0,1589.1630789302028,0.0,0.0,0.0,0.0,2508,9104
2020-01-14 07:00:00,3960.0,3555.0000000000005,0.0,0.0,0.0,2489.1630789302008,0.0,0.0,0.0,0.0,2658,10004
2020-01-14 08:00:00,3960.0,3554.9999999999986,0.0,0.0,0.0,2278.1630789302026,0.0,0.0,0.0,0.0,3219,9793
2020-01-14 09:00:00,3960.0,3555.0000000000005,0.0,0.0,0.0,1794.1630789302008,0.0,0.0,0.0,0.0,3786,9309
2020-01-14 10:00:00,3960.0,3554.9999999999995,0.0,0.0,0.0,1417.1630789302017,0.0,0.0,0.0,0.0,4204,8932
2020-01-14 11:00:00,3960.0,3555.0000000000005,0.0,0.0,0.0,1219.1630789302008,0.0,0.0,0.0,0.0,4556,8734
2020-01-14 12:00:00,3960.0,3554.9999999999995,0.0,0.0,0.0,1080.1630789302017,0.0,0.0,0.0,0.0,4735,8595
2020-01-14 13:00:00,3960.0,3555.0000000000005,0.0,0.0,0.0,835.1630789302008,0.0,0.0,0.0,0.0,4763,8350
2020-01-14 14:00:00,3960.0,3555.0000000000014,0.0,0.0,0.0,493.1630789301998,0.0,0.0,0.0,0.0,4866,8008
2020-01-14 15:00:00,3960.0,3554.9999999999986,0.0,0.0,0.0,230.16307893020272,0.0,0.0,0.0,0.0,4939,7745
2020-01-14 16:00:00,3960.0,3555.0000000000005,0.0,0.0,0.0,438.16307893020064,0.0,0.0,0.0,0.0,4734,7953
2020-01-14 17:00:00,3960.0,3554.9999999999986,0.0,0.0,0.0,1368.1630789302028,0.0,0.0,0.0,0.0,4356,8883
2020-01-14 18:00:00,3150.0,3555.0000000000005,0.0,0.0,0.0,3132.1630789302008,0.0,0.0,0.0,0.0,3895,9837
2020-01-14 19:00:00,1980.0,3554.9999999999995,0.0,0.0,0.0,4770.163078930202,0.0,0.0,0.0,0.0,3261,10305
2020-01-14 20:00:00,1980.0,3555.0000000000005,0.0,0.0,0.0,4272.163078930201,0.0,0.0,0.0,0.0,2837,9807
2020-01-14 21:00:00,1980.0,3554.9999999999995,0.0,0.0,0.0,3569.1630789302017,0.0,0.0,0.0,0.0,2763,9104
2020-01-14 22:00:00,1980.0,3554.9999999999986,0.0,0.0,0.0,3567.163078930203,0.0,0.0,0.0,0.0,2861,9102
2020-01-14 23:00:00,1980.0,3554.9999999999995,0.0,0.0,0.0,3985.1630789302017,0.0,0.0,0.0,0.0,2570,9520
2020-03-11 00:00:00,4770.0,1012.9999999999999,0.0,0.0,0.0,2095.163078930203,0.0,0.0,0.0,0.0,1746,7878
2020-03-11 01:00:00,4770.0,1012.9999999999998,0.0,0.0,0.0,1995.163078930203,0.0,0.0,0.0,0.0,1499,7778
2020-03-11 02:00:00,4770.0,1012.9999999999998,0.0,0.0,0.0,1685.163078930203,0.0,0.0,0.0,0.0,1488,7468
2020-03-11 03:00:00,4770.0,3.410605131648481e-13,0.0,0.0,0.0,2100.1630789302017,0.0,0.0,0.0,0.0,1680,6870
2020-03-11 04:00:00,4770.0,2.2737367544323214e-14,0.0,0.0,0.0,2200.163078930202,0.0,0.0,0.0,0.0,1511,6970
2020-03-11 05:00:00,4770.0,-2.0463630789890888e-13,0.0,0.0,0.0,2789.163078930202,0.0,0.0,0.0,0.0,1415,7559
2020-03-11 06:00:00,4770.0,3.410605131648481e-13,0.0,0.0,0.0,3575.1630789302017,0.0,0.0,0.0,0.0,1720,8345
2020-03-11 07:00:00,4770.0,1.818989403545857e-13,2160.0,0.0,0.0,2516.163078930201,0.0,0.0,0.0,0.0,1378,9446
2020-03-11 08:00:00,4770.0,2.273736754432321e-13,2160.0,0.0,0.0,2736.163078930201,0.0,0.0,0.0,0.0,1521,9666
2020-03-11 09:00:00,4770.0,5.002220859751106e-13,2160.0,0.0,0.0,2385.1630789302003,0.0,0.0,0.0,0.0,1945,9315
2020-03-11 10:00:00,4770.0,-2.0463630789890888e-13,2160.0,0.0,0.0,1048.163078930202,0.0,0.0,0.0,0.0,3149,7978
2020-03-11 11:00:00,4770.0,2.273736754432321e-13,2160.0,0.0,0.0,1467.1630789302012,0.0,0.0,0.0,0.0,2697,8397
2020-03-11 12:00:00,4770.0,-2.0463630789890888e-13,2160.0,0.0,0.0,412.1630789302021,0.0,0.0,0.0,0.0,3755,7342
2020-03-11 13:00:00,4770.0,5.002220859751106e-13,2160.0,0.0,0.0,804.1630789302021,0.0,0.0,0.0,0.0,2998,7734
2020-03-11 14:00:00,4770.0,-2.0463630789890888e-13,2160.0,0.0,0.0,220.16307893020212,0.0,0.0,0.0,0.0,3219,7150
2020-03-11 15:00:00,4770.0,2.273736754432321e-13,1931.163078930202,0.0,0.0,0.0,0.0,0.0,0.0,0.0,3297,6701
2020-03-11 16:00:00,4770.0,-2.0463630789890888e-13,1723.1630789302023,0.0,0.0,0.0,0.0,0.0,0.0,0.0,3167,6493
2020-03-11 17:00:00,4770.0,6.821210263296964e-14,2007.1630789302021,0.0,0.0,0.0,0.0,0.0,0.0,0.0,2849,6777
2020-03-11 18:00:00,4770.0,5.002220859751106e-13,2160.0,0.0,0.0,745.1630789302021,0.0,0.0,0.0,0.0,2466,7675
2020-03-11 19:00:00,4770.0,6.821210263296964e-14,2160.0,0.0,0.0,1642.163078930202,0.0,0.0,0.0,0.0,2064,8572
2020-03-11 20:00:00,4770.0,2.273736754432321e-13,2160.0,0.0,0.0,704.163078930203,0.0,0.0,0.0,0.0,2286,7634
2020-03-11 21:00:00,4770.0,3.410605131648481e-13,2160.0,0.0,0.0,25.163078930201664,0.0,0.0,0.0,0.0,2421,6955
2020-03-11 22:00:00,4770.0,3.410605131648481e-13,1757.1630789302023,0.0,0.0,0.0,0.0,0.0,0.0,0.0,3056,6527
2020-03-11 23:00:00,5580.0,-2.0463630789890888e-13,1019.1630789302021,0.0,0.0,0.0,0.0,0.0,0.0,0.0,3170,6599
2020-03-12 00:00:00,5580.0,3.183231456205249e-13,1383.1630789302023,0.0,0.0,0.0,0.0,0.0,0.0,0.0,2208,6963
2020-03-12 01:00:00,5580.0,-2.046363078989089e-13,1346.163078930203,0.0,0.0,0.0,0.0,0.0,0.0,0.0,1845,6926
2020-03-12 02:00:00,5580.0,-2.955857780762017e-13,1060.1630789302026,0.0,0.0,0.0,0.0,0.0,0.0,0.0,1776,6640
2020-03-12 03:00:00,5580.0,4.3200998334214094e-13,666.163078930202,0.0,0.0,0.0,0.0,0.0,0.0,0.0,1720,6246
2020-03-12 04:00:00,5580.0,-2.7284841053187846e-13,634.1630789302026,0.0,0.0,0.0,0.0,0.0,0.0,0.0,1575,6214
2020-03-12 05:00:00,5580.0,3.183231456205249e-13,685.1630789302023,0.0,0.0,0.0,0.0,0.0,0.0,0.0,1695,6265
2020-03-12 06:00:00,5580.0,6.821210263296964e-14,797.1630789302023,0.0,0.0,0.0,0.0,0.0,0.0,0.0,1944,6377
2020-03-12 07:00:00,5580.0,2.0463630789890893e-13,540.0,0.0,0.0,578.1630789302014,0.0,0.0,0.0,0.0,1910,6698
2020-03-12 08:00:00,5580.0,-2.7284841053187846e-13,540.0,0.0,0.0,896.1630789302035,0.0,0.0,0.0,0.0,2096,7016
2020-03-12 09:00:00,5580.0,2.5011104298755534e-13,540.0,0.0,0.0,468.16307893020235,0.0,0.0,0.0,0.0,2767,6588
2020-03-12 10:00:00,5580.0,3.410605131648481e-13,301.16307893020144,0.0,0.0,0.0,0.0,0.0,0.0,0.0,3359,5881
2020-03-12 11:00:00,5580.0,3.183231456205249e-13,0.0,0.0,0.0,0.0,154.83692106979743,0.0,0.0,0.0,3784,5425
2020-03-12 12:00:00,5580.0,2.0463630789890893e-13,0.0,0.0,0.0,0.0,270.8369210697988,0.0,0.0,0.0,4146,5309
2020-03-12 13:00:00,5580.0,-2.7284841053187846e-13,0.0,0.0,0.0,0.0,1038.8369210697974,0.0,0.0,0.0,4458,4541
2020-03-12 14:00:00,5122.163078930203,-2.27373675443232e-14,0.0,0.0,0.0,0.0,1200.0,0.0,0.0,0.0,4692,3922
2020-03-12 15:00:00,4513.163078930203,6.821210263296964e-14,210.0,0.0,0.0,0.0,1200.0,0.0,0.0,0.0,4805,3523
2020-03-12 16:00:00,4301.163078930202,6.821210263296964e-14,210.0,0.0,0.0,0.0,1200.0,0.0,0.0,0.0,4725,3311
2020-03-12 17:00:00,4785.163078930202,-2.046363078989089e-13,210.0,0.0,0.0,0.0,1200.0,0.0,0.0,0.0,4291,3795
2020-03-12 18:00:00,5580.0,8.86757334228605e-13,210.0,0.0,0.0,0.0,554.8369210697983,0.0,0.0,0.0,3477,5235
2020-03-12 19:00:00,5580.0,-2.7284841053187846e-13,210.0,0.0,0.0,0.0,0.0,915.1630789302036,0.0,0.0,2700,6705
2020-03-12 20:00:00,5580.0,3.183231456205249e-13,210.0,0.0,0.0,0.0,0.0,443.1630789302026,0.0,0.0,2660,6233
2020-03-12 21:00:00,5580.0,8.86757334228605e-13,210.0,0.0,0.0,0.0,0.0,159.16307893020166,0.0,0.0,2545,5949
2020-03-12 22:00:00,5580.0,-2.046363078989089e-13,540.0,0.0,0.0,0.0,0.0,394.1630789302035,0.0,0.0,2351,6514
2020-03-12 23:00:00,5580.0,8.86757334228605e-13,447.44944553154886,0.0,0.0,0.0,0.0,869.7136333986527,0.0,0.0,2324,6897
2020-03-13 00:00:00,5580.0,-2.0463630789890883e-13,0.0,0.0,0.0,0.0,0.0,914.1630789302026,0.0,0.0,2317,6494
2020-03-13 01:00:00,5580.0,7.048583938740194e-13,0.0,0.0,0.0,0.0,0.0,729.1630789302017,0.0,0.0,2169,6309
2020-03-13 02:00:00,5580.0,6.821210263296964e-14,0.0,0.0,0.0,0.0,0.0,445.1630789302026,0.0,0.0,2104,6025
2020-03-13 03:00:00,5580.0,7.048583938740194e-13,0.0,0.0,0.0,0.0,0.0,117.16307893020166,0.0,0.0,1923,5697
2020-03-13 04:00:00,5580.0,6.821210263296964e-14,0.0,0.0,0.0,0.0,108.83692106979744,0.0,0.0,0.0,1881,5471
2020-03-13 05:00:00,5580.0,6.821210263296964e-14,0.0,0.0,0.0,0.0,62.83692106979743,0.0,0.0,0.0,1843,5517
2020-03-13 06:00:00,5580.0,-2.046363078989089e-13,0.0,0.0,0.0,0.0,897.8369210697974,0.0,0.0,0.0,2812,4682
2020-03-13 07:00:00,5580.0,6.821210263296964e-14,0.0,0.0,0.0,0.0,0.0,134.16307893020257,0.0,0.0,1857,5714
2020-03-13 08:00:00,5580.0,3.410605131648481e-13,0.0,0.0,0.0,0.0,514.8369210697979,0.0,0.0,0.0,2995,5065
2020-03-13 09:00:00,5580.0,-1.023181539494544e-13,0.0,0.0,0.0,0.0,587.8369210697974,0.0,0.0,0.0,3537,4992
2020-03-13 10:00:00,5580.0,1.3642420526593928e-13,0.0,0.0,0.0,0.0,965.8369210697974,0.0,0.0,0.0,4188,4614
2020-03-13 11:00:00,5580.0,6.821210263296964e-14,0.0,0.0,0.0,0.0,369.8369210697974,0.0,0.0,0.0,3894,5210
2020-03-13 12:00:00,5580.0,6.821210263296964e-14,0.0,0.0,0.0,0.0,462.8369210697974,0.0,0.0,0.0,4391,5117
2020-03-13 13:00:00,5580.0,6.821210263296964e-14,0.0,0.0,0.0,0.0,1142.8369210697974,0.0,0.0,0.0,4548,4437
2020-03-13 14:00:00,5157.163078930203,6.821210263296964e-14,0.0,0.0,0.0,0.0,1200.0,0.0,0.0,0.0,4579,3957
2020-03-13 15:00:00,5077.163078930203,1.3642420526593928e-13,0.0,0.0,0.0,0.0,1200.0,0.0,0.0,0.0,4410,3877
2020-03-13 16:00:00,5224.163078930203,1.3642420526593928e-13,0.0,0.0,0.0,0.0,1200.0,0.0,0.0,0.0,4016,4024
2020-03-13 17:00:00,5352.163078930203,-2.046363078989089e-13,0.0,0.0,0.0,0.0,1200.0,0.0,0.0,0.0,4029,4152
2020-03-13 18:00:00,5580.0,6.821210263296964e-14,0.0,0.0,0.0,0.0,0.0,396.16307893020235,0.0,0.0,2905,5976
2020-03-13 19:00:00,5580.0,7.048583938740194e-13,0.0,0.0,0.0,0.0,0.0,1056.1630789302017,0.0,0.0,3131,6636
2020-03-13 20:00:00,5580.0,-2.046363078989089e-13,0.0,0.0,0.0,0.0,0.0,724.1630789302026,0.0,0.0,3067,6304
2020-03-13 21:00:00,5580.0,-2.27373675443232e-14,0.0,0.0,0.0,0.0,0.0,300.1630789302025,0.0,0.0,3000,5880
2020-03-13 22:00:00,5580.0,-2.0463630789890883e-13,1080.0,0.0,0.0,0.0,0.0,505.16307893020166,0.0,0.0,1943,7165
2020-03-13 23:00:00,5580.0,7.048583938740194e-13,1620.0,0.0,0.0,0.0,0.0,392.16307893020166,0.0,0.0,1769,7592
2020-03-14 00:00:00,5580.0,8.86757334228605e-13,1620.0,0.0,0.0,0.0,0.0,4.163078930201664,0.0,0.0,1782,7204
2020-03-14 01:00:00,5580.0,-2.046363078989089e-13,1316.1630789302021,0.0,0.0,0.0,0.0,0.0,0.0,0.0,1834,6896
2020-03-14 02:00:00,5580.0,1.591615728102624e-13,929.1630789302023,0.0,0.0,0.0,0.0,0.0,0.0,0.0,1991,6509
2020-03-14 03:00:00,5580.0,-2.046363078989089e-13,875.1630789302023,0.0,0.0,0.0,0.0,0.0,0.0,0.0,1694,6455
2020-03-14 04:00:00,5580.0,-6.821210263296963e-14,982.163078930202,0.0,0.0,0.0,0.0,0.0,0.0,0.0,1600,6562
2020-03-14 05:00:00,5580.0,-3.410605131648482e-13,1697.1630789302026,0.0,0.0,0.0,0.0,0.0,0.0,0.0,1531,7277
2020-03-14 06:00:00,5580.0,-1.1368683772161607e-14,1689.1630789302026,0.0,0.0,0.0,0.0,0.0,0.0,0.0,2782,7269
2020-03-14 07:00:00,5580.0,-2.046363078989089e-13,2160.0,0.0,0.0,343.16307893020246,0.0,1200.0,0.0,0.0,1559,9283
2020-03-14 08:00:00,5580.0,3.410605131648481e-13,2160.0,0.0,0.0,410.1630789302007,0.0,1200.0,0.0,0.0,1827,9350
2020-03-14 09:00:00,5580.0,3.410605131648481e-13,1620.0,0.0,0.0,0.0,0.0,333.1630789302026,0.0,0.0,3713,7533
2020-03-14 10:00:00,5580.0,6.821210263296964e-14,1080.0,0.0,0.0,0.0,0.0,207.16307893020212,0.0,0.0,4255,6867
2020-03-14 11:00:00,5580.0,4.5474735088646414e-14,1080.0,0.0,0.0,0.0,0.0,564.1630789302026,0.0,0.0,3884,7224
2020-03-14 12:00:00,5580.0,6.821210263296964e-14,628.1630789302021,0.0,0.0,0.0,0.0,0.0,0.0,0.0,4877,6208
2020-03-14 13:00:00,5580.0,1.591615728102624e-13,485.1630789302024,0.0,0.0,0.0,0.0,0.0,0.0,0.0,4747,6065
2020-03-14 14:00:00,5580.0,-2.046363078989089e-13,420.0,0.0,0.0,0.0,81.83692106979743,0.0,0.0,0.0,4596,5918
2020-03-14 15:00:00,5580.0,1.591615728102624e-13,699.1630789302023,0.0,0.0,0.0,0.0,0.0,0.0,0.0,3932,6279
2020-03-14 16:00:00,5580.0,-2.046363078989089e-13,869.1630789302023,0.0,0.0,0.0,0.0,0.0,0.0,0.0,3575,6449
2020-03-14 17:00:00,5580.0,-6.821210263296963e-14,1447.1630789302021,0.0,0.0,0.0,0.0,0.0,0.0,0.0,3125,7027
2020-03-14 18:00:00,5580.0,1.591615728102624e-13,1620.0,0.0,0.0,796.9375407698224,0.0,607.2255381603784,0.0,0.0,2343,8604
2020-03-14 19:00:00,5580.0,6.821210263296964e-14,2160.0,0.0,0.0,858.1630789302021,0.0,0.0,0.0,0.0,3145,8598
2020-03-14 20:00:00,5580.0,2.5011104298755534e-13,2160.0,0.0,0.0,214.16307893020235,0.0,0.0,0.0,0.0,2950,7954
2020-03-14 21:00:00,5580.0,-3.410605131648482e-13,2160.0,0.0,0.0,781.1630789302023,0.0,0.0,0.0,0.0,1671,8521
2020-03-14 22:00:00,5580.0,-6.821210263296963e-14,2160.0,0.0,0.0,948.1630789302,0.0,0.0,0.0,0.0,1677,8688
2020-03-14 23:00:00,5580.0,-2.0463630789890888e-13,2160.0,0.0,0.0,1195.1630789302026,0.0,0.0,0.0,0.0,1598,8935
2020-03-15 00:00:00,5580.0,3.240074875066057e-13,1553.1630789302023,0.0,0.0,0.0,0.0,0.0,0.0,0.0,2936,7133
2020-03-15 01:00:00,5580.0,-2.2168933355715125e-13,2160.0,0.0,0.0,412.16307893020166,0.0,0.0,0.0,0.0,1598,8152
2020-03-15 02:00:00,5580.0,3.240074875066057e-13,2160.0,0.0,0.0,228.16307893020212,0.0,0.0,0.0,0.0,1525,7968
2020-03-15 03:00:00,5580.0,3.240074875066057e-13,2033.1630789302023,0.0,0.0,0.0,0.0,0.0,0.0,0.0,1508,7613
2020-03-15 04:00:00,5580.0,-2.2168933355715125e-13,1648.1630789302014,0.0,0.0,0.0,0.0,0.0,0.0,0.0,1863,7228
2020-03-15 05:00:00,5580.0,3.240074875066057e-13,2084.1630789302026,0.0,0.0,0.0,0.0,0.0,0.0,0.0,1988,7664
2020-03-15 06:00:00,5580.0,-3.922195901395753e-13,2160.0,0.0,0.0,182.1630789302017,0.0,0.0,0.0,0.0,2875,7922
2020-03-15 07:00:00,5580.0,-2.2168933355715125e-13,2160.0,0.0,0.0,2427.1630789302017,0.0,0.0,0.0,0.0,1369,10167
2020-03-15 08:00:00,5580.0,-3.922195901395753e-13,2160.0,0.0,0.0,867.1630789302017,0.0,0.0,0.0,0.0,3166,8607
2020-03-15 09:00:00,5580.0,-2.2168933355715125e-13,1620.0,0.0,0.0,2253.1630789302026,0.0,0.0,0.0,0.0,2311,9453
2020-03-15 10:00:00,5580.0,-2.2168933355715125e-13,1620.0,0.0,0.0,1456.1630789302017,0.0,0.0,0.0,0.0,2943,8656
2020-03-15 11:00:00,5580.0,-2.2168933355715125e-13,1174.1630789302026,0.0,0.0,0.0,0.0,0.0,0.0,0.0,4837,6754
2020-03-15 12:00:00,5580.0,-2.2168933355715125e-13,1620.0,0.0,0.0,478.1630789302026,0.0,0.0,0.0,0.0,3886,7678
2020-03-15 13:00:00,5580.0,-2.2168933355715123e-13,1080.0,0.0,0.0,592.1630789302017,0.0,0.0,0.0,0.0,4024,7252
2020-03-15 14:00:00,5580.0,3.240074875066057e-13,540.0,0.0,0.0,914.163078930202,0.0,0.0,0.0,0.0,3958,7034
2020-03-15 15:00:00,5580.0,-2.2168933355715125e-13,540.0,0.0,0.0,997.1630789302016,0.0,0.0,0.0,0.0,3581,7117
2020-03-15 16:00:00,5580.0,3.240074875066057e-13,213.16307893020232,0.0,0.0,0.0,0.0,0.0,0.0,0.0,4682,5793
2020-03-15 17:00:00,5580.0,-3.922195901395753e-13,825.1630789302027,0.0,0.0,0.0,0.0,0.0,0.0,0.0,4106,6405
2020-03-15 18:00:00,5580.0,-1.307398633798585e-13,1080.0,0.0,0.0,1008.1630789302023,0.0,0.0,0.0,0.0,3470,7668
2020-03-15 19:00:00,5580.0,-2.2168933355715125e-13,1080.0,0.0,0.0,2085.1630789302017,0.0,0.0,0.0,0.0,3026,8745
2020-03-15 20:00:00,5580.0,-2.2168933355715125e-13,1080.0,0.0,0.0,1395.1630789302026,0.0,0.0,0.0,0.0,2837,8055
2020-03-15 21:00:00,5580.0,2.3305801732931294e-13,1620.0,0.0,0.0,1749.1630789302023,0.0,0.0,0.0,0.0,1235,8949
2020-03-15 22:00:00,5580.0,-3.5811353882309053e-13,2160.0,0.0,0.0,1396.163078930202,0.0,0.0,0.0,0.0,1174,9136
2020-03-15 23:00:00,5580.0,-2.2168933355715125e-13,2160.0,0.0,0.0,48.163078930201664,0.0,0.0,0.0,0.0,2671,7788
2020-03-16 00:00:00,5580.0,-2.216893335571513e-13,1536.1630789302021,0.0,0.0,0.0,0.0,0.0,0.0,0.0,2820,7116
2020-03-16 01:00:00,5580.0,6.878053682157771e-13,2160.0,0.0,0.0,737.1630789302008,0.0,0.0,0.0,0.0,1122,8477
2020-03-16 02:00:00,5580.0,5.1159076974727215e-14,2160.0,0.0,0.0,475.1630789302019,0.0,0.0,0.0,0.0,1097,8215
2020-03-16 03:00:00,5580.0,5.1159076974727215e-14,1355.1630789302026,0.0,0.0,0.0,0.0,0.0,0.0,0.0,1971,6935
2020-03-16 04:00:00,5580.0,-8.526512829121207e-14,2160.0,0.0,0.0,14.16307893020195,0.0,0.0,0.0,0.0,1084,7754
2020-03-16 05:00:00,5580.0,3.4106051316484814e-14,1510.1630789302026,0.0,0.0,0.0,0.0,0.0,0.0,0.0,2269,7090
2020-03-16 06:00:00,5580.0,5.1159076974727215e-14,2160.0,0.0,0.0,1537.1630789302008,0.0,0.0,0.0,0.0,1187,9277
2020-03-16 07:00:00,5580.0,-8.526512829121205e-14,2160.0,0.0,0.0,539.1630789302019,0.0,0.0,0.0,0.0,2895,8279
2020-03-16 08:00:00,5580.0,5.1159076974727215e-14,2160.0,0.0,0.0,569.1630789302008,0.0,0.0,0.0,0.0,3100,8309
2020-03-16 09:00:00,5580.0,-4.945377440890297e-13,2160.0,0.0,0.0,1675.163078930202,0.0,0.0,0.0,0.0,1986,9415
2020-03-16 10:00:00,5580.0,6.878053682157771e-13,1402.163078930202,0.0,0.0,0.0,0.0,0.0,0.0,0.0,4283,6982
2020-03-16 11:00:00,5580.0,-4.945377440890297e-13,1006.1630789302022,0.0,0.0,0.0,0.0,0.0,0.0,0.0,4700,6586
2020-03-16 12:00:00,5580.0,3.4106051316484814e-14,2160.0,0.0,0.0,269.16307893020155,0.0,0.0,0.0,0.0,3291,8009
2020-03-16 13:00:00,5580.0,-2.55795384873636e-13,1957.1630789302021,0.0,0.0,0.0,0.0,0.0,0.0,0.0,3510,7537
2020-03-16 14:00:00,5580.0,-1.307398633798585e-13,1620.0,0.0,0.0,14.163078930201792,0.0,0.0,0.0,0.0,3582,7214
2020-03-16 15:00:00,5580.0,5.1159076974727215e-14,1544.1630789302026,0.0,0.0,0.0,0.0,0.0,0.0,0.0,3388,7124
2020-03-16 16:00:00,5580.0,-4.945377440890297e-13,1548.1630789302028,0.0,0.0,0.0,0.0,0.0,0.0,0.0,3157,7128
2020-03-16 17:00:00,5580.0,5.1159076974727215e-14,1620.0,0.0,0.0,169.16307893020166,0.0,0.0,0.0,0.0,2928,7369
2020-03-16 18:00:00,5580.0,-1.3130829756846652e-12,1370.163078930203,0.0,0.0,0.0,0.0,0.0,0.0,0.0,3936,6950
2020-03-16 19:00:00,5580.0,5.1159076974727215e-14,1620.0,0.0,0.0,2221.1630789302017,0.0,0.0,0.0,0.0,1935,9421
2020-03-16 20:00:00,5580.0,-4.945377440890297e-13,1620.0,0.0,0.0,1384.163078930202,0.0,0.0,0.0,0.0,1924,8584
2020-03-16 21:00:00,5580.0,5.1159076974727215e-14,667.1630789302026,0.0,0.0,0.0,0.0,0.0,0.0,0.0,3596,6247
2020-03-16 22:00:00,5580.0,6.878053682157771e-13,2160.0,0.0,0.0,499.1630789302007,0.0,0.0,0.0,0.0,1702,8239
2020-03-16 23:00:00,5580.0,5.1159076974727215e-14,1322.1630789302026,0.0,0.0,0.0,0.0,0.0,0.0,0.0,3173,6902
2020-03-17 00:00:00,5580.0,-2.131628207280301e-13,2160.0,0.0,0.0,368.1630789302012,0.0,0.0,0.0,0.0,1433,8108
2020-03-17 01:00:00,5580.0,-7.588596417917871e-13,1062.1630789302028,0.0,0.0,0.0,0.0,0.0,0.0,0.0,2557,6642
2020-03-17 02:00:00,5580.0,-2.131628207280301e-13,2160.0,0.0,0.0,48.16307893020121,0.0,0.0,0.0,0.0,1133,7788
2020-03-17 03:00:00,5580.0,-2.131628207280301e-13,1010.1630789302019,0.0,0.0,0.0,0.0,0.0,0.0,0.0,1949,6590
2020-03-17 04:00:00,5580.0,-2.131628207280301e-13,1884.1630789302021,0.0,0.0,0.0,0.0,0.0,0.0,0.0,1038,7464
2020-03-17 05:00:00,5580.0,-7.588596417917871e-13,1251.1630789302037,0.0,0.0,0.0,0.0,0.0,0.0,0.0,2226,6831
2020-03-17 06:00:00,5580.0,-2.131628207280301e-13,2160.0,0.0,0.0,1443.1630789302028,0.0,0.0,0.0,0.0,1028,9183
2020-03-17 07:00:00,5580.0,-1.2221335055073725e-13,2160.0,0.0,0.0,680.1630789302012,0.0,0.0,0.0,0.0,2557,8420
2020-03-17 08:00:00,5580.0,-2.131628207280301e-13,2160.0,0.0,0.0,714.1630789302012,0.0,0.0,0.0,0.0,2807,8454
2020-03-17 09:00:00,5580.0,-1.2221335055073725e-13,2140.163078930201,0.0,0.0,0.0,0.0,0.0,0.0,0.0,3528,7720
2020-03-17 10:00:00,5580.0,-7.588596417917871e-13,1253.1630789302035,0.0,0.0,0.0,0.0,0.0,0.0,0.0,4241,6833
2020-03-17 11:00:00,5580.0,5.968558980384843e-14,2160.0,0.0,0.0,39.163078930201664,0.0,0.0,0.0,0.0,3285,7779
2020-03-17 12:00:00,5580.0,-2.131628207280301e-13,0.0,0.0,0.0,181.16307893020257,0.0,0.0,0.0,0.0,5268,5761
2020-03-17 13:00:00,5580.0,-2.131628207280301e-13,0.0,0.0,0.0,43.163078930203014,0.0,0.0,0.0,0.0,5128,5623
2020-03-17 14:00:00,5580.0,-2.131628207280301e-13,0.0,0.0,0.0,720.1630789302026,0.0,0.0,0.0,0.0,4173,6300
2020-03-17 15:00:00,5580.0,-2.131628207280301e-13,0.0,0.0,0.0,0.0,414.836921069797,0.0,0.0,0.0,5002,5165
2020-03-17 16:00:00,5580.0,-2.131628207280301e-13,0.0,0.0,0.0,0.0,447.836921069797,0.0,0.0,0.0,4799,5132
2020-03-17 17:00:00,5580.0,8.782308213994838e-13,0.0,0.0,0.0,0.0,0.0,492.1630789302026,0.0,0.0,3874,6072
2020-03-17 18:00:00,5580.0,-2.131628207280301e-13,0.0,0.0,0.0,1658.3207762557092,0.0,154.84230267449288,0.0,0.0,3168,7393
2020-03-17 19:00:00,5580.0,-2.131628207280301e-13,0.0,0.0,0.0,1557.163078930203,0.0,0.0,0.0,0.0,3952,7137
2020-03-17 20:00:00,5580.0,-2.131628207280301e-13,0.0,0.0,0.0,2219.163078930202,0.0,0.0,0.0,0.0,2500,7799
2020-03-17 21:00:00,5580.0,3.325340003357269e-13,0.0,0.0,0.0,1531.1630789302026,0.0,0.0,0.0,0.0,2549,7111
2020-03-17 22:00:00,5580.0,-1.4210854715202006e-13,0.0,0.0,0.0,1620.1630789302028,0.0,0.0,0.0,0.0,2563,7200
2020-03-17 23:00:00,3624.163078930202,3555.0,0.0,0.0,0.0,0.0,0.0,0.0,0.0,0.0,2725,7179
2020-03-18 00:00:00,4410.0,1012.9999999999999,0.0,0.0,0.0,1049.1630789302026,0.0,0.0,0.0,0.0,2872,6472
2020-03-18 01:00:00,4410.0,1012.9999999999999,0.0,0.0,0.0,1104.1630789302026,0.0,0.0,0.0,0.0,2424,6527
2020-03-18 02:00:00,4410.0,1013.0,0.0,0.0,0.0,901.1630789302026,0.0,0.0,0.0,0.0,2316,6324
2020-03-18 03:00:00,4410.0,-2.1316282072803008e-13,0.0,0.0,0.0,1594.163078930202,0.0,0.0,0.0,0.0,2200,6004
2020-03-18 04:00:00,4410.0,5.712763595511206e-13,0.0,0.0,0.0,1632.1630789302017,0.0,0.0,0.0,0.0,2063,6042
2020-03-18 05:00:00,4410.0,3.325340003357269e-13,0.0,0.0,0.0,2187.1630789302017,0.0,0.0,0.0,0.0,1993,6597
2020-03-18 06:00:00,4410.0,6.963318810448982e-13,0.0,0.0,0.0,3212.163078930201,0.0,0.0,0.0,0.0,1992,7622
2020-03-18 07:00:00,4410.0,4.689582056016662e-13,420.0,0.0,0.0,3533.1630789302017,0.0,0.0,0.0,0.0,1947,8363
2020-03-18 08:00:00,4410.0,5.712763595511206e-13,2160.0,0.0,0.0,1812.1630789302008,0.0,0.0,0.0,0.0,2188,8382
2020-03-18 09:00:00,4410.0,5.712763595511206e-13,2160.0,0.0,0.0,732.1630789302008,0.0,0.0,0.0,0.0,3348,7302
2020-03-18 10:00:00,4410.0,1.9610979506978764e-13,2160.0,0.0,0.0,444.1630789302028,0.0,0.0,0.0,0.0,3558,7014
2020-03-18 11:00:00,4410.0,4.689582056016662e-13,2126.163078930201,0.0,0.0,0.0,0.0,0.0,0.0,0.0,4086,6536
2020-03-18 12:00:00,4410.0,-2.5579538487363617e-14,1877.1630789302017,0.0,0.0,0.0,0.0,0.0,0.0,0.0,4395,6287
2020-03-18 13:00:00,4410.0,5.712763595511206e-13,840.0,0.0,0.0,532.1630789302017,0.0,0.0,0.0,0.0,4570,5782
2020-03-18 14:00:00,4410.0,-2.5579538487363617e-14,1027.1630789302017,0.0,0.0,0.0,0.0,0.0,0.0,0.0,4632,5437
2020-03-18 15:00:00,4410.0,6.963318810448982e-13,923.1630789302017,0.0,0.0,0.0,0.0,0.0,0.0,0.0,4391,5333
2020-03-18 16:00:00,4410.0,1.9610979506978764e-13,630.0,0.0,0.0,112.16307893020212,0.0,0.0,0.0,0.0,4251,5152
2020-03-18 17:00:00,4410.0,5.712763595511206e-13,1237.1630789302017,0.0,0.0,0.0,0.0,0.0,0.0,0.0,3741,5647
2020-03-18 18:00:00,4410.0,5.712763595511206e-13,1620.0,0.0,0.0,605.1630789302017,0.0,0.0,0.0,0.0,3209,6635
2020-03-18 19:00:00,4410.0,1.9610979506978764e-13,1620.0,0.0,0.0,1342.1630789302028,0.0,0.0,0.0,0.0,2977,7372
2020-03-18 20:00:00,4410.0,4.689582056016662e-13,630.0,0.0,0.0,1829.1630789302017,0.0,0.0,0.0,0.0,2870,6869
2020-03-18 21:00:00,4410.0,-2.5579538487363617e-14,1620.0,0.0,0.0,1227.1630789302026,0.0,0.0,0.0,0.0,2005,7257
2020-03-18 22:00:00,4410.0,5.712763595511206e-13,1620.0,0.0,0.0,838.1630789302017,0.0,0.0,0.0,0.0,2609,6868
2020-03-18 23:00:00,5580.0,3.325340003357269e-13,1620.0,0.0,0.0,33.16307893020257,0.0,0.0,0.0,0.0,2426,7233
2020-03-19 00:00:00,5580.0,3.325340003357269e-13,1080.0,0.0,0.0,18.16307893020212,0.0,0.0,0.0,0.0,2335,6678
2020-03-19 01:00:00,5580.0,-2.131628207280301e-13,1080.0,0.0,0.0,204.16307893020257,0.0,0.0,0.0,0.0,1741,6864
2020-03-19 02:00:00,5580.0,3.325340003357269e-13,540.0,0.0,0.0,474.1630789302021,0.0,0.0,0.0,0.0,1658,6594
2020-03-19 03:00:00,5580.0,3.325340003357269e-13,210.0,0.0,0.0,495.1630789302021,0.0,0.0,0.0,0.0,1501,6285
2020-03-19 04:00:00,5580.0,-4.860112312599086e-13,540.0,0.0,0.0,89.16307893020303,0.0,0.0,0.0,0.0,1398,6209
2020-03-19 05:00:00,5580.0,3.325340003357269e-13,540.0,0.0,0.0,247.16307893020212,0.0,0.0,0.0,0.0,1401,6367
2020-03-19 06:00:00,5580.0,-2.131628207280301e-13,540.0,0.0,0.0,618.1630789302026,0.0,0.0,0.0,0.0,1369,6738
2020-03-19 07:00:00,5580.0,3.325340003357269e-13,540.0,0.0,0.0,787.1630789302021,0.0,0.0,0.0,0.0,1462,6907
2020-03-19 08:00:00,5580.0,-2.131628207280301e-13,540.0,0.0,0.0,962.1630789302016,0.0,0.0,0.0,0.0,1822,7082
2020-03-19 09:00:00,5580.0,3.325340003357269e-13,210.0,0.0,0.0,953.163078930202,0.0,0.0,0.0,0.0,2516,6743
2020-03-19 10:00:00,5580.0,-2.131628207280301e-13,540.0,0.0,0.0,8.163078930202573,0.0,0.0,0.0,0.0,3156,6128
2020-03-19 11:00:00,5580.0,3.325340003357269e-13,210.0,0.0,0.0,42.16307893020212,0.0,0.0,0.0,0.0,3534,5832
2020-03-19 12:00:00,5580.0,2.1316282072803056e-15,0.0,0.0,0.0,15.163078930201664,0.0,0.0,0.0,0.0,4046,5595
2020-03-19 13:00:00,5580.0,-2.131628207280301e-13,0.0,0.0,0.0,0.0,660.8369210697974,0.0,0.0,0.0,4292,4919
2020-03-19 14:00:00,5552.163078930202,3.325340003357269e-13,0.0,0.0,0.0,0.0,1200.0,0.0,0.0,0.0,4482,4352
2020-03-19 15:00:00,5317.163078930203,-3.950173521616308e-13,0.0,0.0,0.0,0.0,1200.0,0.0,0.0,0.0,4461,4117
2020-03-19 16:00:00,5443.163078930202,2.1316282072803056e-15,0.0,0.0,0.0,0.0,1200.0,0.0,0.0,0.0,4160,4243
2020-03-19 17:00:00,5580.0,-2.131628207280301e-13,210.0,0.0,0.0,0.0,920.8369210697974,0.0,0.0,0.0,3657,4869
2020-03-19 18:00:00,5580.0,-3.12638803734444e-14,210.0,0.0,0.0,0.0,0.0,662.1630789302017,0.0,0.0,2653,6452
2020-03-19 19:00:00,5580.0,-2.131628207280301e-13,357.1630789302018,0.0,0.0,0.0,0.0,1200.0,0.0,0.0,2493,7137
2020-03-19 20:00:00,5580.0,3.325340003357269e-13,630.0,0.0,0.0,0.0,0.0,1075.163078930202,0.0,0.0,1850,7285
2020-03-19 21:00:00,5580.0,3.325340003357269e-13,1507.1630789302017,0.0,0.0,0.0,0.0,0.0,0.0,0.0,1619,7087
2020-03-19 22:00:00,5580.0,-2.131628207280301e-13,1620.0,0.0,0.0,0.0,0.0,356.1630789302021,0.0,0.0,1478,7556
2020-03-19 23:00:00,5580.0,4.689582056016662e-13,1620.0,0.0,0.0,0.0,0.0,197.1630789302016,0.0,0.0,1934,7397
2020-03-20 00:00:00,5580.0,-3.410605131648479e-14,1620.0,0.0,0.0,67.56001304631343,0.0,395.60306588388914,0.0,0.0,1208,7663
2020-03-20 01:00:00,5580.0,5.968558980384843e-14,940.1630789302031,0.0,0.0,0.0,0.0,0.0,0.0,0.0,1954,6520
2020-03-20 02:00:00,5580.0,3.325340003357269e-13,1080.0,0.0,0.0,151.16307893020257,0.0,0.0,0.0,0.0,1273,6811
2020-03-20 03:00:00,5580.0,6.963318810448982e-13,656.1630789302025,0.0,0.0,0.0,0.0,0.0,0.0,0.0,1308,6236
2020-03-20 04:00:00,5580.0,5.968558980384843e-14,366.16307893020223,0.0,0.0,0.0,0.0,0.0,0.0,0.0,1303,5946
2020-03-20 05:00:00,5580.0,5.968558980384843e-14,210.0,0.0,0.0,305.163078930203,0.0,0.0,0.0,0.0,1144,6095
2020-03-20 06:00:00,5580.0,5.968558980384843e-14,210.0,0.0,0.0,377.163078930203,0.0,0.0,0.0,0.0,1155,6167
2020-03-20 07:00:00,5580.0,5.968558980384843e-14,210.0,0.0,0.0,348.1630789302021,0.0,0.0,0.0,0.0,1222,6138
2020-03-20 08:00:00,5580.0,6.963318810448982e-13,0.0,0.0,0.0,0.0,676.8369210697974,0.0,0.0,0.0,2926,4903
2020-03-20 09:00:00,5580.0,3.325340003357269e-13,0.0,0.0,0.0,49.5353881278545,0.0,507.62769080234807,0.0,0.0,2139,6137
2020-03-20 10:00:00,5483.1630789302035,-3.12638803734444e-14,0.0,0.0,0.0,0.0,1200.0,0.0,0.0,0.0,4296,4283
2020-03-20 11:00:00,5286.163078930203,3.325340003357269e-13,0.0,0.0,0.0,0.0,1200.0,0.0,0.0,0.0,4778,4086
2020-03-20 12:00:00,5549.163078930203,6.963318810448982e-13,0.0,0.0,0.0,0.0,1200.0,0.0,0.0,0.0,4870,4349
2020-03-20 13:00:00,5127.163078930203,3.325340003357269e-13,0.0,0.0,0.0,0.0,1200.0,0.0,0.0,0.0,4768,3927
2020-03-20 14:00:00,5580.0,-3.12638803734444e-14,0.0,0.0,0.0,0.0,1178.8369210697972,0.0,0.0,0.0,3839,4401
2020-03-20 15:00:00,4776.163078930202,-3.12638803734444e-14,0.0,0.0,0.0,0.0,1200.0,0.0,0.0,0.0,4348,3576
2020-03-20 16:00:00,5580.0,3.325340003357269e-13,0.0,0.0,0.0,0.0,1004.8369210697974,0.0,0.0,0.0,3146,4575
2020-03-20 17:00:00,5012.163078930202,6.963318810448982e-13,0.0,0.0,0.0,0.0,1200.0,0.0,0.0,0.0,4067,3812
2020-03-20 18:00:00,5580.0,3.325340003357269e-13,0.0,0.0,0.0,0.0,357.8369210697974,0.0,0.0,0.0,3284,5222
2020-03-20 19:00:00,5580.0,6.963318810448982e-13,0.0,0.0,0.0,0.0,0.0,933.1630789302026,0.0,0.0,2714,6513
2020-03-20 20:00:00,5580.0,3.325340003357269e-13,0.0,0.0,0.0,692.1630789302026,0.0,1200.0,0.0,0.0,1429,7472
2020-03-20 21:00:00,5580.0,6.963318810448982e-13,0.0,0.0,0.0,0.0,0.0,321.1630789302026,0.0,0.0,2589,5901
2020-03-20 22:00:00,5580.0,-2.131628207280301e-13,0.0,0.0,0.0,802.1630789302026,0.0,1200.0,0.0,0.0,1110,7582
2020-03-20 23:00:00,5580.0,6.963318810448982e-13,0.0,0.0,0.0,0.0,0.0,762.1630789302026,0.0,0.0,2573,6342
2020-03-21 00:00:00,5580.0,8.782308213994838e-13,0.0,0.0,0.0,0.0,0.0,976.1630789302016,0.0,0.0,1957,6556
2020-03-21 01:00:00,5580.0,3.325340003357269e-13,0.0,0.0,0.0,0.0,0.0,767.1630789302021,0.0,0.0,1867,6347
2020-03-21 02:00:00,5580.0,6.963318810448982e-13,0.0,0.0,0.0,0.0,0.0,1128.163078930202,0.0,0.0,1225,6708
2020-03-21 03:00:00,5580.0,3.325340003357269e-13,0.0,0.0,0.0,16.008480104370847,0.0,18.154598825831272,0.0,0.0,1914,5614
2020-03-21 04:00:00,5580.0,8.782308213994838e-13,0.0,0.0,0.0,66.16307893020166,0.0,0.0,0.0,0.0,1856,5646
2020-03-21 05:00:00,5580.0,3.325340003357269e-13,0.0,0.0,0.0,772.1630789302021,0.0,0.0,0.0,0.0,1743,6352
2020-03-21 06:00:00,5580.0,6.963318810448982e-13,0.0,0.0,0.0,1780.163078930202,0.0,0.0,0.0,0.0,1905,7360
2020-03-21 07:00:00,5580.0,3.325340003357269e-13,0.0,0.0,0.0,1420.163078930202,0.0,0.0,0.0,0.0,3034,7000
2020-03-21 08:00:00,5580.0,8.782308213994838e-13,0.0,0.0,0.0,1535.1630789302017,0.0,0.0,0.0,0.0,3311,7115
2020-03-21 09:00:00,5580.0,8.782308213994838e-13,0.0,0.0,0.0,698.1630789302017,0.0,0.0,0.0,0.0,4334,6278
2020-03-21 10:00:00,5580.0,-2.131628207280301e-13,0.0,0.0,0.0,817.1630789302026,0.0,0.0,0.0,0.0,4256,6397
2020-03-21 11:00:00,5580.0,8.782308213994838e-13,0.0,0.0,0.0,0.0,34.836921069798336,0.0,0.0,0.0,5260,5545
2020-03-21 12:00:00,5580.0,-2.131628207280301e-13,0.0,0.0,0.0,0.0,109.83692106979744,0.0,0.0,0.0,5470,5470
2020-03-21 13:00:00,5580.0,6.963318810448982e-13,0.0,0.0,0.0,0.0,727.8369210697979,0.0,0.0,0.0,5923,4852
2020-03-21 14:00:00,5580.0,3.325340003357269e-13,0.0,0.0,0.0,0.0,1105.836921069798,0.0,0.0,0.0,6088,4474
2020-03-21 15:00:00,5431.163078930202,6.963318810448982e-13,0.0,0.0,0.0,0.0,1200.0,0.0,0.0,0.0,6069,4231
2020-03-21 16:00:00,5496.163078930202,-2.131628207280301e-13,0.0,0.0,0.0,0.0,1200.0,0.0,0.0,0.0,5807,4296
2020-03-21 17:00:00,5580.0,6.963318810448982e-13,0.0,0.0,0.0,0.0,671.8369210697979,0.0,0.0,0.0,5232,4908
2020-03-21 18:00:00,5580.0,6.963318810448982e-13,0.0,0.0,0.0,0.0,0.0,276.1630789302021,0.0,0.0,4870,5856
2020-03-21 19:00:00,5580.0,-2.131628207280301e-13,0.0,0.0,0.0,159.16307893020257,0.0,1200.0,0.0,0.0,4443,6939
2020-03-21 20:00:00,5580.0,6.963318810448982e-13,0.0,0.0,0.0,0.0,0.0,554.1630789302021,0.0,0.0,4455,6134
2020-03-21 21:00:00,5580.0,-2.131628207280301e-13,0.0,0.0,0.0,0.0,0.0,437.1630789302026,0.0,0.0,3847,6017
2020-03-21 22:00:00,5580.0,5.968558980384843e-14,210.0,0.0,0.0,0.0,0.0,271.16307893020223,0.0,0.0,3957,6061
2020-03-21 23:00:00,5580.0,3.325340003357269e-13,540.0,0.0,0.0,260.3400195694717,0.0,656.8230593607304,0.0,0.0,3147,7037
2020-03-22 00:00:00,5580.0,5.1159076974727215e-14,540.0,0.0,0.0,0.0,0.0,392.1630789302026,0.0,0.0,3186,6512
2020-03-22 01:00:00,5580.0,5.1159076974727215e-14,540.0,0.0,0.0,157.16307893020294,0.0,0.0,0.0,0.0,3096,6277
2020-03-22 02:00:00,5580.0,5.1159076974727215e-14,210.0,0.0,0.0,295.1630789302026,0.0,0.0,0.0,0.0,3014,6085
2020-03-22 03:00:00,5580.0,5.1159076974727215e-14,330.1630789302031,0.0,0.0,0.0,0.0,0.0,0.0,0.0,2809,5910
2020-03-22 04:00:00,5580.0,5.1159076974727215e-14,261.16307893020297,0.0,0.0,0.0,0.0,0.0,0.0,0.0,2859,5841
2020-03-22 05:00:00,5580.0,5.1159076974727215e-14,630.0,0.0,0.0,430.16307893020263,0.0,0.0,0.0,0.0,2626,6640
2020-03-22 06:00:00,5580.0,5.1159076974727215e-14,1258.1630789302026,0.0,0.0,0.0,0.0,0.0,0.0,0.0,3546,6838
2020-03-22 07:00:00,5580.0,5.1159076974727215e-14,1620.0,0.0,0.0,1336.1630789302008,0.0,0.0,0.0,0.0,2581,8536
2020-03-22 08:00:00,5580.0,5.1159076974727215e-14,1080.0,0.0,0.0,1227.1630789302026,0.0,0.0,0.0,0.0,3470,7887
2020-03-22 09:00:00,5580.0,5.1159076974727215e-14,420.0,0.0,0.0,1289.1630789302026,0.0,0.0,0.0,0.0,4073,7289
2020-03-22 10:00:00,5580.0,5.1159076974727215e-14,673.163078930203,0.0,0.0,0.0,0.0,0.0,0.0,0.0,4939,6253
2020-03-22 11:00:00,5580.0,5.1159076974727215e-14,483.16307893020274,0.0,0.0,0.0,0.0,0.0,0.0,0.0,5110,6063
2020-03-22 12:00:00,5580.0,5.1159076974727215e-14,576.163078930203,0.0,0.0,0.0,0.0,0.0,0.0,0.0,4987,6156
2020-03-22 13:00:00,5580.0,5.1159076974727215e-14,0.0,0.0,0.0,82.16307893020257,0.0,0.0,0.0,0.0,5189,5662
2020-03-22 14:00:00,5580.0,5.1159076974727215e-14,0.0,0.0,0.0,0.0,192.83692106979743,0.0,0.0,0.0,5201,5387
2020-03-22 15:00:00,5580.0,5.1159076974727215e-14,0.0,0.0,0.0,0.0,457.8369210697974,0.0,0.0,0.0,5184,5122
2020-03-22 16:00:00,5580.0,5.1159076974727215e-14,0.0,0.0,0.0,0.0,327.8369210697974,0.0,0.0,0.0,4850,5252
2020-03-22 17:00:00,5580.0,5.1159076974727215e-14,331.16307893020297,0.0,0.0,0.0,0.0,0.0,0.0,0.0,4209,5911
2020-03-22 18:00:00,5580.0,5.1159076974727215e-14,540.0,0.0,0.0,563.2800065231584,0.0,733.8830724070442,0.0,0.0,3248,7417
2020-03-22 19:00:00,5580.0,5.1159076974727215e-14,1080.0,0.0,0.0,2018.1630789302008,0.0,0.0,0.0,0.0,2702,8678
2020-03-22 20:00:00,5580.0,5.1159076974727215e-14,1080.0,0.0,0.0,556.1630789302026,0.0,0.0,0.0,0.0,3381,7216
2020-03-22 21:00:00,5580.0,5.1159076974727215e-14,630.0,0.0,0.0,449.1630789302026,0.0,0.0,0.0,0.0,3230,6659
2020-03-22 22:00:00,5580.0,5.1159076974727215e-14,1472.163078930203,0.0,0.0,0.0,0.0,0.0,0.0,0.0,2963,7052
2020-03-22 23:00:00,5580.0,1.142552719102241e-12,1620.0,0.0,0.0,1116.1630789302008,0.0,0.0,0.0,0.0,1833,8316
2020-03-23 00:00:00,5580.0,5.1159076974727215e-14,1109.1630789302028,0.0,0.0,0.0,0.0,0.0,0.0,0.0,2894,6689
2020-03-23 01:00:00,5580.0,4.1495695768389855e-13,630.0,0.0,0.0,519.1630789302026,0.0,0.0,0.0,0.0,2490,6729
2020-03-23 02:00:00,5580.0,5.1159076974727215e-14,1677.1630789302037,0.0,0.0,0.0,0.0,0.0,0.0,0.0,1639,7257
2020-03-23 03:00:00,5580.0,4.1495695768389855e-13,1253.163078930203,0.0,0.0,0.0,0.0,0.0,0.0,0.0,1628,6833
2020-03-23 04:00:00,5580.0,5.1159076974727215e-14,1113.1630789302028,0.0,0.0,0.0,0.0,0.0,0.0,0.0,1695,6693
2020-03-23 05:00:00,5580.0,4.1495695768389855e-13,840.0,0.0,0.0,924.1630789302026,0.0,0.0,0.0,0.0,1558,7344
2020-03-23 06:00:00,5580.0,4.1495695768389855e-13,2160.0,0.0,0.0,555.1630789301998,0.0,0.0,0.0,0.0,1673,8295
2020-03-23 07:00:00,5580.0,5.1159076974727215e-14,950.8956294845389,0.0,0.0,2561.2674494456624,0.0,0.0,0.0,0.0,1570,9092
2020-03-23 08:00:00,5580.0,5.1159076974727215e-14,2056.163078930203,0.0,0.0,0.0,0.0,0.0,0.0,0.0,3242,7636
2020-03-23 09:00:00,5580.0,5.1159076974727436e-14,630.0,0.0,0.0,752.1630789302025,0.0,0.0,0.0,0.0,3913,6962
2020-03-23 10:00:00,5580.0,4.1495695768389855e-13,0.0,0.0,0.0,2061.1630789302026,0.0,0.0,0.0,0.0,3132,7641
2020-03-23 11:00:00,5580.0,5.1159076974727436e-14,0.0,0.0,0.0,1631.1630789302033,0.0,0.0,0.0,0.0,3580,7211
2020-03-23 12:00:00,5580.0,9.606537787476558e-13,0.0,0.0,0.0,1402.163078930202,0.0,0.0,0.0,0.0,3796,6982
2020-03-23 13:00:00,5580.0,5.1159076974727215e-14,0.0,0.0,0.0,13.163078930202795,0.0,0.0,0.0,0.0,4889,5593
2020-03-23 14:00:00,5580.0,9.606537787476558e-13,0.0,0.0,0.0,0.0,232.83692106979797,0.0,0.0,0.0,4857,5347
2020-03-23 15:00:00,5580.0,4.1495695768389855e-13,0.0,0.0,0.0,338.53538812785416,0.0,174.62769080234847,0.0,0.0,3792,6093
2020-03-23 16:00:00,5580.0,5.1159076974727215e-14,0.0,0.0,0.0,517.1630789302023,0.0,0.0,0.0,0.0,3531,6097
2020-03-23 17:00:00,5580.0,4.1495695768389855e-13,0.0,0.0,0.0,0.0,346.8369210697974,0.0,0.0,0.0,4371,5233
2020-03-23 18:00:00,5580.0,5.1159076974727215e-14,540.0,0.0,0.0,1618.0353881278554,0.0,260.12769080234807,0.0,0.0,2126,7998
2020-03-23 19:00:00,5580.0,4.1495695768389855e-13,2061.163078930203,0.0,0.0,0.0,0.0,0.0,0.0,0.0,3043,7641
2020-03-23 20:00:00,5580.0,5.1159076974727436e-14,840.0,0.0,0.0,580.1630789302025,0.0,0.0,0.0,0.0,2981,7000
2020-03-23 21:00:00,5580.0,4.1495695768389855e-13,2160.0,0.0,0.0,122.163078930202,0.0,0.0,0.0,0.0,1512,7862
2020-03-23 22:00:00,5580.0,9.606537787476558e-13,1943.1630789302021,0.0,0.0,0.0,0.0,0.0,0.0,0.0,1996,7523
2020-03-23 23:00:00,5580.0,9.606537787476558e-13,2160.0,0.0,0.0,519.1630789302004,0.0,0.0,0.0,0.0,1422,8259
2020-03-24 00:00:00,5580.0,5.1159076974727215e-14,2160.0,0.0,0.0,49.163078930200896,0.0,0.0,0.0,0.0,1343,7789
2020-03-24 01:00:00,5580.0,5.1159076974727215e-14,872.1630789302025,0.0,0.0,0.0,0.0,0.0,0.0,0.0,2339,6452
2020-03-24 02:00:00,5580.0,5.1159076974727215e-14,840.0,0.0,0.0,553.1630789302018,0.0,0.0,0.0,0.0,1526,6973
2020-03-24 03:00:00,5580.0,-8.526512829121202e-14,1096.1630789302028,0.0,0.0,0.0,0.0,0.0,0.0,0.0,1426,6676
2020-03-24 04:00:00,5580.0,9.606537787476558e-13,840.0,0.0,0.0,6.163078930200606,0.0,0.0,0.0,0.0,1640,6426
2020-03-24 05:00:00,5580.0,-1.0402345651527865e-12,1016.1630789302035,0.0,0.0,0.0,0.0,0.0,0.0,0.0,2013,6596
2020-03-24 06:00:00,5580.0,9.606537787476558e-13,2160.0,0.0,0.0,412.1630789302011,0.0,0.0,0.0,0.0,1558,8152
2020-03-24 07:00:00,5580.0,5.1159076974727215e-14,2160.0,0.0,0.0,1142.163078930201,0.0,0.0,0.0,0.0,1570,8882
2020-03-24 08:00:00,5580.0,2.3305801732931294e-13,840.0,0.0,0.0,1205.1630789302017,0.0,0.0,0.0,0.0,3092,7625
2020-03-24 09:00:00,5580.0,5.1159076974727215e-14,1534.1630789302017,0.0,0.0,0.0,0.0,0.0,0.0,0.0,3618,7114
2020-03-24 10:00:00,5580.0,5.1159076974727215e-14,2158.1630789302017,0.0,0.0,0.0,0.0,0.0,0.0,0.0,2879,7738
2020-03-24 11:00:00,5580.0,5.1159076974727215e-14,630.0,0.0,0.0,1144.163078930202,0.0,0.0,0.0,0.0,3259,7354
2020-03-24 12:00:00,5580.0,5.1159076974727215e-14,420.0,0.0,0.0,882.1630789302029,0.0,0.0,0.0,0.0,3714,6882
2020-03-24 13:00:00,5580.0,1.4210854715202006e-13,210.0,0.0,0.0,0.0,43.836921069798336,0.0,0.0,0.0,4560,5746
2020-03-24 14:00:00,5580.0,-8.526512829121202e-14,210.0,0.0,0.0,0.0,75.83692106979731,0.0,0.0,0.0,4333,5714
2020-03-24 15:00:00,5580.0,1.4210854715202006e-13,0.0,0.0,0.0,0.0,152.83692106979834,0.0,0.0,0.0,4325,5427
2020-03-24 16:00:00,5580.0,1.4210854715202006e-13,0.0,0.0,0.0,0.0,179.83692106979834,0.0,0.0,0.0,4111,5400
2020-03-24 17:00:00,5580.0,5.1159076974727215e-14,0.0,0.0,0.0,732.9023157208077,0.0,339.2607632093942,0.0,0.0,2866,6652
2020-03-24 18:00:00,5580.0,5.1159076974727215e-14,0.0,0.0,0.0,1149.163078930202,0.0,0.0,0.0,0.0,3340,6729
2020-03-24 19:00:00,5580.0,-8.526512829121202e-14,0.0,0.0,0.0,2249.1630789302017,0.0,0.0,0.0,0.0,2838,7829
2020-03-24 20:00:00,5580.0,5.1159076974727215e-14,0.0,0.0,0.0,1610.163078930202,0.0,0.0,0.0,0.0,2793,7190
2020-03-24 21:00:00,5580.0,-8.526512829121202e-14,0.0,0.0,0.0,2345.1630789302017,0.0,0.0,0.0,0.0,1441,7925
2020-03-24 22:00:00,5580.0,3.4106051316484814e-14,0.0,0.0,0.0,2382.1630789302017,0.0,0.0,0.0,0.0,1562,7962
2020-03-24 23:00:00,3960.0,3555.0000000000005,0.0,0.0,0.0,602.1630789302023,0.0,0.0,0.0,0.0,1586,8117
2020-03-25 00:00:00,3960.0,1012.9999999999999,0.0,0.0,0.0,2561.163078930202,0.0,0.0,0.0,0.0,1647,7534
2020-03-25 01:00:00,3960.0,1012.9999999999998,0.0,0.0,0.0,2311.1630789302026,0.0,0.0,0.0,0.0,1559,7284
2020-03-25 02:00:00,3960.0,1012.9999999999998,0.0,0.0,0.0,1997.1630789302023,0.0,0.0,0.0,0.0,1578,6970
2020-03-25 03:00:00,3960.0,5.1159076974727215e-14,0.0,0.0,0.0,2501.1630789302026,0.0,0.0,0.0,0.0,1706,6461
2020-03-25 04:00:00,3960.0,1.6484591469634326e-13,0.0,0.0,0.0,2510.1630789302026,0.0,0.0,0.0,0.0,1636,6470
2020-03-25 05:00:00,3960.0,5.1159076974727215e-14,0.0,0.0,0.0,3016.163078930203,0.0,0.0,0.0,0.0,1649,6976
2020-03-25 06:00:00,3960.0,1.6484591469634326e-13,0.0,0.0,0.0,3879.1630789302026,0.0,0.0,0.0,0.0,1812,7839
2020-03-25 07:00:00,3960.0,-3.637978807091713e-13,0.0,0.0,0.0,4448.1630789302035,0.0,0.0,0.0,0.0,1975,8408
2020-03-25 08:00:00,3960.0,1.4210854715202006e-13,0.0,0.0,0.0,4377.163078930203,0.0,0.0,0.0,0.0,2311,8337
2020-03-25 09:00:00,3960.0,5.1159076974727215e-14,0.0,0.0,0.0,3556.1630789302026,0.0,0.0,0.0,0.0,3173,7516
2020-03-25 10:00:00,3960.0,5.1159076974727215e-14,0.0,0.0,0.0,2557.1630789302026,0.0,0.0,0.0,0.0,4070,6517
2020-03-25 11:00:00,3960.0,1.3244516594568266e-12,0.0,0.0,0.0,1580.1630789302017,0.0,0.0,0.0,0.0,5005,5540
2020-03-25 12:00:00,3960.0,5.1159076974727234e-14,0.0,0.0,0.0,1025.1630789302026,0.0,0.0,0.0,0.0,5514,4985
2020-03-25 13:00:00,3960.0,1.6484591469634326e-13,0.0,0.0,0.0,241.16307893020235,0.0,0.0,0.0,0.0,5976,4201
2020-03-25 14:00:00,3960.0,5.1159076974727215e-14,0.0,0.0,0.0,0.0,330.83692106979834,0.0,0.0,0.0,6241,3629
2020-03-25 15:00:00,3960.0,1.6484591469634326e-13,0.0,0.0,0.0,0.0,671.8369210697981,0.0,0.0,0.0,6263,3288
2020-03-25 16:00:00,3960.0,5.1159076974727215e-14,0.0,0.0,0.0,0.0,610.8369210697983,0.0,0.0,0.0,5973,3349
2020-03-25 17:00:00,3960.0,2.3305801732931294e-13,0.0,0.0,0.0,0.0,0.0,153.16307893020257,0.0,0.0,5252,4113
2020-03-25 18:00:00,3960.0,2.3305801732931294e-13,0.0,0.0,0.0,465.19308545335866,0.0,1056.9699934768437,0.0,0.0,4293,5482
2020-03-25 19:00:00,3960.0,5.1159076974727215e-14,0.0,0.0,0.0,2958.1630789302026,0.0,0.0,0.0,0.0,3361,6918
2020-03-25 20:00:00,3960.0,1.6484591469634326e-13,0.0,0.0,0.0,2822.1630789302026,0.0,0.0,0.0,0.0,2874,6782
2020-03-25 21:00:00,3960.0,1.875832822406665e-13,0.0,0.0,0.0,2578.1630789302026,0.0,0.0,0.0,0.0,2591,6538
2020-03-25 22:00:00,3960.0,1.6484591469634326e-13,0.0,0.0,0.0,2926.1630789302026,0.0,0.0,0.0,0.0,2459,6886
2020-03-25 23:00:00,5580.0,5.1159076974727215e-14,0.0,0.0,0.0,1362.1630789302026,0.0,0.0,0.0,0.0,2556,6942
2020-03-26 00:00:00,5580.0,-6.821210263296963e-14,0.0,0.0,0.0,732.163078930203,0.0,0.0,0.0,0.0,2565,6312
2020-03-26 01:00:00,5580.0,0.0,0.0,0.0,0.0,530.163078930203,0.0,0.0,0.0,0.0,2331,6110
2020-03-26 02:00:00,5580.0,8.86757334228605e-13,0.0,0.0,0.0,220.16307893020257,0.0,0.0,0.0,0.0,2270,5800
2020-03-26 03:00:00,5564.214394433582,8.86757334228605e-13,0.0,0.0,0.0,0.0,515.05131550338,0.0,0.0,0.0,2548,5049
2020-03-26 04:00:00,4942.1630789302035,-2.046363078989089e-13,0.0,0.0,0.0,0.0,0.0,0.0,0.0,0.0,2463,4942
2020-03-26 05:00:00,5280.163078930202,8.86757334228605e-13,0.0,0.0,0.0,0.0,0.0,0.0,0.0,0.0,2276,5280
2020-03-26 06:00:00,5580.0,-2.046363078989089e-13,0.0,0.0,0.0,0.0,244.83692106979697,0.0,0.0,0.0,2484,5335
2020-03-26 07:00:00,5580.0,2.5011104298755534e-13,0.0,0.0,0.0,0.0,64.83692106979744,0.0,0.0,0.0,2583,5515
2020-03-26 08:00:00,5580.0,-2.046363078989089e-13,0.0,0.0,0.0,0.0,0.0,78.16307893020257,0.0,0.0,2962,5658
2020-03-26 09:00:00,5580.0,8.86757334228605e-13,0.0,0.0,0.0,0.0,0.0,170.16307893020257,0.0,0.0,3238,5750
2020-03-26 10:00:00,5580.0,-2.046363078989089e-13,0.0,0.0,0.0,0.0,371.836921069797,0.0,0.0,0.0,3843,5208
2020-03-26 11:00:00,5580.0,-6.821210263296963e-14,0.0,0.0,0.0,0.0,659.836921069797,0.0,0.0,0.0,4268,4920
2020-03-26 12:00:00,5580.0,-6.821210263296963e-14,0.0,0.0,0.0,0.0,580.836921069797,0.0,0.0,0.0,4511,4999
2020-03-26 13:00:00,5529.1630789302035,-2.046363078989089e-13,0.0,0.0,0.0,0.0,1200.0,0.0,0.0,0.0,4724,4329
2020-03-26 14:00:00,5315.163078930203,3.410605131648481e-13,0.0,0.0,0.0,0.0,1200.0,0.0,0.0,0.0,4536,4115
2020-03-26 15:00:00,5105.163078930202,-2.046363078989089e-13,0.0,0.0,0.0,0.0,1200.0,0.0,0.0,0.0,4449,3905
2020-03-26 16:00:00,5194.163078930202,1.591615728102624e-13,0.0,0.0,0.0,0.0,1200.0,0.0,0.0,0.0,4108,3994
2020-03-26 17:00:00,5580.0,-4.774847184307874e-13,0.0,0.0,0.0,0.0,757.836921069797,0.0,0.0,0.0,3306,4822
2020-03-26 18:00:00,5580.0,3.410605131648481e-13,0.0,0.0,0.0,0.0,0.0,272.1630789302028,0.0,0.0,2669,5852
2020-03-26 19:00:00,5580.0,-4.774847184307874e-13,0.0,0.0,0.0,0.0,0.0,1144.163078930203,0.0,0.0,2360,6724
2020-03-26 20:00:00,5580.0,3.410605131648481e-13,0.0,0.0,0.0,0.0,0.0,979.1630789302028,0.0,0.0,2132,6559
2020-03-26 21:00:00,5580.0,3.410605131648481e-13,0.0,0.0,0.0,0.0,0.0,642.1630789302028,0.0,0.0,2088,6222
2020-03-26 22:00:00,5580.0,6.821210263296964e-14,0.0,0.0,0.0,0.0,0.0,987.1630789302028,0.0,0.0,2088,6567
2020-03-26 23:00:00,5580.0,-6.821210263296963e-14,0.0,0.0,0.0,64.16307893020303,0.0,1200.0,0.0,0.0,2142,6844
2020-03-27 00:00:00,5580.0,6.821210263296964e-14,0.0,0.0,0.0,0.0,0.0,523.1630789302026,0.0,0.0,2454,6103
2020-03-27 01:00:00,5491.163078930203,4.5474735088646414e-14,0.0,0.0,0.0,0.0,0.0,0.0,0.0,0.0,2698,5491
2020-03-27 02:00:00,5415.163078930203,6.821210263296964e-14,0.0,0.0,0.0,0.0,0.0,0.0,0.0,0.0,2584,5415
2020-03-27 03:00:00,4911.163078930203,6.821210263296964e-14,0.0,0.0,0.0,0.0,0.0,0.0,0.0,0.0,2674,4911
2020-03-27 04:00:00,4403.163078930203,6.821210263296958e-14,0.0,0.0,0.0,0.0,0.0,0.0,0.0,0.0,2770,4403
2020-03-27 05:00:00,4353.163078930203,1.5916157281026248e-13,0.0,0.0,0.0,0.0,0.0,0.0,0.0,0.0,2736,4353
2020-03-27 06:00:00,4024.1630789302026,3.410605131648481e-13,0.0,0.0,0.0,0.0,0.0,0.0,0.0,0.0,3171,4024
2020-03-27 07:00:00,4698.163078930203,6.821210263296964e-14,0.0,0.0,0.0,0.0,0.0,0.0,0.0,0.0,2557,4698
2020-03-27 08:00:00,5056.163078930203,6.821210263296964e-14,0.0,0.0,0.0,0.0,0.0,0.0,0.0,0.0,2590,5056
2020-03-27 09:00:00,4827.163078930203,6.821210263296964e-14,0.0,0.0,0.0,0.0,0.0,0.0,0.0,0.0,3198,4827
2020-03-27 10:00:00,3696.1630789302026,6.821210263296964e-14,0.0,0.0,0.0,0.0,0.0,0.0,0.0,0.0,4512,3696
2020-03-27 11:00:00,4374.163078930203,6.821210263296964e-14,0.0,0.0,0.0,0.0,0.0,0.0,0.0,0.0,4010,4374
2020-03-27 12:00:00,4529.163078930203,6.821210263296964e-14,0.0,0.0,0.0,0.0,0.0,0.0,0.0,0.0,4115,4529
2020-03-27 13:00:00,3237.1630789302026,6.821210263296964e-14,0.0,0.0,0.0,0.0,0.0,0.0,0.0,0.0,4885,3237
2020-03-27 14:00:00,3901.8166992823717,6.821210263296964e-14,0.0,0.0,0.0,0.0,1153.6536203521694,0.0,0.0,0.0,4869,2748
2020-03-27 15:00:00,2592.1630789302017,6.821210263296964e-14,0.0,0.0,0.0,0.0,0.0,0.0,0.0,0.0,4672,2592
2020-03-27 16:00:00,3776.163078930202,6.821210263296964e-14,0.0,0.0,0.0,0.0,1200.0,0.0,0.0,0.0,4470,2576
2020-03-27 17:00:00,4154.163078930202,6.821210263296964e-14,0.0,0.0,0.0,0.0,1200.0,0.0,0.0,0.0,4124,2954
2020-03-27 18:00:00,5170.163078930202,6.821210263296958e-14,0.0,0.0,0.0,0.0,1200.0,0.0,0.0,0.0,3474,3970
2020-03-27 19:00:00,5580.0,6.821210263296964e-14,0.0,0.0,0.0,0.0,0.0,94.16307893020256,0.0,0.0,2429,5674
2020-03-27 20:00:00,5580.0,6.821210263296958e-14,0.0,0.0,0.0,0.0,592.8369210697974,0.0,0.0,0.0,3329,4987
2020-03-27 21:00:00,5580.0,9.777068044058978e-13,0.0,0.0,0.0,0.0,0.0,141.16307893020257,0.0,0.0,2403,5721
2020-03-27 22:00:00,5580.0,6.821210263296958e-14,0.0,0.0,0.0,0.0,336.8369210697974,0.0,0.0,0.0,3181,5243
2020-03-27 23:00:00,5580.0,9.777068044058978e-13,0.0,0.0,0.0,0.0,78.83692106979743,0.0,0.0,0.0,3211,5501
2020-03-28 00:00:00,5580.0,-2.046363078989089e-13,0.0,0.0,0.0,0.0,0.0,543.1630789302026,0.0,0.0,2204,6123
2020-03-28 01:00:00,5580.0,-2.046363078989089e-13,0.0,0.0,0.0,0.0,32.83692106979743,0.0,0.0,0.0,2493,5547
2020-03-28 02:00:00,5580.0,6.821210263296964e-14,0.0,0.0,0.0,0.0,566.8369210697979,0.0,0.0,0.0,2756,5013
2020-03-28 03:00:00,5580.0,3.410605131648481e-13,0.0,0.0,0.0,0.0,1090.8369210697974,0.0,0.0,0.0,2904,4489
2020-03-28 04:00:00,5580.0,1.432454155292362e-12,0.0,0.0,0.0,0.0,1185.8369210697983,0.0,0.0,0.0,2990,4394
2020-03-28 05:00:00,5580.0,-6.821210263296964e-14,0.0,0.0,0.0,0.0,559.8369210697972,0.0,0.0,0.0,2953,5020
2020-03-28 06:00:00,5580.0,-2.046363078989089e-13,0.0,0.0,0.0,0.0,0.0,73.16307893020257,0.0,0.0,3535,5653
2020-03-28 07:00:00,5580.0,-2.046363078989089e-13,0.0,0.0,0.0,0.0,0.0,436.1630789302026,0.0,0.0,3962,6016
2020-03-28 08:00:00,5580.0,-2.046363078989089e-13,0.0,0.0,0.0,787.1630789302026,0.0,1200.0,0.0,0.0,2725,7567
2020-03-28 09:00:00,5580.0,-2.046363078989089e-13,0.0,0.0,0.0,525.1630789302026,0.0,1200.0,0.0,0.0,3044,7305
2020-03-28 10:00:00,5580.0,3.410605131648481e-13,0.0,0.0,0.0,0.0,238.83692106979743,0.0,0.0,0.0,4842,5341
2020-03-28 11:00:00,5580.0,1.432454155292362e-12,0.0,0.0,0.0,0.0,0.0,505.16307893020166,0.0,0.0,4013,6085
2020-03-28 12:00:00,5580.0,-2.046363078989089e-13,0.0,0.0,0.0,0.0,608.8369210697974,0.0,0.0,0.0,5108,4971
2020-03-28 13:00:00,5580.0,-2.046363078989089e-13,0.0,0.0,0.0,0.0,0.0,18.163078930202573,0.0,0.0,4241,5598
2020-03-28 14:00:00,5580.0,-2.0463630789890904e-13,0.0,0.0,0.0,0.0,935.8369210697974,0.0,0.0,0.0,4912,4644
2020-03-28 15:00:00,5580.0,-4.5474735088646414e-14,0.0,0.0,0.0,0.0,1101.8369210697977,0.0,0.0,0.0,4742,4478
2020-03-28 16:00:00,5580.0,-6.821210263296964e-14,0.0,0.0,0.0,0.0,0.0,189.1630789302028,0.0,0.0,3172,5769
2020-03-28 17:00:00,5580.0,6.821210263296964e-14,0.0,0.0,0.0,0.0,0.0,762.1630789302021,0.0,0.0,2464,6342
2020-03-28 18:00:00,5580.0,-2.046363078989089e-13,0.0,0.0,0.0,696.1630789302026,0.0,1200.0,0.0,0.0,1637,7476
2020-03-28 19:00:00,5580.0,-2.046363078989089e-13,0.0,0.0,0.0,346.1630789302026,0.0,1200.0,0.0,0.0,2430,7126
2020-03-28 20:00:00,5580.0,-2.046363078989089e-13,0.0,0.0,0.0,1403.1630789302026,0.0,1200.0,0.0,0.0,1082,8183
2020-03-28 21:00:00,5580.0,-2.046363078989089e-13,0.0,0.0,0.0,1741.8582844097173,0.0,300.3047945204853,0.0,0.0,1156,7622
2020-03-28 22:00:00,5580.0,-2.046363078989089e-13,0.0,0.0,0.0,883.1630789302026,0.0,0.0,0.0,0.0,2489,6463
2020-03-28 23:00:00,5580.0,-2.046363078989089e-13,0.0,0.0,0.0,2274.1630789302026,0.0,0.0,0.0,0.0,1278,7854
2020-03-29 00:00:00,5580.0,1.591615728102624e-13,0.0,0.0,0.0,341.163078930203,0.0,0.0,0.0,0.0,2666,5921
2020-03-29 01:00:00,5580.0,-2.046363078989089e-13,0.0,0.0,0.0,1107.163078930203,0.0,0.0,0.0,0.0,1564,6687
2020-03-29 02:00:00,5580.0,1.591615728102624e-13,0.0,0.0,0.0,192.16307893020303,0.0,0.0,0.0,0.0,2190,5772
2020-03-29 03:00:00,5580.0,1.591615728102624e-13,0.0,0.0,0.0,167.16307893020303,0.0,0.0,0.0,0.0,1846,5747
2020-03-29 04:00:00,5580.0,3.410605131648481e-13,0.0,0.0,0.0,171.16307893020257,0.0,0.0,0.0,0.0,1799,5751
2020-03-29 05:00:00,5580.0,1.591615728102624e-13,0.0,0.0,0.0,661.163078930203,0.0,0.0,0.0,0.0,1829,6241
2020-03-29 06:00:00,5580.0,3.410605131648481e-13,0.0,0.0,0.0,461.1630789302026,0.0,0.0,0.0,0.0,3176,6041
2020-03-29 07:00:00,5580.0,1.432454155292362e-12,0.0,0.0,0.0,2369.1630789302026,0.0,0.0,0.0,0.0,2016,7949
2020-03-29 08:00:00,5580.0,-2.046363078989089e-13,0.0,0.0,0.0,1204.163078930203,0.0,0.0,0.0,0.0,3465,6784
2020-03-29 09:00:00,5580.0,1.591615728102624e-13,0.0,0.0,0.0,601.163078930203,0.0,0.0,0.0,0.0,4077,6181
2020-03-29 10:00:00,5580.0,-2.046363078989089e-13,0.0,0.0,0.0,979.163078930203,0.0,0.0,0.0,0.0,3495,6559
2020-03-29 11:00:00,5580.0,1.591615728102624e-13,0.0,0.0,0.0,0.0,766.836921069797,0.0,0.0,0.0,5169,4813
2020-03-29 12:00:00,5580.0,1.432454155292362e-12,0.0,0.0,0.0,0.0,0.0,11.163078930202571,0.0,0.0,4347,5591
2020-03-29 13:00:00,5580.0,3.410605131648481e-13,0.0,0.0,0.0,0.0,997.8369210697974,0.0,0.0,0.0,5117,4582
2020-03-29 14:00:00,5580.0,1.591615728102624e-13,0.0,0.0,0.0,0.0,611.836921069797,0.0,0.0,0.0,4527,4968
2020-03-29 15:00:00,5580.0,-2.046363078989089e-13,0.0,0.0,0.0,0.0,642.836921069797,0.0,0.0,0.0,4264,4937
2020-03-29 16:00:00,5580.0,1.591615728102624e-13,0.0,0.0,0.0,0.0,491.836921069797,0.0,0.0,0.0,3890,5088
2020-03-29 17:00:00,5459.163078930203,3.410605131648481e-13,0.0,0.0,0.0,0.0,1200.0,0.0,0.0,0.0,4634,4259
2020-03-29 18:00:00,5580.0,1.432454155292362e-12,0.0,0.0,0.0,0.0,462.8369210697974,0.0,0.0,0.0,4078,5117
2020-03-29 19:00:00,5580.0,3.410605131648481e-13,0.0,0.0,0.0,0.0,0.0,301.1630789302026,0.0,0.0,3711,5881
2020-03-29 20:00:00,5580.0,1.591615728102624e-13,0.0,0.0,0.0,0.0,0.0,172.16307893020303,0.0,0.0,3516,5752
2020-03-29 21:00:00,5580.0,1.591615728102624e-13,0.0,0.0,0.0,0.0,0.0,916.163078930203,0.0,0.0,2274,6496
2020-03-29 22:00:00,5580.0,3.410605131648481e-13,0.0,0.0,0.0,0.0,129.83692106979743,0.0,0.0,0.0,3486,5450
2020-03-29 23:00:00,5580.0,1.591615728102624e-13,0.0,0.0,0.0,0.0,0.0,179.16307893020303,0.0,0.0,3366,5759
2020-03-30 00:00:00,5580.0,6.821210263296964e-14,0.0,0.0,0.0,0.0,310.836921069797,0.0,0.0,0.0,3287,5269
2020-03-30 01:00:00,5580.0,6.821210263296964e-14,0.0,0.0,0.0,0.0,259.8369210697979,0.0,0.0,0.0,2896,5320
2020-03-30 02:00:00,5580.0,6.821210263296958e-14,0.0,0.0,0.0,0.0,253.83692106979743,0.0,0.0,0.0,2598,5326
2020-03-30 03:00:00,5580.0,9.777068044058978e-13,0.0,0.0,0.0,0.0,303.83692106979834,0.0,0.0,0.0,2276,5276
2020-03-30 04:00:00,5580.0,6.821210263296958e-14,0.0,0.0,0.0,0.0,331.8369210697974,0.0,0.0,0.0,2257,5248
2020-03-30 05:00:00,5580.0,-4.5474735088646414e-14,0.0,0.0,0.0,0.0,0.0,80.16307893020229,0.0,0.0,2356,5660
2020-03-30 06:00:00,5580.0,6.821210263296964e-14,0.0,0.0,0.0,0.0,0.0,396.1630789302021,0.0,0.0,3177,5976
2020-03-30 07:00:00,5580.0,6.821210263296964e-14,0.0,0.0,0.0,0.0,0.0,684.163078930203,0.0,0.0,3619,6264
2020-03-30 08:00:00,5580.0,6.821210263296964e-14,0.0,0.0,0.0,1484.163078930202,0.0,1200.0,0.0,0.0,1887,8264
2020-03-30 09:00:00,5580.0,6.821210263296964e-14,0.0,0.0,0.0,1177.435420743647,0.0,1132.727658186555,0.0,0.0,2263,7890
2020-03-30 10:00:00,5580.0,9.777068044058978e-13,0.0,0.0,0.0,1867.1630789302017,0.0,0.0,0.0,0.0,2517,7447
2020-03-30 11:00:00,5580.0,0.0,0.0,0.0,0.0,1667.163078930203,0.0,0.0,0.0,0.0,2675,7247
2020-03-30 12:00:00,5580.0,-4.5474735088646414e-14,0.0,0.0,0.0,184.1630789302023,0.0,0.0,0.0,0.0,4142,5764
2020-03-30 13:00:00,5580.0,0.0,0.0,0.0,0.0,1296.163078930203,0.0,0.0,0.0,0.0,2807,6876
2020-03-30 14:00:00,5580.0,-4.5474735088646414e-14,0.0,0.0,0.0,0.0,615.8369210697977,0.0,0.0,0.0,4525,4964
2020-03-30 15:00:00,5580.0,-4.5474735088646414e-14,0.0,0.0,0.0,124.2853881278541,0.0,461.87769080234824,0.0,0.0,3033,6166
2020-03-30 16:00:00,5580.0,0.0,0.0,0.0,0.0,0.0,1060.836921069797,0.0,0.0,0.0,4459,4519
2020-03-30 17:00:00,5580.0,-2.27373675443232e-14,0.0,0.0,0.0,0.0,879.8369210697978,0.0,0.0,0.0,4190,4700
2020-03-30 18:00:00,5580.0,6.821210263296964e-14,0.0,0.0,0.0,0.0,192.83692106979697,0.0,0.0,0.0,3796,5387
2020-03-30 19:00:00,5580.0,6.821210263296964e-14,0.0,0.0,0.0,367.1630789302021,0.0,1200.0,0.0,0.0,2431,7147
2020-03-30 20:00:00,5580.0,0.0,0.0,0.0,0.0,0.0,410.836921069797,0.0,0.0,0.0,4080,5169
2020-03-30 21:00:00,5580.0,2.501110429875552e-13,0.0,0.0,0.0,0.0,716.8369210697979,0.0,0.0,0.0,3888,4863
2020-03-30 22:00:00,5580.0,6.821210263296964e-14,0.0,0.0,0.0,0.0,668.8369210697979,0.0,0.0,0.0,4007,4911
2020-03-30 23:00:00,5580.0,4.547473508864643e-14,0.0,0.0,0.0,0.0,466.83692106979777,0.0,0.0,0.0,3994,5113
2020-03-31 00:00:00,5580.0,6.821210263296964e-14,0.0,0.0,0.0,0.0,0.0,197.16307893020212,0.0,0.0,2760,5777
2020-03-31 01:00:00,5580.0,-2.046363078989089e-13,0.0,0.0,0.0,0.0,0.0,234.16307893020257,0.0,0.0,2384,5814
2020-03-31 02:00:00,5580.0,-2.046363078989089e-13,0.0,0.0,0.0,0.0,211.83692106979788,0.0,0.0,0.0,2541,5368
2020-03-31 03:00:00,5580.0,-2.046363078989089e-13,0.0,0.0,0.0,0.0,377.836921069797,0.0,0.0,0.0,2338,5202
2020-03-31 04:00:00,5580.0,2.2737367544323207e-14,0.0,0.0,0.0,0.0,405.8369210697979,0.0,0.0,0.0,2321,5174
2020-03-31 05:00:00,5580.0,6.821210263296964e-14,0.0,0.0,0.0,0.0,40.83692106979714,0.0,0.0,0.0,2468,5539
2020-03-31 06:00:00,5580.0,2.2737367544323207e-14,0.0,0.0,0.0,0.0,0.0,988.163078930202,0.0,0.0,2576,6568
2020-03-31 07:00:00,5580.0,-4.5474735088646414e-14,0.0,0.0,0.0,414.1630789302022,0.0,1200.0,0.0,0.0,2680,7194
2020-03-31 08:00:00,5580.0,-2.046363078989089e-13,0.0,0.0,0.0,1339.74771689498,0.0,255.4153620352222,0.0,0.0,2966,7175
2020-03-31 09:00:00,5580.0,8.86757334228605e-13,0.0,0.0,0.0,1192.1630789302014,0.0,0.0,0.0,0.0,3365,6772
2020-03-31 10:00:00,5580.0,-2.046363078989089e-13,0.0,0.0,0.0,574.163078930203,0.0,0.0,0.0,0.0,3799,6154
2020-03-31 11:00:00,5580.0,7.048583938740194e-13,0.0,0.0,0.0,232.16307893020127,0.0,0.0,0.0,0.0,4106,5812
2020-03-31 12:00:00,4764.163078930203,6.821210263296964e-14,0.0,0.0,0.0,0.0,0.0,0.0,0.0,0.0,5141,4764
2020-03-31 13:00:00,4699.163078930202,2.2737367544323207e-14,0.0,0.0,0.0,0.0,0.0,0.0,0.0,0.0,4984,4699
2020-03-31 14:00:00,4499.163078930203,6.821210263296964e-14,0.0,0.0,0.0,0.0,0.0,0.0,0.0,0.0,4989,4499
2020-03-31 15:00:00,4687.163078930202,2.2737367544323207e-14,0.0,0.0,0.0,0.0,0.0,0.0,0.0,0.0,4510,4687
2020-03-31 16:00:00,4704.163078930202,2.2737367544323207e-14,0.0,0.0,0.0,0.0,0.0,0.0,0.0,0.0,4271,4704
2020-03-31 17:00:00,5018.163078930202,2.2737367544323207e-14,0.0,0.0,0.0,0.0,0.0,0.0,0.0,0.0,3869,5018
2020-03-31 18:00:00,5301.163078930202,2.2737367544323207e-14,0.0,0.0,0.0,0.0,0.0,0.0,0.0,0.0,3881,5301
2020-03-31 19:00:00,4797.1630789302035,6.821210263296964e-14,0.0,0.0,0.0,0.0,0.0,0.0,0.0,0.0,4785,4797
2020-03-31 20:00:00,4765.163078930202,1.3642420526593928e-13,0.0,0.0,0.0,0.0,0.0,0.0,0.0,0.0,4489,4765
2020-03-31 21:00:00,4517.163078930203,6.821210263296964e-14,0.0,0.0,0.0,0.0,0.0,0.0,0.0,0.0,4236,4517
2020-03-31 22:00:00,4770.0,1.3642420526593928e-13,0.0,0.0,0.0,1.1630789302020617,0.0,0.0,0.0,0.0,4149,4771
2020-03-31 23:00:00,1480.1630789302023,3555.0,0.0,0.0,0.0,0.0,0.0,0.0,0.0,0.0,4074,5035
2020-04-01 00:00:00,1620.0,1012.9999999999998,0.0,0.0,0.0,1976.1630789302023,0.0,0.0,0.0,0.0,3985,4609
2020-04-01 01:00:00,1620.0,1013.0,0.0,0.0,0.0,1788.1630789302023,0.0,0.0,0.0,0.0,3820,4421
2020-04-01 02:00:00,1620.0,1013.0,0.0,0.0,0.0,1401.1630789302023,0.0,0.0,0.0,0.0,3934,4034
2020-04-01 03:00:00,1620.0,-3.4106051316484814e-14,0.0,0.0,0.0,2086.1630789302026,0.0,0.0,0.0,0.0,3882,3706
2020-04-01 04:00:00,1620.0,-4.5474735088646414e-14,0.0,0.0,0.0,2052.163078930202,0.0,0.0,0.0,0.0,3887,3672
2020-04-01 05:00:00,1620.0,-3.4106051316484814e-14,0.0,0.0,0.0,2882.163078930203,0.0,0.0,0.0,0.0,3557,4502
2020-04-01 06:00:00,1620.0,0.0,0.0,0.0,0.0,4098.163078930203,0.0,0.0,0.0,0.0,3432,5718
2020-04-01 07:00:00,1620.0,2.2737367544323207e-14,1620.0,0.0,0.0,3330.163078930202,0.0,0.0,0.0,0.0,3339,6570
2020-04-01 08:00:00,1620.0,0.0,840.0,0.0,0.0,4347.163078930203,0.0,0.0,0.0,0.0,3334,6807
2020-04-01 09:00:00,1620.0,-5.6843418860808e-15,840.0,0.0,0.0,3999.163078930203,0.0,0.0,0.0,0.0,3680,6459
2020-04-01 10:00:00,1620.0,-1.3642420526593928e-13,2160.0,0.0,0.0,2083.163078930203,0.0,0.0,0.0,0.0,4061,5863
2020-04-01 11:00:00,1620.0,0.0,1106.8294757626727,0.0,0.0,2964.3336031675294,0.0,0.0,0.0,0.0,4162,5691
2020-04-01 12:00:00,1620.0,-3.4106051316484814e-14,2160.0,0.0,0.0,1975.163078930203,0.0,0.0,0.0,0.0,4083,5755
2020-04-01 13:00:00,1620.0,0.0,840.0,0.0,0.0,2887.1630789302026,0.0,0.0,0.0,0.0,4223,5347
2020-04-01 14:00:00,1620.0,-3.4106051316484814e-14,2160.0,0.0,0.0,1355.163078930203,0.0,0.0,0.0,0.0,4186,5135
2020-04-01 15:00:00,1620.0,0.0,840.0,0.0,0.0,2228.1630789302026,0.0,0.0,0.0,0.0,4322,4688
2020-04-01 16:00:00,1620.0,-3.4106051316484814e-14,2160.0,0.0,0.0,1147.163078930203,0.0,0.0,0.0,0.0,3803,4927
2020-04-01 17:00:00,1620.0,2.2737367544323207e-14,840.0,0.0,0.0,2617.163078930202,0.0,0.0,0.0,0.0,3578,5077
2020-04-01 18:00:00,1620.0,-1.3642420526593928e-13,840.0,0.0,0.0,3934.163078930203,0.0,0.0,0.0,0.0,2461,6394
2020-04-01 19:00:00,1620.0,-6.821210263296964e-14,2160.0,0.0,0.0,2847.163078930203,0.0,0.0,0.0,0.0,2618,6627
2020-04-01 20:00:00,1620.0,4.5474735088646414e-14,630.0,0.0,0.0,4607.163078930203,0.0,0.0,0.0,0.0,2172,6857
2020-04-01 21:00:00,1620.0,-6.821210263296964e-14,1620.0,0.0,0.0,3272.163078930203,0.0,0.0,0.0,0.0,2153,6512
2020-04-01 22:00:00,1620.0,2.2737367544323207e-14,630.0,0.0,0.0,4003.1630789302026,0.0,0.0,0.0,0.0,2626,6253
2020-04-01 23:00:00,5580.0,-6.130996083041995e-14,1040.163078930203,0.0,0.0,0.0,0.0,0.0,0.0,0.0,2476,6620
2020-04-02 00:00:00,5580.0,-1.1368683772161607e-14,210.0,0.0,0.0,0.0,31.83692106979703,0.0,0.0,0.0,2711,5758
2020-04-02 01:00:00,5580.0,-3.4106051316484827e-14,323.1630789302027,0.0,0.0,0.0,0.0,0.0,0.0,0.0,2132,5903
2020-04-02 02:00:00,5580.0,-1.1368683772161604e-14,210.0,0.0,0.0,0.0,213.83692106979703,0.0,0.0,0.0,2115,5576
2020-04-02 03:00:00,5580.0,0.0,0.0,0.0,0.0,0.0,239.83692106979703,0.0,0.0,0.0,1919,5340
2020-04-02 04:00:00,5580.0,-3.4106051316484814e-14,0.0,0.0,0.0,0.0,360.8369210697973,0.0,0.0,0.0,1868,5219
2020-04-02 05:00:00,5580.0,0.0,0.0,0.0,0.0,0.0,254.83692106979703,0.0,0.0,0.0,1917,5325
2020-04-02 06:00:00,5580.0,-3.4106051316484814e-14,0.0,0.0,0.0,0.0,0.0,151.1630789302027,0.0,0.0,1885,5731
2020-04-02 07:00:00,5580.0,-3.979039320256561e-14,0.0,0.0,0.0,0.0,0.0,534.163078930203,0.0,0.0,1799,6114
2020-04-02 08:00:00,5580.0,-5.1159076974727234e-14,0.0,0.0,0.0,817.6007827788693,0.0,140.56229615133338,0.0,0.0,1895,6538
2020-04-02 09:00:00,5580.0,4.5474735088646414e-14,0.0,0.0,0.0,665.163078930203,0.0,0.0,0.0,0.0,2537,6245
2020-04-02 10:00:00,5580.0,2.6261659513693303e-11,0.0,0.0,0.0,168.16307893017634,0.0,0.0,0.0,0.0,2987,5748
2020-04-02 11:00:00,5580.0,-2.046363078989089e-13,0.0,0.0,0.0,2.163078930203076,0.0,0.0,0.0,0.0,3158,5582
2020-04-02 12:00:00,5235.1630789302035,-1.1368683772161604e-14,0.0,0.0,0.0,0.0,0.0,0.0,0.0,0.0,3745,5235
2020-04-02 13:00:00,4811.163078930203,-4.518443693989839e-14,0.0,0.0,0.0,0.0,0.0,0.0,0.0,0.0,3757,4811
2020-04-02 14:00:00,5509.163078930202,-4.5474735088646414e-14,0.0,0.0,0.0,0.0,1200.0,0.0,0.0,0.0,3888,4309
2020-04-02 15:00:00,4403.848227875631,-6.821210263296964e-14,0.0,0.0,0.0,0.0,479.6851489454293,0.0,0.0,0.0,3971,3924
2020-04-02 16:00:00,5020.163078930202,6.821210263296964e-14,0.0,0.0,0.0,0.0,1200.0,0.0,0.0,0.0,3833,3820
2020-04-02 17:00:00,5481.163078930203,0.0,0.0,0.0,0.0,0.0,1200.0,0.0,0.0,0.0,3325,4281
2020-04-02 18:00:00,5580.0,0.0,0.0,0.0,0.0,0.0,33.83692106979699,0.0,0.0,0.0,2341,5546
2020-04-02 19:00:00,5580.0,-3.4106051316484814e-14,0.0,0.0,0.0,0.0,0.0,871.1630789302027,0.0,0.0,1903,6451
2020-04-02 20:00:00,5580.0,0.0,0.0,0.0,0.0,0.0,0.0,594.163078930203,0.0,0.0,2119,6174
2020-04-02 21:00:00,5580.0,0.0,0.0,0.0,0.0,0.0,0.0,200.16307893020297,0.0,0.0,2271,5780
2020-04-02 22:00:00,5580.0,-4.518443693989906e-14,0.0,0.0,0.0,0.0,0.0,514.1630789302027,0.0,0.0,2330,6094
2020-04-02 23:00:00,5580.0,-3.183231456205249e-13,0.0,0.0,0.0,0.0,0.0,287.1630789302032,0.0,0.0,2938,5867
2020-04-03 00:00:00,5580.0,6.821210263296964e-14,0.0,0.0,0.0,0.0,0.0,456.1630789302021,0.0,0.0,2308,6036
2020-04-03 01:00:00,5580.0,-4.774847184307873e-13,0.0,0.0,0.0,0.0,0.0,162.16307893020303,0.0,0.0,2227,5742
2020-04-03 02:00:00,5385.163078930202,6.821210263296964e-14,0.0,0.0,0.0,0.0,0.0,0.0,0.0,0.0,2385,5385
2020-04-03 03:00:00,5048.163078930203,6.821210263296964e-14,0.0,0.0,0.0,0.0,0.0,0.0,0.0,0.0,2360,5048
2020-04-03 04:00:00,4588.163078930202,6.82121026329696e-14,0.0,0.0,0.0,0.0,0.0,0.0,0.0,0.0,2492,4588
2020-04-03 05:00:00,4598.163078930203,3.4106051316484814e-14,0.0,0.0,0.0,0.0,0.0,0.0,0.0,0.0,2464,4598
2020-04-03 06:00:00,4729.163078930203,6.821210263296964e-14,0.0,0.0,0.0,0.0,0.0,0.0,0.0,0.0,2585,4729
2020-04-03 07:00:00,4521.163078930202,-1.7534698798812776e-14,0.0,0.0,0.0,0.0,0.0,0.0,0.0,0.0,2809,4521
2020-04-03 08:00:00,4547.163078930203,-1.7053025658242404e-14,0.0,0.0,0.0,0.0,0.0,0.0,0.0,0.0,3153,4547
2020-04-03 09:00:00,4641.810393563874,6.821210263296964e-14,0.0,0.0,0.0,0.0,5.647314633672067,0.0,0.0,0.0,3487,4636
2020-04-03 10:00:00,4289.163078930203,3.4106051316484814e-14,0.0,0.0,0.0,0.0,0.0,0.0,0.0,0.0,4035,4289
2020-04-03 11:00:00,4976.163078930202,-1.7053025658242404e-14,0.0,0.0,0.0,0.0,1200.0,0.0,0.0,0.0,4673,3776
2020-04-03 12:00:00,3922.1630789302017,6.821210263296964e-14,0.0,0.0,0.0,0.0,0.0,0.0,0.0,0.0,4803,3922
2020-04-03 13:00:00,3993.163078930202,-1.7053025658242404e-14,0.0,0.0,0.0,0.0,1200.0,0.0,0.0,0.0,5470,2793
2020-04-03 14:00:00,3397.1630789302026,-1.7053025658242404e-14,0.0,0.0,0.0,0.0,1200.0,0.0,0.0,0.0,5574,2197
2020-04-03 15:00:00,1860.0,6.821210263296964e-14,0.0,0.0,0.0,0.0,253.83692106979777,0.0,0.0,0.0,5800,1606
2020-04-03 16:00:00,2870.1630789302026,-2.046363078989089e-13,0.0,0.0,0.0,0.0,1200.0,0.0,0.0,0.0,5516,1670
2020-04-03 17:00:00,2087.1630789302017,2.5011104298755534e-13,0.0,0.0,0.0,0.0,0.0,0.0,0.0,0.0,5103,2087
2020-04-03 18:00:00,4289.163078930203,-2.046363078989089e-13,0.0,0.0,0.0,0.0,1200.0,0.0,0.0,0.0,4465,3089
2020-04-03 19:00:00,5087.163078930202,6.821210263296964e-14,0.0,0.0,0.0,0.0,1200.0,0.0,0.0,0.0,4163,3887
2020-04-03 20:00:00,5528.163078930203,-2.046363078989089e-13,0.0,0.0,0.0,0.0,1200.0,0.0,0.0,0.0,4126,4328
2020-04-03 21:00:00,5247.163078930202,6.821210263296964e-14,0.0,0.0,0.0,0.0,1200.0,0.0,0.0,0.0,4302,4047
2020-04-03 22:00:00,5464.163078930202,-1.7053025658242404e-14,0.0,0.0,0.0,0.0,1200.0,0.0,0.0,0.0,4372,4264
2020-04-03 23:00:00,5580.0,3.4106051316484814e-14,0.0,0.0,0.0,0.0,1023.8369210697972,0.0,0.0,0.0,4373,4556
2020-04-04 00:00:00,5580.0,3.4106051316484814e-14,0.0,0.0,0.0,0.0,994.8369210697977,0.0,0.0,0.0,3885,4585
2020-04-04 01:00:00,5506.1630789302035,-5.1159076974727234e-14,0.0,0.0,0.0,0.0,1200.0,0.0,0.0,0.0,3810,4306
2020-04-04 02:00:00,5101.163078930202,6.821210263296964e-14,0.0,0.0,0.0,0.0,1200.0,0.0,0.0,0.0,3876,3901
2020-04-04 03:00:00,4732.163078930202,-5.1159076974727215e-14,0.0,0.0,0.0,0.0,1200.0,0.0,0.0,0.0,3775,3532
2020-04-04 04:00:00,4666.163078930203,-1.7053025658242404e-14,0.0,0.0,0.0,0.0,1200.0,0.0,0.0,0.0,3622,3466
2020-04-04 05:00:00,4956.163078930202,-2.0463630789890893e-13,0.0,0.0,0.0,0.0,1200.0,0.0,0.0,0.0,3372,3756
2020-04-04 06:00:00,4982.163078930202,6.821210263296964e-14,0.0,0.0,0.0,0.0,1200.0,0.0,0.0,0.0,3543,3782
2020-04-04 07:00:00,4641.163078930202,-5.1159076974727215e-14,0.0,0.0,0.0,0.0,1200.0,0.0,0.0,0.0,3946,3441
2020-04-04 08:00:00,5209.163078930203,-1.7053025658242404e-14,0.0,0.0,0.0,0.0,1200.0,0.0,0.0,0.0,3873,4009
2020-04-04 09:00:00,5522.163078930203,-1.7053025658242404e-14,0.0,0.0,0.0,0.0,1200.0,0.0,0.0,0.0,4009,4322
2020-04-04 10:00:00,5362.1630789302035,-5.1159076974727215e-14,0.0,0.0,0.0,0.0,1200.0,0.0,0.0,0.0,4340,4162
2020-04-04 11:00:00,5038.163078930203,-1.7053025658242404e-14,0.0,0.0,0.0,0.0,1200.0,0.0,0.0,0.0,4738,3838
2020-04-04 12:00:00,5171.163078930202,-5.1159076974727215e-14,0.0,0.0,0.0,0.0,1200.0,0.0,0.0,0.0,4835,3971
2020-04-04 13:00:00,4482.163078930202,4.5474735088646414e-14,0.0,0.0,0.0,0.0,1200.0,0.0,0.0,0.0,5014,3282
2020-04-04 14:00:00,4365.163078930202,-5.1159076974727234e-14,0.0,0.0,0.0,0.0,1200.0,0.0,0.0,0.0,4641,3165
2020-04-04 15:00:00,3751.1630789302026,3.4106051316484814e-14,0.0,0.0,0.0,0.0,1200.0,0.0,0.0,0.0,4895,2551
2020-04-04 16:00:00,3614.163078930202,-5.1159076974727234e-14,0.0,0.0,0.0,0.0,1200.0,0.0,0.0,0.0,4811,2414
2020-04-04 17:00:00,3984.163078930202,6.821210263296964e-14,0.0,0.0,0.0,0.0,1200.0,0.0,0.0,0.0,4439,2784
2020-04-04 18:00:00,5044.163078930202,4.5474735088646414e-14,0.0,0.0,0.0,0.0,1200.0,0.0,0.0,0.0,3741,3844
2020-04-04 19:00:00,5047.163078930202,-5.1159076974727234e-14,0.0,0.0,0.0,0.0,1200.0,0.0,0.0,0.0,4232,3847
2020-04-04 20:00:00,5379.163078930203,3.4106051316484814e-14,0.0,0.0,0.0,0.0,1200.0,0.0,0.0,0.0,4117,4179
2020-04-04 21:00:00,5580.0,6.821210263296964e-14,0.0,0.0,0.0,0.0,1119.8369210697972,0.0,0.0,0.0,3809,4460
2020-04-04 22:00:00,5580.0,-1.7053025658242404e-14,0.0,0.0,0.0,0.0,912.8369210697977,0.0,0.0,0.0,3917,4667
2020-04-04 23:00:00,5580.0,-5.1159076974727215e-14,0.0,0.0,0.0,0.0,0.0,214.1630789302021,0.0,0.0,3097,5794
2020-04-05 00:00:00,5580.0,-2.5579538487363604e-14,0.0,0.0,0.0,0.0,2.836921069796915,0.0,0.0,0.0,3122,5577
2020-04-05 01:00:00,5580.0,0.0,0.0,0.0,0.0,0.0,269.8369210697973,0.0,0.0,0.0,3089,5310
2020-04-05 02:00:00,5580.0,6.821210263296964e-14,0.0,0.0,0.0,0.0,689.8369210697969,0.0,0.0,0.0,3259,4890
2020-04-05 03:00:00,5580.0,-5.6843418860808e-15,0.0,0.0,0.0,0.0,1041.836921069798,0.0,0.0,0.0,3255,4538
2020-04-05 04:00:00,5564.163078930203,-8.526512829121202e-15,0.0,0.0,0.0,0.0,1200.0,0.0,0.0,0.0,3429,4364
2020-04-05 05:00:00,5580.0,6.821210263296964e-14,0.0,0.0,0.0,0.0,757.8369210697971,0.0,0.0,0.0,3558,4822
2020-04-05 06:00:00,5580.0,-8.526512829121202e-15,0.0,0.0,0.0,0.0,0.0,424.16307893020274,0.0,0.0,3567,6004
2020-04-05 07:00:00,5580.0,-2.5579538487363604e-14,0.0,0.0,0.0,0.0,0.0,618.1630789302031,0.0,0.0,4223,6198
2020-04-05 08:00:00,5580.0,-8.526512829121202e-15,0.0,0.0,0.0,552.1630789302027,0.0,1200.0,0.0,0.0,3458,7332
2020-04-05 09:00:00,5580.0,-2.5579538487363604e-14,0.0,0.0,0.0,0.0,0.0,734.1630789302031,0.0,0.0,4540,6314
2020-04-05 10:00:00,5580.0,-3.4106051316484814e-14,0.0,0.0,0.0,0.0,26.83692106979723,0.0,0.0,0.0,5124,5553
2020-04-05 11:00:00,5580.0,1.7053025658242404e-14,0.0,0.0,0.0,0.0,395.836921069797,0.0,0.0,0.0,5363,5184
2020-04-05 12:00:00,5580.0,3.4106051316484814e-14,0.0,0.0,0.0,0.0,597.836921069797,0.0,0.0,0.0,5439,4982
2020-04-05 13:00:00,5580.0,0.0,0.0,0.0,0.0,0.0,781.8369210697973,0.0,0.0,0.0,5355,4798
2020-04-05 14:00:00,5580.0,0.0,0.0,0.0,0.0,0.0,1057.8369210697977,0.0,0.0,0.0,5296,4522
2020-04-05 15:00:00,5486.163078930203,-8.526512829121202e-15,0.0,0.0,0.0,0.0,1200.0,0.0,0.0,0.0,5134,4286
2020-04-05 16:00:00,5533.163078930202,-2.5579538487363604e-14,0.0,0.0,0.0,0.0,1200.0,0.0,0.0,0.0,4784,4333
2020-04-05 17:00:00,5564.163078930203,-1.7053025658242404e-14,0.0,0.0,0.0,0.0,1200.0,0.0,0.0,0.0,4625,4364
2020-04-05 18:00:00,5580.0,1.7053025658242404e-14,0.0,0.0,0.0,0.0,0.0,24.16307893020305,0.0,0.0,3680,5604
2020-04-05 19:00:00,5580.0,-8.526512829121202e-15,0.0,0.0,0.0,0.0,0.0,547.1630789302028,0.0,0.0,3462,6127
2020-04-05 20:00:00,5580.0,5.6843418860808e-15,0.0,0.0,0.0,0.0,0.0,252.16307893020303,0.0,0.0,3730,5832
2020-04-05 21:00:00,5580.0,-2.5579538487363604e-14,0.0,0.0,0.0,0.0,62.836921069796915,0.0,0.0,0.0,3734,5517
2020-04-05 22:00:00,5580.0,-1.7053025658242404e-14,0.0,0.0,0.0,0.0,0.0,360.16307893020274,0.0,0.0,3514,5940
2020-04-05 23:00:00,5580.0,1.7053025658242404e-14,0.0,0.0,0.0,0.0,0.0,727.163078930203,0.0,0.0,3347,6307
2020-04-06 00:00:00,5580.0,1.0658141036401504e-14,0.0,0.0,0.0,0.0,0.0,385.16307893020263,0.0,0.0,3199,5965
2020-04-06 01:00:00,5580.0,-1.1368683772161604e-14,0.0,0.0,0.0,0.0,0.0,352.16307893020297,0.0,0.0,2887,5932
2020-04-06 02:00:00,5580.0,1.0658141036401504e-14,0.0,0.0,0.0,0.0,0.0,91.16307893020264,0.0,0.0,2890,5671
2020-04-06 03:00:00,5580.0,5.1159076974727215e-14,0.0,0.0,0.0,0.0,147.83692106979709,0.0,0.0,0.0,2775,5432
2020-04-06 04:00:00,5580.0,3.4106051316484814e-14,0.0,0.0,0.0,0.0,167.8369210697974,0.0,0.0,0.0,2762,5412
2020-04-06 05:00:00,5580.0,-1.1368683772161604e-14,0.0,0.0,0.0,0.0,0.0,267.16307893020297,0.0,0.0,2853,5847
2020-04-06 06:00:00,5580.0,6.821210263296964e-14,0.0,0.0,0.0,0.0,0.0,1040.1630789302028,0.0,0.0,3253,6620
2020-04-06 07:00:00,5580.0,-3.4106051316484827e-14,0.0,0.0,0.0,303.1630789302027,0.0,1200.0,0.0,0.0,3628,7083
2020-04-06 08:00:00,5580.0,5.1159076974727215e-14,0.0,0.0,0.0,1891.163078930201,0.0,1200.0,0.0,0.0,2401,8671
2020-04-06 09:00:00,5580.0,3.4106051316484827e-14,0.0,0.0,0.0,1526.1630789302017,0.0,1200.0,0.0,0.0,2805,8306
2020-04-06 10:00:00,5580.0,3.4106051316484814e-14,0.0,0.0,0.0,0.0,0.0,1073.1630789302028,0.0,0.0,4272,6653
2020-04-06 11:00:00,5580.0,-1.7053025658242426e-14,0.0,0.0,0.0,0.0,0.0,487.1630789302027,0.0,0.0,4764,6067
2020-04-06 12:00:00,5580.0,-1.1368683772161604e-14,0.0,0.0,0.0,0.0,0.0,0.1630789302029711,0.0,0.0,5109,5580
2020-04-06 13:00:00,5580.0,1.0658141036401504e-14,0.0,0.0,0.0,0.0,0.0,604.1630789302026,0.0,0.0,4219,6184
2020-04-06 14:00:00,5580.0,3.4106051316484814e-14,0.0,0.0,0.0,0.0,534.8369210697971,0.0,0.0,0.0,5033,5045
2020-04-06 15:00:00,5580.0,3.836930773104541e-14,0.0,0.0,0.0,0.0,663.8369210697971,0.0,0.0,0.0,4786,4916
2020-04-06 16:00:00,5580.0,-3.4106051316484827e-14,0.0,0.0,0.0,0.0,566.8369210697973,0.0,0.0,0.0,4405,5013
2020-04-06 17:00:00,5580.0,-1.1368683772161604e-14,0.0,0.0,0.0,0.0,552.836921069797,0.0,0.0,0.0,4268,5027
2020-04-06 18:00:00,5580.0,0.0,0.0,0.0,0.0,0.0,0.0,369.16307893020263,0.0,0.0,3643,5949
2020-04-06 19:00:00,5580.0,3.836930773104541e-14,0.0,0.0,0.0,0.0,0.0,1041.1630789302028,0.0,0.0,3150,6621
2020-04-06 20:00:00,5580.0,1.0658141036401504e-14,0.0,0.0,0.0,0.0,0.0,1140.1630789302026,0.0,0.0,2993,6720
2020-04-06 21:00:00,5580.0,3.836930773104541e-14,0.0,0.0,0.0,983.1630789302028,0.0,1200.0,0.0,0.0,1691,7763
2020-04-06 22:00:00,5580.0,3.836930773104541e-14,0.0,0.0,0.0,255.16307893020297,0.0,1200.0,0.0,0.0,2594,7035
2020-04-06 23:00:00,5580.0,3.836930773104541e-14,0.0,0.0,0.0,1429.163078930202,0.0,1200.0,0.0,0.0,1621,8209
2020-04-07 00:00:00,5580.0,6.821210263296964e-14,0.0,0.0,0.0,0.0,0.0,942.1630789302026,0.0,0.0,2757,6522
2020-04-07 01:00:00,5580.0,4.263256414560601e-14,0.0,0.0,0.0,0.0,0.0,905.1630789302028,0.0,0.0,2443,6485
2020-04-07 02:00:00,5580.0,-5.684341886080802e-15,0.0,0.0,0.0,0.0,0.0,780.1630789302027,0.0,0.0,2302,6360
2020-04-07 03:00:00,5580.0,6.821210263296962e-14,0.0,0.0,0.0,0.0,0.0,522.1630789302027,0.0,0.0,2196,6102
2020-04-07 04:00:00,5580.0,4.263256414560601e-14,0.0,0.0,0.0,0.0,0.0,365.16307893020263,0.0,0.0,2309,5945
2020-04-07 05:00:00,5580.0,0.0,0.0,0.0,0.0,0.0,0.0,822.1630789302028,0.0,0.0,2368,6402
2020-04-07 06:00:00,5580.0,137.0,0.0,0.0,0.0,658.1630789302027,0.0,1200.0,0.0,0.0,2346,7575
2020-04-07 07:00:00,5580.0,269.62062208460736,0.0,0.0,0.0,1314.5424568455944,0.0,1200.0,0.0,0.0,2377,8364
2020-04-07 08:00:00,5580.0,137.00000000000003,0.0,0.0,0.0,606.1630789302027,0.0,1200.0,0.0,0.0,3607,7523
2020-04-07 09:00:00,5580.0,137.0,0.0,0.0,0.0,233.1630789302027,0.0,1200.0,0.0,0.0,4076,7150
2020-04-07 10:00:00,5580.0,1.7053025658242404e-14,0.0,0.0,0.0,649.1630789302027,0.0,1200.0,0.0,0.0,3680,7429
2020-04-07 11:00:00,5580.0,-5.684341886080802e-15,0.0,0.0,0.0,0.0,0.0,675.1630789302027,0.0,0.0,4800,6255
2020-04-07 12:00:00,5580.0,4.263256414560601e-14,0.0,0.0,0.0,0.0,0.0,1064.1630789302026,0.0,0.0,4317,6644
2020-04-07 13:00:00,5580.0,-5.684341886080802e-15,0.0,0.0,0.0,0.0,0.0,426.1630789302027,0.0,0.0,4686,6006
2020-04-07 14:00:00,5580.0,4.263256414560601e-14,0.0,0.0,0.0,0.0,0.0,270.1630789302027,0.0,0.0,4516,5850
2020-04-07 15:00:00,5580.0,-3.694822225952522e-14,0.0,0.0,0.0,0.0,0.0,86.1630789302027,0.0,0.0,4308,5666
2020-04-07 16:00:00,5580.0,4.263256414560601e-14,0.0,0.0,0.0,0.0,0.0,152.16307893020266,0.0,0.0,3968,5732
2020-04-07 17:00:00,5580.0,4.263256414560601e-14,0.0,0.0,0.0,0.0,0.0,1009.1630789302028,0.0,0.0,3022,6589
2020-04-07 18:00:00,5580.0,6.821210263296964e-14,0.0,0.0,0.0,1061.1630789302026,0.0,1200.0,0.0,0.0,2137,7841
2020-04-07 19:00:00,5580.0,4.263256414560601e-14,0.0,0.0,0.0,753.1630789302027,0.0,1200.0,0.0,0.0,2664,7533
2020-04-07 20:00:00,5580.0,-4.5474735088646414e-14,0.0,0.0,0.0,748.1630789302027,0.0,1200.0,0.0,0.0,2614,7528
2020-04-07 21:00:00,5580.0,-6.821210263296964e-14,0.0,0.0,0.0,1554.163078930201,0.0,1200.0,0.0,0.0,1523,8334
2020-04-07 22:00:00,5580.0,811.1630789302027,0.0,0.0,0.0,0.0,0.0,1200.0,0.0,0.0,2435,7591
2020-04-07 23:00:00,4293.163078930202,3555.0,0.0,0.0,0.0,0.0,0.0,0.0,0.0,0.0,2371,7848
2020-04-08 00:00:00,4770.0,1013.0000000000001,0.0,0.0,0.0,2444.1630789302017,0.0,0.0,0.0,0.0,1413,8227
2020-04-08 01:00:00,4770.0,1013.0000000000002,0.0,0.0,0.0,1513.1630789302023,0.0,0.0,0.0,0.0,1984,7296
2020-04-08 02:00:00,4770.0,1013.0,0.0,0.0,0.0,1208.1630789302028,0.0,0.0,0.0,0.0,2035,6991
2020-04-08 03:00:00,4770.0,4.5594266748954956e-14,0.0,0.0,0.0,2183.1630789302017,0.0,0.0,0.0,0.0,1730,6953
2020-04-08 04:00:00,4770.0,5.1159076974727215e-14,0.0,0.0,0.0,2328.1630789302026,0.0,0.0,0.0,0.0,1544,7098
2020-04-08 05:00:00,4770.0,3.4106051316484814e-14,0.0,0.0,0.0,2770.163078930202,0.0,0.0,0.0,0.0,1627,7540
2020-04-08 06:00:00,4770.0,3.4106051316484814e-14,0.0,0.0,0.0,3804.163078930201,0.0,0.0,0.0,0.0,1751,8574
2020-04-08 07:00:00,4770.0,2.2737367544323207e-14,540.0,0.0,0.0,3977.1630789302017,0.0,0.0,0.0,0.0,1840,9287
2020-04-08 08:00:00,4770.0,1.0231815394945445e-13,1080.0,0.0,0.0,3005.1630789302017,0.0,0.0,0.0,0.0,2639,8855
2020-04-08 09:00:00,4770.0,6.821210263296964e-14,1080.0,0.0,0.0,3054.1630789302017,0.0,0.0,0.0,0.0,2598,8904
2020-04-08 10:00:00,4770.0,4.263256414560601e-14,1080.0,0.0,0.0,2077.1630789302017,0.0,0.0,0.0,0.0,3277,7927
2020-04-08 11:00:00,4770.0,6.821210263296964e-14,1080.0,0.0,0.0,1276.1630789302023,0.0,0.0,0.0,0.0,3859,7126
2020-04-08 12:00:00,4770.0,6.821210263296964e-14,1080.0,0.0,0.0,880.1630789302018,0.0,0.0,0.0,0.0,4062,6730
2020-04-08 13:00:00,4770.0,6.821210263296964e-14,1080.0,0.0,0.0,323.1630789302024,0.0,0.0,0.0,0.0,4218,6173
2020-04-08 14:00:00,4770.0,4.263256414560601e-14,825.1630789302018,0.0,0.0,0.0,0.0,0.0,0.0,0.0,4391,5595
2020-04-08 15:00:00,4770.0,1.0231815394945445e-13,420.0,0.0,0.0,92.16307893020242,0.0,0.0,0.0,0.0,4275,5282
2020-04-08 16:00:00,4770.0,4.263256414560601e-14,743.1630789302018,0.0,0.0,0.0,0.0,0.0,0.0,0.0,3714,5513
2020-04-08 17:00:00,4770.0,6.821210263296964e-14,1080.0,0.0,0.0,18.163078930202335,0.0,0.0,0.0,0.0,3262,5868
2020-04-08 18:00:00,4770.0,6.821210263296964e-14,1080.0,0.0,0.0,628.1630789302023,0.0,0.0,0.0,0.0,2945,6478
2020-04-08 19:00:00,4770.0,6.821210263296964e-14,879.3566968356972,0.0,0.0,979.8063820945048,0.0,0.0,0.0,0.0,3000,6629
2020-04-08 20:00:00,4770.0,6.821210263296964e-14,420.0,0.0,0.0,1554.1630789302023,0.0,0.0,0.0,0.0,2968,6744
2020-04-08 21:00:00,4770.0,6.821210263296964e-14,1080.0,0.0,0.0,1053.1630789302017,0.0,0.0,0.0,0.0,2712,6903
2020-04-08 22:00:00,4770.0,6.821210263296964e-14,210.0,0.0,0.0,1933.1630789302023,0.0,0.0,0.0,0.0,2974,6913
2020-04-08 23:00:00,5580.0,4.263256414560601e-14,540.0,0.0,0.0,959.1630789302018,0.0,0.0,0.0,0.0,3026,7079
2020-04-09 00:00:00,5580.0,5.1159076974727215e-14,210.0,0.0,0.0,1305.1630789302023,0.0,0.0,0.0,0.0,2402,7095
2020-04-09 01:00:00,5580.0,3.4106051316484814e-14,540.0,0.0,0.0,189.1630789302021,0.0,0.0,0.0,0.0,2772,6309
2020-04-09 02:00:00,5580.0,6.821210263296964e-14,0.0,0.0,0.0,510.1630789302024,0.0,0.0,0.0,0.0,2671,6090
2020-04-09 03:00:00,5580.0,0.0,0.0,0.0,0.0,0.0,103.83692106979755,0.0,0.0,0.0,2855,5476
2020-04-09 04:00:00,5580.0,6.821210263296964e-14,0.0,0.0,0.0,0.0,284.8369210697981,0.0,0.0,0.0,2890,5295
2020-04-09 05:00:00,5580.0,5.1159076974727215e-14,0.0,0.0,0.0,0.0,226.83692106979765,0.0,0.0,0.0,3025,5353
2020-04-09 06:00:00,5580.0,6.821210263296964e-14,0.0,0.0,0.0,0.0,0.0,209.1630789302021,0.0,0.0,2983,5789
2020-04-09 07:00:00,5580.0,6.821210263296964e-14,0.0,0.0,0.0,367.6930854533596,0.0,252.46999347684292,0.0,0.0,2813,6200
2020-04-09 08:00:00,5580.0,3.4106051316484814e-14,0.0,0.0,0.0,986.163078930202,0.0,0.0,0.0,0.0,2967,6566
2020-04-09 09:00:00,5580.0,5.1159076974727215e-14,0.0,0.0,0.0,1230.1630789302023,0.0,0.0,0.0,0.0,3068,6810
2020-04-09 10:00:00,5580.0,6.821210263296964e-14,0.0,0.0,0.0,833.163078930202,0.0,0.0,0.0,0.0,3342,6413
2020-04-09 11:00:00,5580.0,0.0,0.0,0.0,0.0,596.1630789302023,0.0,0.0,0.0,0.0,3419,6176
2020-04-09 12:00:00,5580.0,3.410605131648481e-13,0.0,0.0,0.0,781.163078930202,0.0,0.0,0.0,0.0,3318,6361
2020-04-09 13:00:00,5580.0,3.4106051316484814e-14,0.0,0.0,0.0,170.16307893020206,0.0,0.0,0.0,0.0,3394,5750
2020-04-09 14:00:00,5580.0,3.4106051316484814e-14,0.0,0.0,0.0,0.0,457.8369210697976,0.0,0.0,0.0,3503,5122
2020-04-09 15:00:00,5580.0,3.4106051316484814e-14,0.0,0.0,0.0,0.0,965.8369210697972,0.0,0.0,0.0,3536,4614
2020-04-09 16:00:00,5580.0,6.821210263296964e-14,0.0,0.0,0.0,0.0,1139.8369210697977,0.0,0.0,0.0,3400,4440
2020-04-09 17:00:00,5580.0,2.5625961232892684e-14,0.0,0.0,0.0,0.0,849.8369210697979,0.0,0.0,0.0,3062,4730
2020-04-09 18:00:00,5580.0,6.821210263296964e-14,0.0,0.0,0.0,0.0,0.0,81.16307893020229,0.0,0.0,2503,5661
2020-04-09 19:00:00,5580.0,6.821210263296964e-14,0.0,0.0,0.0,0.0,0.0,663.1630789302021,0.0,0.0,2279,6243
2020-04-09 20:00:00,5580.0,0.0,540.0,0.0,0.0,0.0,0.0,400.1630789302024,0.0,0.0,2117,6520
2020-04-09 21:00:00,5580.0,6.821210263296964e-14,540.0,0.0,0.0,0.0,0.0,537.1630789302023,0.0,0.0,1935,6657
2020-04-09 22:00:00,5580.0,-8.669758244650439e-11,540.0,0.0,0.0,152.80463144170494,0.0,878.3584474885838,0.0,0.0,1871,7151
2020-04-09 23:00:00,5580.0,5.1159076974727215e-14,540.0,0.0,0.0,1434.1630789302023,0.0,0.0,0.0,0.0,1887,7554
2020-04-10 00:00:00,5580.0,3.39014150085859e-11,540.0,0.0,0.0,389.1630789301687,0.0,0.0,0.0,0.0,2536,6509
2020-04-10 01:00:00,5580.0,6.821210263296964e-14,540.0,0.0,0.0,402.16307893020286,0.0,0.0,0.0,0.0,2195,6522
2020-04-10 02:00:00,5580.0,6.821210263296964e-14,540.0,0.0,0.0,373.1630789302027,0.0,0.0,0.0,0.0,1907,6493
2020-04-10 03:00:00,5580.0,-6.821210263296964e-14,540.0,0.0,0.0,30.1630789302029,0.0,0.0,0.0,0.0,1791,6150
2020-04-10 04:00:00,5580.0,6.821210263296964e-14,0.0,0.0,0.0,448.16307893020297,0.0,0.0,0.0,0.0,1710,6028
2020-04-10 05:00:00,5580.0,2.501110429875552e-13,0.0,0.0,0.0,553.1630789302026,0.0,0.0,0.0,0.0,1685,6133
2020-04-10 06:00:00,5580.0,6.821210263296964e-14,0.0,0.0,0.0,0.0,320.836921069797,0.0,0.0,0.0,2783,5259
2020-04-10 07:00:00,5580.0,1.7053025658242404e-14,0.0,0.0,0.0,530.5353881278551,0.0,240.62769080234773,0.0,0.0,1768,6351
2020-04-10 08:00:00,5580.0,1.7053025658242404e-14,0.0,0.0,0.0,69.16307893020277,0.0,0.0,0.0,0.0,2934,5649
2020-04-10 09:00:00,5580.0,6.821210263296964e-14,0.0,0.0,0.0,1008.1630789302028,0.0,0.0,0.0,0.0,2348,6588
2020-04-10 10:00:00,5580.0,6.821210263296964e-14,0.0,0.0,0.0,377.16307893020286,0.0,0.0,0.0,0.0,2988,5957
2020-04-10 11:00:00,5471.163078930202,6.821210263296964e-14,0.0,0.0,0.0,0.0,1200.0,0.0,0.0,0.0,4606,4271
2020-04-10 12:00:00,5580.0,6.821210263296964e-14,0.0,0.0,0.0,0.0,467.836921069797,0.0,0.0,0.0,3887,5112
2020-04-10 13:00:00,4913.163078930202,1.7053025658242404e-14,0.0,0.0,0.0,0.0,1200.0,0.0,0.0,0.0,4681,3713
2020-04-10 14:00:00,5092.163078930201,1.1596057447604834e-12,0.0,0.0,0.0,0.0,1200.0,0.0,0.0,0.0,3945,3892
2020-04-10 15:00:00,4891.163078930203,-3.8653524825349464e-13,0.0,0.0,0.0,0.0,1200.0,0.0,0.0,0.0,3738,3691
2020-04-10 16:00:00,4365.163078930202,6.821210263296964e-14,0.0,0.0,0.0,0.0,1200.0,0.0,0.0,0.0,4026,3165
2020-04-10 17:00:00,5580.0,1.7053025658242404e-14,0.0,0.0,0.0,0.0,1164.8369210697972,0.0,0.0,0.0,2769,4415
2020-04-10 18:00:00,5580.0,6.821210263296964e-14,0.0,0.0,0.0,0.0,74.83692106979697,0.0,0.0,0.0,2074,5505
2020-04-10 19:00:00,5580.0,6.821210263296964e-14,0.0,0.0,0.0,0.0,0.0,625.1630789302026,0.0,0.0,1849,6205
2020-04-10 20:00:00,5580.0,1.7053025658242404e-14,0.0,0.0,0.0,0.0,132.8369210697972,0.0,0.0,0.0,2939,5447
2020-04-10 21:00:00,5580.0,1.7053025658242404e-14,0.0,0.0,0.0,0.0,0.0,997.1630789302028,0.0,0.0,1878,6577
2020-04-10 22:00:00,5580.0,135.00000000000003,0.0,0.0,0.0,0.0,0.0,234.1630789302028,0.0,0.0,2854,5949
2020-04-10 23:00:00,5580.0,135.00000000000006,0.0,0.0,0.0,0.0,0.0,539.1630789302028,0.0,0.0,2870,6254
2020-04-11 00:00:00,5580.0,135.00000000000088,0.0,0.0,0.0,19.163078930201483,0.0,1200.0,0.0,0.0,1785,6934
2020-04-11 01:00:00,5580.0,134.9999999999999,0.0,0.0,0.0,0.0,52.83692106979697,0.0,0.0,0.0,2789,5662
2020-04-11 02:00:00,5580.0,134.99999999999997,0.0,0.0,0.0,0.0,20.836921069797825,0.0,0.0,0.0,2519,5694
2020-04-11 03:00:00,5580.0,-6.821210263296964e-14,540.0,0.0,0.0,0.0,0.0,65.16307893020297,0.0,0.0,1705,6185
2020-04-11 04:00:00,5580.0,2.2737367544323214e-14,529.1630789302021,0.0,0.0,0.0,0.0,0.0,0.0,0.0,1799,6109
2020-04-11 05:00:00,5580.0,-2.046363078989089e-13,540.0,0.0,0.0,452.1630789302033,0.0,0.0,0.0,0.0,1965,6572
2020-04-11 06:00:00,5580.0,8.86757334228605e-13,540.0,0.0,0.0,438.1630789302015,0.0,1200.0,0.0,0.0,1923,7758
2020-04-11 07:00:00,5580.0,-6.821210263296964e-14,540.0,0.0,0.0,1148.462328767127,0.0,1074.700750163075,0.0,0.0,2087,8343
2020-04-11 08:00:00,5580.0,-2.046363078989089e-13,540.0,0.0,0.0,2450.1630789302026,0.0,0.0,0.0,0.0,2285,8570
2020-04-11 09:00:00,5580.0,-2.046363078989089e-13,540.0,0.0,0.0,1158.1630789302028,0.0,0.0,0.0,0.0,3667,7278
2020-04-11 10:00:00,5580.0,-2.046363078989089e-13,540.0,0.0,0.0,146.1630789302033,0.0,0.0,0.0,0.0,4516,6266
2020-04-11 11:00:00,5580.0,8.86757334228605e-13,0.0,0.0,0.0,0.0,20.836921069798336,0.0,0.0,0.0,5112,5559
2020-04-11 12:00:00,5580.0,-2.046363078989089e-13,0.0,0.0,0.0,0.0,25.836921069796972,0.0,0.0,0.0,5040,5554
2020-04-11 13:00:00,5580.0,-4.774847184307873e-13,0.0,0.0,0.0,133.1630789302027,0.0,0.0,0.0,0.0,4641,5713
2020-04-11 14:00:00,5580.0,-6.821210263296964e-14,0.0,0.0,0.0,9.163078930202976,0.0,0.0,0.0,0.0,4441,5589
2020-04-11 15:00:00,5580.0,-2.046363078989089e-13,0.0,0.0,0.0,0.0,259.83692106979754,0.0,0.0,0.0,4307,5320
2020-04-11 16:00:00,5580.0,3.410605131648481e-13,0.0,0.0,0.0,0.0,34.83692106979743,0.0,0.0,0.0,3789,5545
2020-04-11 17:00:00,5580.0,447.1630789302021,0.0,0.0,0.0,0.0,0.0,0.0,0.0,0.0,3130,6027
2020-04-11 18:00:00,5580.0,438.9999999999999,0.0,0.0,0.0,731.163078930202,0.0,0.0,0.0,0.0,2689,6750
2020-04-11 19:00:00,5580.0,438.99999999999943,0.0,0.0,0.0,147.16307893020368,0.0,0.0,0.0,0.0,3503,6166
2020-04-11 20:00:00,5580.0,576.0000000000002,0.0,0.0,0.0,0.0,47.836921069798336,0.0,0.0,0.0,3383,6108
2020-04-11 21:00:00,5580.0,573.9999999999999,0.0,0.0,0.0,825.163078930203,0.0,0.0,0.0,0.0,2244,6979
2020-04-11 22:00:00,5580.0,423.0000000000003,0.0,0.0,0.0,0.0,25.836921069797427,0.0,0.0,0.0,3446,5977
2020-04-11 23:00:00,5580.0,422.99999999999983,0.0,0.0,0.0,199.1630789302033,0.0,0.0,0.0,0.0,3415,6202
2020-04-12 00:00:00,5580.0,423.0000000000013,0.0,0.0,0.0,839.1630789302019,0.0,0.0,0.0,0.0,2253,6842
2020-04-12 01:00:00,5580.0,288.0,0.0,0.0,0.0,34.163078930202836,0.0,0.0,0.0,0.0,2851,5902
2020-04-12 02:00:00,5580.0,425.0,0.0,0.0,0.0,564.1630789302022,0.0,0.0,0.0,0.0,1937,6569
2020-04-12 03:00:00,5580.0,288.0000000000002,0.0,0.0,0.0,413.1630789302023,0.0,0.0,0.0,0.0,1872,6281
2020-04-12 04:00:00,5580.0,438.99999999999966,0.0,0.0,0.0,0.0,74.83692106979686,0.0,0.0,0.0,2183,5944
2020-04-12 05:00:00,5580.0,439.0000000000009,0.0,0.0,0.0,226.1630789302015,0.0,0.0,0.0,0.0,2400,6245
2020-04-12 06:00:00,5580.0,439.0000000000002,0.0,0.0,0.0,1574.1630789302023,0.0,0.0,0.0,0.0,2105,7593
2020-04-12 07:00:00,5580.0,386.9999999999996,0.0,0.0,0.0,1967.769243313765,0.0,367.3938356164372,0.0,0.0,2119,8302
2020-04-12 08:00:00,5580.0,522.0,0.0,0.0,0.0,2516.1630789302008,0.0,0.0,0.0,0.0,2206,8618
2020-04-12 09:00:00,5580.0,522.0,0.0,0.0,0.0,2244.163078930202,0.0,0.0,0.0,0.0,2533,8346
2020-04-12 10:00:00,5580.0,286.0000000000002,0.0,0.0,0.0,504.1630789302025,0.0,0.0,0.0,0.0,4342,6370
2020-04-12 11:00:00,5580.0,135.00000000000006,0.0,0.0,0.0,1233.1630789302026,0.0,0.0,0.0,0.0,3618,6948
2020-04-12 12:00:00,5580.0,6.821210263296964e-14,0.0,0.0,0.0,0.0,158.83692106979743,0.0,0.0,0.0,5017,5421
2020-04-12 13:00:00,5580.0,6.821210263296964e-14,0.0,0.0,0.0,0.0,223.8369210697972,0.0,0.0,0.0,4806,5356
2020-04-12 14:00:00,5580.0,1.1596057447604834e-12,0.0,0.0,0.0,0.0,361.8369210697974,0.0,0.0,0.0,4644,5218
2020-04-12 15:00:00,5580.0,6.821210263296964e-14,0.0,0.0,0.0,0.0,0.0,542.1630789302028,0.0,0.0,3380,6122
2020-04-12 16:00:00,5580.0,6.821210263296964e-14,0.0,0.0,0.0,682.9430854533617,0.0,16.219993476841182,0.0,0.0,2961,6279
2020-04-12 17:00:00,5580.0,6.821210263296964e-14,0.0,0.0,0.0,0.0,155.83692106979743,0.0,0.0,0.0,3662,5424
2020-04-12 18:00:00,5580.0,-2.2737367544323207e-14,0.0,0.0,0.0,1687.285388127855,0.0,116.87769080234808,0.0,0.0,1958,7384
2020-04-12 19:00:00,5580.0,454.42649885777934,0.0,0.0,0.0,1298.7365800724233,0.0,0.0,0.0,0.0,2114,7333
2020-04-12 20:00:00,5580.0,844.2,0.0,0.0,0.0,1032.9630789302028,0.0,0.0,0.0,0.0,1773,7457
2020-04-12 21:00:00,5580.0,408.99999999999994,0.0,0.0,0.0,85.16307893020281,0.0,0.0,0.0,0.0,2964,6074
2020-04-12 22:00:00,5580.0,995.1999999999999,0.0,0.0,0.0,903.9630789302028,0.0,0.0,0.0,0.0,1740,7479
2020-04-12 23:00:00,5580.0,995.2,0.0,0.0,0.0,989.9630789302028,0.0,0.0,0.0,0.0,1838,7565
2020-04-13 00:00:00,5580.0,288.0000000000001,0.0,0.0,0.0,184.16307893020277,0.0,0.0,0.0,0.0,2806,6052
2020-04-13 01:00:00,5580.0,151.00000000000074,0.0,0.0,0.0,938.1630789302008,0.0,0.0,0.0,0.0,1841,6669
2020-04-13 02:00:00,5580.0,151.0,0.0,0.0,0.0,97.16307893020264,0.0,0.0,0.0,0.0,2431,5828
2020-04-13 03:00:00,5580.0,151.0,0.0,0.0,0.0,102.16307893020186,0.0,0.0,0.0,0.0,2071,5833
2020-04-13 04:00:00,5580.0,286.0,0.0,0.0,0.0,0.0,46.83692106979743,0.0,0.0,0.0,2053,5819
2020-04-13 05:00:00,5580.0,724.0353881278542,0.0,0.0,0.0,0.0,0.0,35.12769080234807,0.0,0.0,2042,6339
2020-04-13 06:00:00,5580.0,1703.1630789302017,0.0,0.0,0.0,0.0,0.0,0.0,0.0,0.0,2143,7283
2020-04-13 07:00:00,5580.0,1300.97779582644,0.0,0.0,0.0,1110.185283103763,0.0,0.0,0.0,0.0,2154,7991
2020-04-13 08:00:00,5580.0,1447.1999999999998,0.0,0.0,0.0,166.9630789302018,0.0,0.0,0.0,0.0,3357,7194
2020-04-13 09:00:00,5580.0,1158.1630789302026,0.0,0.0,0.0,0.0,0.0,0.0,0.0,0.0,3872,6738
2020-04-13 10:00:00,5580.0,333.16307893020195,0.0,0.0,0.0,0.0,0.0,0.0,0.0,0.0,4580,5913
2020-04-13 11:00:00,5580.0,3.16307893020263,0.0,0.0,0.0,0.0,0.0,0.0,0.0,0.0,4806,5583
2020-04-13 12:00:00,5505.163078930202,0.0,0.0,0.0,0.0,0.0,0.0,0.0,0.0,0.0,4802,5505
2020-04-13 13:00:00,5277.163078930203,-6.821210263296964e-14,0.0,0.0,0.0,0.0,0.0,0.0,0.0,0.0,4796,5277
2020-04-13 14:00:00,5187.163078930202,6.821210263296964e-14,0.0,0.0,0.0,0.0,0.0,0.0,0.0,0.0,4627,5187
2020-04-13 15:00:00,5580.0,274.1630789302019,0.0,0.0,0.0,0.0,0.0,0.0,0.0,0.0,3625,5854
2020-04-13 16:00:00,4950.163078930203,136.9999999999999,0.0,0.0,0.0,0.0,0.0,0.0,0.0,0.0,4149,5087
2020-04-13 17:00:00,5580.0,415.1630789302019,0.0,0.0,0.0,0.0,0.0,0.0,0.0,0.0,3104,5995
2020-04-13 18:00:00,5183.163078930203,137.0,0.0,0.0,0.0,0.0,0.0,0.0,0.0,0.0,4053,5320
2020-04-13 19:00:00,5166.163078930202,136.9999999999999,0.0,0.0,0.0,0.0,0.0,0.0,0.0,0.0,4161,5303
2020-04-13 20:00:00,5580.0,304.1630789302027,0.0,0.0,0.0,0.0,0.0,0.0,0.0,0.0,3350,5884
2020-04-13 21:00:00,5549.163078930202,136.9999999999998,0.0,0.0,0.0,0.0,0.0,0.0,0.0,0.0,3335,5686
2020-04-13 22:00:00,5447.163078930202,0.0,0.0,0.0,0.0,0.0,0.0,0.0,0.0,0.0,3744,5447
2020-04-13 23:00:00,5533.163078930202,1.1368683772161605e-13,0.0,0.0,0.0,0.0,0.0,0.0,0.0,0.0,3838,5533
2020-04-14 00:00:00,5404.1630789302035,0.0,0.0,0.0,0.0,0.0,0.0,0.0,0.0,0.0,3414,5404
2020-04-14 01:00:00,5481.163078930203,-6.821210263296964e-14,0.0,0.0,0.0,0.0,0.0,0.0,0.0,0.0,2985,5481
2020-04-14 02:00:00,5219.1630789302035,0.0,0.0,0.0,0.0,0.0,0.0,0.0,0.0,0.0,2993,5219
2020-04-14 03:00:00,4735.163078930203,6.821210263296964e-14,0.0,0.0,0.0,0.0,0.0,0.0,0.0,0.0,3121,4735
2020-04-14 04:00:00,4545.163078930203,-4.774847184307873e-13,0.0,0.0,0.0,0.0,0.0,0.0,0.0,0.0,3279,4545
2020-04-14 05:00:00,4947.163078930203,-6.821210263296964e-14,0.0,0.0,0.0,0.0,0.0,0.0,0.0,0.0,3381,4947
2020-04-14 06:00:00,5437.921362288977,557.2417166412259,0.0,0.0,0.0,0.0,0.0,0.0,0.0,0.0,3371,5995
2020-04-14 07:00:00,5580.0,1141.1630789302035,0.0,0.0,0.0,0.0,0.0,0.0,0.0,0.0,3351,6721
2020-04-14 08:00:00,5580.0,773.1630789302872,0.0,0.0,0.0,0.0,0.0,0.0,0.0,0.0,4109,6353
2020-04-14 09:00:00,5580.0,1160.1630789302035,0.0,0.0,0.0,0.0,0.0,0.0,0.0,0.0,3769,6740
2020-04-14 10:00:00,5580.0,635.1630789302026,0.0,0.0,0.0,0.0,0.0,0.0,0.0,0.0,4168,6215
2020-04-14 11:00:00,5120.1630789302035,286.0,0.0,0.0,0.0,0.0,0.0,0.0,0.0,0.0,4862,5406
2020-04-14 12:00:00,5580.0,445.16307893020263,0.0,0.0,0.0,0.0,0.0,0.0,0.0,0.0,4152,6025
2020-04-14 13:00:00,5580.0,329.1630789302033,0.0,0.0,0.0,0.0,0.0,0.0,0.0,0.0,4028,5909
2020-04-14 14:00:00,5022.453453333117,98.70962559708556,0.0,0.0,0.0,0.0,0.0,0.0,0.0,0.0,4561,5121
2020-04-14 15:00:00,5349.1630789302035,0.0,0.0,0.0,0.0,0.0,0.0,0.0,0.0,0.0,3996,5349
2020-04-14 16:00:00,4930.1630789302035,0.0,0.0,0.0,0.0,0.0,0.0,0.0,0.0,0.0,4151,4930
2020-04-14 17:00:00,4800.1630789302035,0.0,0.0,0.0,0.0,0.0,0.0,0.0,0.0,0.0,4103,4800
2020-04-14 18:00:00,4984.1630789302035,-6.821210263296964e-14,0.0,0.0,0.0,0.0,0.0,0.0,0.0,0.0,4125,4984
2020-04-14 19:00:00,4471.163078930203,-2.0463630789890893e-13,0.0,0.0,0.0,0.0,0.0,0.0,0.0,0.0,4752,4471
2020-04-14 20:00:00,4704.1630789302035,6.821210263296964e-14,0.0,0.0,0.0,0.0,0.0,0.0,0.0,0.0,4293,4704
2020-04-14 21:00:00,4474.163078930203,-6.821210263296964e-14,0.0,0.0,0.0,0.0,0.0,0.0,0.0,0.0,4332,4474
2020-04-14 22:00:00,2552.9630789302037,2221.2,0.0,0.0,0.0,0.0,0.0,0.0,0.0,0.0,4217,4774
2020-04-14 23:00:00,1240.163078930203,3555.0,0.0,0.0,0.0,0.0,0.0,0.0,0.0,0.0,4389,4795
2020-04-15 00:00:00,1620.0,1013.0000000000001,0.0,0.0,0.0,1695.1630789302028,0.0,0.0,0.0,0.0,4350,4328
2020-04-15 01:00:00,1620.0,1013.0,0.0,0.0,0.0,1131.1630789302023,0.0,0.0,0.0,0.0,4543,3764
2020-04-15 02:00:00,1620.0,1013.0,0.0,0.0,0.0,872.1630789302022,0.0,0.0,0.0,0.0,4532,3505
2020-04-15 03:00:00,1620.0,4.665744325855454e-14,0.0,0.0,0.0,1587.163078930202,0.0,0.0,0.0,0.0,4470,3207
2020-04-15 04:00:00,1620.0,0.0,0.0,0.0,0.0,1526.1630789302023,0.0,0.0,0.0,0.0,4491,3146
2020-04-15 05:00:00,1620.0,2.0463630789890886e-13,0.0,0.0,0.0,1904.163078930202,0.0,0.0,0.0,0.0,4587,3524
2020-04-15 06:00:00,1620.0,-6.821210263296964e-14,0.0,0.0,0.0,2785.163078930203,0.0,0.0,0.0,0.0,4695,4405
2020-04-15 07:00:00,1620.0,0.0,0.0,0.0,0.0,3391.1630789302026,0.0,0.0,0.0,0.0,4736,5011
2020-04-15 08:00:00,1620.0,-1.1368683772161608e-13,0.0,0.0,0.0,3779.1630789302026,0.0,0.0,0.0,0.0,4648,5399
2020-04-15 09:00:00,1620.0,6.821210263296964e-14,0.0,0.0,0.0,3774.1630789302026,0.0,0.0,0.0,0.0,4686,5394
2020-04-15 10:00:00,1620.0,3.4106051316484814e-14,0.0,0.0,0.0,3335.1630789302026,0.0,0.0,0.0,0.0,4953,4955
2020-04-15 11:00:00,1620.0,-2.046363078989089e-13,0.0,0.0,0.0,3093.163078930203,0.0,0.0,0.0,0.0,5107,4713
2020-04-15 12:00:00,1620.0,3.4106051316484814e-14,0.0,0.0,0.0,2885.1630789302026,0.0,0.0,0.0,0.0,5315,4505
2020-04-15 13:00:00,1620.0,-2.046363078989089e-13,0.0,0.0,0.0,2952.163078930203,0.0,0.0,0.0,0.0,5014,4572
2020-04-15 14:00:00,1620.0,3.4106051316484814e-14,0.0,0.0,0.0,2932.1630789302026,0.0,0.0,0.0,0.0,4794,4552
2020-04-15 15:00:00,1620.0,-2.046363078989089e-13,0.0,0.0,0.0,2883.163078930202,0.0,0.0,0.0,0.0,4513,4503
2020-04-15 16:00:00,1620.0,-2.8990143619012088e-11,0.0,0.0,0.0,3117.1630789302317,0.0,0.0,0.0,0.0,4013,4737
2020-04-15 17:00:00,1620.0,3.410605131648481e-13,0.0,0.0,0.0,3813.1630789302026,0.0,0.0,0.0,0.0,3202,5433
2020-04-15 18:00:00,1620.0,-2.046363078989089e-13,0.0,0.0,0.0,4608.163078930203,0.0,0.0,0.0,0.0,2523,6228
2020-04-15 19:00:00,1620.0,382.7590113454463,0.0,0.0,0.0,4422.404067584756,0.0,0.0,0.0,0.0,2421,6425
2020-04-15 20:00:00,1620.0,675.0000000000006,0.0,0.0,0.0,4428.163078930203,0.0,0.0,0.0,0.0,1902,6723
2020-04-15 21:00:00,1620.0,1213.0,0.0,0.0,0.0,3938.1630789302026,0.0,0.0,0.0,0.0,1727,6771
2020-04-15 22:00:00,1620.0,1350.0000000000002,0.0,0.0,0.0,3995.1630789302026,0.0,0.0,0.0,0.0,1757,6965
2020-04-15 23:00:00,5580.0,1350.0,0.0,0.0,0.0,264.1630789302027,0.0,0.0,0.0,0.0,1715,7194
2020-04-16 00:00:00,5580.0,826.0,0.0,0.0,0.0,193.1630789302032,0.0,0.0,0.0,0.0,1682,6599
2020-04-16 01:00:00,5580.0,439.0,0.0,0.0,0.0,59.16307893020257,0.0,0.0,0.0,0.0,1790,6078
2020-04-16 02:00:00,5580.0,0.0,0.0,0.0,0.0,48.163078930203255,0.0,0.0,0.0,0.0,1891,5628
2020-04-16 03:00:00,5580.0,0.0,0.0,0.0,0.0,0.0,638.8369210697967,0.0,0.0,0.0,2131,4941
2020-04-16 04:00:00,4313.163078930203,0.0,0.0,0.0,0.0,0.0,0.0,0.0,0.0,0.0,2593,4313
2020-04-16 05:00:00,4199.163078930203,0.0,0.0,0.0,0.0,0.0,0.0,0.0,0.0,0.0,2828,4199
2020-04-16 06:00:00,4141.163078930203,0.0,0.0,0.0,0.0,0.0,0.0,0.0,0.0,0.0,3195,4141
2020-04-16 07:00:00,4099.163078930203,0.0,0.0,0.0,0.0,0.0,0.0,0.0,0.0,0.0,3432,4099
2020-04-16 08:00:00,4271.163078930203,0.0,0.0,0.0,0.0,0.0,0.0,0.0,0.0,0.0,3741,4271
2020-04-16 09:00:00,3954.1630789302017,0.0,0.0,0.0,0.0,0.0,0.0,0.0,0.0,0.0,4347,3954
2020-04-16 10:00:00,3576.163078930202,0.0,0.0,0.0,0.0,0.0,0.0,0.0,0.0,0.0,4722,3576
2020-04-16 11:00:00,4404.163078930202,0.0,0.0,0.0,0.0,0.0,1200.0,0.0,0.0,0.0,5155,3204
2020-04-16 12:00:00,3418.1630789302017,6.821210263296964e-14,0.0,0.0,0.0,0.0,0.0,0.0,0.0,0.0,5253,3418
2020-04-16 13:00:00,2902.163078930202,0.0,0.0,0.0,0.0,0.0,0.0,0.0,0.0,0.0,5449,2902
2020-04-16 14:00:00,2077.163078930202,0.0,0.0,0.0,0.0,0.0,0.0,0.0,0.0,0.0,5951,2077
2020-04-16 15:00:00,1734.1630789302023,0.0,0.0,0.0,0.0,0.0,0.0,0.0,0.0,0.0,5980,1734
2020-04-16 16:00:00,2860.1630789302076,-5.4569682106375694e-12,0.0,0.0,0.0,0.0,1200.0,0.0,0.0,0.0,5854,1660
2020-04-16 17:00:00,2095.163078930202,0.0,0.0,0.0,0.0,0.0,0.0,0.0,0.0,0.0,5365,2095
2020-04-16 18:00:00,2531.1630789302026,3.4106051316484814e-14,0.0,0.0,0.0,0.0,0.0,0.0,0.0,0.0,5154,2531
2020-04-16 19:00:00,2788.163078930202,0.0,0.0,0.0,0.0,0.0,0.0,0.0,0.0,0.0,5093,2788
2020-04-16 20:00:00,3739.163078930202,5.456968210637569e-13,0.0,0.0,0.0,0.0,1200.0,0.0,0.0,0.0,5235,2539
2020-04-16 21:00:00,3250.102618834414,0.0,0.0,0.0,0.0,0.0,726.9395399042114,0.0,0.0,0.0,5174,2523
2020-04-16 22:00:00,2879.163078930202,0.0,0.0,0.0,0.0,0.0,0.0,0.0,0.0,0.0,5166,2879
2020-04-16 23:00:00,3168.1630789302017,0.0,0.0,0.0,0.0,0.0,0.0,0.0,0.0,0.0,5185,3168
2020-04-17 00:00:00,2747.1630789302026,0.0,0.0,0.0,0.0,0.0,0.0,0.0,0.0,0.0,5115,2747
2020-04-17 01:00:00,3600.0,0.0,0.0,0.0,0.0,0.0,1077.836921069798,0.0,0.0,0.0,4971,2522
2020-04-17 02:00:00,2155.1630789302035,-1.0913936421275138e-12,0.0,0.0,0.0,0.0,0.0,0.0,0.0,0.0,4982,2155
2020-04-17 03:00:00,1996.163078930202,0.0,0.0,0.0,0.0,0.0,0.0,0.0,0.0,0.0,4663,1996
2020-04-17 04:00:00,1745.1630789302026,0.0,0.0,0.0,0.0,0.0,0.0,0.0,0.0,0.0,4687,1745
2020-04-17 05:00:00,2910.1630789302017,2.728484105318785e-13,0.0,0.0,0.0,0.0,1200.0,0.0,0.0,0.0,4739,1710
2020-04-17 06:00:00,3147.1630789302017,0.0,0.0,0.0,0.0,0.0,1200.0,0.0,0.0,0.0,4652,1947
2020-04-17 07:00:00,1947.1630789302023,0.0,0.0,0.0,0.0,0.0,0.0,0.0,0.0,0.0,4700,1947
2020-04-17 08:00:00,2628.1630789302017,0.0,0.0,0.0,0.0,0.0,0.0,0.0,0.0,0.0,4462,2628
2020-04-17 09:00:00,2400.1630789302026,-6.821210263296964e-14,0.0,0.0,0.0,0.0,0.0,0.0,0.0,0.0,5046,2400
2020-04-17 10:00:00,2568.1630789302963,-9.385985322296616e-11,0.0,0.0,0.0,0.0,0.0,0.0,0.0,0.0,5085,2568
2020-04-17 11:00:00,2993.163078930202,0.0,0.0,0.0,0.0,0.0,0.0,0.0,0.0,0.0,4822,2993
2020-04-17 12:00:00,2801.1630789302008,1.0913936421275138e-12,0.0,0.0,0.0,0.0,0.0,0.0,0.0,0.0,5360,2801
2020-04-17 13:00:00,2518.163078930202,0.0,0.0,0.0,0.0,0.0,0.0,0.0,0.0,0.0,5235,2518
2020-04-17 14:00:00,3519.1630789302008,1.0913936421275138e-12,0.0,0.0,0.0,0.0,1200.0,0.0,0.0,0.0,5044,2319
2020-04-17 15:00:00,3462.1630789302008,1.0913936421275138e-12,0.0,0.0,0.0,0.0,1200.0,0.0,0.0,0.0,4825,2262
2020-04-17 16:00:00,2390.163078930202,0.0,0.0,0.0,0.0,0.0,0.0,0.0,0.0,0.0,4540,2390
2020-04-17 17:00:00,2969.163078930202,0.0,0.0,0.0,0.0,0.0,0.0,0.0,0.0,0.0,3951,2969
2020-04-17 18:00:00,3505.1630789302035,-1.0913936421275138e-12,0.0,0.0,0.0,0.0,0.0,0.0,0.0,0.0,3738,3505
2020-04-17 19:00:00,3600.0,0.0,0.0,0.0,0.0,303.1630789302021,0.0,0.0,0.0,0.0,3668,3903
2020-04-17 20:00:00,3600.0,-6.821210263296964e-14,0.0,0.0,0.0,87.16307893020237,0.0,0.0,0.0,0.0,3992,3687
2020-04-17 21:00:00,4410.0,0.0,0.0,0.0,0.0,77.16307893020257,0.0,0.0,0.0,0.0,3191,4487
2020-04-17 22:00:00,4410.0,-1.0913936421275138e-12,0.0,0.0,0.0,497.1630789302026,0.0,0.0,0.0,0.0,3050,4907
2020-04-17 23:00:00,4410.0,0.0,0.0,0.0,0.0,731.9158280447443,0.0,86.24725088545824,0.0,0.0,2937,5228
2020-04-18 00:00:00,4410.0,3.637978807091713e-13,0.0,0.0,0.0,0.0,0.0,294.16307893020166,0.0,0.0,3003,4704
2020-04-18 01:00:00,4254.163078930203,0.0,0.0,0.0,0.0,0.0,0.0,0.0,0.0,0.0,3115,4254
2020-04-18 02:00:00,4116.163078930202,0.0,0.0,0.0,0.0,0.0,0.0,0.0,0.0,0.0,2971,4116
2020-04-18 03:00:00,3899.163078930202,0.0,0.0,0.0,0.0,0.0,0.0,0.0,0.0,0.0,2817,3899
2020-04-18 04:00:00,4028.1630789302017,0.0,0.0,0.0,0.0,0.0,0.0,0.0,0.0,0.0,2658,4028
2020-04-18 05:00:00,4410.0,0.0,0.0,0.0,0.0,129.16307893020257,0.0,0.0,0.0,0.0,2690,4539
2020-04-18 06:00:00,5580.0,0.0,0.0,0.0,0.0,0.0,0.0,399.16307893020314,0.0,0.0,2296,5979
2020-04-18 07:00:00,5376.163078930203,0.0,0.0,0.0,0.0,0.0,0.0,0.0,0.0,0.0,3596,5376
2020-04-18 08:00:00,5580.0,1601.1630789302035,0.0,0.0,0.0,0.0,0.0,0.0,0.0,0.0,2302,7181
2020-04-18 09:00:00,5580.0,1522.1630789302033,0.0,0.0,0.0,0.0,0.0,0.0,0.0,0.0,2616,7102
2020-04-18 10:00:00,5580.0,1379.1630789302023,0.0,0.0,0.0,0.0,0.0,0.0,0.0,0.0,2816,6959
2020-04-18 11:00:00,5580.0,1174.1630789302033,0.0,0.0,0.0,0.0,0.0,0.0,0.0,0.0,3106,6754
2020-04-18 12:00:00,5194.163078930203,150.99999999999963,0.0,0.0,0.0,0.0,0.0,0.0,0.0,0.0,4570,5345
2020-04-18 13:00:00,5580.0,1046.1630789302035,0.0,0.0,0.0,0.0,0.0,0.0,0.0,0.0,3136,6626
2020-04-18 14:00:00,5580.0,862.1630789302023,0.0,0.0,0.0,0.0,0.0,0.0,0.0,0.0,3126,6442
2020-04-18 15:00:00,5580.0,741.1630789302026,0.0,0.0,0.0,0.0,0.0,0.0,0.0,0.0,2946,6321
2020-04-18 16:00:00,5580.0,838.1630789302026,0.0,0.0,0.0,0.0,0.0,0.0,0.0,0.0,2607,6418
2020-04-18 17:00:00,5580.0,151.00000000000006,0.0,0.0,0.0,0.0,436.8369210697974,0.0,0.0,0.0,3572,5294
2020-04-18 18:00:00,5580.0,291.5318653636986,0.0,0.0,0.0,0.0,0.0,1128.6312135665048,0.0,0.0,2105,7000
2020-04-18 19:00:00,5580.0,351.0,0.0,0.0,0.0,1390.1630789302026,0.0,0.0,0.0,0.0,1925,7321
2020-04-18 20:00:00,5580.0,229.16307893020334,0.0,0.0,0.0,0.0,0.0,0.0,0.0,0.0,3112,5809
2020-04-18 21:00:00,5513.163078930202,135.00000000000054,0.0,0.0,0.0,0.0,0.0,0.0,0.0,0.0,3113,5648
2020-04-18 22:00:00,5580.0,351.0,0.0,0.0,0.0,102.16307893020348,0.0,1200.0,0.0,0.0,1718,7233
2020-04-18 23:00:00,5580.0,351.0,0.0,0.0,0.0,189.16307893020257,0.0,0.0,0.0,0.0,3004,6120
2020-04-19 00:00:00,5506.163078930203,135.0,0.0,0.0,0.0,0.0,0.0,0.0,0.0,0.0,2955,5641
2020-04-19 01:00:00,5580.0,5.456968210637569e-13,0.0,0.0,0.0,1163.1630789302023,0.0,0.0,0.0,0.0,1499,6743
2020-04-19 02:00:00,5180.163078930203,0.0,0.0,0.0,0.0,0.0,0.0,0.0,0.0,0.0,2777,5180
2020-04-19 03:00:00,5580.0,373.16307893020263,0.0,0.0,0.0,0.0,0.0,0.0,0.0,0.0,1649,5953
2020-04-19 04:00:00,5579.163078930203,301.9999999999998,0.0,0.0,0.0,0.0,0.0,0.0,0.0,0.0,1676,5881
2020-04-19 05:00:00,5580.0,723.1630789302026,0.0,0.0,0.0,0.0,0.0,0.0,0.0,0.0,1731,6303
2020-04-19 06:00:00,5580.0,1631.1630789302026,0.0,0.0,0.0,0.0,0.0,0.0,0.0,0.0,1781,7211
2020-04-19 07:00:00,5580.0,1648.163078930202,0.0,0.0,0.0,0.0,0.0,0.0,0.0,0.0,2442,7228
2020-04-19 08:00:00,5580.0,1207.1630789302028,0.0,0.0,0.0,0.0,0.0,0.0,0.0,0.0,3337,6787
2020-04-19 09:00:00,5580.0,1094.1630789302026,0.0,0.0,0.0,0.0,0.0,0.0,0.0,0.0,3680,6674
2020-04-19 10:00:00,5580.0,456.1630789302026,0.0,0.0,0.0,0.0,0.0,0.0,0.0,0.0,4371,6036
2020-04-19 11:00:00,5580.0,-5.456968210637569e-13,0.0,0.0,0.0,21.16307893020286,0.0,0.0,0.0,0.0,4885,5601
2020-04-19 12:00:00,5580.0,0.0,0.0,0.0,0.0,103.16307893020256,0.0,1200.0,0.0,0.0,3646,6883
2020-04-19 13:00:00,5580.0,0.0,0.0,0.0,0.0,913.1630789302026,0.0,0.0,0.0,0.0,3867,6493
2020-04-19 14:00:00,5580.0,1.818989403545856e-13,0.0,0.0,0.0,0.0,0.0,699.1630789302026,0.0,0.0,3846,6279
2020-04-19 15:00:00,5260.163078930203,0.0,0.0,0.0,0.0,0.0,0.0,0.0,0.0,0.0,4490,5260
2020-04-19 16:00:00,5212.163078930203,0.0,0.0,0.0,0.0,0.0,0.0,0.0,0.0,0.0,4286,5212
2020-04-19 17:00:00,5580.0,0.0,0.0,0.0,0.0,1038.1630789302028,0.0,0.0,0.0,0.0,2736,6618
2020-04-19 18:00:00,5580.0,0.0,0.0,0.0,0.0,0.0,0.0,41.16307893020257,0.0,0.0,3984,5621
2020-04-19 19:00:00,5580.0,351.0,0.0,0.0,0.0,65.16307893020257,0.0,0.0,0.0,0.0,3943,5996
2020-04-19 20:00:00,5580.0,351.0,0.0,0.0,0.0,0.0,0.0,1094.1630789302026,0.0,0.0,2554,7025
2020-04-19 21:00:00,5580.0,351.00000000000057,0.0,0.0,0.0,0.0,0.0,873.1630789302017,0.0,0.0,2533,6804
2020-04-19 22:00:00,5423.163078930203,135.0,0.0,0.0,0.0,0.0,0.0,0.0,0.0,0.0,3994,5558
2020-04-19 23:00:00,5580.0,1.818989403545856e-13,0.0,0.0,0.0,0.0,0.0,157.16307893020257,0.0,0.0,4021,5737
2020-04-20 00:00:00,5580.0,0.0,0.0,0.0,0.0,13.163078930202118,0.0,0.0,0.0,0.0,3632,5593
2020-04-20 01:00:00,5580.0,-1.818989403545856e-13,0.0,0.0,0.0,0.0,0.0,777.1630789302026,0.0,0.0,2545,6357
2020-04-20 02:00:00,5580.0,0.0,0.0,0.0,0.0,111.16307893020212,0.0,0.0,0.0,0.0,2951,5691
2020-04-20 03:00:00,5580.0,-1.818989403545856e-13,0.0,0.0,0.0,0.0,0.0,114.16307893020256,0.0,0.0,2610,5694
2020-04-20 04:00:00,5502.163078930203,134.99999999999946,0.0,0.0,0.0,0.0,0.0,0.0,0.0,0.0,2650,5637
2020-04-20 05:00:00,5541.1630789302035,408.99999999999966,0.0,0.0,0.0,0.0,0.0,0.0,0.0,0.0,2857,5950
2020-04-20 06:00:00,5580.0,1719.163078930203,0.0,0.0,0.0,0.0,0.0,0.0,0.0,0.0,2491,7299
2020-04-20 07:00:00,5580.0,1300.1630789302021,0.0,0.0,0.0,0.0,0.0,0.0,0.0,0.0,3588,6880
2020-04-20 08:00:00,5580.0,1561.1630789302026,0.0,0.0,0.0,0.0,0.0,0.0,0.0,0.0,3688,7141
2020-04-20 09:00:00,5580.0,1417.1630789302021,0.0,0.0,0.0,0.0,0.0,0.0,0.0,0.0,3921,6997
2020-04-20 10:00:00,5580.0,1965.1630789302028,0.0,0.0,0.0,0.0,0.0,0.0,0.0,0.0,3258,7545
2020-04-20 11:00:00,5580.0,1249.1630789302023,0.0,0.0,0.0,0.0,0.0,0.0,0.0,0.0,3903,6829
2020-04-20 12:00:00,5580.0,136.9999999999998,0.0,0.0,0.0,0.0,198.83692106979697,0.0,0.0,0.0,5138,5518
2020-04-20 13:00:00,5580.0,298.163078930202,0.0,0.0,0.0,0.0,0.0,0.0,0.0,0.0,4506,5878
2020-04-20 14:00:00,5580.0,137.00000000000065,0.0,0.0,0.0,0.0,14.83692106979796,0.0,0.0,0.0,4385,5702
2020-04-20 15:00:00,5580.0,0.0,0.0,0.0,0.0,0.0,0.0,170.16307893020303,0.0,0.0,3965,5750
2020-04-20 16:00:00,5580.0,0.0,0.0,0.0,0.0,327.16307893020206,0.0,0.0,0.0,0.0,3556,5907
2020-04-20 17:00:00,5205.1630789302035,-1.818989403545856e-13,0.0,0.0,0.0,0.0,0.0,0.0,0.0,0.0,4141,5205
2020-04-20 18:00:00,5580.0,705.5999999999999,0.0,0.0,0.0,534.5630789302018,0.0,0.0,0.0,0.0,2839,6820
2020-04-20 19:00:00,5580.0,444.1630789302027,0.0,0.0,0.0,0.0,0.0,0.0,0.0,0.0,3962,6024
2020-04-20 20:00:00,5580.0,331.1630789302022,0.0,0.0,0.0,0.0,0.0,0.0,0.0,0.0,3712,5911
2020-04-20 21:00:00,5580.0,310.1630789302027,0.0,0.0,0.0,0.0,0.0,0.0,0.0,0.0,3534,5890
2020-04-20 22:00:00,5578.1630789302035,574.0,0.0,0.0,0.0,0.0,0.0,0.0,0.0,0.0,3493,6152
2020-04-20 23:00:00,5580.0,1866.6000000000006,0.0,0.0,0.0,0.0,0.0,32.56307893020197,0.0,0.0,2372,7479
2020-04-21 00:00:00,5580.0,1515.600000000001,0.0,0.0,0.0,0.0,0.0,8.56307893020221,0.0,0.0,2223,7104
2020-04-21 01:00:00,5580.0,1306.163078930203,0.0,0.0,0.0,0.0,0.0,0.0,0.0,0.0,2125,6886
2020-04-21 02:00:00,5580.0,594.1630789302031,0.0,0.0,0.0,0.0,0.0,0.0,0.0,0.0,2572,6174
2020-04-21 03:00:00,5580.0,951.163078930203,0.0,0.0,0.0,0.0,0.0,0.0,0.0,0.0,1862,6531
2020-04-21 04:00:00,5580.0,1009.1630789302029,0.0,0.0,0.0,0.0,0.0,0.0,0.0,0.0,1767,6589
2020-04-21 05:00:00,5580.0,619.163078930203,0.0,0.0,0.0,0.0,0.0,0.0,0.0,0.0,2659,6199
2020-04-21 06:00:00,5580.0,2575.1630789302035,0.0,0.0,0.0,0.0,0.0,0.0,0.0,0.0,1663,8155
2020-04-21 07:00:00,5580.0,1990.1630789302035,0.0,0.0,0.0,0.0,0.0,0.0,0.0,0.0,2899,7570
2020-04-21 08:00:00,5580.0,2608.2000000000003,0.0,0.0,0.0,373.9630789302024,0.0,0.0,0.0,0.0,2225,8562
2020-04-21 09:00:00,5580.0,2608.2000000000003,0.0,0.0,0.0,275.9630789302023,0.0,0.0,0.0,0.0,2363,8464
2020-04-21 10:00:00,5580.0,943.163078930203,0.0,0.0,0.0,0.0,0.0,0.0,0.0,0.0,4152,6523
2020-04-21 11:00:00,5580.0,1447.2000000000003,0.0,0.0,0.0,43.963078930203096,0.0,0.0,0.0,0.0,3525,7071
2020-04-21 12:00:00,5580.0,0.0,0.0,0.0,0.0,0.0,33.836921069797135,0.0,0.0,0.0,4965,5546
2020-04-21 13:00:00,5580.0,0.0,0.0,0.0,0.0,786.1630789302031,0.0,0.0,0.0,0.0,3871,6366
2020-04-21 14:00:00,5580.0,2.728484105318785e-13,0.0,0.0,0.0,0.0,164.8369210697976,0.0,0.0,0.0,4506,5415
2020-04-21 15:00:00,5580.0,-4.5474735088646414e-14,0.0,0.0,0.0,696.1630789302033,0.0,0.0,0.0,0.0,3243,6276
2020-04-21 16:00:00,5381.1630789302035,2.728484105318785e-13,0.0,0.0,0.0,0.0,0.0,0.0,0.0,0.0,3854,5381
2020-04-21 17:00:00,5580.0,1283.163078930203,0.0,0.0,0.0,0.0,0.0,0.0,0.0,0.0,2205,6863
2020-04-21 18:00:00,5580.0,1447.2000000000003,0.0,0.0,0.0,0.0,0.0,493.963078930203,0.0,0.0,1788,7521
2020-04-21 19:00:00,5580.0,1447.2000000000007,0.0,0.0,0.0,411.9630789302021,0.0,0.0,0.0,0.0,1997,7439
2020-04-21 20:00:00,5580.0,1447.2,0.0,0.0,0.0,230.96307893020295,0.0,0.0,0.0,0.0,1851,7258
2020-04-21 21:00:00,5580.0,1447.2,0.0,0.0,0.0,22.963078930202744,0.0,0.0,0.0,0.0,1938,7050
2020-04-21 22:00:00,5141.1630789302035,560.0,0.0,0.0,0.0,0.0,0.0,0.0,0.0,0.0,3493,5701
2020-04-21 23:00:00,3621.1630789302026,3555.0,0.0,0.0,0.0,0.0,0.0,0.0,0.0,0.0,2217,7176
2020-04-22 00:00:00,3960.0,1013.0,0.0,0.0,0.0,1752.1630789302023,0.0,0.0,0.0,0.0,2161,6725
2020-04-22 01:00:00,3960.0,1013.0,0.0,0.0,0.0,1578.1630789302023,0.0,0.0,0.0,0.0,1990,6551
2020-04-22 02:00:00,3960.0,1013.0,0.0,0.0,0.0,1104.1630789302026,0.0,0.0,0.0,0.0,2183,6077
2020-04-22 03:00:00,3960.0,537.5611498763803,0.0,0.0,0.0,1067.6019290538225,0.0,0.0,0.0,0.0,2324,5565
2020-04-22 04:00:00,3960.0,4.801222009808365e-15,0.0,0.0,0.0,1448.163078930203,0.0,0.0,0.0,0.0,2425,5408
2020-04-22 05:00:00,3960.0,6.821210263296964e-14,0.0,0.0,0.0,1578.1630789302026,0.0,0.0,0.0,0.0,2758,5538
2020-04-22 06:00:00,3960.0,0.0,0.0,0.0,0.0,2372.163078930203,0.0,0.0,0.0,0.0,2873,6332
2020-04-22 07:00:00,3960.0,0.0,2160.0,0.0,0.0,792.1630789302031,0.0,0.0,0.0,0.0,3005,6912
2020-04-22 08:00:00,3960.0,6.821210263296964e-14,2160.0,0.0,0.0,1156.163078930203,0.0,0.0,0.0,0.0,3110,7276
2020-04-22 09:00:00,3960.0,2.728484105318785e-13,2160.0,0.0,0.0,901.1630789302028,0.0,0.0,0.0,0.0,3530,7021
2020-04-22 10:00:00,3960.0,0.0,2160.0,0.0,0.0,286.163078930203,0.0,0.0,0.0,0.0,4090,6406
2020-04-22 11:00:00,3960.0,5.456968210637569e-13,2047.1630789302026,0.0,0.0,0.0,0.0,0.0,0.0,0.0,4446,6007
2020-04-22 12:00:00,3960.0,6.821210263296964e-14,1968.1630789302026,0.0,0.0,0.0,0.0,0.0,0.0,0.0,4504,5928
2020-04-22 13:00:00,3960.0,0.0,840.0,0.0,0.0,635.1630789302033,0.0,0.0,0.0,0.0,4714,5435
2020-04-22 14:00:00,3960.0,351.0000000000003,968.1630789302025,0.0,0.0,0.0,0.0,0.0,0.0,0.0,4541,5279
2020-04-22 15:00:00,3960.0,612.1630789302031,840.0,0.0,0.0,0.0,0.0,0.0,0.0,0.0,4000,5412
2020-04-22 16:00:00,3960.0,630.1630789302028,840.0,0.0,0.0,0.0,0.0,0.0,0.0,0.0,3661,5430
2020-04-22 17:00:00,3960.0,738.0,1034.1630789302033,0.0,0.0,0.0,0.0,0.0,0.0,0.0,3252,5732
2020-04-22 18:00:00,3960.0,387.0,1712.163078930203,0.0,0.0,0.0,0.0,0.0,0.0,0.0,3161,6059
2020-04-22 19:00:00,3960.0,0.0,2160.0,0.0,0.0,35.16307893020303,0.0,0.0,0.0,0.0,3160,6155
2020-04-22 20:00:00,3960.0,0.0,1903.1630789302028,0.0,0.0,0.0,0.0,0.0,0.0,0.0,3179,5863
2020-04-22 21:00:00,3960.0,0.0,1620.0,0.0,0.0,441.1630789302026,0.0,0.0,0.0,0.0,2974,6021
2020-04-22 22:00:00,3960.0,0.0,1080.0,0.0,0.0,1493.1630789302028,0.0,0.0,0.0,0.0,2709,6533
2020-04-22 23:00:00,5580.0,0.0,540.0,0.0,0.0,879.1630789302027,0.0,0.0,0.0,0.0,2447,6999
2020-04-23 00:00:00,5580.0,2.728484105318785e-13,341.1630789302022,0.0,0.0,0.0,0.0,0.0,0.0,0.0,2962,5921
2020-04-23 01:00:00,5580.0,163.1630789302025,210.0,0.0,0.0,0.0,0.0,0.0,0.0,0.0,2532,5953
2020-04-23 02:00:00,5580.0,230.16307893020263,210.0,0.0,0.0,0.0,0.0,0.0,0.0,0.0,2155,6020
2020-04-23 03:00:00,5580.0,314.16307893020263,210.0,0.0,0.0,0.0,0.0,0.0,0.0,0.0,1673,6104
2020-04-23 04:00:00,5580.0,344.16307893020263,210.0,0.0,0.0,0.0,0.0,0.0,0.0,0.0,1534,6134
2020-04-23 05:00:00,5580.0,177.16307893020263,540.0,0.0,0.0,0.0,0.0,0.0,0.0,0.0,1576,6297
2020-04-23 06:00:00,5580.0,350.9999999999997,630.0,0.0,0.0,29.163078930202573,0.0,0.0,0.0,0.0,1625,6590
2020-04-23 07:00:00,5580.0,351.0000000000003,967.1630789302023,0.0,0.0,0.0,0.0,0.0,0.0,0.0,1662,6898
2020-04-23 08:00:00,5580.0,2.728484105318785e-13,840.0,0.0,0.0,1035.1630789302026,0.0,0.0,0.0,0.0,1711,7455
2020-04-23 09:00:00,5580.0,-6.821210263296964e-14,2029.1630789302026,0.0,0.0,0.0,0.0,0.0,0.0,0.0,1966,7609
2020-04-23 10:00:00,5580.0,-2.728484105318784e-13,840.0,0.0,0.0,243.16307893020257,0.0,0.0,0.0,0.0,2930,6663
2020-04-23 11:00:00,5580.0,6.366462912410498e-13,905.1630789302021,0.0,0.0,0.0,0.0,0.0,0.0,0.0,3078,6485
2020-04-23 12:00:00,5580.0,0.0,1132.1630789302026,0.0,0.0,0.0,0.0,0.0,0.0,0.0,3022,6712
2020-04-23 13:00:00,5580.0,-2.728484105318784e-13,630.0,0.0,0.0,0.0,14.836921069797429,0.0,0.0,0.0,3086,6195
2020-04-23 14:00:00,5580.0,-9.094947017729285e-14,420.0,0.0,0.0,0.0,160.8369210697973,0.0,0.0,0.0,3029,5839
2020-04-23 15:00:00,5580.0,2.728484105318785e-13,0.0,0.0,0.0,34.16307893020257,0.0,0.0,0.0,0.0,2891,5614
2020-04-23 16:00:00,5580.0,9.09494701772928e-14,0.0,0.0,0.0,0.0,0.0,30.163078930202573,0.0,0.0,2707,5610
2020-04-23 17:00:00,5580.0,2.728484105318785e-13,0.0,0.0,0.0,384.1630789302026,0.0,0.0,0.0,0.0,2401,5964
2020-04-23 18:00:00,5580.0,6.366462912410498e-13,0.0,0.0,0.0,743.1338551859118,0.0,90.02922374429082,0.0,0.0,2343,6413
2020-04-23 19:00:00,5580.0,2.728484105318785e-13,0.0,0.0,0.0,949.1630789302026,0.0,0.0,0.0,0.0,2476,6529
2020-04-23 20:00:00,5580.0,741.6000000000003,0.0,0.0,0.0,0.0,0.0,11.563078930202664,0.0,0.0,2501,6333
2020-04-23 21:00:00,5580.0,493.16307893020246,0.0,0.0,0.0,0.0,0.0,0.0,0.0,0.0,2739,6073
2020-04-23 22:00:00,5580.0,287.9999999999999,0.0,0.0,0.0,1016.1630789302026,0.0,0.0,0.0,0.0,2291,6884
2020-04-23 23:00:00,5580.0,800.163078930203,210.0,0.0,0.0,0.0,0.0,0.0,0.0,0.0,2896,6590
2020-04-24 00:00:00,5580.0,387.0000000000003,210.0,0.0,0.0,167.16307893020257,0.0,0.0,0.0,0.0,2674,6344
2020-04-24 01:00:00,5580.0,195.1630789302024,540.0,0.0,0.0,0.0,0.0,0.0,0.0,0.0,2326,6315
2020-04-24 02:00:00,5580.0,344.1630789302032,210.0,0.0,0.0,0.0,0.0,0.0,0.0,0.0,2142,6134
2020-04-24 03:00:00,5580.0,2.728484105318785e-13,210.0,0.0,0.0,0.0,175.83692106979765,0.0,0.0,0.0,2169,5614
2020-04-24 04:00:00,5580.0,2.728484105318785e-13,210.0,0.0,0.0,0.0,462.8369210697974,0.0,0.0,0.0,2189,5327
2020-04-24 05:00:00,5580.0,2.728484105318785e-13,210.0,0.0,0.0,0.0,548.8369210697974,0.0,0.0,0.0,2298,5241
2020-04-24 06:00:00,5580.0,2.728484105318785e-13,210.0,0.0,0.0,0.0,666.8369210697977,0.0,0.0,0.0,2475,5123
2020-04-24 07:00:00,5580.0,-2.728484105318785e-13,210.0,0.0,0.0,0.0,600.836921069797,0.0,0.0,0.0,2502,5189
2020-04-24 08:00:00,5580.0,2.728484105318785e-13,0.0,0.0,0.0,0.0,742.8369210697974,0.0,0.0,0.0,3429,4837
2020-04-24 09:00:00,5580.0,2.728484105318785e-13,0.0,0.0,0.0,0.0,483.8369210697974,0.0,0.0,0.0,3781,5096
2020-04-24 10:00:00,5580.0,2.728484105318785e-13,0.0,0.0,0.0,0.0,481.8369210697974,0.0,0.0,0.0,4191,5098
2020-04-24 11:00:00,5580.0,2.728484105318785e-13,0.0,0.0,0.0,445.1630789302026,0.0,0.0,0.0,0.0,3539,6025
2020-04-24 12:00:00,5580.0,2.728484105318785e-13,0.0,0.0,0.0,0.0,447.8369210697974,0.0,0.0,0.0,4780,5132
2020-04-24 13:00:00,5580.0,2.728484105318785e-13,0.0,0.0,0.0,257.1630789302026,0.0,0.0,0.0,0.0,3674,5837
2020-04-24 14:00:00,5580.0,2.728484105318785e-13,0.0,0.0,0.0,0.0,131.83692106979765,0.0,0.0,0.0,3603,5448
2020-04-24 15:00:00,5580.0,2.728484105318785e-13,0.0,0.0,0.0,0.0,392.83692106979765,0.0,0.0,0.0,3553,5187
2020-04-24 16:00:00,5580.0,-6.821210263296964e-14,0.0,0.0,0.0,0.0,1039.836921069797,0.0,0.0,0.0,4117,4540
2020-04-24 17:00:00,5580.0,576.1630789302028,0.0,0.0,0.0,0.0,0.0,0.0,0.0,0.0,2650,6156
2020-04-24 18:00:00,5580.0,709.1999999999996,0.0,0.0,0.0,603.9630789302028,0.0,0.0,0.0,0.0,2374,6893
2020-04-24 19:00:00,5580.0,273.9999999999999,0.0,0.0,0.0,41.16307893020253,0.0,1200.0,0.0,0.0,2534,7095
2020-04-24 20:00:00,5580.0,377.16307893020263,0.0,0.0,0.0,0.0,0.0,0.0,0.0,0.0,3628,5957
2020-04-24 21:00:00,5580.0,1447.2000000000007,0.0,0.0,0.0,0.0,0.0,44.963078930201846,0.0,0.0,2580,7072
2020-04-24 22:00:00,5580.0,808.1630789302026,0.0,0.0,0.0,0.0,0.0,0.0,0.0,0.0,3563,6388
2020-04-24 23:00:00,5580.0,725.1630789302033,540.0,0.0,0.0,0.0,0.0,0.0,0.0,0.0,3316,6845
2020-04-25 00:00:00,5580.0,400.163078930203,210.0,0.0,0.0,0.0,0.0,0.0,0.0,0.0,3527,6190
2020-04-25 01:00:00,5580.0,351.00000000000006,1080.0,0.0,0.0,136.1630789302027,0.0,0.0,0.0,0.0,2296,7147
2020-04-25 02:00:00,5580.0,387.0,1093.163078930203,0.0,0.0,0.0,0.0,0.0,0.0,0.0,2159,7060
2020-04-25 03:00:00,5580.0,387.0,840.0,0.0,0.0,135.16307893020303,0.0,0.0,0.0,0.0,1943,6942
2020-04-25 04:00:00,5580.0,387.0000000000009,1017.1630789302023,0.0,0.0,0.0,0.0,0.0,0.0,0.0,1923,6984
2020-04-25 05:00:00,5580.0,387.00000000000006,1691.1630789302026,0.0,0.0,0.0,0.0,0.0,0.0,0.0,1891,7658
2020-04-25 06:00:00,5580.0,387.0,2160.0,0.0,0.0,0.0,0.0,557.1630789302012,0.0,0.0,1928,8684
2020-04-25 07:00:00,5580.0,-5.456968210637569e-13,2160.0,0.0,0.0,720.4200260926286,0.0,1002.7430528375736,0.0,0.0,1931,9463
2020-04-25 08:00:00,5580.0,0.0,2160.0,0.0,0.0,600.1630789302003,0.0,1200.0,0.0,0.0,2357,9540
2020-04-25 09:00:00,5580.0,0.0,2160.0,0.0,0.0,0.0,0.0,627.1630789302012,0.0,0.0,3738,8367
2020-04-25 10:00:00,5580.0,351.0000000000003,2160.0,0.0,0.0,1331.1630789302014,0.0,0.0,0.0,0.0,2662,9422
2020-04-25 11:00:00,5580.0,487.99999999999983,1620.0,0.0,0.0,1455.1630789302014,0.0,0.0,0.0,0.0,2959,9143
2020-04-25 12:00:00,5580.0,705.5999999999999,630.0,0.0,0.0,456.5630789302031,0.0,0.0,0.0,0.0,4782,7372
2020-04-25 13:00:00,5580.0,625.0000000000002,1620.0,0.0,0.0,906.1630789302023,0.0,0.0,0.0,0.0,3276,8731
2020-04-25 14:00:00,5580.0,775.9999999999998,1620.0,0.0,0.0,620.1630789302021,0.0,0.0,0.0,0.0,3089,8596
2020-04-25 15:00:00,5580.0,424.9999999999998,1620.0,0.0,0.0,702.1630789302021,0.0,0.0,0.0,0.0,2918,8327
2020-04-25 16:00:00,5580.0,811.9999999999998,420.0,0.0,0.0,138.16307893020303,0.0,0.0,0.0,0.0,4095,6950
2020-04-25 17:00:00,5580.0,675.0,1080.0,0.0,0.0,6.163078930203028,0.0,0.0,0.0,0.0,3674,7341
2020-04-25 18:00:00,5580.0,439.0000000000008,1080.0,0.0,0.0,2049.1630789302017,0.0,0.0,0.0,0.0,2280,9148
2020-04-25 19:00:00,5580.0,911.0,1080.0,0.0,0.0,1310.1630789302017,0.0,0.0,0.0,0.0,2889,8881
2020-04-25 20:00:00,5580.0,911.0000000000001,1080.0,0.0,0.0,1741.1630789302012,0.0,0.0,0.0,0.0,2037,9312
2020-04-25 21:00:00,5580.0,1262.0,540.0,0.0,0.0,1867.1630789302017,0.0,0.0,0.0,0.0,1879,9249
2020-04-25 22:00:00,5580.0,725.0,540.0,0.0,0.0,964.1630789302036,0.0,0.0,0.0,0.0,3538,7809
2020-04-25 23:00:00,5580.0,1040.0,540.0,0.0,0.0,2365.1630789302017,0.0,0.0,0.0,0.0,1981,9525
2020-04-26 00:00:00,5580.0,588.0000000000001,1080.0,0.0,0.0,451.163078930203,0.0,0.0,0.0,0.0,3309,7699
2020-04-26 01:00:00,5580.0,675.0000000000006,1620.0,0.0,0.0,968.1630789302008,0.0,0.0,0.0,0.0,1872,8843
2020-04-26 02:00:00,5580.0,438.99999999999983,1620.0,0.0,0.0,39.16307893020212,0.0,0.0,0.0,0.0,2819,7678
2020-04-26 03:00:00,5580.0,439.0000000000001,1620.0,0.0,0.0,642.1630789302008,0.0,0.0,0.0,0.0,1875,8281
2020-04-26 04:00:00,5580.0,524.0,1620.0,0.0,0.0,527.163078930202,0.0,0.0,0.0,0.0,1869,8251
2020-04-26 05:00:00,5580.0,288.00000000000045,1620.0,0.0,0.0,1198.1630789302003,0.0,0.0,0.0,0.0,1981,8686
2020-04-26 06:00:00,5580.0,288.00000000000057,2160.0,0.0,0.0,1417.1630789302008,0.0,0.0,0.0,0.0,2197,9445
2020-04-26 07:00:00,5580.0,288.0000000000001,2160.0,0.0,0.0,630.163078930201,0.0,0.0,0.0,0.0,3703,8658
2020-04-26 08:00:00,5580.0,428.61052484101117,2160.0,0.0,0.0,1933.55255408919,0.0,0.0,0.0,0.0,2565,10102
2020-04-26 09:00:00,5580.0,576.0000000000005,2160.0,0.0,0.0,1564.163078930202,0.0,0.0,0.0,0.0,2782,9880
2020-04-26 10:00:00,5580.0,425.00000000000034,2160.0,0.0,0.0,1511.1630789302008,0.0,0.0,0.0,0.0,2801,9676
2020-04-26 11:00:00,5580.0,425.00000000000034,2160.0,0.0,0.0,1154.163078930202,0.0,0.0,0.0,0.0,3071,9319
2020-04-26 12:00:00,5580.0,1096.1999999999998,731.9630789302026,0.0,0.0,0.0,0.0,0.0,0.0,0.0,4921,7408
2020-04-26 13:00:00,5580.0,0.0,1620.0,0.0,0.0,1292.1630789302017,0.0,0.0,0.0,0.0,3600,8492
2020-04-26 14:00:00,5580.0,387.0,540.0,0.0,0.0,1796.1630789302017,0.0,0.0,0.0,0.0,3454,8303
2020-04-26 15:00:00,5580.0,738.0000000000006,540.0,0.0,0.0,1237.1630789302026,0.0,0.0,0.0,0.0,3246,8095
2020-04-26 16:00:00,5580.0,738.0000000000006,540.0,0.0,0.0,1168.1630789302026,0.0,0.0,0.0,0.0,3065,8026
2020-04-26 17:00:00,5580.0,882.1630789302026,210.0,0.0,0.0,0.0,0.0,0.0,0.0,0.0,4349,6672
2020-04-26 18:00:00,5580.0,776.0000000000003,0.0,0.0,0.0,2093.1630789302017,0.0,0.0,0.0,0.0,2978,8449
2020-04-26 19:00:00,5580.0,1314.0,0.0,0.0,0.0,249.16307893020257,0.0,0.0,0.0,0.0,4490,7143
2020-04-26 20:00:00,5580.0,1314.0,540.0,0.0,0.0,939.1630789302016,0.0,0.0,0.0,0.0,2824,8373
2020-04-26 21:00:00,5580.0,590.0,540.0,0.0,0.0,1621.1630789302008,0.0,0.0,0.0,0.0,2774,8331
2020-04-26 22:00:00,5580.0,1076.0000000000005,1080.0,0.0,0.0,898.1630789302017,0.0,0.0,0.0,0.0,2729,8634
2020-04-26 23:00:00,5580.0,604.0000000000003,1620.0,0.0,0.0,1243.1630789302037,0.0,0.0,0.0,0.0,2491,9047
2020-04-27 00:00:00,5580.0,1076.0,717.1630789302028,0.0,0.0,0.0,0.0,0.0,0.0,0.0,3730,7373
2020-04-27 01:00:00,5580.0,739.0000000000003,1620.0,0.0,0.0,607.1630789302017,0.0,0.0,0.0,0.0,2272,8546
2020-04-27 02:00:00,5580.0,1339.163078930203,630.0,0.0,0.0,0.0,0.0,0.0,0.0,0.0,3055,7549
2020-04-27 03:00:00,5580.0,1044.4988654629567,1405.6642134672459,0.0,0.0,0.0,0.0,0.0,0.0,0.0,2229,8030
2020-04-27 04:00:00,5580.0,926.9999999999997,1068.163078930203,0.0,0.0,0.0,0.0,0.0,0.0,0.0,2642,7575
2020-04-27 05:00:00,5580.0,819.1630789302014,2160.0,0.0,0.0,0.0,0.0,0.0,0.0,0.0,2203,8559
2020-04-27 06:00:00,5580.0,1834.1999999999998,2031.9630789302025,0.0,0.0,0.0,0.0,0.0,0.0,0.0,2289,9446
2020-04-27 07:00:00,5580.0,1483.1999999999998,1259.963078930202,0.0,0.0,0.0,0.0,0.0,0.0,0.0,4130,8323
2020-04-27 08:00:00,5580.0,575.9999999999997,2160.0,0.0,0.0,451.1630789302003,0.0,0.0,0.0,0.0,3984,8767
2020-04-27 09:00:00,5580.0,575.9999999999997,2160.0,0.0,0.0,1471.163078930203,0.0,0.0,0.0,0.0,2917,9787
2020-04-27 10:00:00,5580.0,575.9999999999997,2160.0,0.0,0.0,1245.1630789302012,0.0,0.0,0.0,0.0,2891,9561
2020-04-27 11:00:00,5580.0,575.9999999999997,2160.0,0.0,0.0,924.1630789302026,0.0,0.0,0.0,0.0,3019,9240
2020-04-27 12:00:00,5580.0,438.9999999999999,2160.0,0.0,0.0,742.1630789302012,0.0,0.0,0.0,0.0,3141,8921
2020-04-27 13:00:00,5580.0,438.9999999999999,1620.0,0.0,0.0,893.1630789302021,0.0,0.0,0.0,0.0,3187,8532
2020-04-27 14:00:00,5580.0,600.1630789302028,420.0,0.0,0.0,0.0,0.0,0.0,0.0,0.0,4705,6600
2020-04-27 15:00:00,5580.0,287.9999999999997,1080.0,0.0,0.0,338.1630789302021,0.0,0.0,0.0,0.0,3513,7286
2020-04-27 16:00:00,5580.0,150.9999999999999,1080.0,0.0,0.0,1350.1630789302026,0.0,0.0,0.0,0.0,2293,8161
2020-04-27 17:00:00,5580.0,804.163078930202,420.0,0.0,0.0,0.0,0.0,0.0,0.0,0.0,3517,6804
2020-04-27 18:00:00,5580.0,1564.0,1080.0,0.0,0.0,103.16307893020212,0.0,0.0,0.0,0.0,2336,8327
2020-04-27 19:00:00,5580.0,1564.0,540.0,0.0,0.0,111.16307893020212,0.0,0.0,0.0,0.0,2905,7795
2020-04-27 20:00:00,5580.0,1643.163078930203,0.0,0.0,0.0,0.0,0.0,0.0,0.0,0.0,3085,7223
2020-04-27 21:00:00,5580.0,1314.0,0.0,0.0,0.0,1965.163078930202,0.0,0.0,0.0,0.0,1443,8859
2020-04-27 22:00:00,5580.0,1313.9999999999998,0.0,0.0,0.0,527.1630789302021,0.0,0.0,0.0,0.0,3076,7421
2020-04-27 23:00:00,5580.0,1313.9999999999995,0.0,0.0,0.0,646.1630789302021,0.0,0.0,0.0,0.0,3079,7540
2020-04-28 00:00:00,5580.0,1314.0000000000007,0.0,0.0,0.0,1802.163078930202,0.0,0.0,0.0,0.0,1413,8696
2020-04-28 01:00:00,5580.0,900.1630789302026,0.0,0.0,0.0,0.0,0.0,0.0,0.0,0.0,3258,6480
2020-04-28 02:00:00,5580.0,741.0000000000003,0.0,0.0,0.0,0.0,52.83692106979561,0.0,0.0,0.0,3167,6268
2020-04-28 03:00:00,5580.0,740.9999999999997,0.0,0.0,0.0,0.0,87.83692106979697,0.0,0.0,0.0,2783,6233
2020-04-28 04:00:00,5580.0,835.6576973255084,540.0,0.0,0.0,0.0,0.0,105.50538160469443,0.0,0.0,1843,7061
2020-04-28 05:00:00,5580.0,1140.990026761915,210.0,0.0,0.0,639.1730521682875,0.0,0.0,0.0,0.0,1804,7570
2020-04-28 06:00:00,5580.0,2608.2000000000003,293.9630789302022,0.0,0.0,0.0,0.0,0.0,0.0,0.0,1805,8482
2020-04-28 07:00:00,5580.0,1719.1630789302035,210.0,0.0,0.0,0.0,0.0,0.0,0.0,0.0,3467,7509
2020-04-28 08:00:00,5580.0,2162.0169677965323,540.0,0.0,0.0,337.1461111336699,0.0,0.0,0.0,0.0,2704,8619
2020-04-28 09:00:00,5580.0,1831.1630789302033,210.0,0.0,0.0,0.0,0.0,0.0,0.0,0.0,3707,7621
2020-04-28 10:00:00,5580.0,2221.2000000000003,409.96307893020173,0.0,0.0,0.0,0.0,0.0,0.0,0.0,2926,8211
2020-04-28 11:00:00,5580.0,1834.1999999999998,540.0,0.0,0.0,49.963078930203096,0.0,0.0,0.0,0.0,2959,8004
2020-04-28 12:00:00,5580.0,272.0,0.0,0.0,0.0,0.0,11.836921069797144,0.0,0.0,0.0,4911,5840
2020-04-28 13:00:00,5580.0,271.99999999999994,0.0,0.0,0.0,0.0,460.83692106979686,0.0,0.0,0.0,4966,5391
2020-04-28 14:00:00,5580.0,705.6,0.0,0.0,0.0,0.0,0.0,323.56307893020283,0.0,0.0,3337,6609
2020-04-28 15:00:00,5580.0,-2.2737367544323216e-13,0.0,0.0,0.0,0.0,608.8369210697967,0.0,0.0,0.0,4497,4971
2020-04-28 16:00:00,5580.0,53.59308545336296,0.0,0.0,0.0,0.0,0.0,487.56999347684024,0.0,0.0,2995,6121
2020-04-28 17:00:00,5457.366737075367,-4.5474735088646414e-14,0.0,0.0,0.0,0.0,743.2036581451648,0.0,0.0,0.0,4225,4714
2020-04-28 18:00:00,5580.0,606.9234142515323,0.0,0.0,0.0,0.0,0.0,512.2396646786709,0.0,0.0,2553,6699
2020-04-28 19:00:00,5580.0,888.1630789302028,0.0,0.0,0.0,0.0,0.0,0.0,0.0,0.0,2711,6468
2020-04-28 20:00:00,5580.0,1318.1630789302035,0.0,0.0,0.0,0.0,0.0,0.0,0.0,0.0,1994,6898
2020-04-28 21:00:00,5580.0,1512.0,0.0,0.0,0.0,0.0,0.0,45.163078930202744,0.0,0.0,1856,7137
2020-04-28 22:00:00,5005.1630789302035,588.0,0.0,0.0,0.0,0.0,0.0,0.0,0.0,0.0,3625,5593
2020-04-28 23:00:00,3960.0,3200.4,0.0,0.0,0.0,301.76307893020294,0.0,0.0,0.0,0.0,1940,7462
2020-04-29 00:00:00,3960.0,875.9999999999997,0.0,0.0,0.0,2046.163078930203,0.0,0.0,0.0,0.0,1983,6882
2020-04-29 01:00:00,3960.0,875.9999999999999,0.0,0.0,0.0,1980.1630789302028,0.0,0.0,0.0,0.0,1705,6816
2020-04-29 02:00:00,3960.0,876.0000000000001,0.0,0.0,0.0,443.1630789302026,0.0,0.0,0.0,0.0,2968,5279
2020-04-29 03:00:00,3960.0,0.0,0.0,0.0,0.0,2362.1630789302017,0.0,0.0,0.0,0.0,1592,6322
2020-04-29 04:00:00,1260.0,-4.547473508864643e-14,0.0,0.0,0.0,4196.163078930203,0.0,0.0,0.0,0.0,2452,5456
2020-04-29 05:00:00,3960.0,0.0,0.0,0.0,0.0,2935.1630789302017,0.0,0.0,0.0,0.0,1524,6895
2020-04-29 06:00:00,3960.0,0.0,0.0,0.0,0.0,3902.163078930203,0.0,0.0,0.0,0.0,1496,7862
2020-04-29 07:00:00,3960.0,0.0,0.0,0.0,0.0,4662.163078930202,0.0,0.0,0.0,0.0,1493,8622
2020-04-29 08:00:00,3960.0,1.8474111129762605e-13,0.0,0.0,0.0,3666.163078930203,0.0,0.0,0.0,0.0,2863,7626
2020-04-29 09:00:00,3960.0,1.818989403545857e-13,0.0,0.0,0.0,4708.163078930203,0.0,0.0,0.0,0.0,1834,8668
2020-04-29 10:00:00,3960.0,0.0,0.0,0.0,0.0,3675.163078930202,0.0,0.0,0.0,0.0,2599,7635
2020-04-29 11:00:00,3960.0,0.0,0.0,0.0,0.0,2709.1630789302026,0.0,0.0,0.0,0.0,3326,6669
2020-04-29 12:00:00,3960.0,0.0,0.0,0.0,0.0,1315.163078930202,0.0,0.0,0.0,0.0,4588,5275
2020-04-29 13:00:00,1260.0,0.0,0.0,0.0,0.0,4134.1630789302035,0.0,0.0,0.0,0.0,4112,5394
2020-04-29 14:00:00,3960.0,0.0,0.0,0.0,0.0,1417.163078930202,0.0,0.0,0.0,0.0,3847,5377
2020-04-29 15:00:00,3960.0,0.0,0.0,0.0,0.0,1280.163078930203,0.0,0.0,0.0,0.0,3626,5240
2020-04-29 16:00:00,3960.0,0.0,0.0,0.0,0.0,1589.163078930202,0.0,0.0,0.0,0.0,3024,5549
2020-04-29 17:00:00,3960.0,0.0,0.0,0.0,0.0,1269.163078930203,0.0,0.0,0.0,0.0,3219,5229
2020-04-29 18:00:00,3960.0,1.0913936421275138e-12,0.0,0.0,0.0,2678.1630789302017,0.0,0.0,0.0,0.0,1961,6638
2020-04-29 19:00:00,3960.0,0.0,0.0,0.0,0.0,1509.163078930202,0.0,0.0,0.0,0.0,3188,5469
2020-04-29 20:00:00,3960.0,0.0,0.0,0.0,0.0,2625.163078930203,0.0,0.0,0.0,0.0,1745,6585
2020-04-29 21:00:00,3960.0,0.0,0.0,0.0,0.0,2751.163078930202,0.0,0.0,0.0,0.0,1668,6711
2020-04-29 22:00:00,3960.0,0.0,0.0,0.0,0.0,1834.163078930203,0.0,0.0,0.0,0.0,2871,5794
2020-04-29 23:00:00,5580.0,0.0,0.0,0.0,0.0,523.1630789302021,0.0,0.0,0.0,0.0,2795,6103
2020-04-30 00:00:00,5580.0,0.0,0.0,0.0,0.0,1161.1630789302023,0.0,0.0,0.0,0.0,1534,6741
2020-04-30 01:00:00,5580.0,0.0,0.0,0.0,0.0,750.163078930202,0.0,0.0,0.0,0.0,1531,6330
2020-04-30 02:00:00,1860.0,0.0,0.0,0.0,0.0,2828.1630789302026,0.0,0.0,0.0,0.0,2830,4688
2020-04-30 03:00:00,5580.0,0.0,0.0,0.0,0.0,103.16307893020212,0.0,0.0,0.0,0.0,1415,5683
2020-04-30 04:00:00,5490.163078930202,0.0,0.0,0.0,0.0,0.0,0.0,0.0,0.0,0.0,1453,5490
2020-04-30 05:00:00,4233.163078930203,0.0,0.0,0.0,0.0,0.0,0.0,0.0,0.0,0.0,2873,4233
2020-04-30 06:00:00,4481.1630789302035,-5.456968210637569e-13,0.0,0.0,0.0,0.0,0.0,0.0,0.0,0.0,2870,4481
2020-04-30 07:00:00,4585.163078930203,0.0,0.0,0.0,0.0,0.0,0.0,0.0,0.0,0.0,3049,4585
2020-04-30 08:00:00,5580.0,0.0,0.0,0.0,0.0,844.1630789302021,0.0,0.0,0.0,0.0,1707,6424
2020-04-30 09:00:00,4544.163078930202,1.0913936421275138e-12,0.0,0.0,0.0,0.0,0.0,0.0,0.0,0.0,3897,4544
2020-04-30 10:00:00,5580.0,-5.456968210637569e-13,0.0,0.0,0.0,67.16307893020257,0.0,0.0,0.0,0.0,2802,5647
2020-04-30 11:00:00,5237.163078930203,0.0,0.0,0.0,0.0,0.0,0.0,0.0,0.0,0.0,3182,5237
2020-04-30 12:00:00,5376.163078930203,0.0,0.0,0.0,0.0,0.0,0.0,0.0,0.0,0.0,3268,5376
2020-04-30 13:00:00,5074.163078930203,-5.456968210637569e-13,0.0,0.0,0.0,0.0,0.0,0.0,0.0,0.0,3184,5074
2020-04-30 14:00:00,5061.163078930202,0.0,0.0,0.0,0.0,0.0,0.0,0.0,0.0,0.0,2875,5061
2020-04-30 15:00:00,5324.163078930202,0.0,0.0,0.0,0.0,0.0,0.0,0.0,0.0,0.0,2315,5324
2020-04-30 16:00:00,3892.1324200912964,0.0,0.0,0.0,0.0,1738.030658838907,0.0,0.0,0.0,0.0,1805,5630
2020-04-30 17:00:00,5580.0,0.0,0.0,0.0,0.0,258.16307893020183,0.0,0.0,0.0,0.0,1569,5838
2020-04-30 18:00:00,5261.163078930202,1.0913936421275138e-12,0.0,0.0,0.0,0.0,0.0,0.0,0.0,0.0,2392,5261
2020-04-30 19:00:00,5294.163078930203,-5.456968210637569e-13,0.0,0.0,0.0,0.0,0.0,0.0,0.0,0.0,2521,5294
2020-04-30 20:00:00,5514.163078930202,1.0913936421275138e-12,0.0,0.0,0.0,0.0,0.0,0.0,0.0,0.0,2038,5514
2020-04-30 21:00:00,5580.0,1.0913936421275138e-12,0.0,0.0,0.0,421.1630789302015,0.0,0.0,0.0,0.0,1592,6001
2020-04-30 22:00:00,4883.163078930202,0.0,0.0,0.0,0.0,0.0,0.0,0.0,0.0,0.0,3115,4883
2020-04-30 23:00:00,5580.0,0.0,0.0,0.0,0.0,689.1630789302021,0.0,0.0,0.0,0.0,2061,6269
2020-05-01 00:00:00,4422.163078930203,0.0,0.0,0.0,0.0,0.0,0.0,0.0,0.0,0.0,3338,4422
2020-05-01 01:00:00,3915.1630789302026,-2.728484105318785e-13,0.0,0.0,0.0,0.0,0.0,0.0,0.0,0.0,3478,3915
2020-05-01 02:00:00,5104.163078930203,0.0,0.0,0.0,0.0,0.0,0.0,0.0,0.0,0.0,1925,5104
2020-05-01 03:00:00,3338.163078930202,0.0,0.0,0.0,0.0,0.0,0.0,0.0,0.0,0.0,3231,3338
2020-05-01 04:00:00,3076.1630789302017,0.0,0.0,0.0,0.0,0.0,0.0,0.0,0.0,0.0,3267,3076
2020-05-01 05:00:00,4144.163078930203,0.0,0.0,0.0,0.0,0.0,0.0,0.0,0.0,0.0,2233,4144
2020-05-01 06:00:00,1860.0,0.0,0.0,0.0,0.0,2195.163078930202,0.0,0.0,0.0,0.0,2382,4055
2020-05-01 07:00:00,3641.163078930202,0.0,0.0,0.0,0.0,0.0,0.0,0.0,0.0,0.0,2875,3641
2020-05-01 08:00:00,3695.163078930202,0.0,0.0,0.0,0.0,0.0,0.0,0.0,0.0,0.0,3237,3695
2020-05-01 09:00:00,3805.163078930202,0.0,0.0,0.0,0.0,0.0,0.0,0.0,0.0,0.0,3519,3805
2020-05-01 10:00:00,3563.1630789302017,9.094947017729282e-13,0.0,0.0,0.0,0.0,0.0,0.0,0.0,0.0,4018,3563
2020-05-01 11:00:00,3450.1630789302017,0.0,0.0,0.0,0.0,0.0,0.0,0.0,0.0,0.0,4344,3450
2020-05-01 12:00:00,1860.0,9.094947017729282e-13,0.0,0.0,0.0,1829.1630789302017,0.0,0.0,0.0,0.0,4459,3689
2020-05-01 13:00:00,3613.1630789302017,0.0,0.0,0.0,0.0,0.0,0.0,0.0,0.0,0.0,4135,3613
2020-05-01 14:00:00,2026.1630789302014,9.094947017729282e-13,0.0,0.0,0.0,0.0,0.0,0.0,0.0,0.0,5316,2026
2020-05-01 15:00:00,1991.1630789302021,0.0,0.0,0.0,0.0,0.0,0.0,0.0,0.0,0.0,5042,1991
2020-05-01 16:00:00,3880.1630789302017,0.0,0.0,0.0,0.0,0.0,0.0,0.0,0.0,0.0,2971,3880
2020-05-01 17:00:00,2400.1630789302017,9.094947017729282e-13,0.0,0.0,0.0,0.0,0.0,0.0,0.0,0.0,4434,2400
2020-05-01 18:00:00,3292.1630789302017,0.0,0.0,0.0,0.0,0.0,0.0,0.0,0.0,0.0,3853,3292
2020-05-01 19:00:00,3492.1630789302026,0.0,0.0,0.0,0.0,0.0,0.0,0.0,0.0,0.0,4038,3492
2020-05-01 20:00:00,4897.163078930203,0.0,0.0,0.0,0.0,0.0,0.0,0.0,0.0,0.0,2570,4897
2020-05-01 21:00:00,3703.1630789302017,3.637978807091713e-13,0.0,0.0,0.0,0.0,0.0,0.0,0.0,0.0,3783,3703
2020-05-01 22:00:00,5580.0,0.0,0.0,0.0,0.0,98.16307893020286,0.0,0.0,0.0,0.0,2135,5678
2020-05-01 23:00:00,5580.0,0.0,0.0,0.0,0.0,226.1630789302023,0.0,0.0,0.0,0.0,2249,5806
2020-05-02 00:00:00,4774.163078930202,5.456968210637569e-13,0.0,0.0,0.0,0.0,0.0,0.0,0.0,0.0,3224,4774
2020-05-02 01:00:00,5580.0,0.0,0.0,0.0,0.0,244.16307893020257,0.0,0.0,0.0,0.0,1783,5824
2020-05-02 02:00:00,4029.1630789302017,5.456968210637569e-13,0.0,0.0,0.0,0.0,0.0,0.0,0.0,0.0,3257,4029
2020-05-02 03:00:00,3870.163078930202,0.0,0.0,0.0,0.0,0.0,0.0,0.0,0.0,0.0,3008,3870
2020-05-02 04:00:00,4916.1630789302035,0.0,0.0,0.0,0.0,0.0,0.0,0.0,0.0,0.0,1847,4916
2020-05-02 05:00:00,3804.163078930202,0.0,0.0,0.0,0.0,0.0,0.0,0.0,0.0,0.0,3209,3804
2020-05-02 06:00:00,5549.1630789302035,0.0,0.0,0.0,0.0,0.0,0.0,0.0,0.0,0.0,1892,5549
2020-05-02 07:00:00,4524.163078930203,0.0,0.0,0.0,0.0,0.0,0.0,0.0,0.0,0.0,3352,4524
2020-05-02 08:00:00,5580.0,1.818989403545857e-13,0.0,0.0,0.0,724.163078930203,0.0,0.0,0.0,0.0,2059,6304
2020-05-02 09:00:00,4656.163078930203,0.0,0.0,0.0,0.0,0.0,0.0,0.0,0.0,0.0,4025,4656
2020-05-02 10:00:00,5531.163078930203,0.0,0.0,0.0,0.0,0.0,0.0,0.0,0.0,0.0,3252,5531
2020-05-02 11:00:00,5347.1630789302035,0.0,0.0,0.0,0.0,0.0,0.0,0.0,0.0,0.0,3560,5347
2020-05-02 12:00:00,5423.163078930203,0.0,0.0,0.0,0.0,0.0,0.0,0.0,0.0,0.0,3723,5423
2020-05-02 13:00:00,5256.1630789302035,0.0,0.0,0.0,0.0,0.0,0.0,0.0,0.0,0.0,3635,5256
2020-05-02 14:00:00,4391.163078930203,0.0,0.0,0.0,0.0,0.0,0.0,0.0,0.0,0.0,4242,4391
2020-05-02 15:00:00,4374.163078930203,0.0,0.0,0.0,0.0,0.0,0.0,0.0,0.0,0.0,3940,4374
2020-05-02 16:00:00,5580.0,0.0,0.0,0.0,0.0,111.16307893020256,0.0,0.0,0.0,0.0,2392,5691
2020-05-02 17:00:00,4418.163078930203,0.0,0.0,0.0,0.0,0.0,0.0,0.0,0.0,0.0,3588,4418
2020-05-02 18:00:00,4466.163078930203,0.0,0.0,0.0,0.0,0.0,0.0,0.0,0.0,0.0,3713,4466
2020-05-02 19:00:00,4689.163078930203,0.0,0.0,0.0,0.0,0.0,0.0,0.0,0.0,0.0,3558,4689
2020-05-02 20:00:00,5580.0,5.456968210637569e-13,0.0,0.0,0.0,143.16307893020297,0.0,0.0,0.0,0.0,2154,5723
2020-05-02 21:00:00,5580.0,0.0,0.0,0.0,0.0,100.16307893020236,0.0,0.0,0.0,0.0,2172,5680
2020-05-02 22:00:00,4614.163078930203,0.0,0.0,0.0,0.0,0.0,0.0,0.0,0.0,0.0,3590,4614
2020-05-02 23:00:00,5580.0,0.0,0.0,0.0,0.0,785.1630789302023,0.0,0.0,0.0,0.0,2049,6365
2020-05-03 00:00:00,5580.0,3.637978807091713e-13,0.0,0.0,0.0,212.1630789302031,0.0,0.0,0.0,0.0,2011,5792
2020-05-03 01:00:00,5428.163078930203,0.0,0.0,0.0,0.0,0.0,0.0,0.0,0.0,0.0,1947,5428
2020-05-03 02:00:00,4981.1630789302035,0.0,0.0,0.0,0.0,0.0,0.0,0.0,0.0,0.0,2016,4981
2020-05-03 03:00:00,4536.163078930203,0.0,0.0,0.0,0.0,0.0,0.0,0.0,0.0,0.0,1975,4536
2020-05-03 04:00:00,3835.163078930202,0.0,0.0,0.0,0.0,0.0,0.0,0.0,0.0,0.0,2405,3835
2020-05-03 05:00:00,4257.163078930203,0.0,0.0,0.0,0.0,0.0,0.0,0.0,0.0,0.0,1932,4257
2020-05-03 06:00:00,4300.163078930203,0.0,0.0,0.0,0.0,0.0,0.0,0.0,0.0,0.0,1863,4300
2020-05-03 07:00:00,4354.163078930203,-5.456968210637569e-13,0.0,0.0,0.0,0.0,0.0,0.0,0.0,0.0,1906,4354
2020-05-03 08:00:00,4575.163078930203,0.0,0.0,0.0,0.0,0.0,0.0,0.0,0.0,0.0,2119,4575
2020-05-03 09:00:00,4151.163078930203,0.0,0.0,0.0,0.0,0.0,0.0,0.0,0.0,0.0,3016,4151
2020-05-03 10:00:00,3563.1630789302026,0.0,0.0,0.0,0.0,0.0,0.0,0.0,0.0,0.0,3967,3563
2020-05-03 11:00:00,3527.1630789302026,-5.456968210637569e-13,0.0,0.0,0.0,0.0,0.0,0.0,0.0,0.0,4302,3527
2020-05-03 12:00:00,3815.163078930202,0.0,0.0,0.0,0.0,0.0,0.0,0.0,0.0,0.0,4446,3815
2020-05-03 13:00:00,3642.163078930202,0.0,0.0,0.0,0.0,0.0,0.0,0.0,0.0,0.0,4299,3642
2020-05-03 14:00:00,3973.1630789302017,0.0,0.0,0.0,0.0,0.0,0.0,0.0,0.0,0.0,3647,3973
2020-05-03 15:00:00,4327.163078930203,0.0,0.0,0.0,0.0,0.0,0.0,0.0,0.0,0.0,3001,4327
2020-05-03 16:00:00,4576.163078930202,3.637978807091713e-13,0.0,0.0,0.0,0.0,0.0,0.0,0.0,0.0,2576,4576
2020-05-03 17:00:00,4842.163078930203,0.0,0.0,0.0,0.0,0.0,0.0,0.0,0.0,0.0,2300,4842
2020-05-03 18:00:00,5319.1630789302035,3.637978807091713e-13,0.0,0.0,0.0,0.0,0.0,0.0,0.0,0.0,2107,5319
2020-05-03 19:00:00,5110.163078930203,0.0,0.0,0.0,0.0,0.0,0.0,0.0,0.0,0.0,2572,5110
2020-05-03 20:00:00,5273.1630789302035,3.637978807091713e-13,0.0,0.0,0.0,0.0,0.0,0.0,0.0,0.0,2206,5273
2020-05-03 21:00:00,4917.1630789302035,0.0,0.0,0.0,0.0,0.0,0.0,0.0,0.0,0.0,2639,4917
2020-05-03 22:00:00,5580.0,0.0,0.0,0.0,0.0,206.16307893020257,0.0,0.0,0.0,0.0,2136,5786
2020-05-03 23:00:00,5580.0,0.0,0.0,0.0,0.0,279.1630789302035,0.0,0.0,0.0,0.0,2283,5859
2020-05-04 00:00:00,5305.163078930203,2.728484105318785e-13,0.0,0.0,0.0,0.0,0.0,0.0,0.0,0.0,2210,5305
2020-05-04 01:00:00,4979.1630789302035,-2.728484105318785e-13,0.0,0.0,0.0,0.0,0.0,0.0,0.0,0.0,2195,4979
2020-05-04 02:00:00,4657.163078930203,2.728484105318785e-13,0.0,0.0,0.0,0.0,0.0,0.0,0.0,0.0,2220,4657
2020-05-04 03:00:00,4378.163078930203,2.728484105318785e-13,0.0,0.0,0.0,0.0,0.0,0.0,0.0,0.0,2126,4378
2020-05-04 04:00:00,4370.163078930203,0.0,0.0,0.0,0.0,0.0,0.0,0.0,0.0,0.0,2105,4370
2020-05-04 05:00:00,4882.163078930203,2.728484105318785e-13,0.0,0.0,0.0,0.0,0.0,0.0,0.0,0.0,2112,4882
2020-05-04 06:00:00,5580.0,8.185452315956353e-13,0.0,0.0,0.0,236.1630789302026,0.0,0.0,0.0,0.0,2112,5816
2020-05-04 07:00:00,5580.0,-8.185452315956353e-13,0.0,0.0,0.0,278.1630789302035,0.0,0.0,0.0,0.0,2829,5858
2020-05-04 08:00:00,5580.0,2.728484105318785e-13,0.0,0.0,0.0,1194.1630789302033,0.0,0.0,0.0,0.0,2383,6774
2020-05-04 09:00:00,5289.1630789302035,-8.185452315956353e-13,0.0,0.0,0.0,0.0,0.0,0.0,0.0,0.0,4128,5289
2020-05-04 10:00:00,4616.163078930203,2.728484105318785e-13,0.0,0.0,0.0,0.0,0.0,0.0,0.0,0.0,4900,4616
2020-05-04 11:00:00,5099.163078930203,2.728484105318785e-13,0.0,0.0,0.0,0.0,0.0,0.0,0.0,0.0,4541,5099
2020-05-04 12:00:00,4910.1630789302035,2.728484105318785e-13,0.0,0.0,0.0,0.0,0.0,0.0,0.0,0.0,4798,4910
2020-05-04 13:00:00,4520.163078930203,0.0,0.0,0.0,0.0,0.0,0.0,0.0,0.0,0.0,5047,4520
2020-05-04 14:00:00,4541.163078930203,2.728484105318785e-13,0.0,0.0,0.0,0.0,0.0,0.0,0.0,0.0,4845,4541
2020-05-04 15:00:00,5580.0,2.728484105318785e-13,0.0,0.0,0.0,148.16307893020306,0.0,0.0,0.0,0.0,3377,5728
2020-05-04 16:00:00,5580.0,2.728484105318785e-13,0.0,0.0,0.0,533.1630789302028,0.0,0.0,0.0,0.0,2767,6113
2020-05-04 17:00:00,5580.0,0.0,0.0,0.0,0.0,522.1630789302031,0.0,0.0,0.0,0.0,2614,6102
2020-05-04 18:00:00,5426.1630789302035,-8.185452315956353e-13,0.0,0.0,0.0,0.0,0.0,0.0,0.0,0.0,3482,5426
2020-05-04 19:00:00,5580.0,2.728484105318785e-13,0.0,0.0,0.0,743.1630789302033,0.0,0.0,0.0,0.0,2703,6323
2020-05-04 20:00:00,5580.0,0.0,0.0,0.0,0.0,48.163078930202815,0.0,0.0,0.0,0.0,2883,5628
2020-05-04 21:00:00,4663.163078930202,8.185452315956353e-13,0.0,0.0,0.0,0.0,0.0,0.0,0.0,0.0,3701,4663
2020-05-04 22:00:00,5580.0,8.185452315956353e-13,0.0,0.0,0.0,123.16307893020262,0.0,0.0,0.0,0.0,2865,5703
2020-05-04 23:00:00,5041.1630789302035,2.728484105318785e-13,0.0,0.0,0.0,0.0,0.0,0.0,0.0,0.0,3687,5041
2020-05-05 00:00:00,5520.163078930203,0.0,0.0,0.0,0.0,0.0,0.0,0.0,0.0,0.0,2615,5520
2020-05-05 01:00:00,4864.163078930203,0.0,0.0,0.0,0.0,0.0,0.0,0.0,0.0,0.0,2860,4864
2020-05-05 02:00:00,4531.163078930202,0.0,0.0,0.0,0.0,0.0,0.0,0.0,0.0,0.0,2891,4531
2020-05-05 03:00:00,3989.163078930202,0.0,0.0,0.0,0.0,0.0,0.0,0.0,0.0,0.0,3041,3989
2020-05-05 04:00:00,3883.1630789302017,0.0,0.0,0.0,0.0,0.0,0.0,0.0,0.0,0.0,3062,3883
2020-05-05 05:00:00,4348.163078930203,0.0,0.0,0.0,0.0,0.0,0.0,0.0,0.0,0.0,3003,4348
2020-05-05 06:00:00,4683.163078930203,274.00000000000017,0.0,0.0,0.0,0.0,0.0,0.0,0.0,0.0,3226,4957
2020-05-05 07:00:00,4380.963078930203,1096.2,0.0,0.0,0.0,0.0,0.0,0.0,0.0,0.0,3377,5477
2020-05-05 08:00:00,4955.163078930203,424.9999999999998,0.0,0.0,0.0,0.0,0.0,0.0,0.0,0.0,3861,5380
2020-05-05 09:00:00,4461.121112233348,512.0419666968555,0.0,0.0,0.0,0.0,0.0,0.0,0.0,0.0,4422,4973
2020-05-05 10:00:00,3495.563078930202,741.5999999999999,0.0,0.0,0.0,0.0,0.0,0.0,0.0,0.0,5244,4237
2020-05-05 11:00:00,3790.1630789302017,387.0000000000011,0.0,0.0,0.0,0.0,0.0,0.0,0.0,0.0,5419,4177
2020-05-05 12:00:00,3405.1630789302026,738.0,0.0,0.0,0.0,0.0,0.0,0.0,0.0,0.0,5529,4143
2020-05-05 13:00:00,3280.163078930203,888.9999999999997,0.0,0.0,0.0,0.0,0.0,0.0,0.0,0.0,5359,4169
2020-05-05 14:00:00,3055.1630789302035,1124.9999999999995,0.0,0.0,0.0,0.0,0.0,0.0,0.0,0.0,5228,4180
2020-05-05 15:00:00,3578.163078930202,738.0000000000001,0.0,0.0,0.0,0.0,0.0,0.0,0.0,0.0,4838,4316
2020-05-05 16:00:00,3597.1630789302026,738.0,0.0,0.0,0.0,0.0,0.0,0.0,0.0,0.0,4602,4335
2020-05-05 17:00:00,3273.1544919609096,953.0085869692929,0.0,0.0,0.0,0.0,0.0,0.0,0.0,0.0,4575,4226
2020-05-05 18:00:00,1986.963078930202,2221.2000000000003,0.0,0.0,0.0,0.0,0.0,0.0,0.0,0.0,4761,4208
2020-05-05 19:00:00,1524.9630789302032,2608.2,0.0,0.0,0.0,0.0,0.0,0.0,0.0,0.0,4874,4133
2020-05-05 20:00:00,1260.0,2441.16307893018,0.0,0.0,0.0,0.0,0.0,0.0,0.0,0.0,4792,3701
2020-05-05 21:00:00,2790.0,1017.163078930202,0.0,0.0,0.0,0.0,0.0,0.0,0.0,0.0,4596,3807
2020-05-05 22:00:00,2790.0,1434.1630789302021,0.0,0.0,0.0,0.0,0.0,0.0,0.0,0.0,4400,4224
2020-05-05 23:00:00,630.0,3520.1630789302026,0.0,0.0,0.0,0.0,0.0,0.0,0.0,0.0,4616,4150
2020-05-06 00:00:00,1980.0,1012.9999999999997,0.0,0.0,0.0,607.1630789302021,0.0,0.0,0.0,0.0,4562,3600
2020-05-06 01:00:00,1980.0,1012.9999999999995,0.0,0.0,0.0,253.16307893020215,0.0,0.0,0.0,0.0,4463,3246
2020-05-06 02:00:00,1980.0,1012.9999999999995,0.0,0.0,0.0,0.0,37.83692106979788,0.0,0.0,0.0,4439,2955
2020-05-06 03:00:00,1980.0,-2.728484105318785e-13,0.0,0.0,0.0,505.7853881278537,0.0,28.37769080234841,0.0,0.0,4505,2514
2020-05-06 04:00:00,1980.0,2.5011104298755534e-13,0.0,0.0,0.0,500.1630789302019,0.0,0.0,0.0,0.0,4444,2480
2020-05-06 05:00:00,1980.0,-1.3642420526593923e-13,0.0,0.0,0.0,1026.163078930202,0.0,0.0,0.0,0.0,4338,3006
2020-05-06 06:00:00,1980.0,-2.728484105318785e-13,0.0,0.0,0.0,1949.1630789302023,0.0,0.0,0.0,0.0,4271,3929
2020-05-06 07:00:00,1980.0,-3.637978807091713e-13,0.0,0.0,0.0,2573.163078930202,0.0,0.0,0.0,0.0,4381,4553
2020-05-06 08:00:00,1980.0,1.818989403545857e-13,0.0,0.0,0.0,3036.1630789302017,0.0,0.0,0.0,0.0,4284,5016
2020-05-06 09:00:00,1980.0,-2.728484105318785e-13,0.0,0.0,0.0,3206.1630789302026,0.0,0.0,0.0,0.0,4303,5186
2020-05-06 10:00:00,1980.0,-2.728484105318785e-13,0.0,0.0,0.0,2947.1630789302026,0.0,0.0,0.0,0.0,4634,4927
2020-05-06 11:00:00,1980.0,0.0,0.0,0.0,0.0,3219.163078930202,0.0,0.0,0.0,0.0,4462,5199
2020-05-06 12:00:00,1980.0,-2.728484105318785e-13,0.0,0.0,0.0,3408.1630789302026,0.0,0.0,0.0,0.0,4381,5388
2020-05-06 13:00:00,1980.0,-2.728484105318785e-13,0.0,0.0,0.0,3351.1630789302026,0.0,0.0,0.0,0.0,4263,5331
2020-05-06 14:00:00,1980.0,0.0,0.0,0.0,0.0,3254.1630789302026,0.0,0.0,0.0,0.0,4160,5234
2020-05-06 15:00:00,1980.0,0.0,0.0,0.0,0.0,3129.163078930202,0.0,0.0,0.0,0.0,4002,5109
2020-05-06 16:00:00,1980.0,0.0,0.0,0.0,0.0,3227.1630789302026,0.0,0.0,0.0,0.0,3653,5207
2020-05-06 17:00:00,1980.0,-1.1368683772161605e-13,0.0,0.0,0.0,3189.1630789302026,0.0,0.0,0.0,0.0,3643,5169
2020-05-06 18:00:00,1980.0,-2.728484105318785e-13,0.0,0.0,0.0,3376.163078930203,0.0,0.0,0.0,0.0,3636,5356
2020-05-06 19:00:00,1980.0,-2.728484105318785e-13,0.0,0.0,0.0,3639.1630789302026,0.0,0.0,0.0,0.0,3380,5619
2020-05-06 20:00:00,1980.0,-2.728484105318785e-13,0.0,0.0,0.0,3240.1630789302026,0.0,0.0,0.0,0.0,3286,5220
2020-05-06 21:00:00,1980.0,0.0,0.0,0.0,0.0,3122.1630789302026,0.0,0.0,0.0,0.0,3358,5102
2020-05-06 22:00:00,1980.0,8.185452315956353e-13,0.0,0.0,0.0,3380.1630789302017,0.0,0.0,0.0,0.0,3411,5360
2020-05-06 23:00:00,5580.0,-2.728484105318785e-13,0.0,0.0,0.0,0.0,13.836921069797429,0.0,0.0,0.0,3375,5566
2020-05-07 00:00:00,4518.163078930203,1.818989403545857e-13,0.0,0.0,0.0,0.0,0.0,0.0,0.0,0.0,3412,4518
2020-05-07 01:00:00,4586.739508588826,0.0,0.0,0.0,0.0,0.0,311.57642965862306,0.0,0.0,0.0,3250,4275
2020-05-07 02:00:00,4075.1630789302008,1.0913936421275138e-12,0.0,0.0,0.0,0.0,0.0,0.0,0.0,0.0,3117,4075
2020-05-07 03:00:00,3740.163078930202,1.4921397450962105e-14,0.0,0.0,0.0,0.0,0.0,0.0,0.0,0.0,3035,3740
2020-05-07 04:00:00,4891.163078930202,0.0,0.0,0.0,0.0,0.0,1200.0,0.0,0.0,0.0,2955,3691
2020-05-07 05:00:00,3846.163078930201,1.0913936421275138e-12,0.0,0.0,0.0,0.0,0.0,0.0,0.0,0.0,3030,3846
2020-05-07 06:00:00,5546.163078930202,0.0,0.0,0.0,0.0,0.0,1200.0,0.0,0.0,0.0,2946,4346
2020-05-07 07:00:00,5580.0,0.0,0.0,0.0,0.0,0.0,535.8369210697979,0.0,0.0,0.0,2694,5044
2020-05-07 08:00:00,5580.0,0.0,0.0,0.0,0.0,0.0,67.83692106979697,0.0,0.0,0.0,2768,5512
2020-05-07 09:00:00,5580.0,1.0913936421275138e-12,0.0,0.0,0.0,0.0,0.0,326.16307893020166,0.0,0.0,2776,5906
2020-05-07 10:00:00,5580.0,0.0,0.0,0.0,0.0,0.0,0.0,518.163078930203,0.0,0.0,2765,6098
2020-05-07 11:00:00,5580.0,1.0913936421275138e-12,0.0,0.0,0.0,0.0,0.0,534.1630789302017,0.0,0.0,2922,6114
2020-05-07 12:00:00,5580.0,0.0,0.0,0.0,0.0,0.0,0.0,756.1630789302023,0.0,0.0,2956,6336
2020-05-07 13:00:00,5580.0,0.0,0.0,0.0,0.0,0.0,0.0,362.16307893020274,0.0,0.0,3090,5942
2020-05-07 14:00:00,5579.163078930202,0.0,0.0,0.0,0.0,0.0,0.0,0.0,0.0,0.0,3177,5579
2020-05-07 15:00:00,4992.163078930203,0.0,0.0,0.0,0.0,0.0,0.0,0.0,0.0,0.0,3427,4992
2020-05-07 16:00:00,4646.163078930201,1.0913936421275138e-12,0.0,0.0,0.0,0.0,0.0,0.0,0.0,0.0,3528,4646
2020-05-07 17:00:00,4670.163078930203,0.0,0.0,0.0,0.0,0.0,0.0,0.0,0.0,0.0,3445,4670
2020-05-07 18:00:00,4742.163078930203,0.0,0.0,0.0,0.0,0.0,0.0,0.0,0.0,0.0,3623,4742
2020-05-07 19:00:00,4712.163078930202,5.456968210637569e-13,0.0,0.0,0.0,0.0,0.0,0.0,0.0,0.0,3864,4712
2020-05-07 20:00:00,4783.163078930203,0.0,0.0,0.0,0.0,0.0,0.0,0.0,0.0,0.0,3391,4783
2020-05-07 21:00:00,4802.163078930203,0.0,0.0,0.0,0.0,0.0,0.0,0.0,0.0,0.0,3268,4802
2020-05-07 22:00:00,5281.163078930203,0.0,0.0,0.0,0.0,0.0,0.0,0.0,0.0,0.0,3143,5281
2020-05-07 23:00:00,5444.163078930202,0.0,0.0,0.0,0.0,0.0,0.0,0.0,0.0,0.0,3232,5444
2020-05-08 00:00:00,5183.163078930202,0.0,0.0,0.0,0.0,0.0,0.0,0.0,0.0,0.0,2926,5183
2020-05-08 01:00:00,4751.163078930203,0.0,0.0,0.0,0.0,0.0,0.0,0.0,0.0,0.0,2957,4751
2020-05-08 02:00:00,4710.163078930203,0.0,0.0,0.0,0.0,0.0,0.0,0.0,0.0,0.0,2637,4710
2020-05-08 03:00:00,4263.163078930203,0.0,0.0,0.0,0.0,0.0,0.0,0.0,0.0,0.0,2618,4263
2020-05-08 04:00:00,4017.163078930202,0.0,0.0,0.0,0.0,0.0,0.0,0.0,0.0,0.0,2629,4017
2020-05-08 05:00:00,3928.163078930202,0.0,0.0,0.0,0.0,0.0,0.0,0.0,0.0,0.0,2733,3928
2020-05-08 06:00:00,3967.163078930201,1.0913936421275138e-12,0.0,0.0,0.0,0.0,0.0,0.0,0.0,0.0,2730,3967
2020-05-08 07:00:00,3957.1630789302035,-1.0913936421275138e-12,0.0,0.0,0.0,0.0,0.0,0.0,0.0,0.0,2887,3957
2020-05-08 08:00:00,3941.1630789302017,0.0,0.0,0.0,0.0,0.0,0.0,0.0,0.0,0.0,3333,3941
2020-05-08 09:00:00,4130.1630789302035,-1.0913936421275138e-12,0.0,0.0,0.0,0.0,0.0,0.0,0.0,0.0,3587,4130
2020-05-08 10:00:00,4001.163078930201,1.0913936421275138e-12,0.0,0.0,0.0,0.0,0.0,0.0,0.0,0.0,4030,4001
2020-05-08 11:00:00,4258.163078930203,-1.3642420526593928e-13,0.0,0.0,0.0,0.0,0.0,0.0,0.0,0.0,4027,4258
2020-05-08 12:00:00,4756.163078930203,0.0,0.0,0.0,0.0,0.0,0.0,0.0,0.0,0.0,3912,4756
2020-05-08 13:00:00,5185.163078930202,0.0,0.0,0.0,0.0,0.0,1200.0,0.0,0.0,0.0,4316,3985
2020-05-08 14:00:00,3735.1630789302017,0.0,0.0,0.0,0.0,0.0,0.0,0.0,0.0,0.0,4141,3735
2020-05-08 15:00:00,3549.163078930201,1.0913936421275138e-12,0.0,0.0,0.0,0.0,0.0,0.0,0.0,0.0,3956,3549
2020-05-08 16:00:00,4832.163078930202,0.0,0.0,0.0,0.0,0.0,1200.0,0.0,0.0,0.0,3662,3632
2020-05-08 17:00:00,3716.163078930201,1.0913936421275138e-12,0.0,0.0,0.0,0.0,0.0,0.0,0.0,0.0,3591,3716
2020-05-08 18:00:00,5074.192868014796,0.0,0.0,0.0,0.0,0.0,820.0297890845923,0.0,0.0,0.0,3443,4254
2020-05-08 19:00:00,5580.0,0.0,0.0,0.0,0.0,0.0,504.83692106979765,0.0,0.0,0.0,3104,5075
2020-05-08 20:00:00,5580.0,0.0,0.0,0.0,0.0,0.0,507.83692106979834,0.0,0.0,0.0,2856,5072
2020-05-08 21:00:00,5580.0,0.0,0.0,0.0,0.0,0.0,227.83692106979765,0.0,0.0,0.0,2584,5352
2020-05-08 22:00:00,5580.0,0.0,0.0,0.0,0.0,0.0,0.0,228.1630789302017,0.0,0.0,2522,5808
2020-05-08 23:00:00,5580.0,0.0,0.0,0.0,0.0,0.0,0.0,524.1630789302026,0.0,0.0,2512,6104
2020-05-09 00:00:00,5580.0,9.094947017729282e-13,0.0,0.0,0.0,0.0,0.0,200.16307893020257,0.0,0.0,2864,5780
2020-05-09 01:00:00,5580.0,0.0,0.0,0.0,0.0,0.0,52.83692106979697,0.0,0.0,0.0,2712,5527
2020-05-09 02:00:00,5580.0,0.0,0.0,0.0,0.0,0.0,83.83692106979697,0.0,0.0,0.0,2436,5496
2020-05-09 03:00:00,5580.0,0.0,0.0,0.0,0.0,0.0,278.8369210697974,0.0,0.0,0.0,2235,5301
2020-05-09 04:00:00,5580.0,0.0,0.0,0.0,0.0,0.0,148.83692106979697,0.0,0.0,0.0,2008,5431
2020-05-09 05:00:00,5580.0,0.0,0.0,0.0,0.0,0.0,0.0,219.16307893020303,0.0,0.0,1904,5799
2020-05-09 06:00:00,5580.0,0.0,0.0,0.0,0.0,0.0,0.0,279.163078930203,0.0,0.0,2234,5859
2020-05-09 07:00:00,5580.0,-1.7053025658242404e-14,0.0,0.0,0.0,0.0,90.83692106979726,0.0,0.0,0.0,3104,5489
2020-05-09 08:00:00,5580.0,9.094947017729282e-13,0.0,0.0,0.0,0.0,0.0,147.16307893020257,0.0,0.0,3345,5727
2020-05-09 09:00:00,5580.0,0.0,0.0,0.0,0.0,0.0,0.0,346.163078930203,0.0,0.0,3466,5926
2020-05-09 10:00:00,5580.0,0.0,0.0,0.0,0.0,0.0,0.0,414.1630789302026,0.0,0.0,3455,5994
2020-05-09 11:00:00,5580.0,9.094947017729282e-13,0.0,0.0,0.0,0.0,0.0,414.1630789302026,0.0,0.0,3534,5994
2020-05-09 12:00:00,5580.0,0.0,0.0,0.0,0.0,0.0,0.0,626.1630789302026,0.0,0.0,3528,6206
2020-05-09 13:00:00,5580.0,0.0,0.0,0.0,0.0,572.1630789302031,0.0,0.0,0.0,0.0,3274,6152
2020-05-09 14:00:00,5580.0,0.0,0.0,0.0,0.0,0.0,0.0,438.163078930203,0.0,0.0,3108,6018
2020-05-09 15:00:00,5580.0,0.0,0.0,0.0,0.0,264.163078930203,0.0,0.0,0.0,0.0,2910,5844
2020-05-09 16:00:00,5580.0,0.0,0.0,0.0,0.0,75.16307893020263,0.0,0.0,0.0,0.0,2897,5655
2020-05-09 17:00:00,5580.0,0.0,0.0,0.0,0.0,0.0,175.83692106979697,0.0,0.0,0.0,3156,5404
2020-05-09 18:00:00,5580.0,0.0,0.0,0.0,0.0,26.2853881278553,0.0,131.87769080234773,0.0,0.0,3118,5738
2020-05-09 19:00:00,5580.0,0.0,0.0,0.0,0.0,186.16307893020303,0.0,0.0,0.0,0.0,3192,5766
2020-05-09 20:00:00,5580.0,0.0,0.0,0.0,0.0,0.0,223.83692106979697,0.0,0.0,0.0,3147,5356
2020-05-09 21:00:00,5580.0,0.0,0.0,0.0,0.0,262.2853881278553,0.0,167.87769080234773,0.0,0.0,2374,6010
2020-05-09 22:00:00,5580.0,9.094947017729282e-13,0.0,0.0,0.0,659.1630789302026,0.0,0.0,0.0,0.0,2518,6239
2020-05-09 23:00:00,5580.0,0.0,0.0,0.0,0.0,793.1630789302026,0.0,0.0,0.0,0.0,2629,6373
2020-05-10 00:00:00,5580.0,0.0,0.0,0.0,0.0,847.163078930203,0.0,0.0,0.0,0.0,1996,6427
2020-05-10 01:00:00,5580.0,0.0,0.0,0.0,0.0,793.163078930203,0.0,0.0,0.0,0.0,1627,6373
2020-05-10 02:00:00,5580.0,0.0,0.0,0.0,0.0,0.0,1162.8369210697974,0.0,0.0,0.0,3197,4417
2020-05-10 03:00:00,5580.0,0.0,0.0,0.0,0.0,0.0,260.8369210697969,0.0,0.0,0.0,1806,5319
2020-05-10 04:00:00,5580.0,0.0,0.0,0.0,0.0,0.0,618.8369210697974,0.0,0.0,0.0,1920,4961
2020-05-10 05:00:00,4421.163078930202,1.0913936421275138e-12,0.0,0.0,0.0,0.0,1200.0,0.0,0.0,0.0,3669,3221
2020-05-10 06:00:00,4996.731186344189,0.0,0.0,0.0,0.0,0.0,696.5681074139866,0.0,0.0,0.0,2621,4300
2020-05-10 07:00:00,3694.1630789302026,0.0,0.0,0.0,0.0,0.0,0.0,0.0,0.0,0.0,3436,3694
2020-05-10 08:00:00,3972.1630789302017,0.0,0.0,0.0,0.0,0.0,0.0,0.0,0.0,0.0,3606,3972
2020-05-10 09:00:00,4417.163078930202,1.0913936421275138e-12,0.0,0.0,0.0,0.0,0.0,0.0,0.0,0.0,3614,4417
2020-05-10 10:00:00,4772.163078930203,0.0,0.0,0.0,0.0,0.0,0.0,0.0,0.0,0.0,3562,4772
2020-05-10 11:00:00,4964.1630789302035,0.0,0.0,0.0,0.0,0.0,0.0,0.0,0.0,0.0,3605,4964
2020-05-10 12:00:00,5365.163078930202,1.0913936421275138e-12,0.0,0.0,0.0,0.0,0.0,0.0,0.0,0.0,3578,5365
2020-05-10 13:00:00,5194.163078930203,0.0,0.0,0.0,0.0,0.0,0.0,0.0,0.0,0.0,3331,5194
2020-05-10 14:00:00,5580.0,1.0913936421275138e-12,0.0,0.0,0.0,0.0,616.8369210697974,0.0,0.0,0.0,3157,4963
2020-05-10 15:00:00,5580.0,0.0,0.0,0.0,0.0,0.0,796.8369210697979,0.0,0.0,0.0,2965,4783
2020-05-10 16:00:00,4612.163078930203,0.0,0.0,0.0,0.0,0.0,0.0,0.0,0.0,0.0,2965,4612
2020-05-10 17:00:00,4193.163078930203,0.0,0.0,0.0,0.0,0.0,0.0,0.0,0.0,0.0,3448,4193
2020-05-10 18:00:00,5580.0,1.0913936421275138e-12,0.0,0.0,0.0,0.0,1142.836921069798,0.0,0.0,0.0,3630,4437
2020-05-10 19:00:00,4757.163078930203,0.0,0.0,0.0,0.0,0.0,0.0,0.0,0.0,0.0,3546,4757
2020-05-10 20:00:00,5063.1630789302035,0.0,0.0,0.0,0.0,0.0,0.0,0.0,0.0,0.0,3052,5063
2020-05-10 21:00:00,5580.0,0.0,0.0,0.0,0.0,0.0,0.0,236.1630789302031,0.0,0.0,2313,5816
2020-05-10 22:00:00,5580.0,0.0,0.0,0.0,0.0,0.0,0.0,471.1630789302026,0.0,0.0,2445,6051
2020-05-10 23:00:00,5580.0,0.0,0.0,0.0,0.0,0.0,0.0,609.163078930203,0.0,0.0,2542,6189
2020-05-11 00:00:00,5580.0,-1.3642420526593928e-13,0.0,0.0,0.0,0.0,0.0,458.1630789302028,0.0,0.0,2178,6038
2020-05-11 01:00:00,5580.0,0.0,0.0,0.0,0.0,0.0,0.0,199.1630789302024,0.0,0.0,2103,5779
2020-05-11 02:00:00,5185.163078930202,0.0,0.0,0.0,0.0,0.0,1200.0,0.0,0.0,0.0,3610,3985
2020-05-11 03:00:00,5580.0,0.0,0.0,0.0,0.0,0.0,326.8369210697975,0.0,0.0,0.0,1973,5253
2020-05-11 04:00:00,5580.0,0.0,0.0,0.0,0.0,0.0,259.8369210697974,0.0,0.0,0.0,1892,5320
2020-05-11 05:00:00,5580.0,-2.728484105318785e-13,0.0,0.0,0.0,0.0,0.0,149.16307893020252,0.0,0.0,2025,5729
2020-05-11 06:00:00,5580.0,0.0,0.0,0.0,0.0,0.0,0.0,648.1630789302026,0.0,0.0,2460,6228
2020-05-11 07:00:00,5580.0,-1.3642420526593928e-13,0.0,0.0,0.0,0.0,0.0,690.1630789302028,0.0,0.0,3285,6270
2020-05-11 08:00:00,5580.0,1.818989403545856e-13,0.0,0.0,0.0,0.0,0.0,1033.1630789302026,0.0,0.0,3459,6613
2020-05-11 09:00:00,5580.0,0.0,0.0,0.0,0.0,34.163078930202666,0.0,1200.0,0.0,0.0,3522,6814
2020-05-11 10:00:00,5580.0,0.0,0.0,0.0,0.0,880.9331823227512,0.0,517.2298966074511,0.0,0.0,3472,6978
2020-05-11 11:00:00,5580.0,0.0,0.0,0.0,0.0,1466.1630789302026,0.0,0.0,0.0,0.0,3515,7046
2020-05-11 12:00:00,5580.0,0.0,0.0,0.0,0.0,1571.1630789302023,0.0,0.0,0.0,0.0,3497,7151
2020-05-11 13:00:00,5580.0,-1.3642420526593928e-13,0.0,0.0,0.0,1710.1630789302028,0.0,0.0,0.0,0.0,3229,7290
2020-05-11 14:00:00,5580.0,-1.3642420526593928e-13,0.0,0.0,0.0,1652.1630789302026,0.0,0.0,0.0,0.0,3056,7232
2020-05-11 15:00:00,5580.0,-1.3642420526593928e-13,0.0,0.0,0.0,1573.1630789302026,0.0,0.0,0.0,0.0,2778,7153
2020-05-11 16:00:00,5580.0,0.0,0.0,0.0,0.0,1418.163078930203,0.0,0.0,0.0,0.0,2718,6998
2020-05-11 17:00:00,5580.0,0.0,0.0,0.0,0.0,930.1630789302026,0.0,0.0,0.0,0.0,3182,6510
2020-05-11 18:00:00,5580.0,0.0,0.0,0.0,0.0,1011.1630789302026,0.0,0.0,0.0,0.0,3488,6591
2020-05-11 19:00:00,5580.0,0.0,0.0,0.0,0.0,1038.1630789302026,0.0,0.0,0.0,0.0,3568,6618
2020-05-11 20:00:00,5580.0,0.0,0.0,0.0,0.0,1261.1630789302026,0.0,0.0,0.0,0.0,2793,6841
2020-05-11 21:00:00,5580.0,1.818989403545856e-13,0.0,0.0,0.0,1659.1630789302026,0.0,0.0,0.0,0.0,2127,7239
2020-05-11 22:00:00,5580.0,0.0,0.0,0.0,0.0,1686.1630789302023,0.0,0.0,0.0,0.0,2262,7266
2020-05-11 23:00:00,5580.0,0.0,0.0,0.0,0.0,669.1630789302026,0.0,0.0,0.0,0.0,3394,6249
2020-05-12 00:00:00,5580.0,814.218895464068,0.0,0.0,0.0,508.94418346613406,0.0,0.0,0.0,0.0,1800,6903
2020-05-12 01:00:00,5580.0,787.5720820314984,0.0,0.0,0.0,98.5909968987041,0.0,0.0,0.0,0.0,1806,6466
2020-05-12 02:00:00,5580.0,507.16307893020223,0.0,0.0,0.0,0.0,0.0,0.0,0.0,0.0,1798,6087
2020-05-12 03:00:00,4935.163078930203,272.0000000000001,0.0,0.0,0.0,0.0,0.0,0.0,0.0,0.0,2187,5207
2020-05-12 04:00:00,5464.163078930203,9.094947017729285e-14,0.0,0.0,0.0,0.0,0.0,0.0,0.0,0.0,1687,5464
2020-05-12 05:00:00,5442.163078930203,0.0,0.0,0.0,0.0,0.0,0.0,0.0,0.0,0.0,1736,5442
2020-05-12 06:00:00,5484.163078930203,-9.094947017729285e-14,0.0,0.0,0.0,0.0,0.0,0.0,0.0,0.0,1743,5484
2020-05-12 07:00:00,5580.0,330.1630789302023,0.0,0.0,0.0,0.0,0.0,0.0,0.0,0.0,1579,5910
2020-05-12 08:00:00,5580.0,603.1630789302022,0.0,0.0,0.0,0.0,0.0,0.0,0.0,0.0,1848,6183
2020-05-12 09:00:00,5580.0,783.1630789302033,0.0,0.0,0.0,0.0,0.0,0.0,0.0,0.0,2251,6363
2020-05-12 10:00:00,5580.0,573.1630789302028,0.0,0.0,0.0,0.0,0.0,0.0,0.0,0.0,2859,6153
2020-05-12 11:00:00,5580.0,756.1630789302027,0.0,0.0,0.0,0.0,0.0,0.0,0.0,0.0,2983,6336
2020-05-12 12:00:00,5580.0,1150.1630789302026,0.0,0.0,0.0,0.0,0.0,0.0,0.0,0.0,3044,6730
2020-05-12 13:00:00,5580.0,927.1630789302027,0.0,0.0,0.0,0.0,0.0,0.0,0.0,0.0,2927,6507
2020-05-12 14:00:00,5580.0,847.163078930203,0.0,0.0,0.0,0.0,0.0,0.0,0.0,0.0,2622,6427
2020-05-12 15:00:00,5580.0,884.1630789302025,0.0,0.0,0.0,0.0,0.0,0.0,0.0,0.0,2249,6464
2020-05-12 16:00:00,5580.0,1048.1630789302142,0.0,0.0,0.0,0.0,0.0,0.0,0.0,0.0,1965,6628
2020-05-12 17:00:00,5580.0,1129.1630789302026,0.0,0.0,0.0,0.0,0.0,0.0,0.0,0.0,1989,6709
2020-05-12 18:00:00,5580.0,1036.1630789302023,0.0,0.0,0.0,0.0,0.0,0.0,0.0,0.0,2535,6616
2020-05-12 19:00:00,5580.0,1470.1630789302026,0.0,0.0,0.0,0.0,0.0,0.0,0.0,0.0,2391,7050
2020-05-12 20:00:00,5580.0,1617.1630789302023,0.0,0.0,0.0,0.0,0.0,0.0,0.0,0.0,2027,7197
2020-05-12 21:00:00,5580.0,1577.1630789302026,0.0,0.0,0.0,0.0,0.0,0.0,0.0,0.0,2006,7157
2020-05-12 22:00:00,5580.0,2075.1630789302026,0.0,0.0,0.0,0.0,0.0,0.0,0.0,0.0,1854,7655
2020-05-12 23:00:00,3960.0,3555.0,0.0,0.0,0.0,265.1630789302021,0.0,0.0,0.0,0.0,1920,7780
2020-05-13 00:00:00,3960.0,1012.9999999999998,0.0,0.0,0.0,2810.1630789302026,0.0,0.0,0.0,0.0,1834,7783
2020-05-13 01:00:00,3960.0,1012.9999999999998,0.0,0.0,0.0,2370.1630789302026,0.0,0.0,0.0,0.0,1845,7343
2020-05-13 02:00:00,3960.0,1012.9999999999998,0.0,0.0,0.0,2063.1630789302026,0.0,0.0,0.0,0.0,1826,7036
2020-05-13 03:00:00,3960.0,0.0,0.0,0.0,0.0,2611.1630789302026,0.0,0.0,0.0,0.0,1869,6571
2020-05-13 04:00:00,3960.0,7.275957614183426e-13,0.0,0.0,0.0,2485.1630789302026,0.0,0.0,0.0,0.0,1875,6445
2020-05-13 05:00:00,3960.0,0.0,0.0,0.0,0.0,2965.1630789302026,0.0,0.0,0.0,0.0,1668,6925
2020-05-13 06:00:00,3960.0,0.0,0.0,0.0,0.0,3421.163078930203,0.0,0.0,0.0,0.0,1606,7381
2020-05-13 07:00:00,3960.0,0.0,2160.0,0.0,0.0,1725.1630789302037,0.0,0.0,0.0,0.0,1663,7845
2020-05-13 08:00:00,3960.0,6.821210263296964e-14,2160.0,0.0,0.0,2231.1630789302017,0.0,0.0,0.0,0.0,1669,8351
2020-05-13 09:00:00,3960.0,5.456968210637569e-13,2160.0,0.0,0.0,2094.1630789302008,0.0,0.0,0.0,0.0,2143,8214
2020-05-13 10:00:00,3960.0,0.0,2160.0,0.0,0.0,1787.1630789302026,0.0,0.0,0.0,0.0,2482,7907
2020-05-13 11:00:00,3960.0,1.0913936421275138e-12,2160.0,0.0,0.0,1536.1630789302026,0.0,0.0,0.0,0.0,2804,7656
2020-05-13 12:00:00,3960.0,5.456968210637569e-13,2160.0,0.0,0.0,1509.1630789302026,0.0,0.0,0.0,0.0,3046,7629
2020-05-13 13:00:00,3960.0,5.456968210637569e-13,2160.0,0.0,0.0,1322.1630789302023,0.0,0.0,0.0,0.0,2933,7442
2020-05-13 14:00:00,3960.0,0.0,2160.0,0.0,0.0,1143.1630789302028,0.0,0.0,0.0,0.0,2796,7263
2020-05-13 15:00:00,3960.0,5.456968210637569e-13,2160.0,0.0,0.0,1151.1630789302026,0.0,0.0,0.0,0.0,2414,7271
2020-05-13 16:00:00,3960.0,5.456968210637569e-13,2160.0,0.0,0.0,1397.1630789302026,0.0,0.0,0.0,0.0,1989,7517
2020-05-13 17:00:00,3960.0,0.0,2160.0,0.0,0.0,1693.1630789302026,0.0,0.0,0.0,0.0,1737,7813
2020-05-13 18:00:00,3960.0,7.275957614183426e-13,2160.0,0.0,0.0,1275.163078930202,0.0,0.0,0.0,0.0,2470,7395
2020-05-13 19:00:00,3960.0,0.0,2160.0,0.0,0.0,2161.1630789302017,0.0,0.0,0.0,0.0,1636,8281
2020-05-13 20:00:00,3960.0,2.728484105318785e-13,2160.0,0.0,0.0,1261.1630789302028,0.0,0.0,0.0,0.0,2124,7381
2020-05-13 21:00:00,3960.0,5.456968210637569e-13,2160.0,0.0,0.0,1662.163078930203,0.0,0.0,0.0,0.0,1627,7782
2020-05-13 22:00:00,3960.0,7.275957614183426e-13,2160.0,0.0,0.0,1762.163078930202,0.0,0.0,0.0,0.0,1907,7882
2020-05-13 23:00:00,5580.0,0.0,2160.0,0.0,0.0,659.1630789302019,0.0,0.0,0.0,0.0,1613,8399
2020-05-14 00:00:00,5580.0,1.3642420526593928e-13,2160.0,0.0,0.0,279.1630789302026,0.0,0.0,0.0,0.0,1651,8019
2020-05-14 01:00:00,5580.0,0.0,1932.1630789302021,0.0,0.0,0.0,0.0,0.0,0.0,0.0,1743,7512
2020-05-14 02:00:00,5580.0,9.094947017729282e-13,1569.1630789302017,0.0,0.0,0.0,0.0,0.0,0.0,0.0,1787,7149
2020-05-14 03:00:00,5580.0,0.0,1128.1630789302021,0.0,0.0,0.0,0.0,0.0,0.0,0.0,1803,6708
2020-05-14 04:00:00,5580.0,-5.456968210637569e-13,983.1630789302023,0.0,0.0,0.0,0.0,0.0,0.0,0.0,1816,6563
2020-05-14 05:00:00,5580.0,0.0,1194.1630789302023,0.0,0.0,0.0,0.0,0.0,0.0,0.0,1870,6774
2020-05-14 06:00:00,5580.0,0.0,2141.198914467953,0.0,0.0,0.0,587.0358355377513,0.0,0.0,0.0,1890,7134
2020-05-14 07:00:00,5580.0,-9.094947017729285e-14,2107.163078930202,0.0,0.0,0.0,0.0,0.0,0.0,0.0,1847,7687
2020-05-14 08:00:00,5580.0,0.0,2160.0,0.0,0.0,39.04928120709121,0.0,244.1137977231109,0.0,0.0,1995,8023
2020-05-14 09:00:00,5580.0,0.0,2160.0,0.0,0.0,0.0,0.0,196.16307893020257,0.0,0.0,2384,7936
2020-05-14 10:00:00,5580.0,0.0,1932.163078930202,0.0,0.0,0.0,0.0,0.0,0.0,0.0,2805,7512
2020-05-14 11:00:00,5580.0,1.818989403545856e-13,1569.1630789302026,0.0,0.0,0.0,0.0,0.0,0.0,0.0,3180,7149
2020-05-14 12:00:00,5580.0,0.0,1424.1630789302021,0.0,0.0,0.0,0.0,0.0,0.0,0.0,3483,7004
2020-05-14 13:00:00,5580.0,0.0,1087.163078930202,0.0,0.0,0.0,0.0,0.0,0.0,0.0,3472,6667
2020-05-14 14:00:00,5580.0,1.3642420526593928e-13,897.1630789302026,0.0,0.0,0.0,0.0,0.0,0.0,0.0,3285,6477
2020-05-14 15:00:00,5580.0,-5.456968210637569e-13,840.0,0.0,0.0,0.0,47.83692106979743,0.0,0.0,0.0,2943,6372
2020-05-14 16:00:00,5580.0,0.0,840.0,0.0,0.0,0.0,77.83692106979788,0.0,0.0,0.0,2702,6342
2020-05-14 17:00:00,5580.0,0.0,1085.373342030877,0.0,0.0,0.0,157.21026310067475,0.0,0.0,0.0,2454,6508
2020-05-14 18:00:00,5580.0,0.0,1243.1630789302021,0.0,0.0,0.0,0.0,0.0,0.0,0.0,2395,6823
2020-05-14 19:00:00,5580.0,-1.3642420526593928e-13,974.1630789302021,0.0,0.0,0.0,0.0,0.0,0.0,0.0,2667,6554
2020-05-14 20:00:00,5580.0,0.0,1148.1630789302021,0.0,0.0,0.0,0.0,0.0,0.0,0.0,2185,6728
2020-05-14 21:00:00,5580.0,7.105427357601e-16,1186.1630789302023,0.0,0.0,0.0,0.0,0.0,0.0,0.0,2158,6766
2020-05-14 22:00:00,5580.0,-5.456968210637569e-13,1590.1630789302028,0.0,0.0,0.0,0.0,0.0,0.0,0.0,2155,7170
2020-05-14 23:00:00,5580.0,9.094947017729282e-13,1620.0,0.0,0.0,175.16307893020166,0.0,0.0,0.0,0.0,2203,7375
2020-05-15 00:00:00,5580.0,0.0,1080.0,0.0,0.0,0.0,0.0,212.16307893020257,0.0,0.0,2159,6872
2020-05-15 01:00:00,5580.0,5.456968210637569e-13,540.0,0.0,0.0,324.1630789302026,0.0,0.0,0.0,0.0,2209,6444
2020-05-15 02:00:00,5580.0,0.0,540.0,0.0,0.0,13.163078930202571,0.0,0.0,0.0,0.0,2180,6133
2020-05-15 03:00:00,5580.0,0.0,0.0,0.0,0.0,76.16307893020269,0.0,0.0,0.0,0.0,2202,5656
2020-05-15 04:00:00,5580.0,0.0,0.0,0.0,0.0,0.0,252.83692106979743,0.0,0.0,0.0,2325,5327
2020-05-15 05:00:00,5580.0,5.456968210637569e-13,0.0,0.0,0.0,0.0,125.83692106979744,0.0,0.0,0.0,2269,5454
2020-05-15 06:00:00,5580.0,1.3642420526593928e-13,0.0,0.0,0.0,0.0,602.8369210697973,0.0,0.0,0.0,2814,4977
2020-05-15 07:00:00,5580.0,0.0,0.0,0.0,0.0,0.0,0.0,301.1630789302026,0.0,0.0,2137,5881
2020-05-15 08:00:00,5580.0,0.0,0.0,0.0,0.0,0.0,0.0,409.1630789302027,0.0,0.0,2419,5989
2020-05-15 09:00:00,5580.0,2.728484105318785e-13,0.0,0.0,0.0,397.3561643835635,0.0,25.806914546638836,0.0,0.0,2743,6003
2020-05-15 10:00:00,5580.0,1.0913936421275138e-12,0.0,0.0,0.0,0.0,69.83692106979788,0.0,0.0,0.0,3354,5510
2020-05-15 11:00:00,5580.0,0.0,0.0,0.0,0.0,0.0,558.8369210697974,0.0,0.0,0.0,3934,5021
2020-05-15 12:00:00,5580.0,5.456968210637569e-13,0.0,0.0,0.0,0.0,278.8369210697974,0.0,0.0,0.0,3925,5301
2020-05-15 13:00:00,5580.0,5.456968210637569e-13,0.0,0.0,0.0,0.0,446.8369210697974,0.0,0.0,0.0,3586,5133
2020-05-15 14:00:00,5580.0,5.456968210637569e-13,0.0,0.0,0.0,0.0,578.8369210697974,0.0,0.0,0.0,3235,5001
2020-05-15 15:00:00,5580.0,5.456968210637569e-13,0.0,0.0,0.0,0.0,830.8369210697974,0.0,0.0,0.0,3038,4749
2020-05-15 16:00:00,5580.0,0.0,0.0,0.0,0.0,0.0,1015.8369210697974,0.0,0.0,0.0,2993,4564
2020-05-15 17:00:00,5580.0,1.0913936421275138e-12,0.0,0.0,0.0,0.0,0.0,3.1630789302025732,0.0,0.0,1998,5583
2020-05-15 18:00:00,5580.0,5.456968210637569e-13,0.0,0.0,0.0,0.0,1106.8369210697974,0.0,0.0,0.0,3531,4473
2020-05-15 19:00:00,5580.0,1.0913936421275138e-12,0.0,0.0,0.0,0.0,0.0,910.1630789302026,0.0,0.0,1742,6490
2020-05-15 20:00:00,5580.0,0.0,0.0,0.0,0.0,0.0,805.8369210697973,0.0,0.0,0.0,3399,4774
2020-05-15 21:00:00,5580.0,1.0913936421275138e-12,0.0,0.0,0.0,0.0,180.83692106979788,0.0,0.0,0.0,2904,5399
2020-05-15 22:00:00,5580.0,5.456968210637569e-13,0.0,0.0,0.0,35.16307893020257,0.0,0.0,0.0,0.0,3105,5615
2020-05-15 23:00:00,5580.0,1.0913936421275138e-12,0.0,0.0,0.0,165.16307893020257,0.0,0.0,0.0,0.0,3237,5745
2020-05-16 00:00:00,5580.0,0.0,0.0,0.0,0.0,0.0,0.0,162.1630789302031,0.0,0.0,2767,5742
2020-05-16 01:00:00,5580.0,0.0,0.0,0.0,0.0,196.16307893020303,0.0,0.0,0.0,0.0,2436,5776
2020-05-16 02:00:00,5580.0,0.0,0.0,0.0,0.0,0.0,0.0,188.16307893020303,0.0,0.0,2192,5768
2020-05-16 03:00:00,5580.0,0.0,0.0,0.0,0.0,192.16307893020303,0.0,0.0,0.0,0.0,1848,5772
2020-05-16 04:00:00,5580.0,0.0,0.0,0.0,0.0,0.0,0.0,191.16307893020303,0.0,0.0,1862,5771
2020-05-16 05:00:00,5580.0,0.0,0.0,0.0,0.0,457.1446510110963,0.0,706.0184279191062,0.0,0.0,1455,6743
2020-05-16 06:00:00,5580.0,0.0,0.0,0.0,0.0,0.0,91.83692106979686,0.0,0.0,0.0,3688,5488
2020-05-16 07:00:00,5580.0,0.0,540.0,0.0,0.0,0.0,0.0,60.16307893020257,0.0,0.0,3918,6180
2020-05-16 08:00:00,5580.0,9.094947017729282e-13,1080.0,0.0,0.0,837.1630789302017,0.0,1200.0,0.0,0.0,1810,8697
2020-05-16 09:00:00,5580.0,0.0,451.1630789302033,0.0,0.0,0.0,0.0,0.0,0.0,0.0,4587,6031
2020-05-16 10:00:00,5580.0,0.0,526.1630789302028,0.0,0.0,0.0,0.0,0.0,0.0,0.0,4421,6106
2020-05-16 11:00:00,5580.0,0.0,580.1630789302033,0.0,0.0,0.0,0.0,0.0,0.0,0.0,4306,6160
2020-05-16 12:00:00,5580.0,0.0,1080.0,0.0,0.0,0.0,0.0,367.1630789302026,0.0,0.0,3394,7027
2020-05-16 13:00:00,5580.0,0.0,749.1630789302033,0.0,0.0,0.0,0.0,0.0,0.0,0.0,3809,6329
2020-05-16 14:00:00,5580.0,0.0,732.1630789302028,0.0,0.0,0.0,0.0,0.0,0.0,0.0,3546,6312
2020-05-16 15:00:00,5580.0,9.094947017729282e-13,1080.0,0.0,0.0,0.0,498.8369210697974,0.0,0.0,0.0,3348,6161
2020-05-16 16:00:00,5580.0,0.0,274.16307893020274,0.0,0.0,0.0,0.0,0.0,0.0,0.0,3413,5854
2020-05-16 17:00:00,5580.0,9.094947017729282e-13,210.0,0.0,0.0,0.0,186.83692106979743,0.0,0.0,0.0,3604,5603
2020-05-16 18:00:00,5580.0,0.0,0.0,0.0,0.0,762.163078930203,0.0,1200.0,0.0,0.0,2032,7542
2020-05-16 19:00:00,5580.0,0.0,0.0,0.0,0.0,338.1630789302026,0.0,0.0,0.0,0.0,3612,5918
2020-05-16 20:00:00,5580.0,0.0,0.0,0.0,0.0,0.0,124.83692106979696,0.0,0.0,0.0,3619,5455
2020-05-16 21:00:00,5580.0,0.0,0.0,0.0,0.0,2067.5353881278547,0.0,93.62769080234771,0.0,0.0,1200,7741
2020-05-16 22:00:00,5580.0,0.0,0.0,0.0,0.0,2429.1630789302035,0.0,0.0,0.0,0.0,1222,8009
2020-05-16 23:00:00,5580.0,0.0,0.0,0.0,0.0,2562.163078930203,0.0,0.0,0.0,0.0,1213,8142
2020-05-17 00:00:00,5580.0,0.0,0.0,0.0,0.0,1729.1630789302026,0.0,0.0,0.0,0.0,1439,7309
2020-05-17 01:00:00,5580.0,0.0,0.0,0.0,0.0,0.0,18.836921069797427,0.0,0.0,0.0,2781,5561
2020-05-17 02:00:00,5580.0,0.0,0.0,0.0,0.0,0.0,84.83692106979744,0.0,0.0,0.0,2537,5495
2020-05-17 03:00:00,5580.0,0.0,0.0,0.0,0.0,564.4076973255064,0.0,77.75538160469615,0.0,0.0,1418,6222
2020-05-17 04:00:00,5580.0,0.0,0.0,0.0,0.0,0.0,197.83692106979743,0.0,0.0,0.0,2186,5382
2020-05-17 05:00:00,5580.0,0.0,0.0,0.0,0.0,0.0,385.8369210697973,0.0,0.0,0.0,2787,5194
2020-05-17 06:00:00,5580.0,0.0,210.0,0.0,0.0,0.0,962.8369210697972,0.0,0.0,0.0,4003,4827
2020-05-17 07:00:00,5580.0,5.456968210637569e-13,540.0,0.0,0.0,430.28000652315814,0.0,1159.883072407044,0.0,0.0,2010,7710
2020-05-17 08:00:00,5580.0,0.0,225.16307893020297,0.0,0.0,0.0,0.0,0.0,0.0,0.0,4402,5805
2020-05-17 09:00:00,5580.0,0.0,1080.0,0.0,0.0,1561.1630789302017,0.0,0.0,0.0,0.0,2254,8221
2020-05-17 10:00:00,5580.0,0.0,420.0,0.0,0.0,0.0,229.83692106979703,0.0,0.0,0.0,4782,5770
2020-05-17 11:00:00,5580.0,1.0913936421275138e-12,420.0,0.0,0.0,0.0,61.83692106979788,0.0,0.0,0.0,4707,5938
2020-05-17 12:00:00,5580.0,0.0,1080.0,0.0,0.0,484.4076973255064,0.0,218.7553816046962,0.0,0.0,3311,7363
2020-05-17 13:00:00,5580.0,0.0,595.1630789302029,0.0,0.0,0.0,0.0,0.0,0.0,0.0,4279,6175
2020-05-17 14:00:00,5580.0,0.0,1080.0,0.0,0.0,804.1630789302026,0.0,0.0,0.0,0.0,2749,7464
2020-05-17 15:00:00,5580.0,0.0,393.1630789302029,0.0,0.0,0.0,0.0,0.0,0.0,0.0,3878,5973
2020-05-17 16:00:00,5580.0,5.456968210637569e-13,210.0,0.0,0.0,0.0,119.83692106979788,0.0,0.0,0.0,3927,5670
2020-05-17 17:00:00,5580.0,0.0,540.0,0.0,0.0,1504.2853881278545,0.0,89.87769080234841,0.0,0.0,1777,7714
2020-05-17 18:00:00,5580.0,0.0,0.0,0.0,0.0,1752.1630789302026,0.0,0.0,0.0,0.0,2479,7332
2020-05-17 19:00:00,5580.0,0.0,0.0,0.0,0.0,18.163078930202687,0.0,0.0,0.0,0.0,4224,5598
2020-05-17 20:00:00,5580.0,0.0,210.0,0.0,0.0,0.0,567.8369210697973,0.0,0.0,0.0,4159,5222
2020-05-17 21:00:00,5580.0,0.0,210.0,0.0,0.0,0.0,71.83692106979733,0.0,0.0,0.0,3488,5718
2020-05-17 22:00:00,5580.0,0.0,540.0,0.0,0.0,1454.407697325507,0.0,479.755381604696,0.0,0.0,1478,8054
2020-05-17 23:00:00,5580.0,1.0913936421275138e-12,1080.0,0.0,0.0,1527.1630789302026,0.0,0.0,0.0,0.0,1488,8187
2020-05-18 00:00:00,5580.0,2.728484105318785e-13,423.16307893020263,0.0,0.0,0.0,0.0,0.0,0.0,0.0,3056,6003
2020-05-18 01:00:00,5580.0,0.0,1080.0,0.0,0.0,415.1630789302026,0.0,0.0,0.0,0.0,1601,7075
2020-05-18 02:00:00,5580.0,0.0,420.0,0.0,0.0,0.0,40.836921069797064,0.0,0.0,0.0,2435,5959
2020-05-18 03:00:00,5580.0,0.0,753.1630789302026,0.0,0.0,0.0,0.0,0.0,0.0,0.0,1697,6333
2020-05-18 04:00:00,5580.0,0.0,420.0,0.0,0.0,0.0,48.836921069797086,0.0,0.0,0.0,2035,5951
2020-05-18 05:00:00,5580.0,0.0,1080.0,0.0,0.0,0.0,0.0,39.16307893020229,0.0,0.0,1730,6699
2020-05-18 06:00:00,5580.0,1.818989403545857e-13,1620.0,0.0,0.0,300.07077625570923,0.0,28.092302674493325,0.0,0.0,1758,7528
2020-05-18 07:00:00,5580.0,0.0,217.1630789302031,0.0,0.0,0.0,0.0,0.0,0.0,0.0,4348,5797
2020-05-18 08:00:00,5580.0,5.456968210637569e-13,540.0,0.0,0.0,2399.163078930201,0.0,0.0,0.0,0.0,2027,8519
2020-05-18 09:00:00,5580.0,0.0,279.16307893020314,0.0,0.0,0.0,0.0,0.0,0.0,0.0,4821,5859
2020-05-18 10:00:00,5580.0,1.818989403545857e-13,352.1630789302025,0.0,0.0,0.0,0.0,0.0,0.0,0.0,4718,5932
2020-05-18 11:00:00,5580.0,0.0,415.16307893020286,0.0,0.0,0.0,0.0,0.0,0.0,0.0,4686,5995
2020-05-18 12:00:00,5580.0,1.818989403545857e-13,478.16307893020274,0.0,0.0,0.0,0.0,0.0,0.0,0.0,4609,6058
2020-05-18 13:00:00,5580.0,5.456968210637569e-13,525.1630789302021,0.0,0.0,0.0,0.0,0.0,0.0,0.0,4317,6105
2020-05-18 14:00:00,5580.0,5.456968210637569e-13,540.0,0.0,0.0,381.1630789302021,0.0,0.0,0.0,0.0,3694,6501
2020-05-18 15:00:00,5580.0,5.456968210637569e-13,297.1630789302021,0.0,0.0,0.0,0.0,0.0,0.0,0.0,3956,5877
2020-05-18 16:00:00,5580.0,0.0,0.0,0.0,0.0,0.0,50.83692106979743,0.0,0.0,0.0,4062,5529
2020-05-18 17:00:00,5580.0,1.818989403545857e-13,540.0,0.0,0.0,1115.0353881278545,0.0,38.12769080234807,0.0,0.0,2256,7273
2020-05-18 18:00:00,5580.0,0.0,540.0,0.0,0.0,1119.1630789302026,0.0,0.0,0.0,0.0,2651,7239
2020-05-18 19:00:00,5580.0,1.818989403545857e-13,540.0,0.0,0.0,1455.1630789302023,0.0,0.0,0.0,0.0,2420,7575
2020-05-18 20:00:00,5580.0,0.0,540.0,0.0,0.0,1409.1630789302026,0.0,0.0,0.0,0.0,1987,7529
2020-05-18 21:00:00,5580.0,5.456968210637569e-13,210.0,0.0,0.0,0.0,237.83692106979788,0.0,0.0,0.0,3763,5552
2020-05-18 22:00:00,5580.0,1.818989403545857e-13,540.0,0.0,0.0,1491.7853881278538,0.0,178.3776908023484,0.0,0.0,1881,7790
2020-05-18 23:00:00,5580.0,1.818989403545857e-13,256.1630789302025,0.0,0.0,0.0,0.0,0.0,0.0,0.0,4004,5836
2020-05-19 00:00:00,5580.0,503.6794834249056,540.0,0.0,0.0,842.4835955052964,0.0,0.0,0.0,0.0,1781,7466
2020-05-19 01:00:00,5580.0,705.6,540.0,0.0,0.0,153.5630789302027,0.0,0.0,0.0,0.0,1900,6979
2020-05-19 02:00:00,5580.0,618.163078930202,540.0,0.0,0.0,0.0,0.0,0.0,0.0,0.0,1868,6738
2020-05-19 03:00:00,5580.0,272.0000000000001,0.0,0.0,0.0,0.0,97.83692106979731,0.0,0.0,0.0,2489,5754
2020-05-19 04:00:00,5580.0,705.6,0.0,0.0,0.0,117.5630789302019,0.0,0.0,0.0,0.0,1797,6403
2020-05-19 05:00:00,5580.0,135.0,0.0,0.0,0.0,0.0,147.8369210697973,0.0,0.0,0.0,3076,5567
2020-05-19 06:00:00,5580.0,2228.163078930202,0.0,0.0,0.0,0.0,0.0,0.0,0.0,0.0,1686,7808
2020-05-19 07:00:00,5580.0,2253.6,0.0,0.0,0.0,30.307697325506012,0.0,184.25538160469597,0.0,0.0,2285,8048
2020-05-19 08:00:00,5470.163078930203,741.0,0.0,0.0,0.0,0.0,0.0,0.0,0.0,0.0,4467,6211
2020-05-19 09:00:00,4957.163078930203,741.0,0.0,0.0,0.0,0.0,0.0,0.0,0.0,0.0,5080,5698
2020-05-19 10:00:00,5105.163078930203,453.0,0.0,0.0,0.0,0.0,0.0,0.0,0.0,0.0,5168,5558
2020-05-19 11:00:00,5096.163078930203,590.0,0.0,0.0,0.0,0.0,0.0,0.0,0.0,0.0,5060,5686
2020-05-19 12:00:00,5580.0,1598.1630789302026,0.0,0.0,0.0,0.0,0.0,0.0,0.0,0.0,3547,7178
2020-05-19 13:00:00,5322.092896171273,604.0701827589291,0.0,0.0,0.0,0.0,0.0,0.0,0.0,0.0,4553,5926
2020-05-19 14:00:00,5508.163078930203,423.0,0.0,0.0,0.0,0.0,0.0,0.0,0.0,0.0,4269,5931
2020-05-19 15:00:00,5363.163078930203,422.99999999999994,0.0,0.0,0.0,0.0,0.0,0.0,0.0,0.0,4000,5786
2020-05-19 16:00:00,5580.0,1807.1630789301962,0.0,0.0,0.0,0.0,0.0,0.0,0.0,0.0,2087,7387
2020-05-19 17:00:00,4230.163078930203,576.0,0.0,0.0,0.0,0.0,0.0,0.0,0.0,0.0,4550,4806
2020-05-19 18:00:00,5580.0,1606.1630789302021,0.0,0.0,0.0,0.0,0.0,0.0,0.0,0.0,2481,7186
2020-05-19 19:00:00,4485.163078930203,727.0,0.0,0.0,0.0,0.0,0.0,0.0,0.0,0.0,4527,5212
2020-05-19 20:00:00,3951.1630789302026,727.0,0.0,0.0,0.0,0.0,0.0,0.0,0.0,0.0,4573,4678
2020-05-19 21:00:00,5580.0,1413.1630789302028,0.0,0.0,0.0,0.0,0.0,0.0,0.0,0.0,2067,6993
2020-05-19 22:00:00,3600.0,1486.1630789302021,0.0,0.0,0.0,0.0,0.0,0.0,0.0,0.0,4323,5086
2020-05-19 23:00:00,3600.0,3555.0,0.0,0.0,0.0,550.1630789302021,0.0,0.0,0.0,0.0,1869,7705
2020-01-15 00:00:00,1980.0,3402.0,0.0,58.5,85.5,3044.163078930202,0.0,0.0,0.0,0.0,3120,8570
2020-01-15 01:00:00,1980.0,3402.0,0.0,58.5,85.5,3261.163078930202,0.0,0.0,0.0,0.0,2623,8787
2020-01-15 02:00:00,1980.0,3402.0,0.0,58.5,85.5,3391.163078930202,0.0,0.0,0.0,0.0,2264,8917
2020-01-15 03:00:00,1980.0,3402.0,0.0,58.5,85.5,3495.1630789302026,0.0,0.0,0.0,0.0,1796,9021
2020-01-15 04:00:00,1980.0,3402.0000000000005,0.0,58.5,85.5,3509.163078930202,0.0,0.0,0.0,0.0,1752,9035
2020-01-15 05:00:00,1980.0,3402.0,0.0,58.5,85.5,4045.1630789302026,0.0,0.0,0.0,0.0,1767,9571
2020-01-15 06:00:00,1980.0,3402.0000000000005,0.0,58.5,85.5,5291.163078930202,0.0,0.0,0.0,0.0,1740,10817
2020-01-15 07:00:00,1980.0,3402.0,2160.0,58.5,85.5,3660.1630789302026,0.0,0.0,0.0,0.0,2309,11346
2020-01-15 08:00:00,1980.0,3401.9999999999995,2160.0,58.5,85.5,3863.163078930203,0.0,0.0,0.0,0.0,2430,11549
2020-01-15 09:00:00,1980.0,3402.0000000000005,2160.0,58.5,85.5,2940.163078930202,0.0,0.0,0.0,0.0,3444,10626
2020-01-15 10:00:00,1980.0,3401.999999999999,2160.0,58.5,85.5,2730.1630789302035,0.0,0.0,0.0,0.0,3623,10416
2020-01-15 11:00:00,1980.0,3402.0000000000005,2160.0,58.5,85.5,2521.163078930202,0.0,0.0,0.0,0.0,3894,10207
2020-01-15 12:00:00,1980.0,3401.999999999999,2160.0,58.5,85.5,2289.1630789302035,0.0,0.0,0.0,0.0,4072,9975
2020-01-15 13:00:00,1980.0,3402.0000000000005,2160.0,58.5,85.5,1791.163078930202,0.0,0.0,0.0,0.0,4262,9477
2020-01-15 14:00:00,1980.0,3402.0,2160.0,58.5,85.5,1504.1630789302028,0.0,0.0,0.0,0.0,4300,9190
2020-01-15 15:00:00,1980.0,3402.0000000000005,2160.0,58.5,85.5,1304.163078930202,0.0,0.0,0.0,0.0,4264,8990
2020-01-15 16:00:00,1980.0,3402.0,2160.0,58.5,85.5,1411.1630789302026,0.0,0.0,0.0,0.0,4070,9097
2020-01-15 17:00:00,1980.0,3401.9999999999995,2160.0,58.5,85.5,2183.163078930203,0.0,0.0,0.0,0.0,3804,9869
2020-01-15 18:00:00,1980.0,3402.0000000000005,2160.0,58.5,85.5,3265.163078930202,0.0,0.0,0.0,0.0,3205,10951
2020-01-15 19:00:00,1980.0,3401.999999999999,2160.0,58.5,85.5,3436.1630789302035,0.0,0.0,0.0,0.0,2901,11122
2020-01-15 20:00:00,1980.0,3402.0000000000005,2160.0,58.5,85.5,3328.163078930202,0.0,0.0,0.0,0.0,2155,11014
2020-01-15 21:00:00,1980.0,3401.999999999999,2160.0,58.5,85.5,2697.1630789302035,0.0,0.0,0.0,0.0,2104,10383
2020-01-15 22:00:00,1980.0,3402.0000000000005,2160.0,58.5,85.5,1861.163078930202,0.0,0.0,0.0,0.0,3124,9547
2020-01-15 23:00:00,5580.0,2692.1630789302026,2160.0,58.5,85.5,0.0,0.0,0.0,0.0,0.0,2193,10576
2020-01-16 00:00:00,5580.0,2243.163078930201,2160.0,58.5,85.5,0.0,0.0,0.0,0.0,0.0,2039,10127
2020-01-16 01:00:00,5580.0,2221.2000000000003,2160.0,58.5,85.5,0.0,83.03692106979952,0.0,0.0,0.0,1761,10022
2020-01-16 02:00:00,5580.0,2022.1630789302021,2160.0,58.5,85.5,0.0,0.0,0.0,0.0,0.0,1554,9906
2020-01-16 03:00:00,5580.0,1769.200000000001,2160.0,58.5,85.5,0.0,184.03692106979815,0.0,0.0,0.0,1523,9469
2020-01-16 04:00:00,5580.0,1409.1630789302008,2160.0,58.5,85.5,0.0,0.0,0.0,0.0,0.0,1529,9293
2020-01-16 05:00:00,5580.0,1589.1630789302017,2160.0,58.5,85.5,0.0,0.0,0.0,0.0,0.0,1535,9473
2020-01-16 06:00:00,5580.0,2608.1999999999994,2160.0,58.5,85.5,0.0,699.0369210697986,0.0,0.0,0.0,1630,9793
2020-01-16 07:00:00,5580.0,2200.1630789302017,2160.0,58.5,85.5,0.0,0.0,0.0,0.0,0.0,1817,10084
2020-01-16 08:00:00,5580.0,2286.1630789302008,2160.0,58.5,85.5,0.0,0.0,0.0,0.0,0.0,2290,10170
2020-01-16 09:00:00,5580.0,2608.2000000000007,2160.0,58.5,85.5,0.0,424.0369210697995,0.0,0.0,0.0,2858,10068
2020-01-16 10:00:00,5580.0,1675.163078930201,2160.0,58.5,85.5,0.0,0.0,0.0,0.0,0.0,3441,9559
2020-01-16 11:00:00,5580.0,1919.162566179184,2160.0,58.5,85.5,0.0,704.9994872489827,0.0,0.0,0.0,3925,9098
2020-01-16 12:00:00,5580.0,1769.200000000001,2160.0,58.5,85.5,0.0,630.0369210697982,0.0,0.0,0.0,4176,9023
2020-01-16 13:00:00,5580.0,1092.6,2160.0,58.5,85.5,0.0,529.4369210697989,0.0,0.0,0.0,4249,8447
2020-01-16 14:00:00,5580.0,189.16307893020416,2160.0,58.5,85.5,0.0,0.0,0.0,0.0,0.0,4194,8073
2020-01-16 15:00:00,5580.0,350.99999999999955,2160.0,58.5,85.5,0.0,382.83692106979606,0.0,0.0,0.0,4164,7852
2020-01-16 16:00:00,5580.0,216.16307893020422,2160.0,58.5,85.5,0.0,0.0,0.0,0.0,0.0,3887,8100
2020-01-16 17:00:00,5580.0,1866.5999999999995,2160.0,58.5,85.5,0.0,714.4369210697985,0.0,0.0,0.0,3629,9036
2020-01-16 18:00:00,5580.0,2321.163078930201,2160.0,58.5,85.5,0.0,0.0,0.0,0.0,0.0,3202,10205
2020-01-16 19:00:00,5580.0,3018.163078930201,2160.0,58.5,85.5,0.0,0.0,0.0,0.0,0.0,2608,10902
2020-01-16 20:00:00,5580.0,2843.163078930201,2160.0,58.5,85.5,0.0,0.0,0.0,0.0,0.0,2165,10727
2020-01-16 21:00:00,5580.0,2416.1630789302008,2160.0,58.5,85.5,0.0,0.0,0.0,0.0,0.0,2006,10300
2020-01-16 22:00:00,5580.0,2955.163078930201,2160.0,58.5,85.5,0.0,0.0,0.0,0.0,0.0,1860,10839
2020-01-16 23:00:00,5580.0,3285.1630789302008,2160.0,58.5,85.5,0.0,0.0,0.0,0.0,0.0,1845,11169
2020-01-17 00:00:00,5580.0,2995.163078930201,2160.0,58.5,85.5,0.0,0.0,0.0,0.0,0.0,1793,10879
2020-01-17 01:00:00,5580.0,2495.1630789302003,2160.0,58.5,85.5,0.0,0.0,0.0,0.0,0.0,1993,10379
2020-01-17 02:00:00,5580.0,2642.163078930201,2160.0,58.5,85.5,0.0,0.0,0.0,0.0,0.0,1530,10526
2020-01-17 03:00:00,5580.0,2253.600000000001,2160.0,58.5,85.5,0.0,43.436921069800064,0.0,0.0,0.0,1433,10094
2020-01-17 04:00:00,5580.0,1981.1630789302012,2160.0,58.5,85.5,0.0,0.0,0.0,0.0,0.0,1412,9865
2020-01-17 05:00:00,5580.0,2253.6,2160.0,58.5,85.5,0.0,602.4369210697996,0.0,0.0,0.0,1803,9535
2020-01-17 06:00:00,5580.0,2253.600000000001,2160.0,58.5,85.5,0.0,1012.4369210698,0.0,0.0,0.0,2390,9125
2020-01-17 07:00:00,5580.0,1414.5999999999997,2160.0,58.5,85.5,0.0,559.4369210697987,0.0,0.0,0.0,2961,8739
2020-01-17 08:00:00,5580.0,1728.163078930201,2160.0,58.5,85.5,0.0,1200.0,0.0,0.0,0.0,3648,8412
2020-01-17 09:00:00,5580.0,2002.1630789302008,2160.0,58.5,85.5,0.0,0.0,0.0,0.0,0.0,2654,9886
2020-01-17 10:00:00,5580.0,1743.1630789302012,2160.0,58.5,85.5,0.0,0.0,0.0,0.0,0.0,3189,9627
2020-01-17 11:00:00,5580.0,1574.1630789302008,2160.0,58.5,85.5,0.0,0.0,0.0,0.0,0.0,3522,9458
2020-01-17 12:00:00,5580.0,1326.503274220796,2160.0,58.5,85.5,0.0,1000.3401952905948,0.0,0.0,0.0,4965,8210
2020-01-17 13:00:00,5580.0,436.9999999999998,2160.0,58.5,85.5,0.0,647.8369210697992,0.0,0.0,0.0,4871,7673
2020-01-17 14:00:00,5580.0,460.16307893020104,2160.0,58.5,85.5,0.0,1200.0,0.0,0.0,0.0,4814,7144
2020-01-17 15:00:00,5580.0,378.16307893020155,2160.0,58.5,85.5,0.0,1200.0,0.0,0.0,0.0,4582,7062
2020-01-17 16:00:00,5580.0,607.1630789302011,2160.0,58.5,85.5,0.0,1200.0,0.0,0.0,0.0,4368,7291
2020-01-17 17:00:00,5580.0,1128.5999999999995,2160.0,58.5,85.5,0.0,839.4369210697985,0.0,0.0,0.0,4223,8173
2020-01-17 18:00:00,5580.0,1128.6,2160.0,58.5,85.5,0.0,32.43692106979805,0.0,0.0,0.0,4348,8980
2020-01-17 19:00:00,5580.0,1412.1630789302003,2160.0,58.5,85.5,0.0,0.0,0.0,0.0,0.0,4293,9296
2020-01-17 20:00:00,5580.0,1491.163078930201,2160.0,58.5,85.5,0.0,0.0,0.0,0.0,0.0,3790,9375
2020-01-17 21:00:00,5580.0,1258.1630789302023,2160.0,58.5,85.5,0.0,0.0,0.0,0.0,0.0,3495,9142
2020-01-17 22:00:00,5580.0,1386.1630789302003,2160.0,58.5,85.5,0.0,0.0,0.0,0.0,0.0,3637,9270
2020-01-17 23:00:00,5580.0,1742.1630789302008,2160.0,58.5,85.5,0.0,0.0,0.0,0.0,0.0,3509,9626
2020-01-18 00:00:00,5580.0,1826.1630789302012,2160.0,58.5,85.5,0.0,0.0,0.0,0.0,0.0,3144,9710
2020-01-18 01:00:00,5580.0,2064.1630789302017,2160.0,58.5,85.5,0.0,0.0,0.0,0.0,0.0,2739,9948
2020-01-18 02:00:00,5580.0,2195.163078930201,2160.0,58.5,85.5,0.0,0.0,0.0,0.0,0.0,2423,10079
2020-01-18 03:00:00,5580.0,2342.163078930201,2160.0,58.5,85.5,0.0,0.0,0.0,0.0,0.0,1894,10226
2020-01-18 04:00:00,5580.0,2401.163078930201,2160.0,58.5,85.5,0.0,0.0,0.0,0.0,0.0,1817,10285
2020-01-18 05:00:00,5580.0,2771.1630789302008,2160.0,58.5,85.5,0.0,0.0,0.0,0.0,0.0,2105,10655
2020-01-18 06:00:00,5580.0,3401.9999999999995,2160.0,58.5,85.5,343.1630789302004,0.0,1200.0,0.0,0.0,1233,12829
2020-01-18 07:00:00,5580.0,3402.0000000000005,2160.0,58.5,85.5,543.1630789302026,0.0,0.0,0.0,0.0,3297,11829
2020-01-18 08:00:00,5580.0,3401.9999999999995,2160.0,58.5,85.5,165.16307893020064,0.0,0.0,0.0,0.0,3947,11451
2020-01-18 09:00:00,5580.0,3122.1630789302003,2160.0,58.5,85.5,0.0,0.0,0.0,0.0,0.0,4387,11006
2020-01-18 10:00:00,5580.0,2745.1630789302017,2160.0,58.5,85.5,0.0,0.0,0.0,0.0,0.0,4622,10629
2020-01-18 11:00:00,5580.0,3401.9999999999995,2160.0,58.5,85.5,218.16307893020064,0.0,0.0,0.0,0.0,3699,11504
2020-01-18 12:00:00,5580.0,2233.163078930202,2160.0,58.5,85.5,0.0,0.0,0.0,0.0,0.0,4924,10117
2020-01-18 13:00:00,5580.0,1939.1630789302003,2160.0,58.5,85.5,0.0,0.0,0.0,0.0,0.0,4882,9823
2020-01-18 14:00:00,5580.0,1659.1630789302021,2160.0,58.5,85.5,0.0,0.0,0.0,0.0,0.0,4834,9543
2020-01-18 15:00:00,5580.0,1630.1630789302003,2160.0,58.5,85.5,0.0,0.0,0.0,0.0,0.0,4589,9514
2020-01-18 16:00:00,5580.0,1867.1630789302021,2160.0,58.5,85.5,0.0,0.0,0.0,0.0,0.0,4369,9751
2020-01-18 17:00:00,5580.0,2614.1630789302,2160.0,58.5,85.5,0.0,0.0,0.0,0.0,0.0,4218,10498
2020-01-18 18:00:00,5580.0,3155.1630789302003,2160.0,58.5,85.5,0.0,0.0,0.0,0.0,0.0,4495,11039
2020-01-18 19:00:00,5580.0,3145.1630789302017,2160.0,58.5,85.5,0.0,0.0,0.0,0.0,0.0,4361,11029
2020-01-18 20:00:00,5580.0,2826.1630789302003,2160.0,58.5,85.5,0.0,0.0,0.0,0.0,0.0,3857,10710
2020-01-18 21:00:00,5580.0,2608.200000000001,2160.0,58.5,85.5,0.0,191.03692106979872,0.0,0.0,0.0,3569,10301
2020-01-18 22:00:00,5580.0,2608.1999999999994,2160.0,58.5,85.5,0.0,431.03692106979895,0.0,0.0,0.0,3988,10061
2020-01-18 23:00:00,5580.0,3402.000000000001,2160.0,58.5,85.5,1156.1630789302008,0.0,0.0,0.0,0.0,1686,12442
2020-01-19 00:00:00,5580.0,3402.0000000000005,2160.0,58.5,85.5,658.1630789301998,0.0,0.0,0.0,0.0,1802,11944
2020-01-19 01:00:00,5580.0,3132.163078930201,2160.0,58.5,85.5,0.0,0.0,0.0,0.0,0.0,2523,11016
2020-01-19 02:00:00,5580.0,3401.9999999999995,2160.0,58.5,85.5,459.163078930203,0.0,0.0,0.0,0.0,1580,11745
2020-01-19 03:00:00,5580.0,3199.1630789302003,2160.0,58.5,85.5,0.0,0.0,0.0,0.0,0.0,1837,11083
2020-01-19 04:00:00,5580.0,3402.0000000000005,2160.0,58.5,85.5,83.1630789302011,0.0,0.0,0.0,0.0,1493,11369
2020-01-19 05:00:00,5580.0,3267.163078930201,2160.0,58.5,85.5,0.0,0.0,0.0,0.0,0.0,2284,11151
2020-01-19 06:00:00,5580.0,3402.0,2160.0,58.5,85.5,599.1630789301998,0.0,0.0,0.0,0.0,2796,11885
2020-01-19 07:00:00,5580.0,3402.0,2160.0,58.5,85.5,791.498369210751,0.0,160.66470971945114,0.0,0.0,3476,12238
2020-01-19 08:00:00,5580.0,3402.0000000000005,2160.0,58.5,85.5,523.1630789301994,0.0,0.0,0.0,0.0,4126,11809
2020-01-19 09:00:00,5580.0,3402.0000000000005,2160.0,58.5,85.5,0.0,0.0,233.16307893019984,0.0,0.0,4330,11519
2020-01-19 10:00:00,5580.0,3402.0000000000005,2160.0,58.5,85.5,997.1630789301994,0.0,0.0,0.0,0.0,3383,12283
2020-01-19 11:00:00,5580.0,2917.1630789302,2160.0,58.5,85.5,0.0,0.0,0.0,0.0,0.0,4791,10801
2020-01-19 12:00:00,5580.0,3402.0000000000005,2160.0,58.5,85.5,0.0,0.0,156.16307893019984,0.0,0.0,3955,11442
2020-01-19 13:00:00,5580.0,2608.2000000000007,2160.0,58.5,85.5,0.0,249.03692106979872,0.0,0.0,0.0,4772,10243
2020-01-19 14:00:00,5580.0,2796.1630789302,2160.0,58.5,85.5,0.0,0.0,0.0,0.0,0.0,3987,10680
2020-01-19 15:00:00,5580.0,1918.6000000000013,2160.0,58.5,85.5,0.0,26.436921069798927,0.0,0.0,0.0,4595,9776
2020-01-19 16:00:00,5580.0,2608.1999999999994,2160.0,58.5,85.5,0.0,552.036921069799,0.0,0.0,0.0,4390,9940
2020-01-19 17:00:00,5580.0,2734.1630789302008,2160.0,58.5,85.5,0.0,0.0,0.0,0.0,0.0,4247,10618
2020-01-19 18:00:00,5580.0,3401.9999999999995,2160.0,58.5,85.5,140.16307893020064,0.0,1200.0,0.0,0.0,3041,12626
2020-01-19 19:00:00,5580.0,3402.0000000000005,2160.0,58.5,85.5,38.16307893020087,0.0,0.0,0.0,0.0,4129,11324
2020-01-19 20:00:00,5580.0,3401.9999999999995,2160.0,58.5,85.5,133.16307893020087,0.0,1200.0,0.0,0.0,2025,12619
2020-01-19 21:00:00,5580.0,3401.9999999999995,2160.0,58.5,85.5,0.0,0.0,931.1630789302006,0.0,0.0,1761,12217
2020-01-19 22:00:00,5580.0,2482.163078930201,2160.0,58.5,85.5,0.0,0.0,0.0,0.0,0.0,3760,10366
2020-01-19 23:00:00,5580.0,2573.1630789302003,2160.0,58.5,85.5,0.0,0.0,0.0,0.0,0.0,3746,10457
2020-01-20 00:00:00,5580.0,3402.0000000000005,2160.0,58.5,85.5,714.1630789302025,0.0,0.0,0.0,0.0,1714,12000
2020-01-20 01:00:00,5580.0,3402.0,2160.0,58.5,85.5,0.0,0.0,652.163078930202,0.0,0.0,1559,11938
2020-01-20 02:00:00,5580.0,3402.0000000000005,2160.0,58.5,85.5,626.1630789302022,0.0,0.0,0.0,0.0,1360,11912
2020-01-20 03:00:00,5580.0,3402.0,2160.0,58.5,85.5,0.0,0.0,251.163078930202,0.0,0.0,1317,11537
2020-01-20 04:00:00,5580.0,3402.0000000000005,2160.0,58.5,85.5,166.16307893020223,0.0,0.0,0.0,0.0,1328,11452
2020-01-20 05:00:00,5580.0,3362.1630789302026,2160.0,58.5,85.5,0.0,0.0,0.0,0.0,0.0,2094,11246
2020-01-20 06:00:00,5580.0,3402.0,2160.0,58.5,85.5,0.0,0.0,683.163078930202,0.0,0.0,2601,11969
2020-01-20 07:00:00,5580.0,3401.9999999999995,2160.0,58.5,85.5,1014.1630789302034,0.0,0.0,0.0,0.0,3288,12300
2020-01-20 08:00:00,5580.0,3402.0,2160.0,58.5,85.5,1012.1630789302,0.0,1200.0,0.0,0.0,2309,13498
2020-01-20 09:00:00,5580.0,3401.9999999999995,2160.0,58.5,85.5,1574.1630789302037,0.0,0.0,0.0,0.0,2876,12860
2020-01-20 10:00:00,5580.0,2972.1630789302026,2160.0,58.5,85.5,0.0,0.0,0.0,0.0,0.0,4714,10856
2020-01-20 11:00:00,5580.0,2669.163078930202,2160.0,58.5,85.5,0.0,0.0,0.0,0.0,0.0,4934,10553
2020-01-20 12:00:00,5580.0,2405.1630789302026,2160.0,58.5,85.5,0.0,0.0,0.0,0.0,0.0,5021,10289
2020-01-20 13:00:00,5580.0,3106.163078930202,2160.0,58.5,85.5,0.0,0.0,0.0,0.0,0.0,3941,10990
2020-01-20 14:00:00,5580.0,2758.1630789302026,2160.0,58.5,85.5,0.0,0.0,0.0,0.0,0.0,3936,10642
2020-01-20 15:00:00,5580.0,2387.1630789302026,2160.0,58.5,85.5,0.0,0.0,0.0,0.0,0.0,4030,10271
2020-01-20 16:00:00,5580.0,2044.1630789302026,2160.0,58.5,85.5,0.0,0.0,0.0,0.0,0.0,4324,9928
2020-01-20 17:00:00,5580.0,2692.1630789302026,2160.0,58.5,85.5,0.0,0.0,0.0,0.0,0.0,4161,10576
2020-01-20 18:00:00,5580.0,3401.999999999999,2160.0,58.5,85.5,1103.1630789302033,0.0,0.0,0.0,0.0,3129,12389
2020-01-20 19:00:00,5580.0,3270.1630789302026,2160.0,58.5,85.5,0.0,0.0,0.0,0.0,0.0,4099,11154
2020-01-20 20:00:00,5580.0,3033.1630789302026,2160.0,58.5,85.5,0.0,0.0,0.0,0.0,0.0,3585,10917
2020-01-20 21:00:00,5580.0,2701.163078930203,2160.0,58.5,85.5,0.0,0.0,0.0,0.0,0.0,3292,10585
2020-01-20 22:00:00,5580.0,3402.0,2160.0,58.5,85.5,0.0,0.0,825.1630789302026,0.0,0.0,1909,12111
2020-01-20 23:00:00,5580.0,2504.1630789302026,2160.0,58.5,85.5,0.0,0.0,0.0,0.0,0.0,3705,10388
2020-01-21 00:00:00,5580.0,2725.163078930203,2160.0,58.5,85.5,0.0,0.0,0.0,0.0,0.0,2982,10609
2020-01-21 01:00:00,5580.0,2586.163078930203,2160.0,58.5,85.5,0.0,0.0,0.0,0.0,0.0,2889,10470
2020-01-21 02:00:00,5580.0,2672.1630789302026,2160.0,58.5,85.5,0.0,0.0,0.0,0.0,0.0,2564,10556
2020-01-21 03:00:00,5580.0,2598.1630789302026,2160.0,58.5,85.5,0.0,0.0,0.0,0.0,0.0,2202,10482
2020-01-21 04:00:00,5580.0,2579.163078930202,2160.0,58.5,85.5,0.0,0.0,0.0,0.0,0.0,2125,10463
2020-01-21 05:00:00,5580.0,2818.1630789302026,2160.0,58.5,85.5,0.0,0.0,0.0,0.0,0.0,2420,10702
2020-01-21 06:00:00,5580.0,3402.0,2160.0,58.5,85.5,0.0,0.0,1087.1630789302017,0.0,0.0,1943,12373
2020-01-21 07:00:00,5580.0,3402.0000000000005,2160.0,58.5,85.5,0.0,0.0,679.1630789302018,0.0,0.0,3323,11965
2020-01-21 08:00:00,5580.0,3402.0,2160.0,58.5,85.5,0.0,0.0,228.16307893020257,0.0,0.0,3958,11514
2020-01-21 09:00:00,5580.0,3402.0000000000005,2160.0,58.5,85.5,0.0,0.0,817.1630789302018,0.0,0.0,3253,12103
2020-01-21 10:00:00,5580.0,2665.1630789302026,2160.0,58.5,85.5,0.0,0.0,0.0,0.0,0.0,4592,10549
2020-01-21 11:00:00,5580.0,2166.1630789302026,2160.0,58.5,85.5,0.0,0.0,0.0,0.0,0.0,4937,10050
2020-01-21 12:00:00,5580.0,1847.1630789302023,2160.0,58.5,85.5,0.0,0.0,0.0,0.0,0.0,5019,9731
2020-01-21 13:00:00,5580.0,1622.1630789302028,2160.0,58.5,85.5,0.0,0.0,0.0,0.0,0.0,4831,9506
2020-01-21 14:00:00,5580.0,1334.1630789302023,2160.0,58.5,85.5,0.0,0.0,0.0,0.0,0.0,4746,9218
2020-01-21 15:00:00,5580.0,963.1630789302027,2160.0,58.5,85.5,0.0,0.0,0.0,0.0,0.0,4824,8847
2020-01-21 16:00:00,5580.0,1199.1630789302028,2160.0,58.5,85.5,0.0,0.0,0.0,0.0,0.0,4537,9083
2020-01-21 17:00:00,5580.0,2100.1630789302026,2160.0,58.5,85.5,0.0,0.0,0.0,0.0,0.0,4152,9984
2020-01-21 18:00:00,5580.0,3402.0,2160.0,58.5,85.5,101.1630789302028,0.0,0.0,0.0,0.0,3591,11387
2020-01-21 19:00:00,5580.0,2969.163078930203,2160.0,58.5,85.5,0.0,0.0,0.0,0.0,0.0,3865,10853
2020-01-21 20:00:00,5580.0,3402.0000000000005,2160.0,58.5,85.5,70.16307893020166,0.0,0.0,0.0,0.0,2690,11356
2020-01-21 21:00:00,5580.0,3096.1630789302026,2160.0,58.5,85.5,0.0,0.0,0.0,0.0,0.0,2487,10980
2020-01-21 22:00:00,5580.0,2183.1630789302026,2160.0,58.5,85.5,0.0,0.0,0.0,0.0,0.0,3549,10067
2020-01-21 23:00:00,5580.0,3555.0000000000005,1001.1630789302017,0.0,0.0,0.0,0.0,0.0,0.0,0.0,3564,10136
2020-05-20 00:00:00,3600.0,1013.0,0.0,0.0,0.0,790.1630789302026,0.0,0.0,0.0,0.0,3630,5403
2020-05-20 01:00:00,3600.0,1013.0,0.0,0.0,0.0,449.1630789302026,0.0,0.0,0.0,0.0,3605,5062
2020-05-20 02:00:00,3600.0,1013.0,0.0,0.0,0.0,644.1630789302026,0.0,0.0,0.0,0.0,3113,5257
2020-05-20 03:00:00,3600.0,0.0,0.0,0.0,0.0,680.1630789302022,0.0,0.0,0.0,0.0,3725,4280
2020-05-20 04:00:00,1230.0,9.094947017729282e-13,0.0,0.0,0.0,4158.163078930202,0.0,0.0,0.0,0.0,2581,5388
2020-05-20 05:00:00,3600.0,0.0,0.0,0.0,0.0,938.1630789302023,0.0,0.0,0.0,0.0,3849,4538
2020-05-20 06:00:00,1230.0,1.3642420526593928e-13,0.0,0.0,0.0,4562.163078930203,0.0,0.0,0.0,0.0,3474,5792
2020-05-20 07:00:00,3600.0,0.0,0.0,0.0,0.0,2384.163078930203,0.0,0.0,0.0,0.0,4128,5984
2020-05-20 08:00:00,3600.0,5.456968210637569e-13,0.0,0.0,0.0,2603.1630789302026,0.0,0.0,0.0,0.0,4275,6203
2020-05-20 09:00:00,3600.0,0.0,0.0,0.0,0.0,2419.163078930203,0.0,0.0,0.0,0.0,4598,6019
2020-05-20 10:00:00,3600.0,1.3642420526593928e-13,0.0,0.0,0.0,2424.1630789302026,0.0,0.0,0.0,0.0,4574,6024
2020-05-20 11:00:00,3600.0,9.094947017729282e-13,0.0,0.0,0.0,2419.163078930202,0.0,0.0,0.0,0.0,4590,6019
2020-05-20 12:00:00,3600.0,2.728484105318784e-13,0.0,0.0,0.0,2234.163078930202,0.0,0.0,0.0,0.0,4759,5834
2020-05-20 13:00:00,1230.0,5.456968210637569e-13,0.0,0.0,0.0,4789.163078930203,0.0,0.0,0.0,0.0,4272,6019
2020-05-20 14:00:00,3600.0,0.0,0.0,0.0,0.0,2531.1630789302026,0.0,0.0,0.0,0.0,3834,6131
2020-05-20 15:00:00,3600.0,9.094947017729282e-13,0.0,0.0,0.0,2351.163078930202,0.0,0.0,0.0,0.0,3589,5951
2020-05-20 16:00:00,3600.0,0.0,0.0,0.0,0.0,2025.1630789302023,0.0,0.0,0.0,0.0,3565,5625
2020-05-20 17:00:00,3600.0,5.456968210637569e-13,0.0,0.0,0.0,1271.163078930202,0.0,0.0,0.0,0.0,4201,4871
2020-05-20 18:00:00,3600.0,0.0,0.0,0.0,0.0,997.1630789302028,0.0,0.0,0.0,0.0,4689,4597
2020-05-20 19:00:00,3600.0,-2.728484105318785e-13,0.0,0.0,0.0,1154.1630789302026,0.0,0.0,0.0,0.0,4468,4754
2020-05-20 20:00:00,3600.0,5.456968210637569e-13,0.0,0.0,0.0,1509.163078930202,0.0,0.0,0.0,0.0,3734,5109
2020-05-20 21:00:00,3600.0,0.0,0.0,0.0,0.0,1490.1630789302026,0.0,0.0,0.0,0.0,3695,5090
2020-05-20 22:00:00,3600.0,5.456968210637569e-13,0.0,0.0,0.0,1693.163078930202,0.0,0.0,0.0,0.0,3940,5293
2020-05-20 23:00:00,5397.1630789302035,-5.456968210637569e-13,0.0,0.0,0.0,0.0,0.0,0.0,0.0,0.0,4015,5397
2020-05-21 00:00:00,4865.163078930203,0.0,0.0,0.0,0.0,0.0,0.0,0.0,0.0,0.0,3869,4865
2020-05-21 01:00:00,4482.163078930203,0.0,0.0,0.0,0.0,0.0,0.0,0.0,0.0,0.0,3840,4482
2020-05-21 02:00:00,1860.0,0.0,0.0,0.0,0.0,2302.1630789302026,0.0,0.0,0.0,0.0,3837,4162
2020-05-21 03:00:00,3580.1630789302026,-9.09494701772928e-14,0.0,0.0,0.0,0.0,0.0,0.0,0.0,0.0,4002,3580
2020-05-21 04:00:00,3337.163078930202,0.0,0.0,0.0,0.0,0.0,0.0,0.0,0.0,0.0,4109,3337
2020-05-21 05:00:00,3256.1630789302017,4.547473508864642e-13,0.0,0.0,0.0,0.0,0.0,0.0,0.0,0.0,4385,3256
2020-05-21 06:00:00,3577.163078930202,0.0,0.0,0.0,0.0,0.0,0.0,0.0,0.0,0.0,4379,3577
2020-05-21 07:00:00,1860.0,2.728484105318785e-13,0.0,0.0,0.0,2119.1630789302026,0.0,0.0,0.0,0.0,4449,3979
2020-05-21 08:00:00,3895.163078930202,0.0,0.0,0.0,0.0,0.0,0.0,0.0,0.0,0.0,5067,3895
2020-05-21 09:00:00,4150.163078930203,4.547473508864642e-13,0.0,0.0,0.0,0.0,0.0,0.0,0.0,0.0,5171,4150
2020-05-21 10:00:00,3754.163078930202,0.0,0.0,0.0,0.0,0.0,0.0,0.0,0.0,0.0,5597,3754
2020-05-21 11:00:00,1860.0,1.1368683772161607e-14,0.0,0.0,0.0,1826.1630789302023,0.0,0.0,0.0,0.0,5687,3686
2020-05-21 12:00:00,1560.0,2.728484105318785e-13,0.0,0.0,0.0,2080.1630789302026,0.0,0.0,0.0,0.0,5898,3640
2020-05-21 13:00:00,3116.1630789302017,0.0,0.0,0.0,0.0,0.0,0.0,0.0,0.0,0.0,6019,3116
2020-05-21 14:00:00,1560.0,1.1368683772161607e-14,0.0,0.0,0.0,1428.1630789302023,0.0,0.0,0.0,0.0,5786,2988
2020-05-21 15:00:00,2934.1630789302017,0.0,0.0,0.0,0.0,0.0,0.0,0.0,0.0,0.0,5420,2934
2020-05-21 16:00:00,3017.1630789302017,4.547473508864642e-13,0.0,0.0,0.0,0.0,0.0,0.0,0.0,0.0,5065,3017
2020-05-21 17:00:00,2928.1630789302017,6.821210263296964e-14,0.0,0.0,0.0,0.0,0.0,0.0,0.0,0.0,5123,2928
2020-05-21 18:00:00,3233.1630789302017,2.728484105318785e-13,0.0,0.0,0.0,0.0,0.0,0.0,0.0,0.0,5098,3233
2020-05-21 19:00:00,3433.163078930202,0.0,0.0,0.0,0.0,0.0,0.0,0.0,0.0,0.0,4894,3433
2020-05-21 20:00:00,3240.163078930202,2.728484105318785e-13,0.0,0.0,0.0,0.0,0.0,0.0,0.0,0.0,4815,3240
2020-05-21 21:00:00,3461.163078930202,2.728484105318785e-13,0.0,0.0,0.0,0.0,0.0,0.0,0.0,0.0,4559,3461
2020-05-21 22:00:00,4195.163078930203,0.0,0.0,0.0,0.0,0.0,0.0,0.0,0.0,0.0,4325,4195
2020-05-21 23:00:00,4350.163078930203,1.8189894035458566e-13,0.0,0.0,0.0,0.0,0.0,0.0,0.0,0.0,4442,4350
2020-05-22 00:00:00,3327.1630789302017,0.0,0.0,0.0,0.0,0.0,0.0,0.0,0.0,0.0,4873,3327
2020-05-22 01:00:00,1560.0,0.0,0.0,0.0,0.0,2022.163078930202,0.0,0.0,0.0,0.0,4183,3582
2020-05-22 02:00:00,3197.1630789302017,2.728484105318785e-13,0.0,0.0,0.0,0.0,0.0,0.0,0.0,0.0,4191,3197
2020-05-22 03:00:00,1560.0,-9.09494701772928e-14,0.0,0.0,0.0,1294.1630789302023,0.0,0.0,0.0,0.0,4070,2854
2020-05-22 04:00:00,2761.163078930202,0.0,0.0,0.0,0.0,0.0,0.0,0.0,0.0,0.0,3922,2761
2020-05-22 05:00:00,1560.0,9.09494701772928e-14,0.0,0.0,0.0,1508.163078930202,0.0,0.0,0.0,0.0,3606,3068
2020-05-22 06:00:00,2976.1630789302017,9.09494701772928e-14,0.0,0.0,0.0,0.0,0.0,0.0,0.0,0.0,3717,2976
2020-05-22 07:00:00,2918.163078930202,0.0,0.0,0.0,0.0,0.0,0.0,0.0,0.0,0.0,4004,2918
2020-05-22 08:00:00,1560.0,1.8189894035458566e-13,0.0,0.0,0.0,1529.163078930202,0.0,0.0,0.0,0.0,4285,3089
2020-05-22 09:00:00,3354.1630789302017,0.0,0.0,0.0,0.0,0.0,0.0,0.0,0.0,0.0,4460,3354
2020-05-22 10:00:00,1560.0,0.0,0.0,0.0,0.0,2055.163078930202,0.0,0.0,0.0,0.0,4444,3615
2020-05-22 11:00:00,3721.1630789302017,5.45696821063757e-13,0.0,0.0,0.0,0.0,0.0,0.0,0.0,0.0,4505,3721
2020-05-22 12:00:00,4014.1630789302017,9.09494701772928e-14,0.0,0.0,0.0,0.0,0.0,0.0,0.0,0.0,4501,4014
2020-05-22 13:00:00,3782.1630789302017,2.728484105318785e-13,0.0,0.0,0.0,0.0,0.0,0.0,0.0,0.0,4266,3782
2020-05-22 14:00:00,3596.1630789302017,4.547473508864642e-13,0.0,0.0,0.0,0.0,0.0,0.0,0.0,0.0,4022,3596
2020-05-22 15:00:00,3428.1630789302017,4.547473508864642e-13,0.0,0.0,0.0,0.0,0.0,0.0,0.0,0.0,3816,3428
2020-05-22 16:00:00,3132.1630789302017,2.728484105318785e-13,0.0,0.0,0.0,0.0,0.0,0.0,0.0,0.0,3903,3132
2020-05-22 17:00:00,1530.0,4.547473508864642e-13,0.0,0.0,0.0,1649.1630789302017,0.0,0.0,0.0,0.0,3900,3179
2020-05-22 18:00:00,3794.1630789302017,5.45696821063757e-13,0.0,0.0,0.0,0.0,0.0,0.0,0.0,0.0,3697,3794
2020-05-22 19:00:00,4078.1630789302017,9.09494701772928e-14,0.0,0.0,0.0,0.0,0.0,0.0,0.0,0.0,3680,4078
2020-05-22 20:00:00,3951.1630789302017,2.728484105318785e-13,0.0,0.0,0.0,0.0,0.0,0.0,0.0,0.0,3712,3951
2020-05-22 21:00:00,4287.163078930202,9.09494701772928e-14,0.0,0.0,0.0,0.0,0.0,0.0,0.0,0.0,3357,4287
2020-05-22 22:00:00,4410.0,1.7053025658242404e-14,0.0,0.0,0.0,197.16307893020232,0.0,0.0,0.0,0.0,3484,4607
2020-05-22 23:00:00,1530.0,9.09494701772928e-14,0.0,0.0,0.0,3228.1630789302026,0.0,0.0,0.0,0.0,3568,4758
2020-05-23 00:00:00,1530.0,0.0,0.0,0.0,0.0,3241.1630789302026,0.0,0.0,0.0,0.0,3052,4771
2020-05-23 01:00:00,4410.0,0.0,0.0,0.0,0.0,315.16307893020263,0.0,0.0,0.0,0.0,2667,4725
2020-05-23 02:00:00,1530.0,0.0,0.0,0.0,0.0,2615.1630789302026,0.0,0.0,0.0,0.0,2878,4145
2020-05-23 03:00:00,3319.163078930202,0.0,0.0,0.0,0.0,0.0,0.0,0.0,0.0,0.0,3252,3319
2020-05-23 04:00:00,1334.6647097194543,2.728484105318785e-13,0.0,0.0,0.0,578.4983692107477,0.0,0.0,0.0,0.0,4426,1913
2020-05-23 05:00:00,1817.1630789302017,387.0,0.0,0.0,0.0,0.0,0.0,0.0,0.0,0.0,4095,2204
2020-05-23 06:00:00,1726.1630789302023,387.0000000000001,0.0,0.0,0.0,0.0,0.0,0.0,0.0,0.0,4206,2113
2020-05-23 07:00:00,1715.163078930202,387.0000000000001,0.0,0.0,0.0,0.0,0.0,0.0,0.0,0.0,4469,2102
2020-05-23 08:00:00,1980.0,387.00000000000097,0.0,0.0,0.0,75.16307893020114,0.0,0.0,0.0,0.0,4586,2442
2020-05-23 09:00:00,630.0,4.547473508864642e-13,0.0,0.0,0.0,2206.1630789302017,0.0,0.0,0.0,0.0,4617,2836
2020-05-23 10:00:00,1649.1630789302021,0.0,0.0,0.0,0.0,0.0,0.0,0.0,0.0,0.0,6027,1649
2020-05-23 11:00:00,1339.1630789302017,2.728484105318785e-13,0.0,0.0,0.0,0.0,0.0,0.0,0.0,0.0,6507,1339
2020-05-23 12:00:00,1980.0,0.0,0.0,0.0,0.0,347.1630789302018,0.0,0.0,0.0,0.0,5787,2327
2020-05-23 13:00:00,1635.1630789302021,0.0,0.0,0.0,0.0,0.0,0.0,0.0,0.0,0.0,6054,1635
2020-05-23 14:00:00,1242.1630789302021,0.0,0.0,0.0,0.0,0.0,0.0,0.0,0.0,0.0,6051,1242
2020-05-23 15:00:00,717.1630789302021,4.547473508864642e-13,0.0,0.0,0.0,0.0,0.0,0.0,0.0,0.0,6263,717
2020-05-23 16:00:00,1212.1630789302028,136.99999999999926,0.0,0.0,0.0,0.0,0.0,0.0,0.0,0.0,5441,1349
2020-05-23 17:00:00,630.0,137.00000000000026,0.0,0.0,0.0,0.0,67.83692106979834,0.0,0.0,0.0,6108,699
2020-05-23 18:00:00,1872.1630789302021,137.00000000000026,0.0,0.0,0.0,0.0,0.0,0.0,0.0,0.0,5130,2009
2020-05-23 19:00:00,2220.1630789302017,137.00000000000009,0.0,0.0,0.0,0.0,0.0,0.0,0.0,0.0,5019,2357
2020-05-23 20:00:00,2340.1630789302017,4.547473508864642e-13,0.0,0.0,0.0,0.0,0.0,0.0,0.0,0.0,4925,2340
2020-05-23 21:00:00,1496.2853881278534,0.0,0.0,0.0,0.0,0.0,0.0,50.87769080234875,0.0,0.0,5665,1547
2020-05-23 22:00:00,3028.163078930202,4.547473508864642e-13,0.0,0.0,0.0,0.0,0.0,0.0,0.0,0.0,4697,3028
2020-05-23 23:00:00,2472.1630789302017,0.0,0.0,0.0,0.0,0.0,0.0,0.0,0.0,0.0,5501,2472
2020-05-24 00:00:00,3150.0,0.0,0.0,0.0,0.0,11.16307893020193,0.0,0.0,0.0,0.0,4454,3161
2020-05-24 01:00:00,2965.1630789302017,2.728484105318785e-13,0.0,0.0,0.0,0.0,0.0,0.0,0.0,0.0,4304,2965
2020-05-24 02:00:00,2427.163078930202,387.00000000000045,0.0,0.0,0.0,0.0,0.0,0.0,0.0,0.0,4155,2814
2020-05-24 03:00:00,2113.163078930202,151.00000000000006,0.0,0.0,0.0,0.0,0.0,0.0,0.0,0.0,4324,2264
2020-05-24 04:00:00,1798.8048365048453,381.3582424253569,0.0,0.0,0.0,0.0,0.0,0.0,0.0,0.0,4378,2180
2020-05-24 05:00:00,2627.1630789302026,286.0000000000001,0.0,0.0,0.0,0.0,0.0,0.0,0.0,0.0,4097,2913
2020-05-24 06:00:00,3825.1630789302017,135.0,0.0,0.0,0.0,0.0,0.0,0.0,0.0,0.0,3887,3960
2020-05-24 07:00:00,4427.163078930203,286.0,0.0,0.0,0.0,0.0,0.0,0.0,0.0,0.0,3992,4713
2020-05-24 08:00:00,4885.163078930203,151.00000000000014,0.0,0.0,0.0,0.0,0.0,0.0,0.0,0.0,4156,5036
2020-05-24 09:00:00,5088.163078930202,151.00000000000063,0.0,0.0,0.0,0.0,0.0,0.0,0.0,0.0,4240,5239
2020-05-24 10:00:00,5223.1630789302035,151.00000000000043,0.0,0.0,0.0,0.0,0.0,0.0,0.0,0.0,4205,5374
2020-05-24 11:00:00,5464.163078930203,0.0,0.0,0.0,0.0,0.0,0.0,0.0,0.0,0.0,4268,5464
2020-05-24 12:00:00,5580.0,4.547473508864642e-13,0.0,0.0,0.0,249.1630789302025,0.0,0.0,0.0,0.0,3976,5829
2020-05-24 13:00:00,5580.0,0.0,0.0,0.0,0.0,82.16307893020327,0.0,0.0,0.0,0.0,3980,5662
2020-05-24 14:00:00,5580.0,160.16307893020274,0.0,0.0,0.0,0.0,0.0,0.0,0.0,0.0,3724,5740
2020-05-24 15:00:00,5378.1630789302035,151.00000000000006,0.0,0.0,0.0,0.0,0.0,0.0,0.0,0.0,3635,5529
2020-05-24 16:00:00,5038.1630789302035,151.00000000000006,0.0,0.0,0.0,0.0,0.0,0.0,0.0,0.0,3737,5189
2020-05-24 17:00:00,4554.163078930202,151.00000000000045,0.0,0.0,0.0,0.0,0.0,0.0,0.0,0.0,4095,4705
2020-05-24 18:00:00,4381.163078930202,302.00000000000034,0.0,0.0,0.0,0.0,0.0,0.0,0.0,0.0,4355,4683
2020-05-24 19:00:00,4325.163078930202,302.0000000000001,0.0,0.0,0.0,0.0,0.0,0.0,0.0,0.0,4394,4627
2020-05-24 20:00:00,3865.163078930202,151.00000000000023,0.0,0.0,0.0,0.0,0.0,0.0,0.0,0.0,4436,4016
2020-05-24 21:00:00,3503.1630789302017,151.00000000000006,0.0,0.0,0.0,0.0,0.0,0.0,0.0,0.0,4553,3654
2020-05-24 22:00:00,4108.163078930203,-5.456968210637568e-13,0.0,0.0,0.0,0.0,0.0,0.0,0.0,0.0,4446,4108
2020-05-24 23:00:00,4315.163078930202,4.547473508864642e-13,0.0,0.0,0.0,0.0,0.0,0.0,0.0,0.0,4365,4315
2020-05-25 00:00:00,3815.1630789302026,0.0,0.0,0.0,0.0,0.0,0.0,0.0,0.0,0.0,4251,3815
2020-05-25 01:00:00,3325.163078930202,1.818989403545857e-13,0.0,0.0,0.0,0.0,0.0,0.0,0.0,0.0,4341,3325
2020-05-25 02:00:00,2900.1630789302017,150.99999999999963,0.0,0.0,0.0,0.0,0.0,0.0,0.0,0.0,4312,3051
2020-05-25 03:00:00,2215.1630789302026,387.0,0.0,0.0,0.0,0.0,0.0,0.0,0.0,0.0,4373,2602
2020-05-25 04:00:00,2491.1630789302017,150.99999999999963,0.0,0.0,0.0,0.0,0.0,0.0,0.0,0.0,4244,2642
2020-05-25 05:00:00,2458.163078930202,387.00000000000006,0.0,0.0,0.0,0.0,0.0,0.0,0.0,0.0,4392,2845
2020-05-25 06:00:00,3675.163078930202,151.0000000000001,0.0,0.0,0.0,0.0,0.0,0.0,0.0,0.0,4219,3826
2020-05-25 07:00:00,4288.163078930203,387.0,0.0,0.0,0.0,0.0,0.0,0.0,0.0,0.0,4226,4675
2020-05-25 08:00:00,4925.016071519215,330.1470074109878,0.0,0.0,0.0,0.0,0.0,0.0,0.0,0.0,4133,5255
2020-05-25 09:00:00,5050.163078930203,387.0,0.0,0.0,0.0,0.0,0.0,0.0,0.0,0.0,4240,5437
2020-05-25 10:00:00,5163.163078930202,150.99999999999994,0.0,0.0,0.0,0.0,0.0,0.0,0.0,0.0,4502,5314
2020-05-25 11:00:00,5168.163078930203,150.99999999999963,0.0,0.0,0.0,0.0,0.0,0.0,0.0,0.0,4650,5319
2020-05-25 12:00:00,5163.163078930202,5.456968210637569e-13,0.0,0.0,0.0,0.0,0.0,0.0,0.0,0.0,4896,5163
2020-05-25 13:00:00,4911.163078930203,0.0,0.0,0.0,0.0,0.0,0.0,0.0,0.0,0.0,4958,4911
2020-05-25 14:00:00,4842.163078930203,1.818989403545857e-13,0.0,0.0,0.0,0.0,0.0,0.0,0.0,0.0,4861,4842
2020-05-25 15:00:00,4652.163078930202,1.818989403545857e-13,0.0,0.0,0.0,0.0,0.0,0.0,0.0,0.0,4734,4652
2020-05-25 16:00:00,4444.163078930203,0.0,0.0,0.0,0.0,0.0,0.0,0.0,0.0,0.0,4693,4444
2020-05-25 17:00:00,4172.163078930202,1.818989403545857e-13,0.0,0.0,0.0,0.0,0.0,0.0,0.0,0.0,4853,4172
2020-05-25 18:00:00,4380.163078930203,0.0,0.0,0.0,0.0,0.0,0.0,0.0,0.0,0.0,4909,4380
2020-05-25 19:00:00,4618.163078930202,0.0,0.0,0.0,0.0,0.0,0.0,0.0,0.0,0.0,4706,4618
2020-05-25 20:00:00,3945.163078930202,0.0,0.0,0.0,0.0,0.0,0.0,0.0,0.0,0.0,4818,3945
2020-05-25 21:00:00,3706.1630789302017,1.818989403545857e-13,0.0,0.0,0.0,0.0,0.0,0.0,0.0,0.0,4741,3706
2020-05-25 22:00:00,4189.163078930202,5.456968210637569e-13,0.0,0.0,0.0,0.0,0.0,0.0,0.0,0.0,4642,4189
2020-05-25 23:00:00,4063.1630789302026,137.0,0.0,0.0,0.0,0.0,0.0,0.0,0.0,0.0,4776,4200
2020-05-26 00:00:00,2276.563078930202,1128.6,0.0,0.0,0.0,0.0,0.0,0.0,0.0,0.0,4952,3405
2020-05-26 01:00:00,2586.1630789302017,590.0000000000003,0.0,0.0,0.0,0.0,0.0,0.0,0.0,0.0,4792,3176
2020-05-26 02:00:00,1860.0,1217.1630789302021,0.0,0.0,0.0,0.0,0.0,0.0,0.0,0.0,4594,3077
2020-05-26 03:00:00,2119.163078930202,452.99999999999994,0.0,0.0,0.0,0.0,0.0,0.0,0.0,0.0,4719,2572
2020-05-26 04:00:00,1975.1630789302021,774.0,0.0,0.0,0.0,0.0,0.0,0.0,0.0,0.0,4471,2749
2020-05-26 05:00:00,2900.1630789302017,286.00000000000017,0.0,0.0,0.0,0.0,0.0,0.0,0.0,0.0,4415,3186
2020-05-26 06:00:00,3223.163078930202,738.0,0.0,0.0,0.0,0.0,0.0,0.0,0.0,0.0,4463,3961
2020-05-26 07:00:00,4524.163078930202,351.0000000000011,0.0,0.0,0.0,0.0,0.0,0.0,0.0,0.0,4387,4875
2020-05-26 08:00:00,5121.1630789302035,350.99999999999994,0.0,0.0,0.0,0.0,0.0,0.0,0.0,0.0,4202,5472
2020-05-26 09:00:00,4553.1630789302035,909.0,0.0,0.0,0.0,0.0,0.0,0.0,0.0,0.0,4391,5462
2020-05-26 10:00:00,5154.1630789302035,301.9999999999998,0.0,0.0,0.0,0.0,0.0,0.0,0.0,0.0,4436,5456
2020-05-26 11:00:00,4499.563078930203,1128.6,0.0,0.0,0.0,0.0,0.0,0.0,0.0,0.0,4338,5628
2020-05-26 12:00:00,4648.563078930203,1128.5999999999995,0.0,0.0,0.0,0.0,0.0,0.0,0.0,0.0,4210,5777
2020-05-26 13:00:00,4233.963078930203,1483.2,0.0,0.0,0.0,0.0,0.0,0.0,0.0,0.0,4034,5717
2020-05-26 14:00:00,4464.963078930203,1483.1999999999998,0.0,0.0,0.0,0.0,0.0,0.0,0.0,0.0,3623,5948
2020-05-26 15:00:00,4663.963078930203,1483.1999999999998,0.0,0.0,0.0,0.0,0.0,0.0,0.0,0.0,3105,6147
2020-05-26 16:00:00,4425.163078930203,1550.0,0.0,0.0,0.0,0.0,0.0,0.0,0.0,0.0,3027,5975
2020-05-26 17:00:00,3875.9630789302037,1769.1999999999994,0.0,0.0,0.0,0.0,0.0,0.0,0.0,0.0,3259,5645
2020-05-26 18:00:00,4270.724675549498,1820.4384033807048,0.0,0.0,0.0,0.0,0.0,0.0,0.0,0.0,3106,6091
2020-05-26 19:00:00,4819.963078930203,1920.2000000000003,0.0,0.0,0.0,0.0,0.0,0.0,0.0,0.0,2523,6740
2020-05-26 20:00:00,3844.963078930203,1920.1999999999996,0.0,0.0,0.0,0.0,0.0,0.0,0.0,0.0,2914,5765
2020-05-26 21:00:00,3960.0,2027.163078930203,0.0,0.0,0.0,0.0,0.0,0.0,0.0,0.0,2392,5987
2020-05-26 22:00:00,3960.0,2192.1630789302026,0.0,0.0,0.0,0.0,0.0,0.0,0.0,0.0,2623,6152
2020-05-26 23:00:00,2340.0,3555.0,0.0,0.0,0.0,575.163078930202,0.0,0.0,0.0,0.0,2462,6470
2020-05-27 00:00:00,2340.0,1012.9999999999997,0.0,0.0,0.0,2597.163078930203,0.0,0.0,0.0,0.0,2417,5950
2020-05-27 01:00:00,2340.0,1012.9999999999997,0.0,0.0,0.0,2253.163078930203,0.0,0.0,0.0,0.0,2360,5606
2020-05-27 02:00:00,2340.0,1012.9999999999997,0.0,0.0,0.0,2079.163078930203,0.0,0.0,0.0,0.0,2234,5432
2020-05-27 03:00:00,2340.0,1.8932661725304283e-29,0.0,0.0,0.0,2709.163078930203,0.0,0.0,0.0,0.0,2234,5049
2020-05-27 04:00:00,2340.0,2.728484105318785e-13,0.0,0.0,0.0,2688.163078930203,0.0,0.0,0.0,0.0,2188,5028
2020-05-27 05:00:00,2340.0,0.0,0.0,0.0,0.0,3032.163078930203,0.0,0.0,0.0,0.0,2231,5372
2020-05-27 06:00:00,2340.0,2.728484105318785e-13,0.0,0.0,0.0,3904.163078930203,0.0,0.0,0.0,0.0,2178,6244
2020-05-27 07:00:00,2340.0,0.0,1080.0,0.0,0.0,3895.163078930203,0.0,0.0,0.0,0.0,1975,7315
2020-05-27 08:00:00,2340.0,9.09494701772928e-14,840.0,0.0,0.0,4601.1630789302035,0.0,0.0,0.0,0.0,1887,7781
2020-05-27 09:00:00,2340.0,0.0,2160.0,0.0,0.0,3201.1630789302035,0.0,0.0,0.0,0.0,2134,7701
2020-05-27 10:00:00,2340.0,0.0,840.0,0.0,0.0,4236.1630789302035,0.0,0.0,0.0,0.0,2414,7416
2020-05-27 11:00:00,2340.0,2.728484105318785e-13,2160.0,0.0,0.0,2776.163078930203,0.0,0.0,0.0,0.0,2558,7276
2020-05-27 12:00:00,2340.0,2.728484105318785e-13,2160.0,0.0,0.0,2852.1630789302026,0.0,0.0,0.0,0.0,2488,7352
2020-05-27 13:00:00,2340.0,2.728484105318785e-13,840.0,0.0,0.0,3969.163078930203,0.0,0.0,0.0,0.0,2399,7149
2020-05-27 14:00:00,2340.0,0.0,2160.0,0.0,0.0,2642.1630789302035,0.0,0.0,0.0,0.0,2188,7142
2020-05-27 15:00:00,2340.0,2.728484105318785e-13,840.0,0.0,0.0,3855.163078930203,0.0,0.0,0.0,0.0,1959,7035
2020-05-27 16:00:00,2340.0,2.728484105318785e-13,840.0,0.0,0.0,3905.1630789302026,0.0,0.0,0.0,0.0,1628,7085
2020-05-27 17:00:00,2340.0,4.547473508864642e-13,2160.0,0.0,0.0,2667.1630789302035,0.0,0.0,0.0,0.0,1454,7167
2020-05-27 18:00:00,2340.0,4.547473508864642e-13,840.0,0.0,0.0,4240.163078930203,0.0,0.0,0.0,0.0,1372,7420
2020-05-27 19:00:00,2340.0,0.0,2160.0,0.0,0.0,1896.163078930203,0.0,0.0,0.0,0.0,2335,6396
2020-05-27 20:00:00,2340.0,4.547473508864642e-13,630.0,0.0,0.0,4016.163078930203,0.0,0.0,0.0,0.0,1255,6986
2020-05-27 21:00:00,2340.0,-3.4106051316484814e-14,762.6647097194846,0.0,0.0,3656.498369210718,0.0,0.0,0.0,0.0,1288,6759
2020-05-27 22:00:00,2340.0,2.728484105318785e-13,1620.0,0.0,0.0,2964.1630789302035,0.0,0.0,0.0,0.0,1615,6924
2020-05-27 23:00:00,5580.0,-3.4106051316484814e-14,1159.1630789302028,0.0,0.0,0.0,0.0,0.0,0.0,0.0,1976,6739
2020-05-28 00:00:00,5580.0,2.2737367544323216e-13,540.0,0.0,0.0,538.1630789302028,0.0,0.0,0.0,0.0,1286,6658
2020-05-28 01:00:00,5580.0,2.728484105318784e-13,540.0,0.0,0.0,58.16307893020207,0.0,0.0,0.0,0.0,1290,6178
2020-05-28 02:00:00,5580.0,2.273736754432321e-13,0.0,0.0,0.0,214.16307893020277,0.0,0.0,0.0,0.0,1328,5794
2020-05-28 03:00:00,5580.0,7.275957614183426e-13,0.0,0.0,0.0,0.0,216.83692106979788,0.0,0.0,0.0,1343,5363
2020-05-28 04:00:00,5580.0,0.0,0.0,0.0,0.0,0.0,574.8369210697974,0.0,0.0,0.0,1552,5005
2020-05-28 05:00:00,5580.0,5.456968210637569e-13,0.0,0.0,0.0,0.0,485.8369210697974,0.0,0.0,0.0,1565,5094
2020-05-28 06:00:00,5580.0,2.728484105318784e-13,0.0,0.0,0.0,0.0,333.8369210697974,0.0,0.0,0.0,1690,5246
2020-05-28 07:00:00,5580.0,5.456968210637569e-13,0.0,0.0,0.0,0.0,0.0,178.16307893020257,0.0,0.0,1641,5758
2020-05-28 08:00:00,5580.0,0.0,0.0,0.0,0.0,0.0,0.0,657.1630789302026,0.0,0.0,1726,6237
2020-05-28 09:00:00,5580.0,7.275957614183426e-13,0.0,0.0,0.0,308.9784735812144,0.0,373.1846053489876,0.0,0.0,2114,6262
2020-05-28 10:00:00,5580.0,2.728484105318784e-13,0.0,0.0,0.0,389.16307893020206,0.0,0.0,0.0,0.0,2533,5969
2020-05-28 11:00:00,5580.0,2.2737367544323216e-13,0.0,0.0,0.0,17.163078930202808,0.0,0.0,0.0,0.0,3010,5597
2020-05-28 12:00:00,5580.0,7.275957614183426e-13,0.0,0.0,0.0,63.16307893020187,0.0,0.0,0.0,0.0,3189,5643
2020-05-28 13:00:00,5247.163078930203,-6.821210263296964e-14,0.0,0.0,0.0,0.0,0.0,0.0,0.0,0.0,3267,5247
2020-05-28 14:00:00,5180.163078930202,5.456968210637569e-13,0.0,0.0,0.0,0.0,0.0,0.0,0.0,0.0,3051,5180
2020-05-28 15:00:00,5328.427701674278,-6.821210263296964e-14,0.0,0.0,0.0,0.0,11.264622744075382,0.0,0.0,0.0,2579,5317
2020-05-28 16:00:00,5503.163078930202,9.094947017729282e-13,0.0,0.0,0.0,0.0,0.0,0.0,0.0,0.0,2148,5503
2020-05-28 17:00:00,5580.0,-6.821210263296964e-14,0.0,0.0,0.0,0.0,79.83692106979754,0.0,0.0,0.0,2090,5500
2020-05-28 18:00:00,5580.0,7.275957614183426e-13,0.0,0.0,0.0,0.0,0.0,63.16307893020212,0.0,0.0,2152,5643
2020-05-28 19:00:00,5580.0,0.0,0.0,0.0,0.0,0.0,0.0,5.163078930202573,0.0,0.0,2212,5585
2020-05-28 20:00:00,5144.163078930202,5.456968210637569e-13,0.0,0.0,0.0,0.0,0.0,0.0,0.0,0.0,2293,5144
2020-05-28 21:00:00,5216.543596434009,9.094947017729282e-13,0.0,0.0,0.0,0.0,263.380517503806,0.0,0.0,0.0,2347,4953
2020-05-28 22:00:00,5580.0,0.0,0.0,0.0,0.0,0.0,20.836921069797427,0.0,0.0,0.0,2303,5559
2020-05-28 23:00:00,5580.0,9.094947017729282e-13,0.0,0.0,0.0,0.0,0.0,213.16307893020257,0.0,0.0,2338,5793
2020-05-29 00:00:00,5310.163078930202,0.0,0.0,0.0,0.0,0.0,0.0,0.0,0.0,0.0,2261,5310
2020-05-29 01:00:00,4952.163078930203,0.0,0.0,0.0,0.0,0.0,0.0,0.0,0.0,0.0,2161,4952
2020-05-29 02:00:00,4436.163078930203,-1.3642420526593928e-13,0.0,0.0,0.0,0.0,0.0,0.0,0.0,0.0,2288,4436
2020-05-29 03:00:00,3868.163078930202,0.0,0.0,0.0,0.0,0.0,0.0,0.0,0.0,0.0,2387,3868
2020-05-29 04:00:00,3575.163078930202,0.0,0.0,0.0,0.0,0.0,0.0,0.0,0.0,0.0,2424,3575
2020-05-29 05:00:00,3409.163078930201,6.366462912410497e-13,0.0,0.0,0.0,0.0,0.0,0.0,0.0,0.0,2506,3409
2020-05-29 06:00:00,3046.1630789302017,0.0,0.0,0.0,0.0,0.0,0.0,0.0,0.0,0.0,2859,3046
2020-05-29 07:00:00,3885.163078930202,0.0,0.0,0.0,0.0,0.0,0.0,0.0,0.0,0.0,2264,3885
2020-05-29 08:00:00,2769.163078930202,0.0,0.0,0.0,0.0,0.0,0.0,0.0,0.0,0.0,3875,2769
2020-05-29 09:00:00,4401.163078930203,0.0,0.0,0.0,0.0,0.0,0.0,0.0,0.0,0.0,2721,4401
2020-05-29 10:00:00,3798.1630789302017,0.0,0.0,0.0,0.0,0.0,0.0,0.0,0.0,0.0,3630,3798
2020-05-29 11:00:00,5129.163078930202,0.0,0.0,0.0,0.0,0.0,1200.0,0.0,0.0,0.0,3730,3929
2020-05-29 12:00:00,4370.773429006317,0.0,0.0,0.0,0.0,0.0,158.61035007611522,0.0,0.0,0.0,3764,4212
2020-05-29 13:00:00,4012.163078930202,0.0,0.0,0.0,0.0,0.0,0.0,0.0,0.0,0.0,3582,4012
2020-05-29 14:00:00,3987.1630789302017,0.0,0.0,0.0,0.0,0.0,0.0,0.0,0.0,0.0,3254,3987
2020-05-29 15:00:00,5368.163078930203,0.0,0.0,0.0,0.0,0.0,1200.0,0.0,0.0,0.0,2797,4168
2020-05-29 16:00:00,5580.0,0.0,0.0,0.0,0.0,0.0,1135.836921069797,0.0,0.0,0.0,2348,4444
2020-05-29 17:00:00,5580.0,1.9326762412674732e-13,0.0,0.0,0.0,0.0,866.8369210697972,0.0,0.0,0.0,2101,4713
2020-05-29 18:00:00,4723.163078930202,0.0,0.0,0.0,0.0,0.0,1200.0,0.0,0.0,0.0,3590,3523
2020-05-29 19:00:00,4981.163078930202,5.456968210637569e-13,0.0,0.0,0.0,0.0,1200.0,0.0,0.0,0.0,3574,3781
2020-05-29 20:00:00,5580.0,0.0,0.0,0.0,0.0,0.0,376.83692106979834,0.0,0.0,0.0,2027,5203
2020-05-29 21:00:00,5580.0,5.456968210637569e-13,0.0,0.0,0.0,0.0,362.8369210697974,0.0,0.0,0.0,1962,5217
2020-05-29 22:00:00,5580.0,-5.456968210637569e-13,0.0,0.0,0.0,0.0,851.836921069797,0.0,0.0,0.0,2959,4728
2020-05-29 23:00:00,5580.0,0.0,0.0,0.0,0.0,0.0,0.0,422.16307893020235,0.0,0.0,1906,6002
2020-05-30 00:00:00,5580.0,4.547473508864642e-13,0.0,0.0,0.0,0.0,239.83692106979788,0.0,0.0,0.0,2034,5340
2020-05-30 01:00:00,5580.0,-5.45696821063757e-13,0.0,0.0,0.0,0.0,917.8369210697964,0.0,0.0,0.0,2329,4662
2020-05-30 02:00:00,5580.0,4.547473508864642e-13,0.0,0.0,0.0,0.0,1126.836921069798,0.0,0.0,0.0,2225,4453
2020-05-30 03:00:00,5297.1630789302035,-5.45696821063757e-13,0.0,0.0,0.0,0.0,1200.0,0.0,0.0,0.0,2218,4097
2020-05-30 04:00:00,5239.163078930202,2.728484105318785e-13,0.0,0.0,0.0,0.0,1200.0,0.0,0.0,0.0,2244,4039
2020-05-30 05:00:00,5580.0,2.728484105318785e-13,0.0,0.0,0.0,0.0,1121.8369210697974,0.0,0.0,0.0,2246,4458
2020-05-30 06:00:00,5270.163078930202,2.728484105318785e-13,0.0,0.0,0.0,0.0,1200.0,0.0,0.0,0.0,3464,4070
2020-05-30 07:00:00,5580.0,2.728484105318785e-13,0.0,0.0,0.0,0.0,1080.8369210697974,0.0,0.0,0.0,3941,4499
2020-05-30 08:00:00,5580.0,2.728484105318785e-13,0.0,0.0,0.0,0.0,609.8369210697975,0.0,0.0,0.0,4011,4970
2020-05-30 09:00:00,5580.0,2.728484105318785e-13,0.0,0.0,0.0,211.1630789302024,0.0,1200.0,0.0,0.0,2316,6991
2020-05-30 10:00:00,5580.0,-5.45696821063757e-13,0.0,0.0,0.0,0.0,90.83692106979744,0.0,0.0,0.0,3969,5489
2020-05-30 11:00:00,5580.0,2.728484105318785e-13,0.0,0.0,0.0,0.0,0.0,848.1630789302026,0.0,0.0,3209,6428
2020-05-30 12:00:00,5580.0,2.728484105318785e-13,0.0,0.0,0.0,0.0,0.0,443.1630789302021,0.0,0.0,3678,6023
2020-05-30 13:00:00,5580.0,2.728484105318785e-13,0.0,0.0,0.0,0.0,0.0,718.1630789302026,0.0,0.0,3270,6298
2020-05-30 14:00:00,5580.0,2.728484105318785e-13,0.0,0.0,0.0,0.0,0.0,700.1630789302021,0.0,0.0,3169,6280
2020-05-30 15:00:00,5580.0,2.728484105318785e-13,0.0,0.0,0.0,48.16307893020228,0.0,1200.0,0.0,0.0,2369,6828
2020-05-30 16:00:00,5580.0,2.728484105318785e-13,0.0,0.0,0.0,0.0,0.0,211.16307893020212,0.0,0.0,3186,5791
2020-05-30 17:00:00,5580.0,2.728484105318785e-13,0.0,0.0,0.0,0.0,320.83692106979765,0.0,0.0,0.0,3602,5259
2020-05-30 18:00:00,5580.0,2.728484105318785e-13,0.0,0.0,0.0,0.0,0.0,8.163078930202346,0.0,0.0,3490,5588
2020-05-30 19:00:00,5580.0,2.728484105318785e-13,0.0,0.0,0.0,628.1630789302022,0.0,1200.0,0.0,0.0,1617,7408
2020-05-30 20:00:00,5580.0,2.728484105318785e-13,0.0,0.0,0.0,277.1630789302024,0.0,1200.0,0.0,0.0,1388,7057
2020-05-30 21:00:00,5580.0,2.728484105318785e-13,0.0,0.0,0.0,0.1630789302022063,0.0,1200.0,0.0,0.0,1340,6780
2020-05-30 22:00:00,5580.0,4.547473508864642e-13,0.0,0.0,0.0,0.0,186.83692106979743,0.0,0.0,0.0,3109,5393
2020-05-30 23:00:00,5580.0,2.728484105318785e-13,0.0,0.0,0.0,347.16307893020223,0.0,1200.0,0.0,0.0,1481,7127
2020-05-31 00:00:00,5580.0,4.547473508864642e-13,0.0,0.0,0.0,0.0,350.8369210697974,0.0,0.0,0.0,2771,5229
2020-05-31 01:00:00,5580.0,2.728484105318785e-13,0.0,0.0,0.0,0.0,0.0,375.163078930203,0.0,0.0,1608,5955
2020-05-31 02:00:00,5580.0,4.547473508864642e-13,0.0,0.0,0.0,0.0,562.8369210697974,0.0,0.0,0.0,2242,5017
2020-05-31 03:00:00,5580.0,4.547473508864642e-13,0.0,0.0,0.0,0.0,553.8369210697974,0.0,0.0,0.0,1870,5026
2020-05-31 04:00:00,5580.0,2.728484105318785e-13,0.0,0.0,0.0,0.0,642.8369210697979,0.0,0.0,0.0,1874,4937
2020-05-31 05:00:00,5580.0,4.547473508864642e-13,0.0,0.0,0.0,0.0,7.836921069797427,0.0,0.0,0.0,1548,5572
2020-05-31 06:00:00,5357.163078930203,-5.456968210637568e-13,0.0,0.0,0.0,0.0,1200.0,0.0,0.0,0.0,3714,4157
2020-05-31 07:00:00,5580.0,0.0,0.0,0.0,0.0,0.0,745.8369210697977,0.0,0.0,0.0,3906,4834
2020-05-31 08:00:00,5580.0,-5.456968210637568e-13,0.0,0.0,0.0,0.0,267.8369210697965,0.0,0.0,0.0,3935,5312
2020-05-31 09:00:00,5580.0,4.547473508864642e-13,0.0,0.0,0.0,0.0,324.8369210697974,0.0,0.0,0.0,4278,5255
2020-05-31 10:00:00,5580.0,2.728484105318785e-13,0.0,0.0,0.0,507.1630789302029,0.0,1200.0,0.0,0.0,2373,7287
2020-05-31 11:00:00,5580.0,4.547473508864642e-13,0.0,0.0,0.0,0.0,0.0,51.16307893020257,0.0,0.0,4181,5631
2020-05-31 12:00:00,5580.0,4.547473508864642e-13,0.0,0.0,0.0,0.0,0.0,1152.1630789302026,0.0,0.0,3137,6732
2020-05-31 13:00:00,5580.0,2.728484105318785e-13,0.0,0.0,0.0,0.0,0.0,1124.163078930203,0.0,0.0,2995,6704
2020-05-31 14:00:00,5580.0,4.547473508864642e-13,0.0,0.0,0.0,117.16307893020247,0.0,1200.0,0.0,0.0,2679,6897
2020-05-31 15:00:00,5580.0,2.728484105318785e-13,0.0,0.0,0.0,0.0,0.0,402.163078930203,0.0,0.0,3311,5982
2020-05-31 16:00:00,5580.0,4.547473508864642e-13,0.0,0.0,0.0,0.0,0.0,22.163078930202573,0.0,0.0,3440,5602
2020-05-31 17:00:00,5580.0,0.0,0.0,0.0,0.0,0.0,546.836921069797,0.0,0.0,0.0,3865,5033
2020-05-31 18:00:00,5580.0,4.547473508864642e-13,0.0,0.0,0.0,0.0,309.8369210697974,0.0,0.0,0.0,3807,5270
2020-05-31 19:00:00,5580.0,2.728484105318785e-13,0.0,0.0,0.0,0.0,309.836921069797,0.0,0.0,0.0,3775,5270
2020-05-31 20:00:00,5580.0,4.547473508864642e-13,0.0,0.0,0.0,0.0,847.8369210697979,0.0,0.0,0.0,3740,4732
2020-05-31 21:00:00,5580.0,4.547473508864642e-13,0.0,0.0,0.0,0.0,674.8369210697979,0.0,0.0,0.0,3272,4905
2020-05-31 22:00:00,5580.0,-5.456968210637568e-13,0.0,0.0,0.0,597.1630789302036,0.0,1200.0,0.0,0.0,1209,7377
2020-05-31 23:00:00,5580.0,4.547473508864642e-13,0.0,0.0,0.0,0.0,476.8369210697974,0.0,0.0,0.0,3605,5103
2020-06-01 00:00:00,5580.0,-5.456968210637569e-13,0.0,0.0,0.0,18.163078930202172,0.0,1200.0,0.0,0.0,1204,6798
2020-06-01 01:00:00,5580.0,1.0913936421275138e-12,0.0,0.0,0.0,0.0,0.0,775.1630789302017,0.0,0.0,1220,6355
2020-06-01 02:00:00,5580.0,-5.456968210637569e-13,0.0,0.0,0.0,0.0,892.836921069797,0.0,0.0,0.0,2592,4687
2020-06-01 03:00:00,5580.0,1.0913936421275138e-12,0.0,0.0,0.0,0.0,873.8369210697979,0.0,0.0,0.0,2218,4706
2020-06-01 04:00:00,5580.0,-5.456968210637569e-13,0.0,0.0,0.0,0.0,225.83692106979788,0.0,0.0,0.0,1501,5354
2020-06-01 05:00:00,5174.391824309633,9.094947017729285e-14,0.0,0.0,0.0,0.0,795.2287453794306,0.0,0.0,0.0,2809,4379
2020-06-01 06:00:00,5133.163078930203,0.0,0.0,0.0,0.0,0.0,1200.0,0.0,0.0,0.0,4029,3933
2020-06-01 07:00:00,5580.0,0.0,0.0,0.0,0.0,0.0,770.836921069797,0.0,0.0,0.0,4027,4809
2020-06-01 08:00:00,5580.0,0.0,0.0,0.0,0.0,351.1630789302028,0.0,1200.0,0.0,0.0,2191,7131
2020-06-01 09:00:00,5580.0,0.0,0.0,0.0,0.0,724.1630789302017,0.0,1200.0,0.0,0.0,2070,7504
2020-06-01 10:00:00,5580.0,1.0913936421275138e-12,0.0,0.0,0.0,0.0,593.8369210697979,0.0,0.0,0.0,4671,4986
2020-06-01 11:00:00,5580.0,-5.456968210637569e-13,0.0,0.0,0.0,0.0,0.0,1105.163078930202,0.0,0.0,3099,6685
2020-06-01 12:00:00,5580.0,1.0913936421275138e-12,0.0,0.0,0.0,0.0,23.83692106979788,0.0,0.0,0.0,4265,5556
2020-06-01 13:00:00,5580.0,0.0,0.0,0.0,0.0,0.0,0.0,150.16307893020166,0.0,0.0,3907,5730
2020-06-01 14:00:00,5580.0,0.0,0.0,0.0,0.0,0.0,0.0,258.1630789302026,0.0,0.0,3662,5838
2020-06-01 15:00:00,5580.0,1.0913936421275138e-12,0.0,0.0,0.0,0.0,0.0,92.16307893020212,0.0,0.0,3539,5672
2020-06-01 16:00:00,5580.0,0.0,0.0,0.0,0.0,0.0,304.83692106979834,0.0,0.0,0.0,3684,5275
2020-06-01 17:00:00,5528.163078930203,0.0,0.0,0.0,0.0,0.0,1200.0,0.0,0.0,0.0,4489,4328
2020-06-01 18:00:00,5580.0,-5.456968210637569e-13,0.0,0.0,0.0,0.0,0.0,1155.163078930202,0.0,0.0,2272,6735
2020-06-01 19:00:00,4583.163078930203,0.0,0.0,0.0,0.0,0.0,0.0,0.0,0.0,0.0,4407,4583
2020-06-01 20:00:00,4246.163078930203,0.0,0.0,0.0,0.0,0.0,0.0,0.0,0.0,0.0,4179,4246
2020-06-01 21:00:00,4654.163078930203,0.0,0.0,0.0,0.0,0.0,0.0,0.0,0.0,0.0,3485,4654
2020-06-01 22:00:00,4903.163078930203,0.0,0.0,0.0,0.0,0.0,0.0,0.0,0.0,0.0,3652,4903
2020-06-01 23:00:00,4907.163078930203,0.0,0.0,0.0,0.0,0.0,0.0,0.0,0.0,0.0,3783,4907
2020-06-02 00:00:00,4774.163078930202,0.0,0.0,0.0,0.0,0.0,0.0,0.0,0.0,0.0,3222,4774
2020-06-02 01:00:00,5580.0,37.16307893020239,0.0,0.0,0.0,0.0,0.0,0.0,0.0,0.0,1959,5617
2020-06-02 02:00:00,4623.163078930202,0.0,0.0,0.0,0.0,0.0,0.0,0.0,0.0,0.0,2663,4623
2020-06-02 03:00:00,4593.163078930203,285.9999999999999,0.0,0.0,0.0,0.0,0.0,0.0,0.0,0.0,2060,4879
2020-06-02 04:00:00,4544.1630789302035,285.99999999999966,0.0,0.0,0.0,0.0,0.0,0.0,0.0,0.0,2049,4830
2020-06-02 05:00:00,4427.163078930203,286.00000000000017,0.0,0.0,0.0,0.0,0.0,0.0,0.0,0.0,2513,4713
2020-06-02 06:00:00,5580.0,506.16307893020235,0.0,0.0,0.0,0.0,0.0,0.0,0.0,0.0,1930,6086
2020-06-02 07:00:00,5580.0,1109.1630789302021,0.0,0.0,0.0,0.0,0.0,0.0,0.0,0.0,2210,6689
2020-06-02 08:00:00,5580.0,1492.1630789302017,0.0,0.0,0.0,0.0,0.0,0.0,0.0,0.0,2296,7072
2020-06-02 09:00:00,4258.163078930203,1314.0,0.0,0.0,0.0,0.0,0.0,0.0,0.0,0.0,4024,5572
2020-06-02 10:00:00,5580.0,1422.1630789302026,0.0,0.0,0.0,0.0,0.0,0.0,0.0,0.0,2660,7002
2020-06-02 11:00:00,5580.0,1071.1630789302026,0.0,0.0,0.0,0.0,0.0,0.0,0.0,0.0,3131,6651
2020-06-02 12:00:00,3875.1630789302026,1465.0,0.0,0.0,0.0,0.0,0.0,0.0,0.0,0.0,4482,5340
2020-06-02 13:00:00,4729.163078930202,1701.0,0.0,0.0,0.0,0.0,0.0,0.0,0.0,0.0,3206,6430
2020-06-02 14:00:00,4617.810519220228,1119.352559709974,0.0,0.0,0.0,0.0,0.0,0.0,0.0,0.0,3760,5737
2020-06-02 15:00:00,5580.0,1239.1630789302026,0.0,0.0,0.0,0.0,0.0,0.0,0.0,0.0,2388,6819
2020-06-02 16:00:00,4604.163078930202,812.0,0.0,0.0,0.0,0.0,0.0,0.0,0.0,0.0,3542,5416
2020-06-02 17:00:00,4620.163078930203,575.9999999999995,0.0,0.0,0.0,0.0,0.0,0.0,0.0,0.0,3624,5196
2020-06-02 18:00:00,3870.963078930202,1483.2,0.0,0.0,0.0,0.0,0.0,0.0,0.0,0.0,3656,5354
2020-06-02 19:00:00,3753.9630789302023,1483.2000000000003,0.0,0.0,0.0,0.0,0.0,0.0,0.0,0.0,3747,5237
2020-06-02 20:00:00,2432.963078930202,2221.2,0.0,0.0,0.0,0.0,0.0,0.0,0.0,0.0,3764,4654
2020-06-02 21:00:00,2137.9630789302028,2608.2,0.0,0.0,0.0,0.0,0.0,0.0,0.0,0.0,3390,4746
2020-06-02 22:00:00,2297.9630789302023,2608.2,0.0,0.0,0.0,0.0,0.0,0.0,0.0,0.0,3643,4906
2020-06-02 23:00:00,3020.1630789302026,3555.0,0.0,0.0,0.0,0.0,0.0,0.0,0.0,0.0,2097,6575
2020-06-03 00:00:00,3600.0,1013.0,0.0,0.0,0.0,1456.1630789302026,0.0,0.0,0.0,0.0,1977,6069
2020-06-03 01:00:00,3600.0,1013.0,0.0,0.0,0.0,185.16307893020257,0.0,0.0,0.0,0.0,2805,4798
2020-06-03 02:00:00,3600.0,1013.0,0.0,0.0,0.0,212.16307893020257,0.0,0.0,0.0,0.0,2483,4825
2020-06-03 03:00:00,3600.0,-5.456968210637569e-13,0.0,0.0,0.0,1224.1630789302026,0.0,0.0,0.0,0.0,2112,4824
2020-06-03 04:00:00,3600.0,3.637978807091713e-13,0.0,0.0,0.0,1089.1630789302026,0.0,0.0,0.0,0.0,2172,4689
2020-06-03 05:00:00,3600.0,-5.456968210637569e-13,0.0,0.0,0.0,1495.163078930202,0.0,0.0,0.0,0.0,2073,5095
2020-06-03 06:00:00,3600.0,3.637978807091713e-13,0.0,0.0,0.0,2456.163078930202,0.0,0.0,0.0,0.0,1871,6056
2020-06-03 07:00:00,3600.0,9.094947017729285e-14,0.0,0.0,0.0,2260.163078930203,0.0,0.0,0.0,0.0,2934,5860
2020-06-03 08:00:00,3600.0,3.637978807091713e-13,0.0,0.0,0.0,3474.163078930202,0.0,0.0,0.0,0.0,2184,7074
2020-06-03 09:00:00,3600.0,0.0,0.0,0.0,0.0,2275.1630789302026,0.0,0.0,0.0,0.0,3613,5875
2020-06-03 10:00:00,3600.0,-5.456968210637569e-13,0.0,0.0,0.0,2410.163078930202,0.0,0.0,0.0,0.0,3558,6010
2020-06-03 11:00:00,3600.0,3.637978807091713e-13,0.0,0.0,0.0,2758.163078930202,0.0,0.0,0.0,0.0,3332,6358
2020-06-03 12:00:00,3600.0,7.919425115687773e-11,0.0,0.0,0.0,2512.163078930123,0.0,0.0,0.0,0.0,3641,6112
2020-06-03 13:00:00,3600.0,3.637978807091713e-13,0.0,0.0,0.0,2562.163078930202,0.0,0.0,0.0,0.0,3376,6162
2020-06-03 14:00:00,3600.0,-2.728484105318785e-13,0.0,0.0,0.0,2781.1630789302017,0.0,0.0,0.0,0.0,3021,6381
2020-06-03 15:00:00,3600.0,-4.8385118134319785e-11,0.0,0.0,0.0,2880.163078930251,0.0,0.0,0.0,0.0,2639,6480
2020-06-03 16:00:00,3600.0,-5.456968210637569e-13,0.0,0.0,0.0,2579.163078930202,0.0,0.0,0.0,0.0,2710,6179
2020-06-03 17:00:00,3600.0,3.637978807091713e-13,0.0,0.0,0.0,3322.163078930202,0.0,0.0,0.0,0.0,1909,6922
2020-06-03 18:00:00,3600.0,0.0,0.0,0.0,0.0,3587.1630789302026,0.0,0.0,0.0,0.0,1756,7187
2020-06-03 19:00:00,3600.0,-5.456968210637569e-13,0.0,0.0,0.0,2086.163078930202,0.0,0.0,0.0,0.0,3183,5686
2020-06-03 20:00:00,3600.0,3.637978807091713e-13,0.0,0.0,0.0,1624.163078930202,0.0,0.0,0.0,0.0,3147,5224
2020-06-03 21:00:00,3600.0,0.0,0.0,0.0,0.0,1913.1630789302017,0.0,0.0,0.0,0.0,2630,5513
2020-06-03 22:00:00,3600.0,3.637978807091713e-13,0.0,0.0,0.0,2053.163078930202,0.0,0.0,0.0,0.0,2986,5653
2020-06-03 23:00:00,5580.0,-5.456968210637569e-13,0.0,0.0,0.0,1483.1630789302023,0.0,0.0,0.0,0.0,1672,7063
2020-06-04 00:00:00,5052.163078930203,7.275957614183426e-13,0.0,0.0,0.0,0.0,0.0,0.0,0.0,0.0,2884,5052
2020-06-04 01:00:00,5461.691454663956,2.728484105318784e-13,0.0,0.0,0.0,0.0,535.5283757337544,0.0,0.0,0.0,2530,4926
2020-06-04 02:00:00,4911.163078930203,7.275957614183426e-13,0.0,0.0,0.0,0.0,0.0,0.0,0.0,0.0,2170,4911
2020-06-04 03:00:00,4610.163078930203,1.818989403545857e-13,0.0,0.0,0.0,0.0,0.0,0.0,0.0,0.0,2041,4610
2020-06-04 04:00:00,4566.163078930202,2.728484105318784e-13,0.0,0.0,0.0,0.0,0.0,0.0,0.0,0.0,1907,4566
2020-06-04 05:00:00,5580.0,0.0,0.0,0.0,0.0,0.0,892.8369210697974,0.0,0.0,0.0,1841,4687
2020-06-04 06:00:00,5580.0,2.728484105318784e-13,0.0,0.0,0.0,0.0,580.8369210697979,0.0,0.0,0.0,1763,4999
2020-06-04 07:00:00,5467.163078930203,7.275957614183426e-13,0.0,0.0,0.0,0.0,0.0,0.0,0.0,0.0,1755,5467
2020-06-04 08:00:00,5580.0,-2.728484105318785e-13,0.0,0.0,0.0,0.0,46.83692106979743,0.0,0.0,0.0,2247,5533
2020-06-04 09:00:00,5577.163078930203,7.275957614183426e-13,0.0,0.0,0.0,0.0,0.0,0.0,0.0,0.0,2701,5577
2020-06-04 10:00:00,5580.0,2.728484105318784e-13,0.0,0.0,0.0,0.0,0.0,916.163078930202,0.0,0.0,2035,6496
2020-06-04 11:00:00,5580.0,7.275957614183426e-13,0.0,0.0,0.0,364.296803653044,0.0,625.8662752771581,0.0,0.0,2209,6570
2020-06-04 12:00:00,5580.0,2.2737367544323216e-13,0.0,0.0,0.0,11.163078930202827,0.0,0.0,0.0,0.0,3540,5591
2020-06-04 13:00:00,5580.0,2.728484105318784e-13,0.0,0.0,0.0,1119.163078930202,0.0,0.0,0.0,0.0,2221,6699
2020-06-04 14:00:00,5580.0,7.275957614183426e-13,0.0,0.0,0.0,635.1630789302021,0.0,0.0,0.0,0.0,2586,6215
2020-06-04 15:00:00,5580.0,2.728484105318784e-13,0.0,0.0,0.0,1214.163078930202,0.0,0.0,0.0,0.0,1815,6794
2020-06-04 16:00:00,5580.0,7.275957614183426e-13,0.0,0.0,0.0,404.1630789302021,0.0,0.0,0.0,0.0,2502,5984
2020-06-04 17:00:00,5438.163078930203,-2.728484105318785e-13,0.0,0.0,0.0,0.0,0.0,0.0,0.0,0.0,3049,5438
2020-06-04 18:00:00,5580.0,7.275957614183426e-13,0.0,0.0,0.0,0.0,102.83692106979788,0.0,0.0,0.0,3103,5477
2020-06-04 19:00:00,5580.0,2.728484105318784e-13,0.0,0.0,0.0,0.0,149.83692106979788,0.0,0.0,0.0,3082,5430
2020-06-04 20:00:00,5580.0,7.275957614183426e-13,0.0,0.0,0.0,722.6576973255053,0.0,189.5053816046968,0.0,0.0,1614,6492
2020-06-04 21:00:00,5323.5979560774085,2.0037305148434827e-13,0.0,0.0,0.0,0.0,192.43487714720564,0.0,0.0,0.0,2800,5131
2020-06-04 22:00:00,5580.0,2.728484105318784e-13,0.0,0.0,0.0,0.0,0.0,24.16307893020212,0.0,0.0,2941,5604
2020-06-04 23:00:00,5580.0,7.275957614183426e-13,0.0,0.0,0.0,0.0,0.0,120.16307893020212,0.0,0.0,2948,5700
2020-06-05 00:00:00,4988.1630789302035,-5.45696821063757e-13,0.0,0.0,0.0,0.0,0.0,0.0,0.0,0.0,2885,4988
2020-06-05 01:00:00,4817.163078930203,-9.09494701772928e-14,0.0,0.0,0.0,0.0,0.0,0.0,0.0,0.0,2616,4817
2020-06-05 02:00:00,4679.1630789302035,-5.45696821063757e-13,0.0,0.0,0.0,0.0,0.0,0.0,0.0,0.0,2368,4679
2020-06-05 03:00:00,4607.163078930203,-9.09494701772928e-14,0.0,0.0,0.0,0.0,0.0,0.0,0.0,0.0,1985,4607
2020-06-05 04:00:00,4358.163078930203,-5.45696821063757e-13,0.0,0.0,0.0,0.0,0.0,0.0,0.0,0.0,1993,4358
2020-06-05 05:00:00,4600.163078930203,-9.09494701772928e-14,0.0,0.0,0.0,0.0,0.0,0.0,0.0,0.0,1610,4600
2020-06-05 06:00:00,2907.163078930202,1.5916157281026248e-13,0.0,0.0,0.0,0.0,0.0,0.0,0.0,0.0,3262,2907
2020-06-05 07:00:00,3032.163078930202,-5.45696821063757e-13,0.0,0.0,0.0,0.0,0.0,0.0,0.0,0.0,3403,3032
2020-06-05 08:00:00,3423.1630789302026,-9.09494701772928e-14,0.0,0.0,0.0,0.0,0.0,0.0,0.0,0.0,3493,3423
2020-06-05 09:00:00,3624.163078930202,-5.45696821063757e-13,0.0,0.0,0.0,0.0,0.0,0.0,0.0,0.0,3886,3624
2020-06-05 10:00:00,5116.420526201348,-9.09494701772928e-14,0.0,0.0,0.0,0.0,36.25744727114549,0.0,0.0,0.0,2889,5080
2020-06-05 11:00:00,3600.0,-5.45696821063757e-13,0.0,0.0,0.0,0.0,91.83692106979834,0.0,0.0,0.0,4854,3508
2020-06-05 12:00:00,3600.0,-9.09494701772928e-14,0.0,0.0,0.0,0.0,25.83692106979788,0.0,0.0,0.0,5260,3574
2020-06-05 13:00:00,3600.0,-5.45696821063757e-13,0.0,0.0,0.0,0.0,27.83692106979788,0.0,0.0,0.0,5009,3572
2020-06-05 14:00:00,3600.0,-9.09494701772928e-14,0.0,0.0,0.0,0.0,0.0,52.16307893020212,0.0,0.0,4782,3652
2020-06-05 15:00:00,3600.0,-9.09494701772928e-14,0.0,0.0,0.0,0.0,0.0,84.16307893020257,0.0,0.0,4589,3684
2020-06-05 16:00:00,3590.163078930202,-5.45696821063757e-13,0.0,0.0,0.0,0.0,0.0,0.0,0.0,0.0,4587,3590
2020-06-05 17:00:00,3044.1630789302026,-9.09494701772928e-14,0.0,0.0,0.0,0.0,0.0,0.0,0.0,0.0,5162,3044
2020-06-05 18:00:00,3600.0,-5.45696821063757e-13,0.0,0.0,0.0,0.0,796.8369210697979,0.0,0.0,0.0,5507,2803
2020-06-05 19:00:00,3600.0,-9.09494701772928e-14,0.0,0.0,0.0,0.0,0.0,393.1630789302021,0.0,0.0,4400,3993
2020-06-05 20:00:00,3539.1630789302017,-5.45696821063757e-13,0.0,0.0,0.0,0.0,0.0,0.0,0.0,0.0,4597,3539
2020-06-05 21:00:00,3401.311806914546,-9.09494701772928e-14,0.0,0.0,0.0,0.0,257.1487279843439,0.0,0.0,0.0,4888,3144
2020-06-05 22:00:00,3600.0,-5.45696821063757e-13,0.0,0.0,0.0,0.0,0.0,153.16307893020212,0.0,0.0,4861,3753
2020-06-05 23:00:00,3600.0,-9.09494701772928e-14,0.0,0.0,0.0,0.0,0.0,244.16307893020212,0.0,0.0,4784,3844
2020-06-06 00:00:00,3256.1630789302026,0.0,0.0,0.0,0.0,0.0,0.0,0.0,0.0,0.0,4660,3256
2020-06-06 01:00:00,2727.163078930202,-2.728484105318785e-13,0.0,0.0,0.0,0.0,0.0,0.0,0.0,0.0,4792,2727
2020-06-06 02:00:00,2205.163078930202,0.0,0.0,0.0,0.0,0.0,0.0,0.0,0.0,0.0,5004,2205
2020-06-06 03:00:00,1954.5907806044793,0.0,0.0,0.0,0.0,0.0,317.42770167427733,0.0,0.0,0.0,5225,1637
2020-06-06 04:00:00,1544.163078930202,0.0,0.0,0.0,0.0,0.0,0.0,0.0,0.0,0.0,5300,1544
2020-06-06 05:00:00,1838.1630789302021,0.0,0.0,0.0,0.0,0.0,0.0,0.0,0.0,0.0,5348,1838
2020-06-06 06:00:00,3600.0,0.0,0.0,0.0,0.0,0.0,1028.836921069798,0.0,0.0,0.0,5393,2571
2020-06-06 07:00:00,3600.0,0.0,0.0,0.0,0.0,0.0,172.83692106979743,0.0,0.0,0.0,5461,3427
2020-06-06 08:00:00,3600.0,0.0,0.0,0.0,0.0,0.0,0.0,425.1630789302019,0.0,0.0,5407,4025
2020-06-06 09:00:00,3600.0,0.0,0.0,0.0,0.0,0.0,0.0,714.1630789302026,0.0,0.0,5508,4314
2020-06-06 10:00:00,3600.0,1.3642420526593928e-13,0.0,0.0,0.0,842.1630789302026,0.0,0.0,0.0,0.0,5653,4442
2020-06-06 11:00:00,4556.163078930203,1.3642420526593928e-13,0.0,0.0,0.0,0.0,0.0,0.0,0.0,0.0,5783,4556
2020-06-06 12:00:00,4702.1630789302035,-5.456968210637569e-13,0.0,0.0,0.0,0.0,0.0,0.0,0.0,0.0,5811,4702
2020-06-06 13:00:00,5501.931289410742,0.0,0.0,0.0,0.0,0.0,865.7682104805386,0.0,0.0,0.0,5831,4636
2020-06-06 14:00:00,5142.163078930202,0.0,0.0,0.0,0.0,0.0,0.0,0.0,0.0,0.0,5371,5142
2020-06-06 15:00:00,5336.163078930202,1.0913936421275138e-12,0.0,0.0,0.0,0.0,0.0,0.0,0.0,0.0,5009,5336
2020-06-06 16:00:00,5580.0,0.0,0.0,0.0,0.0,0.0,0.0,309.16307893020166,0.0,0.0,4258,5889
2020-06-06 17:00:00,5580.0,0.0,0.0,0.0,0.0,0.0,0.0,340.16307893020235,0.0,0.0,4067,5920
2020-06-06 18:00:00,5109.163078930202,5.456968210637569e-13,0.0,0.0,0.0,0.0,0.0,0.0,0.0,0.0,4862,5109
2020-06-06 19:00:00,5446.163078930202,-5.456968210637569e-13,0.0,0.0,0.0,0.0,0.0,0.0,0.0,0.0,4316,5446
2020-06-06 20:00:00,5075.163078930201,1.0913936421275138e-12,0.0,0.0,0.0,0.0,0.0,0.0,0.0,0.0,4040,5075
2020-06-06 21:00:00,4574.163078930203,5.1159076974727215e-14,0.0,0.0,0.0,0.0,0.0,0.0,0.0,0.0,4220,4574
2020-06-06 22:00:00,5121.163078930202,2.9558577807620174e-13,0.0,0.0,0.0,0.0,0.0,0.0,0.0,0.0,4123,5121
2020-06-06 23:00:00,5147.1630789302035,-5.456968210637569e-13,0.0,0.0,0.0,0.0,0.0,0.0,0.0,0.0,4039,5147
2020-06-07 00:00:00,4150.163078930202,5.456968210637569e-13,0.0,0.0,0.0,0.0,0.0,0.0,0.0,0.0,4227,4150
2020-06-07 01:00:00,3852.1630789302026,0.0,0.0,0.0,0.0,0.0,0.0,0.0,0.0,0.0,4076,3852
2020-06-07 02:00:00,3362.1630789302017,1.818989403545857e-13,0.0,0.0,0.0,0.0,0.0,0.0,0.0,0.0,4249,3362
2020-06-07 03:00:00,3033.163078930202,1.818989403545857e-13,0.0,0.0,0.0,0.0,0.0,0.0,0.0,0.0,4211,3033
2020-06-07 04:00:00,4286.163078930202,0.0,0.0,0.0,0.0,0.0,1200.0,0.0,0.0,0.0,4066,3086
2020-06-07 05:00:00,3715.1630789302017,0.0,0.0,0.0,0.0,0.0,0.0,0.0,0.0,0.0,3676,3715
2020-06-07 06:00:00,4702.163078930203,0.0,0.0,0.0,0.0,0.0,0.0,0.0,0.0,0.0,3392,4702
2020-06-07 07:00:00,5580.0,0.0,0.0,0.0,0.0,0.0,921.8369210697977,0.0,0.0,0.0,4352,4658
2020-06-07 08:00:00,5580.0,0.0,0.0,0.0,0.0,0.0,310.8369210697974,0.0,0.0,0.0,4253,5269
2020-06-07 09:00:00,5580.0,0.0,0.0,0.0,0.0,318.1630789302026,0.0,1200.0,0.0,0.0,2795,7098
2020-06-07 10:00:00,5580.0,6.821210263296964e-14,0.0,0.0,0.0,0.0,0.0,261.1630789302026,0.0,0.0,4284,5841
2020-06-07 11:00:00,5580.0,0.0,0.0,0.0,0.0,1363.820776255708,0.0,363.3423026744938,0.0,0.0,3044,7307
2020-06-07 12:00:00,5580.0,0.0,0.0,0.0,0.0,1874.1630789302017,0.0,0.0,0.0,0.0,3042,7454
2020-06-07 13:00:00,5580.0,-2.728484105318785e-13,0.0,0.0,0.0,437.1630789302026,0.0,0.0,0.0,0.0,4394,6017
2020-06-07 14:00:00,5580.0,0.0,0.0,0.0,0.0,2139.1630789302017,0.0,0.0,0.0,0.0,2751,7719
2020-06-07 15:00:00,5580.0,-2.728484105318785e-13,0.0,0.0,0.0,878.1630789302026,0.0,0.0,0.0,0.0,3860,6458
2020-06-07 16:00:00,5580.0,5.456968210637569e-13,0.0,0.0,0.0,858.1630789302021,0.0,0.0,0.0,0.0,3685,6438
2020-06-07 17:00:00,5580.0,0.0,0.0,0.0,0.0,947.1630789302026,0.0,0.0,0.0,0.0,3450,6527
2020-06-07 18:00:00,5580.0,1.818989403545857e-13,0.0,0.0,0.0,2209.1630789302026,0.0,0.0,0.0,0.0,2168,7789
2020-06-07 19:00:00,5580.0,0.0,0.0,0.0,0.0,844.1630789302026,0.0,0.0,0.0,0.0,3318,6424
2020-06-07 20:00:00,5580.0,1.818989403545857e-13,0.0,0.0,0.0,1262.1630789302026,0.0,0.0,0.0,0.0,2258,6842
2020-06-07 21:00:00,5580.0,5.456968210637569e-13,0.0,0.0,0.0,1598.163078930202,0.0,0.0,0.0,0.0,1633,7178
2020-06-07 22:00:00,5580.0,0.0,0.0,0.0,0.0,2061.1630789302026,0.0,0.0,0.0,0.0,1624,7641
2020-06-07 23:00:00,5580.0,5.456968210637569e-13,0.0,0.0,0.0,2017.163078930202,0.0,0.0,0.0,0.0,1603,7597
2020-06-08 00:00:00,5428.1630789302035,0.0,0.0,0.0,0.0,0.0,0.0,0.0,0.0,0.0,2931,5428
2020-06-08 01:00:00,5313.163078930203,8.185452315956354e-13,0.0,0.0,0.0,0.0,0.0,0.0,0.0,0.0,2599,5313
2020-06-08 02:00:00,5481.713850837141,0.0,0.0,0.0,0.0,0.0,209.55077190693737,0.0,0.0,0.0,2325,5272
2020-06-08 03:00:00,5300.163078930203,8.185452315956354e-13,0.0,0.0,0.0,0.0,0.0,0.0,0.0,0.0,1931,5300
2020-06-08 04:00:00,5580.0,0.0,0.0,0.0,0.0,0.0,0.0,157.16307893020303,0.0,0.0,1403,5737
2020-06-08 05:00:00,5580.0,8.185452315956354e-13,0.0,0.0,0.0,0.0,675.8369210697979,0.0,0.0,0.0,2476,4904
2020-06-08 06:00:00,5580.0,8.185452315956354e-13,0.0,0.0,0.0,472.2853881278546,0.0,506.8776908023484,0.0,0.0,1528,6559
2020-06-08 07:00:00,5580.0,0.0,0.0,0.0,0.0,1566.163078930203,0.0,0.0,0.0,0.0,1857,7146
2020-06-08 08:00:00,5580.0,0.0,0.0,0.0,0.0,849.1630789302031,0.0,0.0,0.0,0.0,3090,6429
2020-06-08 09:00:00,5580.0,0.0,0.0,0.0,0.0,852.1630789302034,0.0,0.0,0.0,0.0,3462,6432
2020-06-08 10:00:00,5580.0,2.728484105318785e-13,0.0,0.0,0.0,341.163078930203,0.0,0.0,0.0,0.0,4212,5921
2020-06-08 11:00:00,5580.0,0.0,0.0,0.0,0.0,0.0,49.83692106979652,0.0,0.0,0.0,4838,5530
2020-06-08 12:00:00,5580.0,2.728484105318785e-13,0.0,0.0,0.0,515.7853881278556,0.0,37.37769080234739,0.0,0.0,4390,6133
2020-06-08 13:00:00,5580.0,0.0,0.0,0.0,0.0,298.1630789302035,0.0,0.0,0.0,0.0,4572,5878
2020-06-08 14:00:00,5580.0,2.728484105318785e-13,0.0,0.0,0.0,214.16307893020303,0.0,0.0,0.0,0.0,4730,5794
2020-06-08 15:00:00,5580.0,2.728484105318785e-13,0.0,0.0,0.0,143.16307893020303,0.0,0.0,0.0,0.0,4662,5723
2020-06-08 16:00:00,5501.1630789302035,0.0,0.0,0.0,0.0,0.0,0.0,0.0,0.0,0.0,4695,5501
2020-06-08 17:00:00,5279.1630789302035,2.728484105318785e-13,0.0,0.0,0.0,0.0,0.0,0.0,0.0,0.0,4769,5279
2020-06-08 18:00:00,4850.163078930203,0.0,0.0,0.0,0.0,0.0,0.0,0.0,0.0,0.0,5164,4850
2020-06-08 19:00:00,4696.163078930203,2.728484105318785e-13,0.0,0.0,0.0,0.0,0.0,0.0,0.0,0.0,5091,4696
2020-06-08 20:00:00,3853.163078930202,0.0,0.0,0.0,0.0,0.0,0.0,0.0,0.0,0.0,5286,3853
2020-06-08 21:00:00,3637.1630789302026,2.728484105318785e-13,0.0,0.0,0.0,0.0,0.0,0.0,0.0,0.0,5210,3637
2020-06-08 22:00:00,4270.163078930203,2.728484105318785e-13,0.0,0.0,0.0,0.0,0.0,0.0,0.0,0.0,5031,4270
2020-06-08 23:00:00,4239.163078930203,2.728484105318785e-13,0.0,0.0,0.0,0.0,0.0,0.0,0.0,0.0,4988,4239
2020-06-09 00:00:00,3197.1630789302017,387.0000000000001,0.0,0.0,0.0,0.0,0.0,0.0,0.0,0.0,4796,3584
2020-06-09 01:00:00,2844.163078930202,387.0000000000003,0.0,0.0,0.0,0.0,0.0,0.0,0.0,0.0,4701,3231
2020-06-09 02:00:00,2323.1630789302017,387.0000000000001,0.0,0.0,0.0,0.0,0.0,0.0,0.0,0.0,4907,2710
2020-06-09 03:00:00,1849.1630789302021,524.0000000000001,0.0,0.0,0.0,0.0,0.0,0.0,0.0,0.0,4879,2373
2020-06-09 04:00:00,1832.563078930202,354.6000000000001,0.0,0.0,0.0,0.0,0.0,0.0,0.0,0.0,4976,2187
2020-06-09 05:00:00,2004.0335326559943,250.12954627420785,0.0,0.0,0.0,0.0,0.0,0.0,0.0,0.0,5150,2254
2020-06-09 06:00:00,2853.163078930202,137.0,0.0,0.0,0.0,0.0,0.0,0.0,0.0,0.0,5120,2990
2020-06-09 07:00:00,3947.163078930202,0.0,0.0,0.0,0.0,0.0,0.0,0.0,0.0,0.0,5086,3947
2020-06-09 08:00:00,4235.163078930203,387.0,0.0,0.0,0.0,0.0,0.0,0.0,0.0,0.0,4929,4622
2020-06-09 09:00:00,4279.563078930203,741.5999999999999,0.0,0.0,0.0,0.0,0.0,0.0,0.0,0.0,4912,5021
2020-06-09 10:00:00,3692.563078930202,1479.6,0.0,0.0,0.0,0.0,0.0,0.0,0.0,0.0,5007,5172
2020-06-09 11:00:00,4160.563078930202,1479.6,0.0,0.0,0.0,0.0,0.0,0.0,0.0,0.0,4778,5640
2020-06-09 12:00:00,4770.0,1114.1630789302017,0.0,0.0,0.0,0.0,0.0,0.0,0.0,0.0,4689,5884
2020-06-09 13:00:00,4770.0,1363.1630789302026,0.0,0.0,0.0,0.0,0.0,0.0,0.0,0.0,4368,6133
2020-06-09 14:00:00,4770.0,1689.1630789302017,0.0,0.0,0.0,0.0,0.0,0.0,0.0,0.0,4120,6459
2020-06-09 15:00:00,4770.0,1702.1630789302026,0.0,0.0,0.0,0.0,0.0,0.0,0.0,0.0,3965,6472
2020-06-09 16:00:00,4770.0,1776.1630789302023,0.0,0.0,0.0,0.0,0.0,0.0,0.0,0.0,3697,6546
2020-06-09 17:00:00,3913.1630789302026,1701.0,0.0,0.0,0.0,0.0,0.0,0.0,0.0,0.0,4475,5614
2020-06-09 18:00:00,4770.0,1936.1630789302026,0.0,0.0,0.0,0.0,0.0,0.0,0.0,0.0,3338,6706
2020-06-09 19:00:00,3272.963078930202,2608.2,0.0,0.0,0.0,0.0,0.0,0.0,0.0,0.0,3930,5881
2020-06-09 20:00:00,4410.0,1144.1630789302028,0.0,0.0,0.0,0.0,0.0,0.0,0.0,0.0,3605,5554
2020-06-09 21:00:00,4410.0,2007.1630789302017,0.0,0.0,0.0,0.0,0.0,0.0,0.0,0.0,2449,6417
2020-06-09 22:00:00,4410.0,2660.1630789302026,0.0,0.0,0.0,0.0,0.0,0.0,0.0,0.0,2251,7070
2020-06-09 23:00:00,3518.1630789302026,3555.0,0.0,0.0,0.0,0.0,0.0,0.0,0.0,0.0,2169,7073
2020-06-10 00:00:00,4410.0,1013.0,0.0,0.0,0.0,635.1630789302026,0.0,0.0,0.0,0.0,2330,6058
2020-06-10 01:00:00,4410.0,1013.0,0.0,0.0,0.0,105.16307893020256,0.0,0.0,0.0,0.0,2390,5528
2020-06-10 02:00:00,4250.163078930203,1013.0,0.0,0.0,0.0,0.0,0.0,0.0,0.0,0.0,2338,5263
2020-06-10 03:00:00,4410.0,-5.456968210637569e-13,0.0,0.0,0.0,539.163078930203,0.0,0.0,0.0,0.0,2299,4949
2020-06-10 04:00:00,4410.0,3.637978807091713e-13,0.0,0.0,0.0,328.1630789302026,0.0,0.0,0.0,0.0,2427,4738
2020-06-10 05:00:00,4410.0,-5.456968210637569e-13,0.0,0.0,0.0,602.163078930203,0.0,0.0,0.0,0.0,2379,5012
2020-06-10 06:00:00,4410.0,3.637978807091713e-13,0.0,0.0,0.0,1106.163078930202,0.0,0.0,0.0,0.0,2548,5516
2020-06-10 07:00:00,4410.0,0.0,0.0,0.0,0.0,2065.1630789302026,0.0,0.0,0.0,0.0,2517,6475
2020-06-10 08:00:00,4410.0,3.637978807091713e-13,0.0,0.0,0.0,2412.163078930202,0.0,0.0,0.0,0.0,2678,6822
2020-06-10 09:00:00,4410.0,1.9326762412674732e-13,0.0,0.0,0.0,2390.1630789302026,0.0,0.0,0.0,0.0,3099,6800
2020-06-10 10:00:00,4410.0,-2.728484105318785e-13,0.0,0.0,0.0,2130.1630789302017,0.0,0.0,0.0,0.0,3592,6540
2020-06-10 11:00:00,1530.0,3.637978807091713e-13,0.0,0.0,0.0,4771.163078930203,0.0,0.0,0.0,0.0,4032,6301
2020-06-10 12:00:00,4410.0,-5.456968210637569e-13,0.0,0.0,0.0,1700.1630789302026,0.0,0.0,0.0,0.0,4364,6110
2020-06-10 13:00:00,1530.0,3.637978807091713e-13,0.0,0.0,0.0,4474.163078930203,0.0,0.0,0.0,0.0,4323,6004
2020-06-10 14:00:00,4410.0,-5.456968210637569e-13,0.0,0.0,0.0,1750.1630789302023,0.0,0.0,0.0,0.0,4169,6160
2020-06-10 15:00:00,1530.0,3.637978807091713e-13,0.0,0.0,0.0,4460.163078930202,0.0,0.0,0.0,0.0,4107,5990
2020-06-10 16:00:00,4410.0,-2.728484105318785e-13,0.0,0.0,0.0,1459.163078930202,0.0,0.0,0.0,0.0,3992,5869
2020-06-10 17:00:00,4410.0,3.637978807091713e-13,0.0,0.0,0.0,1076.163078930202,0.0,0.0,0.0,0.0,4213,5486
2020-06-10 18:00:00,1530.0,3.637978807091713e-13,0.0,0.0,0.0,3718.163078930202,0.0,0.0,0.0,0.0,4358,5248
2020-06-10 19:00:00,1530.0,-2.728484105318785e-13,0.0,0.0,0.0,3353.1630789302026,0.0,0.0,0.0,0.0,4458,4883
2020-06-10 20:00:00,4378.163078930203,0.0,0.0,0.0,0.0,0.0,0.0,0.0,0.0,0.0,4392,4378
2020-06-10 21:00:00,3963.163078930202,-5.456968210637569e-13,0.0,0.0,0.0,0.0,0.0,0.0,0.0,0.0,4552,3963
2020-06-10 22:00:00,4283.163078930203,3.637978807091713e-13,0.0,0.0,0.0,0.0,0.0,0.0,0.0,0.0,4714,4283
2020-06-10 23:00:00,4410.0,-5.45696821063757e-13,0.0,0.0,0.0,23.1630789302023,0.0,0.0,0.0,0.0,4557,4433
2020-06-11 00:00:00,3275.1630789302017,1.9326762412674732e-13,0.0,0.0,0.0,0.0,0.0,0.0,0.0,0.0,4849,3275
2020-06-11 01:00:00,2619.163078930202,-3.4106051316484814e-14,0.0,0.0,0.0,0.0,0.0,0.0,0.0,0.0,4994,2619
2020-06-11 02:00:00,2086.1630789302017,2.728484105318785e-13,0.0,0.0,0.0,0.0,0.0,0.0,0.0,0.0,5146,2086
2020-06-11 03:00:00,1530.0,0.0,0.0,0.0,0.0,169.16307893020212,0.0,0.0,0.0,0.0,5105,1699
2020-06-11 04:00:00,1599.1630789302021,-3.4106051316484814e-14,0.0,0.0,0.0,0.0,0.0,0.0,0.0,0.0,4999,1599
2020-06-11 05:00:00,1578.1630789302021,0.0,0.0,0.0,0.0,0.0,0.0,0.0,0.0,0.0,4965,1578
2020-06-11 06:00:00,1793.163078930202,0.0,0.0,0.0,0.0,0.0,0.0,0.0,0.0,0.0,4854,1793
2020-06-11 07:00:00,2317.1630789302017,2.728484105318785e-13,0.0,0.0,0.0,0.0,0.0,0.0,0.0,0.0,4742,2317
2020-06-11 08:00:00,3224.163078930202,-3.4106051316484814e-14,0.0,0.0,0.0,0.0,0.0,0.0,0.0,0.0,4406,3224
2020-06-11 09:00:00,3781.163078930202,2.728484105318785e-13,0.0,0.0,0.0,0.0,0.0,0.0,0.0,0.0,4419,3781
2020-06-11 10:00:00,4112.1630789302035,0.0,0.0,0.0,0.0,0.0,0.0,0.0,0.0,0.0,4359,4112
2020-06-11 11:00:00,4412.163078930202,4.547473508864642e-13,0.0,0.0,0.0,0.0,0.0,0.0,0.0,0.0,4289,4412
2020-06-11 12:00:00,4630.163078930203,1.9326762412674732e-13,0.0,0.0,0.0,0.0,0.0,0.0,0.0,0.0,4415,4630
2020-06-11 13:00:00,4546.163078930203,2.728484105318785e-13,0.0,0.0,0.0,0.0,0.0,0.0,0.0,0.0,4223,4546
2020-06-11 14:00:00,4915.163078930203,2.728484105318785e-13,0.0,0.0,0.0,0.0,0.0,0.0,0.0,0.0,3694,4915
2020-06-11 15:00:00,4841.163078930203,2.728484105318785e-13,0.0,0.0,0.0,0.0,0.0,0.0,0.0,0.0,3551,4841
2020-06-11 16:00:00,4951.163078930202,2.728484105318785e-13,0.0,0.0,0.0,0.0,0.0,0.0,0.0,0.0,3251,4951
2020-06-11 17:00:00,5289.163078930203,0.0,0.0,0.0,0.0,0.0,0.0,0.0,0.0,0.0,2862,5289
2020-06-11 18:00:00,5580.0,2.728484105318785e-13,0.0,0.0,0.0,60.16307893020338,0.0,0.0,0.0,0.0,2549,5640
2020-06-11 19:00:00,5580.0,0.0,0.0,0.0,0.0,250.16307893020303,0.0,0.0,0.0,0.0,2256,5830
2020-06-11 20:00:00,5580.0,2.728484105318785e-13,0.0,0.0,0.0,5.163078930203028,0.0,0.0,0.0,0.0,2131,5585
2020-06-11 21:00:00,1860.0,1.9326762412674732e-13,0.0,0.0,0.0,3637.163078930203,0.0,0.0,0.0,0.0,2042,5497
2020-06-11 22:00:00,5580.0,0.0,0.0,0.0,0.0,620.163078930203,0.0,0.0,0.0,0.0,1929,6200
2020-06-11 23:00:00,5580.0,4.547473508864642e-13,0.0,0.0,0.0,184.16307893020257,0.0,0.0,0.0,0.0,2520,5764
2020-06-12 00:00:00,5350.163078930202,-2.728484105318785e-13,0.0,0.0,0.0,0.0,0.0,0.0,0.0,0.0,2254,5350
2020-06-12 01:00:00,4707.163078930203,0.0,0.0,0.0,0.0,0.0,0.0,0.0,0.0,0.0,2439,4707
2020-06-12 02:00:00,4145.163078930203,-2.728484105318785e-13,0.0,0.0,0.0,0.0,0.0,0.0,0.0,0.0,2614,4145
2020-06-12 03:00:00,3514.163078930202,1.818989403545857e-13,0.0,0.0,0.0,0.0,0.0,0.0,0.0,0.0,2807,3514
2020-06-12 04:00:00,3031.163078930203,-2.728484105318785e-13,0.0,0.0,0.0,0.0,0.0,0.0,0.0,0.0,3064,3031
2020-06-12 05:00:00,1260.0,0.0,0.0,0.0,0.0,1286.1630789302023,0.0,0.0,0.0,0.0,3406,2546
2020-06-12 06:00:00,2376.163078930202,0.0,0.0,0.0,0.0,0.0,0.0,0.0,0.0,0.0,3540,2376
2020-06-12 07:00:00,2551.1630789302026,-2.728484105318785e-13,0.0,0.0,0.0,0.0,0.0,0.0,0.0,0.0,3617,2551
2020-06-12 08:00:00,1468.1630789302021,-4.547473508864643e-14,0.0,0.0,0.0,0.0,0.0,0.0,0.0,0.0,5176,1468
2020-06-12 09:00:00,2813.1630789302026,-2.728484105318785e-13,0.0,0.0,0.0,0.0,0.0,0.0,0.0,0.0,4357,2813
2020-06-12 10:00:00,2708.163078930202,0.0,0.0,0.0,0.0,0.0,0.0,0.0,0.0,0.0,4833,2708
2020-06-12 11:00:00,2488.163078930202,-2.728484105318785e-13,0.0,0.0,0.0,0.0,0.0,0.0,0.0,0.0,5340,2488
2020-06-12 12:00:00,2551.163078930202,1.818989403545857e-13,0.0,0.0,0.0,0.0,0.0,0.0,0.0,0.0,5653,2551
2020-06-12 13:00:00,1989.1630789302023,-2.728484105318785e-13,0.0,0.0,0.0,0.0,0.0,0.0,0.0,0.0,5889,1989
2020-06-12 14:00:00,1749.1630789302023,0.0,0.0,0.0,0.0,0.0,0.0,0.0,0.0,0.0,5885,1749
2020-06-12 15:00:00,1714.1630789302023,0.0,0.0,0.0,0.0,0.0,0.0,0.0,0.0,0.0,5688,1714
2020-06-12 16:00:00,1783.1630789302023,-2.728484105318785e-13,0.0,0.0,0.0,0.0,0.0,0.0,0.0,0.0,5476,1783
2020-06-12 17:00:00,1260.0,0.0,0.0,0.0,0.0,635.1630789302023,0.0,0.0,0.0,0.0,5414,1895
2020-06-12 18:00:00,2025.1630789302023,-2.728484105318785e-13,0.0,0.0,0.0,0.0,0.0,0.0,0.0,0.0,5524,2025
2020-06-12 19:00:00,2428.163078930202,0.0,0.0,0.0,0.0,0.0,0.0,0.0,0.0,0.0,5297,2428
2020-06-12 20:00:00,2530.1630789302026,-2.728484105318785e-13,0.0,0.0,0.0,0.0,0.0,0.0,0.0,0.0,5030,2530
2020-06-12 21:00:00,2541.163078930202,1.818989403545857e-13,0.0,0.0,0.0,0.0,0.0,0.0,0.0,0.0,4915,2541
2020-06-12 22:00:00,2970.163078930202,-2.728484105318785e-13,0.0,0.0,0.0,0.0,0.0,0.0,0.0,0.0,4973,2970
2020-06-12 23:00:00,1260.0,0.0,0.0,0.0,0.0,1703.163078930202,0.0,0.0,0.0,0.0,5077,2963
2020-06-13 00:00:00,2678.163078930202,2.728484105318785e-13,0.0,0.0,0.0,0.0,0.0,0.0,0.0,0.0,4737,2678
2020-06-13 01:00:00,2208.163078930202,0.0,0.0,0.0,0.0,0.0,0.0,0.0,0.0,0.0,4790,2208
2020-06-13 02:00:00,1260.0,2.728484105318785e-13,0.0,0.0,0.0,608.1630789302019,0.0,0.0,0.0,0.0,4814,1868
2020-06-13 03:00:00,1665.1630789302021,0.0,0.0,0.0,0.0,0.0,0.0,0.0,0.0,0.0,4682,1665
2020-06-13 04:00:00,1260.0,2.728484105318785e-13,0.0,0.0,0.0,355.16307893020166,0.0,0.0,0.0,0.0,4703,1615
2020-06-13 05:00:00,1972.163078930202,0.0,0.0,0.0,0.0,0.0,0.0,0.0,0.0,0.0,4710,1972
2020-06-13 06:00:00,3007.1630789302017,2.728484105318785e-13,0.0,0.0,0.0,0.0,0.0,0.0,0.0,0.0,4434,3007
2020-06-13 07:00:00,3877.1630789302017,-2.728484105318784e-13,0.0,0.0,0.0,0.0,0.0,0.0,0.0,0.0,4451,3877
2020-06-13 08:00:00,1860.0,6.366462912410498e-13,0.0,0.0,0.0,2596.163078930202,0.0,0.0,0.0,0.0,4441,4456
2020-06-13 09:00:00,4720.163078930202,8.185452315956354e-13,0.0,0.0,0.0,0.0,0.0,0.0,0.0,0.0,4566,4720
2020-06-13 10:00:00,4699.163078930202,5.45696821063757e-13,0.0,0.0,0.0,0.0,0.0,0.0,0.0,0.0,4774,4699
2020-06-13 11:00:00,1860.0,8.185452315956354e-13,0.0,0.0,0.0,2647.1630789302026,0.0,0.0,0.0,0.0,5176,4507
2020-06-13 12:00:00,4389.163078930202,5.45696821063757e-13,0.0,0.0,0.0,0.0,0.0,0.0,0.0,0.0,5420,4389
2020-06-13 13:00:00,4331.163078930202,8.185452315956354e-13,0.0,0.0,0.0,0.0,0.0,0.0,0.0,0.0,5373,4331
2020-06-13 14:00:00,4618.163078930202,0.0,0.0,0.0,0.0,0.0,0.0,0.0,0.0,0.0,5026,4618
2020-06-13 15:00:00,5191.163078930203,3.6379788070917137e-13,0.0,0.0,0.0,0.0,0.0,0.0,0.0,0.0,4240,5191
2020-06-13 16:00:00,5295.1630789302035,0.0,0.0,0.0,0.0,0.0,0.0,0.0,0.0,0.0,3922,5295
2020-06-13 17:00:00,4874.163078930202,6.366462912410498e-13,0.0,0.0,0.0,0.0,0.0,0.0,0.0,0.0,4218,4874
2020-06-13 18:00:00,4568.163078930203,1.4210854715202006e-13,0.0,0.0,0.0,0.0,0.0,0.0,0.0,0.0,4684,4568
2020-06-13 19:00:00,4313.163078930202,-3.4106051316484814e-14,0.0,0.0,0.0,0.0,0.0,0.0,0.0,0.0,4843,4313
2020-06-13 20:00:00,1860.0,1.4210854715202006e-13,0.0,0.0,0.0,2780.1630789302026,0.0,0.0,0.0,0.0,3927,4640
2020-06-13 21:00:00,4900.163078930202,5.45696821063757e-13,0.0,0.0,0.0,0.0,0.0,0.0,0.0,0.0,3313,4900
2020-06-13 22:00:00,1860.0,1.4210854715202006e-13,0.0,0.0,0.0,3516.163078930203,0.0,0.0,0.0,0.0,3227,5376
2020-06-13 23:00:00,5314.1630789302035,0.0,0.0,0.0,0.0,0.0,0.0,0.0,0.0,0.0,3316,5314
2020-06-14 00:00:00,4688.163078930203,2.2737367544323216e-13,0.0,0.0,0.0,0.0,0.0,0.0,0.0,0.0,3289,4688
2020-06-14 01:00:00,4122.163078930203,-1.3642420526593928e-13,0.0,0.0,0.0,0.0,0.0,0.0,0.0,0.0,3419,4122
2020-06-14 02:00:00,3910.1630789302026,2.2737367544323216e-13,0.0,0.0,0.0,0.0,0.0,0.0,0.0,0.0,3315,3910
2020-06-14 03:00:00,3680.1630789302026,2.2737367544323216e-13,0.0,0.0,0.0,0.0,0.0,0.0,0.0,0.0,3186,3680
2020-06-14 04:00:00,1860.0,-1.3642420526593928e-13,0.0,0.0,0.0,0.0,13.836921069797768,0.0,0.0,0.0,4934,1846
2020-06-14 05:00:00,4044.785388127854,3.637978807091713e-13,0.0,0.0,0.0,0.0,0.0,10.377690802348326,0.0,0.0,2979,4055
2020-06-14 06:00:00,1560.0,0.0,0.0,0.0,0.0,0.0,176.83692106979788,0.0,0.0,0.0,6357,1383
2020-06-14 07:00:00,3442.535388127854,3.637978807091713e-13,0.0,0.0,0.0,0.0,0.0,132.6276908023484,0.0,0.0,5007,3575
2020-06-14 08:00:00,3956.1630789302026,0.0,0.0,0.0,0.0,0.0,0.0,0.0,0.0,0.0,5150,3956
2020-06-14 09:00:00,4376.163078930203,1.818989403545857e-13,0.0,0.0,0.0,0.0,0.0,0.0,0.0,0.0,5058,4376
2020-06-14 10:00:00,2750.163078930202,-1.3642420526593928e-13,0.0,0.0,0.0,0.0,0.0,0.0,0.0,0.0,6832,2750
2020-06-14 11:00:00,1560.0,3.637978807091713e-13,0.0,0.0,0.0,3295.1630789302026,0.0,0.0,0.0,0.0,4907,4855
2020-06-14 12:00:00,4770.0,1.818989403545857e-13,0.0,0.0,0.0,300.163078930203,0.0,0.0,0.0,0.0,4773,5070
2020-06-14 13:00:00,4770.0,-2.728484105318785e-13,0.0,0.0,0.0,501.163078930203,0.0,0.0,0.0,0.0,4428,5271
2020-06-14 14:00:00,1560.0,0.0,0.0,0.0,0.0,1059.1630789302023,0.0,0.0,0.0,0.0,7016,2619
2020-06-14 15:00:00,4770.0,-2.728484105318785e-13,0.0,0.0,0.0,561.1630789302026,0.0,0.0,0.0,0.0,4064,5331
2020-06-14 16:00:00,4770.0,0.0,0.0,0.0,0.0,222.16307893020303,0.0,0.0,0.0,0.0,4189,4992
2020-06-14 17:00:00,4113.163078930203,-2.728484105318785e-13,0.0,0.0,0.0,0.0,0.0,0.0,0.0,0.0,4954,4113
2020-06-14 18:00:00,3825.1630789302026,1.818989403545857e-13,0.0,0.0,0.0,0.0,0.0,0.0,0.0,0.0,5383,3825
2020-06-14 19:00:00,2988.163078930202,-2.728484105318785e-13,0.0,0.0,0.0,0.0,0.0,0.0,0.0,0.0,6144,2988
2020-06-14 20:00:00,1560.0,0.0,0.0,0.0,0.0,2626.1630789302035,0.0,0.0,0.0,0.0,4366,4186
2020-06-14 21:00:00,4687.1630789302035,0.0,0.0,0.0,0.0,0.0,0.0,0.0,0.0,0.0,3545,4687
2020-06-14 22:00:00,4770.0,-2.728484105318785e-13,0.0,0.0,0.0,222.16307893020303,0.0,0.0,0.0,0.0,3647,4992
2020-06-14 23:00:00,1560.0,0.0,0.0,0.0,0.0,3457.1630789302035,0.0,0.0,0.0,0.0,3692,5017
2020-06-15 00:00:00,4741.1630789302035,0.0,0.0,0.0,0.0,0.0,0.0,0.0,0.0,0.0,3207,4741
2020-06-15 01:00:00,4565.163078930202,5.456968210637569e-13,0.0,0.0,0.0,0.0,0.0,0.0,0.0,0.0,2950,4565
2020-06-15 02:00:00,1581.1630789302017,5.456968210637569e-13,0.0,0.0,0.0,0.0,0.0,0.0,0.0,0.0,5620,1581
2020-06-15 03:00:00,1626.1630789302023,1.818989403545857e-13,0.0,0.0,0.0,0.0,0.0,0.0,0.0,0.0,5219,1626
2020-06-15 04:00:00,3960.0,0.0,0.0,0.0,0.0,551.1630789302026,0.0,0.0,0.0,0.0,2250,4511
2020-06-15 05:00:00,1260.0,5.456968210637569e-13,0.0,0.0,0.0,29.16307893020189,0.0,0.0,0.0,0.0,5731,1289
2020-06-15 06:00:00,3619.1630789302017,5.456968210637569e-13,0.0,0.0,0.0,0.0,0.0,0.0,0.0,0.0,4111,3619
2020-06-15 07:00:00,3455.163078930202,5.456968210637569e-13,0.0,0.0,0.0,0.0,0.0,0.0,0.0,0.0,5117,3455
2020-06-15 08:00:00,3849.1630789302017,5.456968210637569e-13,0.0,0.0,0.0,0.0,0.0,0.0,0.0,0.0,5249,3849
2020-06-15 09:00:00,3431.1630789302026,0.0,0.0,0.0,0.0,0.0,0.0,0.0,0.0,0.0,5999,3431
2020-06-15 10:00:00,4571.163078930202,5.456968210637569e-13,0.0,0.0,0.0,0.0,0.0,0.0,0.0,0.0,5016,4571
2020-06-15 11:00:00,4770.0,0.0,0.0,0.0,0.0,13.163078930202571,0.0,0.0,0.0,0.0,4996,4783
2020-06-15 12:00:00,4770.0,1.818989403545857e-13,0.0,0.0,0.0,216.16307893020257,0.0,0.0,0.0,0.0,4889,4986
2020-06-15 13:00:00,4770.0,-2.728484105318785e-13,0.0,0.0,0.0,436.1630789302026,0.0,0.0,0.0,0.0,4545,5206
2020-06-15 14:00:00,4770.0,1.818989403545857e-13,0.0,0.0,0.0,715.1630789302022,0.0,0.0,0.0,0.0,4231,5485
2020-06-15 15:00:00,4770.0,5.456968210637569e-13,0.0,0.0,0.0,683.1630789302021,0.0,0.0,0.0,0.0,4048,5453
2020-06-15 16:00:00,4770.0,0.0,0.0,0.0,0.0,457.1630789302026,0.0,0.0,0.0,0.0,4080,5227
2020-06-15 17:00:00,4445.163078930202,5.456968210637569e-13,0.0,0.0,0.0,0.0,0.0,0.0,0.0,0.0,4759,4445
2020-06-15 18:00:00,4162.1630789302035,0.0,0.0,0.0,0.0,0.0,0.0,0.0,0.0,0.0,5168,4162
2020-06-15 19:00:00,4353.163078930203,1.818989403545857e-13,0.0,0.0,0.0,0.0,0.0,0.0,0.0,0.0,4889,4353
2020-06-15 20:00:00,4640.163078930203,0.0,0.0,0.0,0.0,0.0,0.0,0.0,0.0,0.0,4019,4640
2020-06-15 21:00:00,4770.0,5.456968210637569e-13,0.0,0.0,0.0,261.1630789302021,0.0,0.0,0.0,0.0,3317,5031
2020-06-15 22:00:00,1560.0,5.456968210637569e-13,0.0,0.0,0.0,893.1630789302021,0.0,0.0,0.0,0.0,6317,2453
2020-06-15 23:00:00,4770.0,5.456968210637569e-13,0.0,0.0,0.0,584.1630789302021,0.0,0.0,0.0,0.0,3467,5354
2020-06-16 00:00:00,4770.0,0.0,0.0,0.0,0.0,332.1630789302022,0.0,0.0,0.0,0.0,2936,5102
2020-06-16 01:00:00,4532.163078930203,387.0,0.0,0.0,0.0,0.0,0.0,0.0,0.0,0.0,2691,4919
2020-06-16 02:00:00,4416.163078930203,387.0,0.0,0.0,0.0,0.0,0.0,0.0,0.0,0.0,2498,4803
2020-06-16 03:00:00,1618.1630789302021,387.0,0.0,0.0,0.0,0.0,0.0,0.0,0.0,0.0,4948,2005
2020-06-16 04:00:00,1602.1630789302021,387.0,0.0,0.0,0.0,0.0,0.0,0.0,0.0,0.0,4887,1989
2020-06-16 05:00:00,4305.163078930203,2.728484105318785e-13,0.0,0.0,0.0,0.0,0.0,0.0,0.0,0.0,2824,4305
2020-06-16 06:00:00,3284.563078930201,741.6000000000009,0.0,0.0,0.0,0.0,0.0,0.0,0.0,0.0,3804,4026
2020-06-16 07:00:00,3583.163078930202,288.0000000000002,0.0,0.0,0.0,0.0,0.0,0.0,0.0,0.0,4818,3871
2020-06-16 08:00:00,3510.563078930203,741.6000000000003,0.0,0.0,0.0,0.0,0.0,0.0,0.0,0.0,4969,4252
2020-06-16 09:00:00,3705.58013527792,973.582943652283,0.0,0.0,0.0,0.0,0.0,0.0,0.0,0.0,4899,4679
2020-06-16 10:00:00,3884.5630789302027,1128.6000000000004,0.0,0.0,0.0,0.0,0.0,0.0,0.0,0.0,4750,5013
2020-06-16 11:00:00,4028.9630789302028,1247.2,0.0,0.0,0.0,0.0,0.0,0.0,0.0,0.0,4695,5276
2020-06-16 12:00:00,1860.0,760.1630789302021,0.0,0.0,0.0,0.0,0.0,0.0,0.0,0.0,7454,2620
2020-06-16 13:00:00,3567.963078930202,1634.2,0.0,0.0,0.0,0.0,0.0,0.0,0.0,0.0,4757,5202
2020-06-16 14:00:00,1230.0,1947.1630789302026,0.0,0.0,0.0,0.0,0.0,0.0,0.0,0.0,6765,3177
2020-06-16 15:00:00,3600.0,1701.0,0.0,0.0,0.0,276.1630789302026,0.0,0.0,0.0,0.0,4146,5577
2020-06-16 16:00:00,1230.0,1938.1630789302021,0.0,0.0,0.0,0.0,0.0,0.0,0.0,0.0,6339,3168
2020-06-16 17:00:00,3600.0,1443.1630789302026,0.0,0.0,0.0,0.0,0.0,0.0,0.0,0.0,4326,5043
2020-06-16 18:00:00,3600.0,1207.163078930203,0.0,0.0,0.0,0.0,0.0,0.0,0.0,0.0,4633,4807
2020-06-16 19:00:00,2609.563078930203,2390.6,0.0,0.0,0.0,0.0,0.0,0.0,0.0,0.0,4314,5000
2020-06-16 20:00:00,2790.0,2285.163078930202,0.0,0.0,0.0,0.0,0.0,0.0,0.0,0.0,3632,5075
2020-06-16 21:00:00,2474.384735812043,2608.2,0.0,0.0,0.0,206.5783431181594,0.0,0.0,0.0,0.0,3093,5289
2020-06-16 22:00:00,930.0,2608.2000000000003,0.0,0.0,0.0,2000.9630789302023,0.0,0.0,0.0,0.0,3255,5539
2020-06-16 23:00:00,1980.1630789302026,3555.0,0.0,0.0,0.0,0.0,0.0,0.0,0.0,0.0,3299,5535
2020-06-17 00:00:00,2790.0,1013.0,0.0,0.0,0.0,979.1630789302026,0.0,0.0,0.0,0.0,3294,4782
2020-06-17 01:00:00,1359.1630789302021,1013.0,0.0,0.0,0.0,0.0,0.0,0.0,0.0,0.0,5258,2372
2020-06-17 02:00:00,2790.0,1013.0,0.0,0.0,0.0,569.1630789302026,0.0,0.0,0.0,0.0,2946,4372
2020-06-17 03:00:00,2519.1630789302026,-5.456968210637569e-13,0.0,0.0,0.0,0.0,0.0,0.0,0.0,0.0,4442,2519
2020-06-17 04:00:00,930.0,3.637978807091713e-13,0.0,0.0,0.0,3582.1630789302026,0.0,0.0,0.0,0.0,2385,4512
2020-06-17 05:00:00,2790.0,0.0,0.0,0.0,0.0,2277.1630789302026,0.0,0.0,0.0,0.0,2073,5067
2020-06-17 06:00:00,2790.0,3.637978807091713e-13,0.0,0.0,0.0,240.16307893020212,0.0,0.0,0.0,0.0,4812,3030
2020-06-17 07:00:00,2790.0,0.0,0.0,0.0,0.0,3554.163078930203,0.0,0.0,0.0,0.0,2353,6344
2020-06-17 08:00:00,2790.0,1.847411112976261e-13,0.0,0.0,0.0,3611.1630789302026,0.0,0.0,0.0,0.0,2822,6401
2020-06-17 09:00:00,2790.0,3.637978807091713e-13,0.0,0.0,0.0,1658.1630789302028,0.0,0.0,0.0,0.0,5149,4448
2020-06-17 10:00:00,2790.0,-5.456968210637569e-13,0.0,0.0,0.0,3906.163078930202,0.0,0.0,0.0,0.0,3080,6696
2020-06-17 11:00:00,2790.0,3.637978807091713e-13,0.0,0.0,0.0,3934.1630789302026,0.0,0.0,0.0,0.0,3218,6724
2020-06-17 12:00:00,2790.0,-5.456968210637569e-13,0.0,0.0,0.0,3870.163078930202,0.0,0.0,0.0,0.0,3354,6660
2020-06-17 13:00:00,2790.0,3.637978807091713e-13,0.0,0.0,0.0,1395.1630789302028,0.0,0.0,0.0,0.0,5614,4185
2020-06-17 14:00:00,2790.0,-2.728484105318785e-13,0.0,0.0,0.0,3936.1630789302017,0.0,0.0,0.0,0.0,2971,6726
2020-06-17 15:00:00,1084.1630789302026,1.847411112976261e-13,0.0,0.0,0.0,6000.0,0.0,0.0,0.0,0.0,2337,7084
2020-06-17 16:00:00,2790.0,-5.456968210637569e-13,0.0,0.0,0.0,1837.1630789302023,0.0,0.0,0.0,0.0,4510,4627
2020-06-17 17:00:00,2790.0,3.637978807091713e-13,0.0,0.0,0.0,3603.1630789302026,0.0,0.0,0.0,0.0,2603,6393
2020-06-17 18:00:00,2790.0,0.0,0.0,0.0,0.0,3191.1630789302026,0.0,0.0,0.0,0.0,3044,5981
2020-06-17 19:00:00,2790.0,-2.728484105318785e-13,0.0,0.0,0.0,1940.1630789302023,0.0,0.0,0.0,0.0,4111,4730
2020-06-17 20:00:00,2790.0,3.637978807091713e-13,0.0,0.0,0.0,1432.1630789302028,0.0,0.0,0.0,0.0,4107,4222
2020-06-17 21:00:00,2790.0,-5.456968210637569e-13,0.0,0.0,0.0,1132.163078930202,0.0,0.0,0.0,0.0,4122,3922
2020-06-17 22:00:00,930.0,3.637978807091713e-13,0.0,0.0,0.0,3504.1630789302026,0.0,0.0,0.0,0.0,4096,4434
2020-06-17 23:00:00,4410.0,-2.728484105318785e-13,0.0,0.0,0.0,142.16307893020212,0.0,0.0,0.0,0.0,4070,4552
2020-06-18 00:00:00,4754.163078930202,4.547473508864642e-13,0.0,0.0,0.0,0.0,0.0,0.0,0.0,0.0,3101,4754
2020-06-18 01:00:00,5387.1630789302035,0.0,0.0,0.0,0.0,0.0,0.0,0.0,0.0,0.0,1996,5387
2020-06-18 02:00:00,3846.1630789302017,4.547473508864642e-13,0.0,0.0,0.0,0.0,0.0,0.0,0.0,0.0,3160,3846
2020-06-18 03:00:00,3397.1630789302017,4.547473508864642e-13,0.0,0.0,0.0,0.0,0.0,0.0,0.0,0.0,3201,3397
2020-06-18 04:00:00,3130.1630789302017,0.0,0.0,0.0,0.0,0.0,0.0,0.0,0.0,0.0,3275,3130
2020-06-18 05:00:00,2972.1630789302017,4.547473508864642e-13,0.0,0.0,0.0,0.0,0.0,0.0,0.0,0.0,3407,2972
2020-06-18 06:00:00,2870.1630789302017,0.0,0.0,0.0,0.0,0.0,0.0,0.0,0.0,0.0,3617,2870
2020-06-18 07:00:00,3010.1630789302017,4.547473508864642e-13,0.0,0.0,0.0,0.0,0.0,0.0,0.0,0.0,3855,3010
2020-06-18 08:00:00,5253.1630789302035,0.0,0.0,0.0,0.0,0.0,0.0,0.0,0.0,0.0,2170,5253
2020-06-18 09:00:00,5332.163078930203,4.547473508864642e-13,0.0,0.0,0.0,0.0,0.0,0.0,0.0,0.0,2610,5332
2020-06-18 10:00:00,2985.163078930202,2.728484105318785e-13,0.0,0.0,0.0,0.0,0.0,0.0,0.0,0.0,5204,2985
2020-06-18 11:00:00,4628.163078930202,4.547473508864642e-13,0.0,0.0,0.0,0.0,0.0,0.0,0.0,0.0,3753,4628
2020-06-18 12:00:00,4557.163078930203,2.1032064978498967e-13,0.0,0.0,0.0,0.0,0.0,0.0,0.0,0.0,4119,4557
2020-06-18 13:00:00,3926.1630789302017,2.728484105318785e-13,0.0,0.0,0.0,0.0,0.0,0.0,0.0,0.0,4410,3926
2020-06-18 14:00:00,1860.0,4.547473508864642e-13,0.0,0.0,0.0,1656.1630789302017,0.0,0.0,0.0,0.0,4555,3516
2020-06-18 15:00:00,4014.163078930201,2.728484105318785e-13,0.0,0.0,0.0,0.0,0.0,0.0,0.0,0.0,3752,4014
2020-06-18 16:00:00,3803.1630789302017,4.547473508864642e-13,0.0,0.0,0.0,0.0,0.0,0.0,0.0,0.0,3722,3803
2020-06-18 17:00:00,3852.1630789302017,2.728484105318785e-13,0.0,0.0,0.0,0.0,0.0,0.0,0.0,0.0,3621,3852
2020-06-18 18:00:00,1560.0,4.547473508864642e-13,0.0,0.0,0.0,850.1630789302019,0.0,0.0,0.0,0.0,5235,2410
2020-06-18 19:00:00,3811.1630789302026,-5.456968210637568e-13,0.0,0.0,0.0,0.0,0.0,0.0,0.0,0.0,3814,3811
2020-06-18 20:00:00,3466.1630789302017,4.547473508864642e-13,0.0,0.0,0.0,0.0,0.0,0.0,0.0,0.0,3812,3466
2020-06-18 21:00:00,3279.163078930202,1.1368683772161591e-14,0.0,0.0,0.0,0.0,0.0,0.0,0.0,0.0,3784,3279
2020-06-18 22:00:00,3355.1630789302017,0.0,0.0,0.0,0.0,0.0,0.0,0.0,0.0,0.0,4272,3355
2020-06-18 23:00:00,4200.163078930203,2.1032064978498967e-13,0.0,0.0,0.0,0.0,0.0,0.0,0.0,0.0,3692,4200
2020-06-19 00:00:00,3899.1630789302017,1.3642420526593928e-13,0.0,0.0,0.0,0.0,0.0,0.0,0.0,0.0,3385,3899
2020-06-19 01:00:00,3080.163078930202,1.818989403545857e-13,0.0,0.0,0.0,0.0,0.0,0.0,0.0,0.0,3780,3080
2020-06-19 02:00:00,3000.163078930202,0.0,0.0,0.0,0.0,0.0,0.0,0.0,0.0,0.0,3477,3000
2020-06-19 03:00:00,3170.1630789302017,1.818989403545857e-13,0.0,0.0,0.0,0.0,0.0,0.0,0.0,0.0,2870,3170
2020-06-19 04:00:00,2993.1630789302026,0.0,0.0,0.0,0.0,0.0,0.0,0.0,0.0,0.0,2845,2993
2020-06-19 05:00:00,3012.163078930202,1.818989403545857e-13,0.0,0.0,0.0,0.0,0.0,0.0,0.0,0.0,2728,3012
2020-06-19 06:00:00,3078.1630789302017,3.637978807091713e-13,0.0,0.0,0.0,0.0,0.0,0.0,0.0,0.0,2669,3078
2020-06-19 07:00:00,1260.0,0.0,0.0,0.0,0.0,0.0,300.8369210697974,0.0,0.0,0.0,5016,959
2020-06-19 08:00:00,1354.5353881278538,1.818989403545857e-13,0.0,0.0,0.0,0.0,0.0,225.62769080234807,0.0,0.0,4867,1580
2020-06-19 09:00:00,3614.163078930202,0.0,0.0,0.0,0.0,0.0,0.0,0.0,0.0,0.0,3328,3614
2020-06-19 10:00:00,3958.163078930202,1.847411112976261e-13,0.0,0.0,0.0,0.0,0.0,0.0,0.0,0.0,3318,3958
2020-06-19 11:00:00,1917.1630789302023,-5.456968210637569e-13,0.0,0.0,0.0,0.0,0.0,0.0,0.0,0.0,5635,1917
2020-06-19 12:00:00,3156.1630789302017,1.818989403545857e-13,0.0,0.0,0.0,0.0,0.0,0.0,0.0,0.0,4738,3156
2020-06-19 13:00:00,3960.0,0.0,0.0,0.0,0.0,167.16307893020257,0.0,0.0,0.0,0.0,3366,4127
2020-06-19 14:00:00,1644.163078930202,1.818989403545857e-13,0.0,0.0,0.0,0.0,0.0,0.0,0.0,0.0,5508,1644
2020-06-19 15:00:00,3908.1630789302017,3.637978807091713e-13,0.0,0.0,0.0,0.0,0.0,0.0,0.0,0.0,2944,3908
2020-06-19 16:00:00,1750.1630789302021,0.0,0.0,0.0,0.0,0.0,0.0,0.0,0.0,0.0,4940,1750
2020-06-19 17:00:00,3393.1630789302017,1.818989403545857e-13,0.0,0.0,0.0,0.0,0.0,0.0,0.0,0.0,3334,3393
2020-06-19 18:00:00,2388.1630789302026,1.3642420526593928e-13,0.0,0.0,0.0,0.0,0.0,0.0,0.0,0.0,4692,2388
2020-06-19 19:00:00,2602.163078930202,1.818989403545857e-13,0.0,0.0,0.0,0.0,0.0,0.0,0.0,0.0,4764,2602
2020-06-19 20:00:00,4577.163078930203,0.0,0.0,0.0,0.0,0.0,0.0,0.0,0.0,0.0,2672,4577
2020-06-19 21:00:00,4622.163078930203,1.818989403545857e-13,0.0,0.0,0.0,0.0,0.0,0.0,0.0,0.0,2482,4622
2020-06-19 22:00:00,2785.163078930202,-1.1084466677857568e-13,0.0,0.0,0.0,0.0,0.0,0.0,0.0,0.0,4806,2785
2020-06-19 23:00:00,2905.163078930202,1.818989403545857e-13,0.0,0.0,0.0,0.0,0.0,0.0,0.0,0.0,4887,2905
2020-06-20 00:00:00,4687.163078930202,2.728484105318785e-13,0.0,0.0,0.0,0.0,0.0,0.0,0.0,0.0,2546,4687
2020-06-20 01:00:00,4198.163078930203,2.728484105318785e-13,0.0,0.0,0.0,0.0,0.0,0.0,0.0,0.0,2649,4198
2020-06-20 02:00:00,3312.1630789302017,2.728484105318785e-13,0.0,0.0,0.0,0.0,0.0,0.0,0.0,0.0,3236,3312
2020-06-20 03:00:00,2813.1630789302017,2.728484105318785e-13,0.0,0.0,0.0,0.0,0.0,0.0,0.0,0.0,3404,2813
2020-06-20 04:00:00,2502.163078930202,2.735589532676386e-13,0.0,0.0,0.0,0.0,0.0,0.0,0.0,0.0,3711,2502
2020-06-20 05:00:00,2573.1630789302026,-5.45696821063757e-13,0.0,0.0,0.0,0.0,0.0,0.0,0.0,0.0,4039,2573
2020-06-20 06:00:00,3228.1630789302017,2.735589532676386e-13,0.0,0.0,0.0,0.0,0.0,0.0,0.0,0.0,4165,3228
2020-06-20 07:00:00,4088.163078930202,2.728484105318785e-13,0.0,0.0,0.0,0.0,0.0,0.0,0.0,0.0,4186,4088
2020-06-20 08:00:00,3179.163078930202,2.735589532676386e-13,0.0,0.0,0.0,0.0,0.0,0.0,0.0,0.0,5672,3179
2020-06-20 09:00:00,4638.163078930202,4.547473508864642e-13,0.0,0.0,0.0,0.0,0.0,0.0,0.0,0.0,4533,4638
2020-06-20 10:00:00,3193.1630789302026,-5.45696821063757e-13,0.0,0.0,0.0,0.0,0.0,0.0,0.0,0.0,6132,3193
2020-06-20 11:00:00,4410.0,2.728484105318785e-13,0.0,0.0,0.0,82.16307893020257,0.0,0.0,0.0,0.0,4998,4492
2020-06-20 12:00:00,4217.163078930203,2.728484105318785e-13,0.0,0.0,0.0,0.0,0.0,0.0,0.0,0.0,5363,4217
2020-06-20 13:00:00,4059.163078930202,2.735589532676386e-13,0.0,0.0,0.0,0.0,0.0,0.0,0.0,0.0,5356,4059
2020-06-20 14:00:00,4350.1630789302035,-5.45696821063757e-13,0.0,0.0,0.0,0.0,0.0,0.0,0.0,0.0,4921,4350
2020-06-20 15:00:00,4250.163078930203,2.735589532676386e-13,0.0,0.0,0.0,0.0,0.0,0.0,0.0,0.0,4748,4250
2020-06-20 16:00:00,4250.163078930203,1.875832822406665e-13,0.0,0.0,0.0,0.0,0.0,0.0,0.0,0.0,4506,4250
2020-06-20 17:00:00,2804.163078930202,2.735589532676386e-13,0.0,0.0,0.0,0.0,0.0,0.0,0.0,0.0,5837,2804
2020-06-20 18:00:00,3892.163078930202,2.735589532676386e-13,0.0,0.0,0.0,0.0,0.0,0.0,0.0,0.0,4988,3892
2020-06-20 19:00:00,3051.1630789302026,-5.45696821063757e-13,0.0,0.0,0.0,0.0,0.0,0.0,0.0,0.0,5838,3051
2020-06-20 20:00:00,3213.1630789302017,2.728484105318785e-13,0.0,0.0,0.0,0.0,0.0,0.0,0.0,0.0,5102,3213
2020-06-20 21:00:00,3026.1630789302017,2.728484105318785e-13,0.0,0.0,0.0,0.0,0.0,0.0,0.0,0.0,4916,3026
2020-06-20 22:00:00,3355.1630789302017,2.735589532676386e-13,0.0,0.0,0.0,0.0,0.0,0.0,0.0,0.0,4982,3355
2020-06-20 23:00:00,3494.1630789302026,-8.952838470577266e-14,0.0,0.0,0.0,0.0,0.0,0.0,0.0,0.0,4977,3494
2020-06-21 00:00:00,3022.1630789302017,1.5916157281026248e-13,0.0,0.0,0.0,0.0,0.0,0.0,0.0,0.0,4843,3022
2020-06-21 01:00:00,2525.163078930203,-5.456968210637569e-13,0.0,0.0,0.0,0.0,0.0,0.0,0.0,0.0,4923,2525
2020-06-21 02:00:00,2072.163078930201,9.094947017729282e-13,0.0,0.0,0.0,0.0,0.0,0.0,0.0,0.0,5074,2072
2020-06-21 03:00:00,1660.1630789302021,0.0,0.0,0.0,0.0,0.0,0.0,0.0,0.0,0.0,5131,1660
2020-06-21 04:00:00,1331.1630789302021,2.728484105318784e-13,0.0,0.0,0.0,0.0,0.0,0.0,0.0,0.0,5373,1331
2020-06-21 05:00:00,1708.1630789302012,9.094947017729282e-13,0.0,0.0,0.0,0.0,0.0,0.0,0.0,0.0,5280,1708
2020-06-21 06:00:00,2392.163078930202,2.728484105318784e-13,0.0,0.0,0.0,0.0,0.0,0.0,0.0,0.0,5317,2392
2020-06-21 07:00:00,3156.1630789302017,9.094947017729282e-13,0.0,0.0,0.0,0.0,0.0,0.0,0.0,0.0,5394,3156
2020-06-21 08:00:00,3600.0,-2.728484105318785e-13,0.0,0.0,0.0,38.16307893020212,0.0,0.0,0.0,0.0,5449,3638
2020-06-21 09:00:00,3600.0,1.5916157281026248e-13,0.0,0.0,0.0,59.163078930202616,0.0,0.0,0.0,0.0,5748,3659
2020-06-21 10:00:00,3600.0,0.0,0.0,0.0,0.0,24.163078930202573,0.0,0.0,0.0,0.0,5921,3624
2020-06-21 11:00:00,3600.0,1.5916157281026248e-13,0.0,0.0,0.0,134.1630789302026,0.0,0.0,0.0,0.0,5971,3734
2020-06-21 12:00:00,3600.0,9.094947017729282e-13,0.0,0.0,0.0,182.1630789302017,0.0,0.0,0.0,0.0,5971,3782
2020-06-21 13:00:00,3600.0,2.728484105318784e-13,0.0,0.0,0.0,30.16307893020212,0.0,0.0,0.0,0.0,5945,3630
2020-06-21 14:00:00,1230.0,9.094947017729282e-13,0.0,0.0,0.0,2452.163078930202,0.0,0.0,0.0,0.0,5758,3682
2020-06-21 15:00:00,3600.0,2.728484105318784e-13,0.0,0.0,0.0,2.1630789302021185,0.0,0.0,0.0,0.0,5548,3602
2020-06-21 16:00:00,3766.163078930202,5.456968210637569e-13,0.0,0.0,0.0,0.0,0.0,0.0,0.0,0.0,5142,3766
2020-06-21 17:00:00,3183.1630789302026,-2.728484105318785e-13,0.0,0.0,0.0,0.0,0.0,0.0,0.0,0.0,5605,3183
2020-06-21 18:00:00,4263.163078930202,5.456968210637569e-13,0.0,0.0,0.0,0.0,0.0,0.0,0.0,0.0,4696,4263
2020-06-21 19:00:00,4770.0,2.728484105318784e-13,0.0,0.0,0.0,19.16307893020212,0.0,0.0,0.0,0.0,4107,4789
2020-06-21 20:00:00,4494.163078930202,5.456968210637569e-13,0.0,0.0,0.0,0.0,0.0,0.0,0.0,0.0,3849,4494
2020-06-21 21:00:00,3729.1630789302026,0.0,0.0,0.0,0.0,0.0,0.0,0.0,0.0,0.0,4279,3729
2020-06-21 22:00:00,4099.163078930202,2.728484105318784e-13,0.0,0.0,0.0,0.0,0.0,0.0,0.0,0.0,4336,4099
2020-06-21 23:00:00,5086.163078930202,5.456968210637569e-13,0.0,0.0,0.0,0.0,0.0,0.0,0.0,0.0,3477,5086
2020-06-22 00:00:00,3950.163078930202,-2.728484105318785e-13,0.0,0.0,0.0,0.0,0.0,0.0,0.0,0.0,3919,3950
2020-06-22 01:00:00,3892.163078930202,0.0,0.0,0.0,0.0,0.0,0.0,0.0,0.0,0.0,3560,3892
2020-06-22 02:00:00,3771.1630789302026,-5.456968210637569e-13,0.0,0.0,0.0,0.0,0.0,0.0,0.0,0.0,3380,3771
2020-06-22 03:00:00,3856.163078930203,-5.456968210637569e-13,0.0,0.0,0.0,0.0,0.0,0.0,0.0,0.0,2939,3856
2020-06-22 04:00:00,3833.163078930202,-2.728484105318785e-13,0.0,0.0,0.0,0.0,0.0,0.0,0.0,0.0,2874,3833
2020-06-22 05:00:00,4193.163078930203,0.0,0.0,0.0,0.0,0.0,0.0,0.0,0.0,0.0,2795,4193
2020-06-22 06:00:00,5030.163078930202,9.094947017729282e-13,0.0,0.0,0.0,0.0,0.0,0.0,0.0,0.0,2675,5030
2020-06-22 07:00:00,5580.0,-5.456968210637569e-13,0.0,0.0,0.0,413.16307893020274,0.0,0.0,0.0,0.0,2552,5993
2020-06-22 08:00:00,5580.0,0.0,0.0,0.0,0.0,652.1630789302023,0.0,0.0,0.0,0.0,2857,6232
2020-06-22 09:00:00,4643.1630789302035,-5.456968210637569e-13,0.0,0.0,0.0,0.0,0.0,0.0,0.0,0.0,4776,4643
2020-06-22 10:00:00,4687.163078930203,0.0,0.0,0.0,0.0,0.0,0.0,0.0,0.0,0.0,4876,4687
2020-06-22 11:00:00,5580.0,-2.728484105318785e-13,0.0,0.0,0.0,1017.163078930202,0.0,0.0,0.0,0.0,3127,6597
2020-06-22 12:00:00,5580.0,0.0,0.0,0.0,0.0,1066.1630789302023,0.0,0.0,0.0,0.0,3126,6646
2020-06-22 13:00:00,5580.0,0.0,0.0,0.0,0.0,1103.163078930202,0.0,0.0,0.0,0.0,2909,6683
2020-06-22 14:00:00,5580.0,0.0,0.0,0.0,0.0,1173.1630789302023,0.0,0.0,0.0,0.0,2701,6753
2020-06-22 15:00:00,5580.0,9.094947017729282e-13,0.0,0.0,0.0,1022.1630789302016,0.0,0.0,0.0,0.0,2559,6602
2020-06-22 16:00:00,5580.0,-2.728484105318785e-13,0.0,0.0,0.0,733.1630789302021,0.0,0.0,0.0,0.0,2602,6313
2020-06-22 17:00:00,4366.163078930203,0.0,0.0,0.0,0.0,0.0,0.0,0.0,0.0,0.0,4428,4366
2020-06-22 18:00:00,5442.163078930203,-2.728484105318785e-13,0.0,0.0,0.0,0.0,0.0,0.0,0.0,0.0,3524,5442
2020-06-22 19:00:00,4624.163078930203,0.0,0.0,0.0,0.0,0.0,0.0,0.0,0.0,0.0,4280,4624
2020-06-22 20:00:00,5580.0,-2.728484105318785e-13,0.0,0.0,0.0,161.16307893020212,0.0,0.0,0.0,0.0,2611,5741
2020-06-22 21:00:00,5580.0,0.0,0.0,0.0,0.0,305.1630789302021,0.0,0.0,0.0,0.0,2132,5885
2020-06-22 22:00:00,1860.0,0.0,0.0,0.0,0.0,1864.1630789302028,0.0,0.0,0.0,0.0,4717,3724
2020-06-22 23:00:00,2558.9539465102616,0.0,0.0,0.0,0.0,3799.209132419941,0.0,0.0,0.0,0.0,2212,6358
2020-06-23 00:00:00,5580.0,0.0,0.0,0.0,0.0,50.163078930202936,0.0,0.0,0.0,0.0,2247,5630
2020-06-23 01:00:00,3288.163078930202,0.0,0.0,0.0,0.0,0.0,0.0,0.0,0.0,0.0,4172,3288
2020-06-23 02:00:00,1860.0,0.0,0.0,0.0,0.0,1371.163078930202,0.0,0.0,0.0,0.0,3927,3231
2020-06-23 03:00:00,4037.163078930202,-1.456608664140697e-14,0.0,0.0,0.0,0.0,0.0,0.0,0.0,0.0,2766,4037
2020-06-23 04:00:00,1860.0,0.0,0.0,0.0,0.0,1749.163078930202,0.0,0.0,0.0,0.0,3108,3609
2020-06-23 05:00:00,3713.163078930202,0.0,0.0,0.0,0.0,0.0,0.0,0.0,0.0,0.0,3290,3713
2020-06-23 06:00:00,4295.163078930203,-1.818989403545857e-13,0.0,0.0,0.0,0.0,0.0,0.0,0.0,0.0,3428,4295
2020-06-23 07:00:00,2949.1630789302026,-2.728484105318785e-13,0.0,0.0,0.0,0.0,0.0,0.0,0.0,0.0,5611,2949
2020-06-23 08:00:00,2518.963078930202,1096.2,0.0,0.0,0.0,0.0,0.0,0.0,0.0,0.0,5476,3615
2020-06-23 09:00:00,1875.9630789302018,1834.1999999999998,0.0,0.0,0.0,0.0,0.0,0.0,0.0,0.0,5695,3710
2020-06-23 10:00:00,2775.9630789302023,2608.2000000000003,0.0,0.0,0.0,0.0,0.0,0.0,0.0,0.0,4154,5384
2020-06-23 11:00:00,2747.963078930203,2608.2,0.0,0.0,0.0,0.0,0.0,0.0,0.0,0.0,4341,5356
2020-06-23 12:00:00,2680.9630789302164,2608.199999999986,0.0,0.0,0.0,0.0,0.0,0.0,0.0,0.0,4457,5289
2020-06-23 13:00:00,1560.0,2165.163078930202,0.0,0.0,0.0,0.0,0.0,0.0,0.0,0.0,5846,3725
2020-06-23 14:00:00,2517.9630789302028,2608.2,0.0,0.0,0.0,0.0,0.0,0.0,0.0,0.0,4318,5126
2020-06-23 15:00:00,2967.802834689139,2158.360244241064,0.0,0.0,0.0,0.0,0.0,0.0,0.0,0.0,4039,5126
2020-06-23 16:00:00,3960.0,1123.1630789302021,0.0,0.0,0.0,0.0,0.0,0.0,0.0,0.0,3852,5083
2020-06-23 17:00:00,3960.0,1075.1630789302021,0.0,0.0,0.0,0.0,0.0,0.0,0.0,0.0,3792,5035
2020-06-23 18:00:00,3960.0,1369.1630789304231,0.0,0.0,0.0,0.0,0.0,0.0,0.0,0.0,3670,5329
2020-06-23 19:00:00,1260.0,2608.1999999997765,0.0,0.0,0.0,1579.9630789304265,0.0,0.0,0.0,0.0,3490,5448
2020-06-23 20:00:00,3960.0,1223.163078930203,0.0,0.0,0.0,0.0,0.0,0.0,0.0,0.0,3205,5183
2020-06-23 21:00:00,2468.9630789302028,2608.2,0.0,0.0,0.0,0.0,0.0,0.0,0.0,0.0,2980,5077
2020-06-23 22:00:00,3960.0,1516.163078930203,0.0,0.0,0.0,0.0,0.0,0.0,0.0,0.0,3016,5476
2020-06-23 23:00:00,2046.1630789302021,3555.0,0.0,0.0,0.0,0.0,0.0,0.0,0.0,0.0,3005,5601
2020-06-24 00:00:00,2340.0,1012.9999999999995,0.0,0.0,0.0,1554.1630789302026,0.0,0.0,0.0,0.0,3009,4907
2020-06-24 01:00:00,1822.1630789302021,1012.9999999999995,0.0,0.0,0.0,0.0,0.0,0.0,0.0,0.0,4660,2835
2020-06-24 02:00:00,2340.0,1012.9999999999995,0.0,0.0,0.0,958.1630789302026,0.0,0.0,0.0,0.0,2870,4311
2020-06-24 03:00:00,2340.0,0.0,0.0,0.0,0.0,615.1630789302021,0.0,0.0,0.0,0.0,3879,2955
2020-06-24 04:00:00,2340.0,2.2453150450019172e-13,0.0,0.0,0.0,706.1630789302018,0.0,0.0,0.0,0.0,3707,3046
2020-06-24 05:00:00,2340.0,-5.456968210637569e-13,0.0,0.0,0.0,1828.163078930203,0.0,0.0,0.0,0.0,2844,4168
2020-06-24 06:00:00,2340.0,2.2453150450019172e-13,0.0,0.0,0.0,2563.1630789302026,0.0,0.0,0.0,0.0,2807,4903
2020-06-24 07:00:00,2340.0,0.0,0.0,0.0,0.0,3457.1630789302026,0.0,0.0,0.0,0.0,2722,5797
2020-06-24 08:00:00,2340.0,0.0,0.0,0.0,0.0,3991.1630789302026,0.0,0.0,0.0,0.0,2706,6331
2020-06-24 09:00:00,2340.0,0.0,0.0,0.0,0.0,2137.163078930202,0.0,0.0,0.0,0.0,4875,4477
2020-06-24 10:00:00,2340.0,0.0,0.0,0.0,0.0,3792.1630789302026,0.0,0.0,0.0,0.0,3339,6132
2020-06-24 11:00:00,2340.0,0.0,0.0,0.0,0.0,1654.163078930202,0.0,0.0,0.0,0.0,5623,3994
2020-06-24 12:00:00,2340.0,0.0,0.0,0.0,0.0,3306.1630789302026,0.0,0.0,0.0,0.0,4046,5646
2020-06-24 13:00:00,2340.0,0.0,0.0,0.0,0.0,1772.1630789302023,0.0,0.0,0.0,0.0,5363,4112
2020-06-24 14:00:00,2340.0,0.0,0.0,0.0,0.0,3288.1630789302026,0.0,0.0,0.0,0.0,3719,5628
2020-06-24 15:00:00,2340.0,0.0,0.0,0.0,0.0,1902.1630789302023,0.0,0.0,0.0,0.0,4838,4242
2020-06-24 16:00:00,2340.0,0.0,0.0,0.0,0.0,1500.163078930202,0.0,0.0,0.0,0.0,4987,3840
2020-06-24 17:00:00,2340.0,0.0,0.0,0.0,0.0,1383.163078930202,0.0,0.0,0.0,0.0,5052,3723
2020-06-24 18:00:00,2340.0,0.0,0.0,0.0,0.0,1591.163078930202,0.0,0.0,0.0,0.0,4927,3931
2020-06-24 19:00:00,2340.0,-2.728484105318785e-13,0.0,0.0,0.0,1233.1630789302026,0.0,0.0,0.0,0.0,5134,3573
2020-06-24 20:00:00,2340.0,0.0,0.0,0.0,0.0,598.1630789302023,0.0,0.0,0.0,0.0,5285,2938
2020-06-24 21:00:00,2340.0,0.0,0.0,0.0,0.0,702.1630789302021,0.0,0.0,0.0,0.0,4900,3042
2020-06-24 22:00:00,2340.0,0.0,0.0,0.0,0.0,2599.1630789302026,0.0,0.0,0.0,0.0,3496,4939
2020-06-24 23:00:00,3240.4595731495297,0.0,0.0,0.0,0.0,1849.703505780673,0.0,0.0,0.0,0.0,3487,5090
2020-06-25 00:00:00,3360.163078930202,2.728484105318785e-13,0.0,0.0,0.0,0.0,0.0,0.0,0.0,0.0,4448,3360
2020-06-25 01:00:00,3355.1630789302026,-9.379164112033327e-14,0.0,0.0,0.0,0.0,0.0,0.0,0.0,0.0,3979,3355
2020-06-25 02:00:00,2650.1630789302017,2.728484105318785e-13,0.0,0.0,0.0,0.0,0.0,0.0,0.0,0.0,4330,2650
2020-06-25 03:00:00,2203.163078930202,2.728484105318785e-13,0.0,0.0,0.0,0.0,0.0,0.0,0.0,0.0,4373,2203
2020-06-25 04:00:00,1869.1630789302017,5.456968210637569e-13,0.0,0.0,0.0,0.0,0.0,0.0,0.0,0.0,4519,1869
2020-06-25 05:00:00,1737.1630789302021,2.7142732506035834e-13,0.0,0.0,0.0,0.0,0.0,0.0,0.0,0.0,4632,1737
2020-06-25 06:00:00,1917.1630789302021,-9.379164112033327e-14,0.0,0.0,0.0,0.0,0.0,0.0,0.0,0.0,4580,1917
2020-06-25 07:00:00,2329.163078930202,2.7142732506035834e-13,0.0,0.0,0.0,0.0,0.0,0.0,0.0,0.0,4528,2329
2020-06-25 08:00:00,2883.163078930202,-9.379164112033327e-14,0.0,0.0,0.0,0.0,0.0,0.0,0.0,0.0,4528,2883
2020-06-25 09:00:00,3600.0,2.7142732506035834e-13,0.0,0.0,0.0,17.163078930202047,0.0,0.0,0.0,0.0,4284,3617
2020-06-25 10:00:00,3600.0,2.728484105318785e-13,0.0,0.0,0.0,336.16307893020206,0.0,0.0,0.0,0.0,4198,3936
2020-06-25 11:00:00,3600.0,2.728484105318785e-13,0.0,0.0,0.0,287.16307893020195,0.0,0.0,0.0,0.0,4471,3887
2020-06-25 12:00:00,3600.0,2.728484105318785e-13,0.0,0.0,0.0,608.1630789302023,0.0,0.0,0.0,0.0,4470,4208
2020-06-25 13:00:00,3600.0,0.0,0.0,0.0,0.0,295.1630789302021,0.0,0.0,0.0,0.0,4492,3895
2020-06-25 14:00:00,3743.163078930202,2.7142732506035834e-13,0.0,0.0,0.0,0.0,0.0,0.0,0.0,0.0,4422,3743
2020-06-25 15:00:00,3678.1630789302026,-9.379164112033327e-14,0.0,0.0,0.0,0.0,0.0,0.0,0.0,0.0,4246,3678
2020-06-25 16:00:00,3468.163078930202,2.7142732506035834e-13,0.0,0.0,0.0,0.0,0.0,0.0,0.0,0.0,4266,3468
2020-06-25 17:00:00,3604.163078930202,2.728484105318785e-13,0.0,0.0,0.0,0.0,0.0,0.0,0.0,0.0,4126,3604
2020-06-25 18:00:00,3911.1630789302017,2.728484105318785e-13,0.0,0.0,0.0,0.0,0.0,0.0,0.0,0.0,3971,3911
2020-06-25 19:00:00,3741.163078930202,2.728484105318785e-13,0.0,0.0,0.0,0.0,0.0,0.0,0.0,0.0,4074,3741
2020-06-25 20:00:00,3611.1630789302017,2.728484105318785e-13,0.0,0.0,0.0,0.0,0.0,0.0,0.0,0.0,3854,3611
2020-06-25 21:00:00,3527.1630789302017,2.728484105318785e-13,0.0,0.0,0.0,0.0,0.0,0.0,0.0,0.0,3750,3527
2020-06-25 22:00:00,1530.0,0.0,0.0,0.0,0.0,2646.1630789302026,0.0,0.0,0.0,0.0,3660,4176
2020-06-25 23:00:00,3600.0,2.2737367544323188e-14,0.0,0.0,0.0,816.1630789302026,0.0,0.0,0.0,0.0,3650,4416
2020-06-26 00:00:00,3423.163078930202,1.7053025658242404e-14,0.0,0.0,0.0,0.0,0.0,0.0,0.0,0.0,4041,3423
2020-06-26 01:00:00,2986.1630789302017,2.614797267597169e-13,0.0,0.0,0.0,0.0,0.0,0.0,0.0,0.0,4060,2986
2020-06-26 02:00:00,2394.1630789302017,1.7053025658242404e-14,0.0,0.0,0.0,0.0,0.0,0.0,0.0,0.0,4258,2394
2020-06-26 03:00:00,1889.1630789302021,2.614797267597169e-13,0.0,0.0,0.0,0.0,0.0,0.0,0.0,0.0,4335,1889
2020-06-26 04:00:00,1560.0,1.7053025658242404e-14,0.0,0.0,0.0,0.0,355.83692106979805,0.0,0.0,0.0,4807,1204
2020-06-26 05:00:00,1560.0,2.614797267597169e-13,0.0,0.0,0.0,0.0,505.83692106979794,0.0,0.0,0.0,4815,1054
2020-06-26 06:00:00,1560.0,2.614797267597169e-13,0.0,0.0,0.0,0.0,482.83692106979794,0.0,0.0,0.0,4747,1077
2020-06-26 07:00:00,1560.0,1.7053025658242404e-14,0.0,0.0,0.0,0.0,9.836921069797995,0.0,0.0,0.0,4498,1550
2020-06-26 08:00:00,2287.1630789302017,2.728484105318785e-13,0.0,0.0,0.0,0.0,0.0,0.0,0.0,0.0,4211,2287
2020-06-26 09:00:00,3106.1630789302026,0.0,0.0,0.0,0.0,0.0,0.0,0.0,0.0,0.0,3897,3106
2020-06-26 10:00:00,3401.163078930202,2.614797267597169e-13,0.0,0.0,0.0,0.0,0.0,0.0,0.0,0.0,3963,3401
2020-06-26 11:00:00,3741.163078930202,1.7053025658242404e-14,0.0,0.0,0.0,0.0,0.0,0.0,0.0,0.0,3915,3741
2020-06-26 12:00:00,4150.163078930203,4.547473508864642e-13,0.0,0.0,0.0,0.0,0.0,0.0,0.0,0.0,3855,4150
2020-06-26 13:00:00,3639.163078930202,0.0,0.0,0.0,0.0,0.0,0.0,0.0,0.0,0.0,4008,3639
2020-06-26 14:00:00,3640.163078930202,2.728484105318785e-13,0.0,0.0,0.0,0.0,0.0,0.0,0.0,0.0,3705,3640
2020-06-26 15:00:00,3525.163078930202,2.728484105318785e-13,0.0,0.0,0.0,0.0,0.0,0.0,0.0,0.0,3552,3525
2020-06-26 16:00:00,3542.163078930202,0.0,0.0,0.0,0.0,0.0,0.0,0.0,0.0,0.0,3350,3542
2020-06-26 17:00:00,3597.163078930202,2.614797267597169e-13,0.0,0.0,0.0,0.0,0.0,0.0,0.0,0.0,3329,3597
2020-06-26 18:00:00,4023.1630789302017,5.456968210637569e-13,0.0,0.0,0.0,0.0,0.0,0.0,0.0,0.0,3200,4023
2020-06-26 19:00:00,4277.163078930203,2.728484105318785e-13,0.0,0.0,0.0,0.0,0.0,0.0,0.0,0.0,3156,4277
2020-06-26 20:00:00,3973.163078930202,0.0,0.0,0.0,0.0,0.0,0.0,0.0,0.0,0.0,3346,3973
2020-06-26 21:00:00,4105.163078930203,4.547473508864642e-13,0.0,0.0,0.0,0.0,0.0,0.0,0.0,0.0,3096,4105
2020-06-26 22:00:00,4615.163078930202,0.0,0.0,0.0,0.0,0.0,0.0,0.0,0.0,0.0,3108,4615
2020-06-26 23:00:00,4776.163078930203,2.728484105318785e-13,0.0,0.0,0.0,0.0,0.0,0.0,0.0,0.0,3119,4776
2020-06-27 00:00:00,3909.1630789302017,2.728484105318785e-13,0.0,0.0,0.0,0.0,0.0,0.0,0.0,0.0,3383,3909
2020-06-27 01:00:00,3652.1630789302026,-9.379164112033327e-14,0.0,0.0,0.0,0.0,0.0,0.0,0.0,0.0,3266,3652
2020-06-27 02:00:00,3467.1630789302017,2.6716406864579773e-13,0.0,0.0,0.0,0.0,0.0,0.0,0.0,0.0,3146,3467
2020-06-27 03:00:00,3417.1630789302017,2.728484105318785e-13,0.0,0.0,0.0,0.0,0.0,0.0,0.0,0.0,2887,3417
2020-06-27 04:00:00,3504.1630789302017,2.728484105318785e-13,0.0,0.0,0.0,0.0,0.0,0.0,0.0,0.0,2791,3504
2020-06-27 05:00:00,3577.163078930202,2.728484105318785e-13,0.0,0.0,0.0,0.0,0.0,0.0,0.0,0.0,3103,3577
2020-06-27 06:00:00,4324.163078930203,2.728484105318785e-13,0.0,0.0,0.0,0.0,0.0,0.0,0.0,0.0,3092,4324
2020-06-27 07:00:00,5102.163078930202,2.728484105318785e-13,0.0,0.0,0.0,0.0,0.0,0.0,0.0,0.0,3161,5102
2020-06-27 08:00:00,5580.0,2.728484105318785e-13,0.0,0.0,0.0,0.0,0.0,529.1630789302023,0.0,0.0,2751,6109
2020-06-27 09:00:00,5295.163078930203,2.728484105318785e-13,0.0,0.0,0.0,0.0,0.0,0.0,0.0,0.0,3938,5295
2020-06-27 10:00:00,5287.163078930203,2.728484105318785e-13,0.0,0.0,0.0,0.0,0.0,0.0,0.0,0.0,4133,5287
2020-06-27 11:00:00,5301.163078930203,2.728484105318785e-13,0.0,0.0,0.0,0.0,0.0,0.0,0.0,0.0,4319,5301
2020-06-27 12:00:00,5176.163078930202,2.728484105318785e-13,0.0,0.0,0.0,0.0,0.0,0.0,0.0,0.0,4529,5176
2020-06-27 13:00:00,5346.163078930203,2.728484105318785e-13,0.0,0.0,0.0,0.0,0.0,0.0,0.0,0.0,4203,5346
2020-06-27 14:00:00,5507.163078930202,2.728484105318785e-13,0.0,0.0,0.0,0.0,0.0,0.0,0.0,0.0,3919,5507
2020-06-27 15:00:00,5466.163078930203,4.547473508864642e-13,0.0,0.0,0.0,0.0,0.0,0.0,0.0,0.0,3673,5466
2020-06-27 16:00:00,4772.56539465101,2.728484105318785e-13,0.0,0.0,0.0,0.0,0.0,486.59768427919175,0.0,0.0,3637,5259
2020-06-27 17:00:00,5580.0,2.728484105318785e-13,0.0,0.0,0.0,879.1630789302023,0.0,0.0,0.0,0.0,2316,6459
2020-06-27 18:00:00,5580.0,2.728484105318785e-13,0.0,0.0,0.0,1254.1630789302023,0.0,0.0,0.0,0.0,2142,6834
2020-06-27 19:00:00,5580.0,2.728484105318785e-13,0.0,0.0,0.0,1291.163078930202,0.0,0.0,0.0,0.0,2080,6871
2020-06-27 20:00:00,5580.0,2.728484105318785e-13,0.0,0.0,0.0,746.1630789302023,0.0,0.0,0.0,0.0,2037,6326
2020-06-27 21:00:00,4667.163078930203,2.728484105318785e-13,0.0,0.0,0.0,0.0,0.0,0.0,0.0,0.0,3317,4667
2020-06-27 22:00:00,4960.163078930203,2.728484105318785e-13,0.0,0.0,0.0,0.0,0.0,0.0,0.0,0.0,3436,4960
2020-06-27 23:00:00,5580.0,2.728484105318785e-13,0.0,0.0,0.0,827.1630789302022,0.0,0.0,0.0,0.0,2111,6407
2020-06-28 00:00:00,4524.163078930203,4.547473508864642e-13,0.0,0.0,0.0,0.0,0.0,0.0,0.0,0.0,3320,4524
2020-06-28 01:00:00,4415.163078930203,2.728484105318785e-13,0.0,0.0,0.0,0.0,0.0,0.0,0.0,0.0,3014,4415
2020-06-28 02:00:00,4781.163078930203,2.728484105318785e-13,0.0,0.0,0.0,0.0,0.0,0.0,0.0,0.0,2348,4781
2020-06-28 03:00:00,4483.163078930203,2.728484105318785e-13,0.0,0.0,0.0,0.0,0.0,0.0,0.0,0.0,2308,4483
2020-06-28 04:00:00,4591.163078930203,2.728484105318785e-13,0.0,0.0,0.0,0.0,0.0,0.0,0.0,0.0,2129,4591
2020-06-28 05:00:00,4488.163078930203,2.728484105318785e-13,0.0,0.0,0.0,0.0,0.0,0.0,0.0,0.0,2526,4488
2020-06-28 06:00:00,4488.163078930203,2.728484105318785e-13,0.0,0.0,0.0,0.0,0.0,0.0,0.0,0.0,3199,4488
2020-06-28 07:00:00,4689.163078930203,2.728484105318785e-13,0.0,0.0,0.0,0.0,0.0,0.0,0.0,0.0,3831,4689
2020-06-28 08:00:00,5580.0,2.728484105318785e-13,0.0,0.0,0.0,1411.163078930202,0.0,0.0,0.0,0.0,2068,6991
2020-06-28 09:00:00,5413.163078930203,4.547473508864642e-13,0.0,0.0,0.0,0.0,0.0,0.0,0.0,0.0,3977,5413
2020-06-28 10:00:00,5146.163078930202,2.728484105318785e-13,0.0,0.0,0.0,0.0,0.0,0.0,0.0,0.0,4372,5146
2020-06-28 11:00:00,5096.163078930202,4.547473508864642e-13,0.0,0.0,0.0,0.0,0.0,0.0,0.0,0.0,4583,5096
2020-06-28 12:00:00,4968.163078930203,2.728484105318785e-13,0.0,0.0,0.0,0.0,0.0,0.0,0.0,0.0,4751,4968
2020-06-28 13:00:00,5580.0,2.728484105318785e-13,0.0,0.0,0.0,1016.1630789302022,0.0,0.0,0.0,0.0,2931,6596
2020-06-28 14:00:00,5019.163078930203,2.728484105318785e-13,0.0,0.0,0.0,0.0,0.0,0.0,0.0,0.0,4380,5019
2020-06-28 15:00:00,5580.0,-5.45696821063757e-13,0.0,0.0,0.0,1124.1630789302028,0.0,0.0,0.0,0.0,2404,6704
2020-06-28 16:00:00,4962.163078930202,4.547473508864642e-13,0.0,0.0,0.0,0.0,0.0,0.0,0.0,0.0,3902,4962
2020-06-28 17:00:00,4836.1630789302035,-5.45696821063757e-13,0.0,0.0,0.0,0.0,0.0,0.0,0.0,0.0,3888,4836
2020-06-28 18:00:00,4775.163078930202,4.547473508864642e-13,0.0,0.0,0.0,0.0,0.0,0.0,0.0,0.0,4144,4775
2020-06-28 19:00:00,5580.0,2.728484105318785e-13,0.0,0.0,0.0,805.1630789302022,0.0,0.0,0.0,0.0,2503,6385
2020-06-28 20:00:00,5580.0,4.547473508864642e-13,0.0,0.0,0.0,199.16307893020223,0.0,0.0,0.0,0.0,2557,5779
2020-06-28 21:00:00,5401.163078930203,2.728484105318785e-13,0.0,0.0,0.0,0.0,0.0,0.0,0.0,0.0,2591,5401
2020-06-28 22:00:00,5580.0,2.728484105318785e-13,0.0,0.0,0.0,276.1630789302022,0.0,0.0,0.0,0.0,2564,5856
2020-06-28 23:00:00,4356.163078930203,2.728484105318785e-13,0.0,0.0,0.0,0.0,0.0,0.0,0.0,0.0,4197,4356
2020-06-29 00:00:00,5287.163078930203,0.0,0.0,0.0,0.0,0.0,0.0,0.0,0.0,0.0,2565,5287
2020-06-29 01:00:00,4003.163078930202,5.456968210637569e-13,0.0,0.0,0.0,0.0,0.0,0.0,0.0,0.0,3438,4003
2020-06-29 02:00:00,3978.1630789302026,0.0,0.0,0.0,0.0,0.0,0.0,0.0,0.0,0.0,3165,3978
2020-06-29 03:00:00,3694.1630789302017,9.094947017729282e-13,0.0,0.0,0.0,0.0,0.0,0.0,0.0,0.0,3113,3694
2020-06-29 04:00:00,3566.163078930202,2.728484105318784e-13,0.0,0.0,0.0,0.0,0.0,0.0,0.0,0.0,3176,3566
2020-06-29 05:00:00,4000.163078930202,5.456968210637569e-13,0.0,0.0,0.0,0.0,0.0,0.0,0.0,0.0,3045,4000
2020-06-29 06:00:00,4648.163078930202,9.094947017729282e-13,0.0,0.0,0.0,0.0,0.0,0.0,0.0,0.0,3081,4648
2020-06-29 07:00:00,4379.163078930203,0.0,0.0,0.0,0.0,0.0,0.0,0.0,0.0,0.0,4189,4379
2020-06-29 08:00:00,4581.163078930202,5.456968210637569e-13,0.0,0.0,0.0,0.0,0.0,0.0,0.0,0.0,4521,4581
2020-06-29 09:00:00,4741.163078930202,2.728484105318784e-13,0.0,0.0,0.0,0.0,0.0,0.0,0.0,0.0,4683,4741
2020-06-29 10:00:00,4578.163078930202,5.456968210637569e-13,0.0,0.0,0.0,0.0,0.0,0.0,0.0,0.0,4959,4578
2020-06-29 11:00:00,4629.163078930202,5.456968210637569e-13,0.0,0.0,0.0,0.0,0.0,0.0,0.0,0.0,5064,4629
2020-06-29 12:00:00,5580.0,0.0,0.0,0.0,0.0,375.16307893020286,0.0,0.0,0.0,0.0,3770,5955
2020-06-29 13:00:00,4766.163078930202,2.728484105318784e-13,0.0,0.0,0.0,0.0,0.0,0.0,0.0,0.0,4764,4766
2020-06-29 14:00:00,4976.163078930202,5.456968210637569e-13,0.0,0.0,0.0,0.0,0.0,0.0,0.0,0.0,4424,4976
2020-06-29 15:00:00,4922.163078930202,5.456968210637569e-13,0.0,0.0,0.0,0.0,0.0,0.0,0.0,0.0,4184,4922
2020-06-29 16:00:00,5580.0,-2.728484105318785e-13,0.0,0.0,0.0,81.16307893020301,0.0,0.0,0.0,0.0,3199,5661
2020-06-29 17:00:00,5504.1630789302035,0.0,0.0,0.0,0.0,0.0,0.0,0.0,0.0,0.0,3215,5504
2020-06-29 18:00:00,5580.0,0.0,0.0,0.0,0.0,8.163078930202666,0.0,0.0,0.0,0.0,3324,5588
2020-06-29 19:00:00,5543.163078930202,9.094947017729282e-13,0.0,0.0,0.0,0.0,0.0,0.0,0.0,0.0,3325,5543
2020-06-29 20:00:00,4160.163078930203,0.0,0.0,0.0,0.0,0.0,0.0,0.0,0.0,0.0,4158,4160
2020-06-29 21:00:00,4655.163078930202,9.094947017729282e-13,0.0,0.0,0.0,0.0,0.0,0.0,0.0,0.0,3327,4655
2020-06-29 22:00:00,4770.0,9.094947017729282e-13,0.0,0.0,0.0,466.1630789302021,0.0,0.0,0.0,0.0,3176,5236
2020-06-29 23:00:00,4770.0,9.094947017729282e-13,0.0,0.0,0.0,535.1630789302021,0.0,0.0,0.0,0.0,3243,5305
2020-06-30 00:00:00,4435.163078930203,-2.2737367544323216e-13,0.0,0.0,0.0,0.0,0.0,0.0,0.0,0.0,3416,4435
2020-06-30 01:00:00,4128.1630789302035,-5.456968210637569e-13,0.0,0.0,0.0,0.0,0.0,0.0,0.0,0.0,3316,4128
2020-06-30 02:00:00,3915.163078930202,0.0,0.0,0.0,0.0,0.0,0.0,0.0,0.0,0.0,3235,3915
2020-06-30 03:00:00,3622.1630789302026,0.0,0.0,0.0,0.0,0.0,0.0,0.0,0.0,0.0,3195,3622
2020-06-30 04:00:00,2983.5630789302018,354.6000000000004,0.0,0.0,0.0,0.0,0.0,0.0,0.0,0.0,3419,3338
2020-06-30 05:00:00,1946.9630789302018,1870.2,0.0,0.0,0.0,0.0,0.0,0.0,0.0,0.0,3249,3817
2020-06-30 06:00:00,2765.9630789302023,1870.1999999999996,0.0,0.0,0.0,0.0,0.0,0.0,0.0,0.0,3115,4636
2020-06-30 07:00:00,3960.0,1171.1630789302021,0.0,0.0,0.0,0.0,0.0,0.0,0.0,0.0,3453,5131
2020-06-30 08:00:00,3960.0,1396.1630789302026,0.0,0.0,0.0,0.0,0.0,0.0,0.0,0.0,3738,5356
2020-06-30 09:00:00,3960.0,1459.1630789302028,0.0,0.0,0.0,0.0,0.0,0.0,0.0,0.0,3970,5419
2020-06-30 10:00:00,3960.0,2239.6543333191967,0.0,0.0,0.0,111.50874561100566,0.0,0.0,0.0,0.0,3179,6311
2020-06-30 11:00:00,3960.0,1448.1630789302026,0.0,0.0,0.0,0.0,0.0,0.0,0.0,0.0,4235,5408
2020-06-30 12:00:00,2790.0,1563.9999999999998,0.0,0.0,0.0,1959.1630789302023,0.0,0.0,0.0,0.0,3367,6313
2020-06-30 13:00:00,2790.0,1276.0,0.0,0.0,0.0,1974.1630789302023,0.0,0.0,0.0,0.0,3453,6040
2020-06-30 14:00:00,2790.0,1276.0,0.0,0.0,0.0,1647.1630789302023,0.0,0.0,0.0,0.0,3663,5713
2020-06-30 15:00:00,2790.0,889.0000000000001,0.0,0.0,0.0,2013.1630789302023,0.0,0.0,0.0,0.0,3405,5692
2020-06-30 16:00:00,2790.0,888.9999999999997,0.0,0.0,0.0,1857.1630789302033,0.0,0.0,0.0,0.0,3327,5536
2020-06-30 17:00:00,2790.0,889.0000000000008,0.0,0.0,0.0,1709.163078930202,0.0,0.0,0.0,0.0,3342,5388
2020-06-30 18:00:00,2790.0,2221.2,0.0,0.0,0.0,2193.9630789302028,0.0,0.0,0.0,0.0,1715,7205
2020-06-30 19:00:00,2790.0,1507.6185136225617,0.0,0.0,0.0,2969.544565307641,0.0,0.0,0.0,0.0,1594,7267
2020-06-30 20:00:00,2782.9630789302028,2608.2,0.0,0.0,0.0,0.0,0.0,0.0,0.0,0.0,2923,5391
2020-06-30 21:00:00,2495.9630789302028,2608.2,0.0,0.0,0.0,0.0,0.0,0.0,0.0,0.0,2881,5104
2020-06-30 22:00:00,1980.0,2608.2,0.0,0.0,0.0,2333.9630789302028,0.0,0.0,0.0,0.0,1497,6922
2020-06-30 23:00:00,1910.1630789302023,3555.0000000000005,0.0,0.0,0.0,0.0,0.0,0.0,0.0,0.0,3077,5465
2020-07-01 00:00:00,1980.0,1012.9999999999999,0.0,0.0,0.0,2168.1630789302026,0.0,0.0,0.0,0.0,2684,5161
2020-07-01 01:00:00,1980.0,1012.9999999999997,0.0,0.0,0.0,1748.1630789302026,0.0,0.0,0.0,0.0,2681,4741
2020-07-01 02:00:00,1980.0,1012.9999999999997,0.0,0.0,0.0,1372.1630789302026,0.0,0.0,0.0,0.0,2764,4365
2020-07-01 03:00:00,1980.0,2.728484105318784e-13,0.0,0.0,0.0,2499.1630789302026,0.0,0.0,0.0,0.0,2321,4479
2020-07-01 04:00:00,1980.0,-1.818989403545857e-13,0.0,0.0,0.0,2562.1630789302026,0.0,0.0,0.0,0.0,2184,4542
2020-07-01 05:00:00,1980.0,0.0,0.0,0.0,0.0,2607.163078930203,0.0,0.0,0.0,0.0,2417,4587
2020-07-01 06:00:00,1980.0,-1.818989403545857e-13,0.0,0.0,0.0,2800.1630789302026,0.0,0.0,0.0,0.0,2869,4780
2020-07-01 07:00:00,1980.0,1.818989403545857e-13,0.0,0.0,0.0,3193.1630789302026,0.0,0.0,0.0,0.0,3290,5173
2020-07-01 08:00:00,1980.0,0.0,0.0,0.0,0.0,3380.1630789302026,0.0,0.0,0.0,0.0,3649,5360
2020-07-01 09:00:00,1980.0,-1.818989403545857e-13,0.0,0.0,0.0,3450.1630789302026,0.0,0.0,0.0,0.0,3925,5430
2020-07-01 10:00:00,1980.0,0.0,0.0,0.0,0.0,3507.163078930203,0.0,0.0,0.0,0.0,4022,5487
2020-07-01 11:00:00,1980.0,-1.818989403545857e-13,0.0,0.0,0.0,3576.1630789302026,0.0,0.0,0.0,0.0,4090,5556
2020-07-01 12:00:00,1980.0,0.0,0.0,0.0,0.0,3344.163078930203,0.0,0.0,0.0,0.0,4383,5324
2020-07-01 13:00:00,1980.0,-1.818989403545857e-13,0.0,0.0,0.0,2961.1630789302026,0.0,0.0,0.0,0.0,4517,4941
2020-07-01 14:00:00,1980.0,0.0,0.0,0.0,0.0,3149.163078930203,0.0,0.0,0.0,0.0,4156,5129
2020-07-01 15:00:00,1980.0,0.0,0.0,0.0,0.0,3018.1630789302026,0.0,0.0,0.0,0.0,3990,4998
2020-07-01 16:00:00,1980.0,0.0,0.0,0.0,0.0,2618.163078930203,0.0,0.0,0.0,0.0,4102,4598
2020-07-01 17:00:00,1980.0,0.0,0.0,0.0,0.0,2671.1630789302026,0.0,0.0,0.0,0.0,3948,4651
2020-07-01 18:00:00,1980.0,1.307398633798585e-13,0.0,0.0,0.0,2605.1630789302026,0.0,0.0,0.0,0.0,4120,4585
2020-07-01 19:00:00,1980.0,-2.728484105318785e-13,0.0,0.0,0.0,2622.1630789302026,0.0,0.0,0.0,0.0,3965,4602
2020-07-01 20:00:00,1980.0,1.307398633798585e-13,0.0,0.0,0.0,2049.163078930202,0.0,0.0,0.0,0.0,4058,4029
2020-07-01 21:00:00,1980.0,0.0,0.0,0.0,0.0,1708.1630789302026,0.0,0.0,0.0,0.0,4159,3688
2020-07-01 22:00:00,1980.0,-1.818989403545857e-13,0.0,0.0,0.0,2119.1630789302026,0.0,0.0,0.0,0.0,4230,4099
2020-07-01 23:00:00,3600.0,0.0,0.0,0.0,0.0,823.163078930203,0.0,0.0,0.0,0.0,4040,4423
2020-07-02 00:00:00,3532.1630789302017,7.275957614183426e-13,0.0,0.0,0.0,0.0,0.0,0.0,0.0,0.0,4313,3532
2020-07-02 01:00:00,3024.1630789302026,-5.456968210637569e-13,0.0,0.0,0.0,0.0,0.0,0.0,0.0,0.0,4398,3024
2020-07-02 02:00:00,3438.163078930202,1.818989403545857e-13,0.0,0.0,0.0,0.0,0.0,0.0,0.0,0.0,3691,3438
2020-07-02 03:00:00,2644.163078930202,1.818989403545857e-13,0.0,0.0,0.0,0.0,0.0,0.0,0.0,0.0,4156,2644
2020-07-02 04:00:00,2506.163078930202,2.728484105318784e-13,0.0,0.0,0.0,0.0,0.0,0.0,0.0,0.0,4220,2506
2020-07-02 05:00:00,3054.163078930202,1.818989403545857e-13,0.0,0.0,0.0,0.0,0.0,0.0,0.0,0.0,3950,3054
2020-07-02 06:00:00,3719.163078930202,-5.456968210637569e-13,0.0,0.0,0.0,0.0,0.0,0.0,0.0,0.0,3930,3719
2020-07-02 07:00:00,4485.163078930203,1.818989403545857e-13,0.0,0.0,0.0,0.0,0.0,0.0,0.0,0.0,3978,4485
2020-07-02 08:00:00,5143.163078930202,-5.456968210637569e-13,0.0,0.0,0.0,0.0,0.0,0.0,0.0,0.0,3866,5143
2020-07-02 09:00:00,4907.163078930202,7.275957614183426e-13,0.0,0.0,0.0,0.0,0.0,0.0,0.0,0.0,4448,4907
2020-07-02 10:00:00,4741.163078930202,-5.456968210637569e-13,0.0,0.0,0.0,0.0,0.0,0.0,0.0,0.0,4768,4741
2020-07-02 11:00:00,5415.1630789302035,1.818989403545857e-13,0.0,0.0,0.0,0.0,0.0,0.0,0.0,0.0,4231,5415
2020-07-02 12:00:00,4813.163078930203,1.818989403545857e-13,0.0,0.0,0.0,0.0,0.0,0.0,0.0,0.0,4894,4813
2020-07-02 13:00:00,4873.163078930203,2.728484105318784e-13,0.0,0.0,0.0,0.0,0.0,0.0,0.0,0.0,4585,4873
2020-07-02 14:00:00,4803.163078930203,1.818989403545857e-13,0.0,0.0,0.0,0.0,0.0,0.0,0.0,0.0,4482,4803
2020-07-02 15:00:00,4569.163078930203,0.0,0.0,0.0,0.0,0.0,0.0,0.0,0.0,0.0,4419,4569
2020-07-02 16:00:00,4414.163078930203,0.0,0.0,0.0,0.0,0.0,0.0,0.0,0.0,0.0,4286,4414
2020-07-02 17:00:00,4425.163078930203,-2.728484105318785e-13,0.0,0.0,0.0,0.0,0.0,0.0,0.0,0.0,4174,4425
2020-07-02 18:00:00,4396.163078930203,5.456968210637569e-13,0.0,0.0,0.0,0.0,0.0,0.0,0.0,0.0,4309,4396
2020-07-02 19:00:00,3696.163078930202,-5.456968210637569e-13,0.0,0.0,0.0,0.0,0.0,0.0,0.0,0.0,4871,3696
2020-07-02 20:00:00,3834.163078930202,2.2737367544323216e-13,0.0,0.0,0.0,0.0,0.0,0.0,0.0,0.0,4253,3834
2020-07-02 21:00:00,3492.1630789302017,9.180212146020496e-13,0.0,0.0,0.0,0.0,0.0,0.0,0.0,0.0,4355,3492
2020-07-02 22:00:00,3895.1630789302017,3.4106051316484814e-14,0.0,0.0,0.0,0.0,0.0,0.0,0.0,0.0,4434,3895
2020-07-02 23:00:00,4049.163078930202,2.2737367544323216e-13,0.0,0.0,0.0,0.0,0.0,0.0,0.0,0.0,4414,4049
2020-07-03 00:00:00,3300.163078930202,3.4106051316484814e-14,0.0,0.0,0.0,0.0,0.0,0.0,0.0,0.0,4463,3300
2020-07-03 01:00:00,2809.163078930202,2.2737367544323216e-13,0.0,0.0,0.0,0.0,0.0,0.0,0.0,0.0,4479,2809
2020-07-03 02:00:00,2479.163078930202,3.4106051316484814e-14,0.0,0.0,0.0,0.0,0.0,0.0,0.0,0.0,4434,2479
2020-07-03 03:00:00,1860.0,5.911715561524034e-13,0.0,0.0,0.0,0.0,89.83692106979811,0.0,0.0,0.0,4716,1770
2020-07-03 04:00:00,1860.0,-2.728484105318785e-13,0.0,0.0,0.0,0.0,465.8369210697974,0.0,0.0,0.0,4890,1394
2020-07-03 05:00:00,1860.0,0.0,0.0,0.0,0.0,0.0,351.8369210697979,0.0,0.0,0.0,4773,1508
2020-07-03 06:00:00,1860.0,0.0,0.0,0.0,0.0,0.0,168.83692106979788,0.0,0.0,0.0,4714,1691
2020-07-03 07:00:00,2233.163078930202,2.728484105318784e-13,0.0,0.0,0.0,0.0,0.0,0.0,0.0,0.0,4509,2233
2020-07-03 08:00:00,3041.163078930202,0.0,0.0,0.0,0.0,0.0,0.0,0.0,0.0,0.0,4268,3041
2020-07-03 09:00:00,3986.163078930202,-2.728484105318785e-13,0.0,0.0,0.0,0.0,0.0,0.0,0.0,0.0,3828,3986
2020-07-03 10:00:00,4037.1630789302017,5.456968210637569e-13,0.0,0.0,0.0,0.0,0.0,0.0,0.0,0.0,3984,4037
2020-07-03 11:00:00,4144.163078930203,-2.728484105318785e-13,0.0,0.0,0.0,0.0,0.0,0.0,0.0,0.0,4085,4144
2020-07-03 12:00:00,4641.163078930202,9.094947017729282e-13,0.0,0.0,0.0,0.0,0.0,0.0,0.0,0.0,3904,4641
2020-07-03 13:00:00,4137.5692541856915,0.0,0.0,0.0,0.0,0.0,495.4061752554901,0.0,0.0,0.0,4566,3642
2020-07-03 14:00:00,4255.163078930203,1.818989403545857e-13,0.0,0.0,0.0,0.0,0.0,0.0,0.0,0.0,3726,4255
2020-07-03 15:00:00,3960.0,1.818989403545857e-13,0.0,0.0,0.0,0.0,0.0,101.16307893020225,0.0,0.0,3651,4061
2020-07-03 16:00:00,3960.0,2.728484105318784e-13,0.0,0.0,0.0,0.0,0.0,102.16307893020166,0.0,0.0,3476,4062
2020-07-03 17:00:00,3960.0,2.2737367544323216e-13,0.0,0.0,0.0,0.0,0.0,112.16307893020227,0.0,0.0,3458,4072
2020-07-03 18:00:00,3960.0,3.4106051316484814e-14,0.0,0.0,0.0,0.0,0.0,414.1630789302019,0.0,0.0,3381,4374
2020-07-03 19:00:00,3960.0,2.2737367544323216e-13,0.0,0.0,0.0,0.0,0.0,449.16307893020274,0.0,0.0,3344,4409
2020-07-03 20:00:00,3816.163078930202,-5.456968210637569e-13,0.0,0.0,0.0,0.0,0.0,0.0,0.0,0.0,3593,3816
2020-07-03 21:00:00,2970.713850837138,7.275957614183426e-13,0.0,0.0,0.0,0.0,41.55077190693616,0.0,0.0,0.0,4303,2929
2020-07-03 22:00:00,3673.163078930202,-5.456968210637569e-13,0.0,0.0,0.0,0.0,0.0,0.0,0.0,0.0,4107,3673
2020-07-03 23:00:00,3960.0,1.818989403545857e-13,0.0,0.0,0.0,0.0,0.0,31.16307893020212,0.0,0.0,4029,3991
2020-07-04 00:00:00,2931.1630789302017,0.0,0.0,0.0,0.0,0.0,0.0,0.0,0.0,0.0,4470,2931
2020-07-04 01:00:00,2355.1630789302026,-5.456968210637569e-13,0.0,0.0,0.0,0.0,0.0,0.0,0.0,0.0,4616,2355
2020-07-04 02:00:00,1814.1630789302021,0.0,0.0,0.0,0.0,0.0,0.0,0.0,0.0,0.0,4782,1814
2020-07-04 03:00:00,1152.1630789302021,0.0,0.0,0.0,0.0,0.0,0.0,0.0,0.0,0.0,5017,1152
2020-07-04 04:00:00,982.1630789302023,0.0,0.0,0.0,0.0,0.0,0.0,0.0,0.0,0.0,4958,982
2020-07-04 05:00:00,765.1630789302021,0.0,0.0,0.0,0.0,0.0,0.0,0.0,0.0,0.0,5051,765
2020-07-04 06:00:00,1168.8847666626223,5.456968210637569e-13,0.0,0.0,0.0,0.0,460.7216877324202,0.0,0.0,0.0,5049,708
2020-07-04 07:00:00,1060.1630789302023,-5.456968210637569e-13,0.0,0.0,0.0,0.0,0.0,0.0,0.0,0.0,4928,1060
2020-07-04 08:00:00,2340.0,5.456968210637569e-13,0.0,0.0,0.0,0.0,926.8369210697984,0.0,0.0,0.0,5038,1413
2020-07-04 09:00:00,2340.0,0.0,0.0,0.0,0.0,0.0,605.836921069798,0.0,0.0,0.0,5245,1734
2020-07-04 10:00:00,1890.1630789302021,0.0,0.0,0.0,0.0,0.0,0.0,0.0,0.0,0.0,5494,1890
2020-07-04 11:00:00,2056.1630789302026,0.0,0.0,0.0,0.0,0.0,0.0,0.0,0.0,0.0,5673,2056
2020-07-04 12:00:00,2340.0,0.0,0.0,0.0,0.0,0.0,0.0,113.16307893020212,0.0,0.0,5686,2453
2020-07-04 13:00:00,2340.0,0.0,0.0,0.0,0.0,0.0,82.83692106979811,0.0,0.0,0.0,5562,2257
2020-07-04 14:00:00,2340.0,-5.456968210637569e-13,0.0,0.0,0.0,0.0,34.83692106979743,0.0,0.0,0.0,5272,2305
2020-07-04 15:00:00,2340.0,0.0,0.0,0.0,0.0,0.0,0.0,145.16307893020206,0.0,0.0,4894,2485
2020-07-04 16:00:00,2340.0,-5.456968210637569e-13,0.0,0.0,0.0,0.0,0.0,534.1630789302026,0.0,0.0,4407,2874
2020-07-04 17:00:00,3150.0,0.0,0.0,0.0,0.0,0.0,96.83692106979764,0.0,0.0,0.0,4299,3053
2020-07-04 18:00:00,3150.0,0.0,0.0,0.0,0.0,0.0,0.0,413.16307893020223,0.0,0.0,4021,3563
2020-07-04 19:00:00,3150.0,-2.728484105318785e-13,0.0,0.0,0.0,203.671062967808,0.0,441.49201596239413,0.0,0.0,3975,3795
2020-07-04 20:00:00,3150.0,2.2737367544323216e-13,0.0,0.0,0.0,0.0,49.836921069797825,0.0,0.0,0.0,4564,3100
2020-07-04 21:00:00,3150.0,-5.456968210637569e-13,0.0,0.0,0.0,0.0,0.0,46.16307893020257,0.0,0.0,4348,3196
2020-07-04 22:00:00,3504.163078930202,0.0,0.0,0.0,0.0,0.0,0.0,0.0,0.0,0.0,4570,3504
2020-07-04 23:00:00,3774.1630789302026,-5.456968210637569e-13,0.0,0.0,0.0,0.0,0.0,0.0,0.0,0.0,4404,3774
2020-07-05 00:00:00,2939.1630789302017,3.637978807091713e-13,0.0,0.0,0.0,0.0,0.0,0.0,0.0,0.0,4566,2939
2020-07-05 01:00:00,2487.1630789302017,0.0,0.0,0.0,0.0,0.0,0.0,0.0,0.0,0.0,4623,2487
2020-07-05 02:00:00,1975.163078930202,4.547473508864642e-13,0.0,0.0,0.0,0.0,0.0,0.0,0.0,0.0,4809,1975
2020-07-05 03:00:00,1560.0,4.547473508864642e-13,0.0,0.0,0.0,0.0,106.83692106979812,0.0,0.0,0.0,4988,1453
2020-07-05 04:00:00,1560.0,0.0,0.0,0.0,0.0,0.0,38.83692106979788,0.0,0.0,0.0,4912,1521
2020-07-05 05:00:00,1964.163078930202,4.547473508864642e-13,0.0,0.0,0.0,0.0,0.0,0.0,0.0,0.0,4827,1964
2020-07-05 06:00:00,2806.1630789302017,0.0,0.0,0.0,0.0,0.0,0.0,0.0,0.0,0.0,4675,2806
2020-07-05 07:00:00,3688.1630789302017,4.547473508864642e-13,0.0,0.0,0.0,0.0,0.0,0.0,0.0,0.0,4677,3688
2020-07-05 08:00:00,3960.163078930202,0.0,0.0,0.0,0.0,0.0,0.0,0.0,0.0,0.0,5005,3960
2020-07-05 09:00:00,3717.1630789302026,-2.728484105318785e-13,0.0,0.0,0.0,0.0,0.0,0.0,0.0,0.0,5677,3717
2020-07-05 10:00:00,4519.163078930203,0.0,0.0,0.0,0.0,0.0,0.0,0.0,0.0,0.0,5126,4519
2020-07-05 11:00:00,4658.163078930203,1.9326762412674732e-13,0.0,0.0,0.0,0.0,0.0,0.0,0.0,0.0,5208,4658
2020-07-05 12:00:00,4422.163078930203,4.547473508864642e-13,0.0,0.0,0.0,0.0,0.0,0.0,0.0,0.0,5607,4422
2020-07-05 13:00:00,3918.163078930202,0.0,0.0,0.0,0.0,0.0,0.0,0.0,0.0,0.0,6017,3918
2020-07-05 14:00:00,4144.163078930203,4.547473508864642e-13,0.0,0.0,0.0,0.0,0.0,0.0,0.0,0.0,5771,4144
2020-07-05 15:00:00,4226.163078930203,0.0,0.0,0.0,0.0,0.0,0.0,0.0,0.0,0.0,5449,4226
2020-07-05 16:00:00,4544.163078930203,1.9326762412674732e-13,0.0,0.0,0.0,0.0,0.0,0.0,0.0,0.0,4912,4544
2020-07-05 17:00:00,5494.163078930202,-3.4106051316484827e-14,0.0,0.0,0.0,0.0,1200.0,0.0,0.0,0.0,5010,4294
2020-07-05 18:00:00,5185.163078930202,5.45696821063757e-13,0.0,0.0,0.0,0.0,1200.0,0.0,0.0,0.0,5371,3985
2020-07-05 19:00:00,4115.163078930202,-3.4106051316484827e-14,0.0,0.0,0.0,0.0,0.0,0.0,0.0,0.0,5112,4115
2020-07-05 20:00:00,4116.163078930203,1.9326762412674732e-13,0.0,0.0,0.0,0.0,0.0,0.0,0.0,0.0,4569,4116
2020-07-05 21:00:00,4753.163078930203,1.9326762412674732e-13,0.0,0.0,0.0,0.0,1200.0,0.0,0.0,0.0,4812,3553
2020-07-05 22:00:00,5580.0,-3.4106051316484827e-14,0.0,0.0,0.0,0.0,744.8369210697978,0.0,0.0,0.0,3974,4835
2020-07-05 23:00:00,5580.0,4.547473508864642e-13,0.0,0.0,0.0,0.0,867.8369210697974,0.0,0.0,0.0,4120,4712
2020-07-06 00:00:00,5580.0,2.728484105318785e-13,0.0,0.0,0.0,0.0,998.8369210697977,0.0,0.0,0.0,3505,4581
2020-07-06 01:00:00,5576.163078930202,9.09494701772928e-14,0.0,0.0,0.0,0.0,1200.0,0.0,0.0,0.0,3268,4376
2020-07-06 02:00:00,5580.0,2.728484105318785e-13,0.0,0.0,0.0,0.0,1140.8369210697977,0.0,0.0,0.0,2882,4439
2020-07-06 03:00:00,5423.163078930203,-4.547473508864642e-13,0.0,0.0,0.0,0.0,1200.0,0.0,0.0,0.0,2725,4223
2020-07-06 04:00:00,3925.1630789302017,2.728484105318785e-13,0.0,0.0,0.0,0.0,1200.0,0.0,0.0,0.0,4136,2725
2020-07-06 05:00:00,5353.163078930202,9.09494701772928e-14,0.0,0.0,0.0,0.0,1200.0,0.0,0.0,0.0,2975,4153
2020-07-06 06:00:00,5207.163078930202,9.09494701772928e-14,0.0,0.0,0.0,0.0,1200.0,0.0,0.0,0.0,3726,4007
2020-07-06 07:00:00,5580.0,-5.45696821063757e-13,0.0,0.0,0.0,0.0,617.8369210697965,0.0,0.0,0.0,3591,4962
2020-07-06 08:00:00,5580.0,9.09494701772928e-14,0.0,0.0,0.0,0.0,0.0,70.16307893020269,0.0,0.0,3518,5650
2020-07-06 09:00:00,5580.0,-5.45696821063757e-13,0.0,0.0,0.0,0.0,0.0,292.1630789302026,0.0,0.0,3703,5872
2020-07-06 10:00:00,5580.0,9.09494701772928e-14,0.0,0.0,0.0,0.0,0.0,271.1630789302027,0.0,0.0,3955,5851
2020-07-06 11:00:00,4770.0,-6.821210263296964e-14,0.0,0.0,0.0,0.0,0.0,946.163078930202,0.0,0.0,4321,5716
2020-07-06 12:00:00,4770.0,4.547473508864642e-13,0.0,0.0,0.0,0.0,0.0,749.1630789302026,0.0,0.0,4630,5519
2020-07-06 13:00:00,4770.0,-5.45696821063757e-13,0.0,0.0,0.0,0.0,0.0,424.163078930203,0.0,0.0,4848,5194
2020-07-06 14:00:00,3960.0,2.728484105318785e-13,0.0,0.0,0.0,0.0,0.0,1091.163078930202,0.0,0.0,4996,5051
2020-07-06 15:00:00,3960.0,0.0,0.0,0.0,0.0,0.0,0.0,992.1630789302023,0.0,0.0,4890,4952
2020-07-06 16:00:00,3960.0,-2.728484105318784e-13,0.0,0.0,0.0,0.0,0.0,886.1630789302033,0.0,0.0,4802,4846
2020-07-06 17:00:00,3960.0,3.1832314562052496e-13,0.0,0.0,0.0,0.0,0.0,232.1630789302023,0.0,0.0,5318,4192
2020-07-06 18:00:00,3960.0,2.728484105318785e-13,0.0,0.0,0.0,0.0,160.83692106979834,0.0,0.0,0.0,5751,3799
2020-07-06 19:00:00,3960.0,2.728484105318785e-13,0.0,0.0,0.0,0.0,180.83692106979856,0.0,0.0,0.0,5625,3779
2020-07-06 20:00:00,3960.0,2.728484105318785e-13,0.0,0.0,0.0,0.0,479.83692106979834,0.0,0.0,0.0,5351,3480
2020-07-06 21:00:00,2790.0,-9.09494701772928e-14,0.0,0.0,0.0,0.0,0.0,354.1630789302021,0.0,0.0,5346,3144
2020-07-06 22:00:00,2790.0,2.728484105318785e-13,0.0,0.0,0.0,0.0,459.836921069798,0.0,0.0,0.0,6622,2330
2020-07-06 23:00:00,2790.0,151.00000000000009,0.0,0.0,0.0,0.0,790.8369210697974,0.0,0.0,0.0,6810,2150
2020-07-07 00:00:00,1620.0,150.99999999999991,0.0,0.0,0.0,0.0,0.0,1089.163078930202,0.0,0.0,5287,2860
2020-07-07 01:00:00,1620.0,436.99999999999994,0.0,0.0,0.0,0.0,0.0,234.16307893020223,0.0,0.0,5421,2291
2020-07-07 02:00:00,810.0,436.9999999999999,0.0,0.0,0.0,0.0,0.0,672.1630789302021,0.0,0.0,5479,1919
2020-07-07 03:00:00,0.0,1040.0,0.0,0.0,0.0,0.0,0.0,306.16307893020206,0.0,0.0,5692,1346
2020-07-07 04:00:00,0.0,588.0,0.0,0.0,0.0,0.0,0.0,604.1630789302017,0.0,0.0,5774,1192
2020-07-07 05:00:00,0.0,966.7400521852616,0.0,0.0,0.0,0.0,0.0,526.4230267449402,0.0,0.0,5742,1493
2020-07-07 06:00:00,0.0,875.9999999999999,0.0,0.0,0.0,108.16307893020166,0.0,1200.0,0.0,0.0,5654,2184
2020-07-07 07:00:00,0.0,1013.0000000000001,0.0,0.0,0.0,948.1630789302023,0.0,1200.0,0.0,0.0,5518,3161
2020-07-07 08:00:00,0.0,1737.7049833852652,0.0,0.0,0.0,2104.458095544938,0.0,0.0,0.0,0.0,5451,3842
2020-07-07 09:00:00,0.0,711.0000000000001,0.0,0.0,0.0,3419.1630789302026,0.0,0.0,0.0,0.0,5574,4130
2020-07-07 10:00:00,0.0,1382.1999999999998,0.0,0.0,0.0,2098.963078930202,0.0,0.0,0.0,0.0,6443,3481
2020-07-07 11:00:00,0.0,1146.2,0.0,0.0,0.0,3166.9630789302023,0.0,0.0,0.0,0.0,5805,4313
2020-07-07 12:00:00,810.0,1700.9999999999993,0.0,0.0,0.0,1656.1630789302037,0.0,0.0,0.0,0.0,6009,4167
2020-07-07 13:00:00,810.0,1701.0000000000002,0.0,0.0,0.0,1618.1630789302023,0.0,0.0,0.0,0.0,5877,4129
2020-07-07 14:00:00,1620.0,1701.0,0.0,0.0,0.0,790.1630789302028,0.0,0.0,0.0,0.0,5815,4111
2020-07-07 15:00:00,1620.0,1350.0,0.0,0.0,0.0,971.1630789302018,0.0,0.0,0.0,0.0,5692,3941
2020-07-07 16:00:00,1620.0,2257.2000000000003,0.0,0.0,0.0,54.96307893020173,0.0,0.0,0.0,0.0,5428,3932
2020-07-07 17:00:00,1620.0,2207.163078930202,0.0,0.0,0.0,0.0,0.0,0.0,0.0,0.0,5340,3827
2020-07-07 18:00:00,1620.0,2257.2,0.0,0.0,0.0,75.96307893020173,0.0,0.0,0.0,0.0,5271,3953
2020-07-07 19:00:00,1620.0,2497.1630789302026,0.0,0.0,0.0,0.0,0.0,0.0,0.0,0.0,4981,4117
2020-07-07 20:00:00,1620.0,1820.1630789302021,0.0,0.0,0.0,0.0,0.0,0.0,0.0,0.0,5088,3440
2020-07-07 21:00:00,1620.0,2608.2,0.0,0.0,0.0,283.963078930203,0.0,0.0,0.0,0.0,3654,4512
2020-07-07 22:00:00,2790.0,2597.1630789302026,0.0,0.0,0.0,0.0,0.0,0.0,0.0,0.0,3213,5387
2020-07-07 23:00:00,1794.1630789302028,3554.9999999999995,0.0,0.0,0.0,0.0,0.0,0.0,0.0,0.0,3326,5349
2020-07-08 00:00:00,2790.0,1012.9999999999998,0.0,0.0,0.0,1161.163078930203,0.0,0.0,0.0,0.0,2966,4964
2020-07-08 01:00:00,2790.0,1012.9999999999998,0.0,0.0,0.0,870.1630789302029,0.0,0.0,0.0,0.0,2823,4673
2020-07-08 02:00:00,2790.0,1012.9999999999998,0.0,0.0,0.0,871.1630789302029,0.0,0.0,0.0,0.0,2506,4674
2020-07-08 03:00:00,2790.0,2.728484105318785e-13,0.0,0.0,0.0,1732.1630789302017,0.0,0.0,0.0,0.0,2288,4522
2020-07-08 04:00:00,2790.0,4.547473508864642e-13,0.0,0.0,0.0,1858.163078930202,0.0,0.0,0.0,0.0,2079,4648
2020-07-08 05:00:00,2790.0,2.728484105318785e-13,0.0,0.0,0.0,2289.1630789302017,0.0,0.0,0.0,0.0,1931,5079
2020-07-08 06:00:00,2790.0,1.2505552149377767e-13,0.0,0.0,0.0,2882.163078930203,0.0,0.0,0.0,0.0,1957,5672
2020-07-08 07:00:00,2790.0,3.637978807091713e-13,0.0,0.0,0.0,3560.1630789302026,0.0,0.0,0.0,0.0,2084,6350
2020-07-08 08:00:00,2790.0,4.547473508864642e-13,0.0,0.0,0.0,3322.1630789302026,0.0,0.0,0.0,0.0,2930,6112
2020-07-08 09:00:00,2790.0,4.547473508864642e-13,0.0,0.0,0.0,4090.1630789302026,0.0,0.0,0.0,0.0,2535,6880
2020-07-08 10:00:00,2790.0,2.728484105318785e-13,0.0,0.0,0.0,3025.1630789302026,0.0,0.0,0.0,0.0,3779,5815
2020-07-08 11:00:00,2790.0,1.2505552149377767e-13,0.0,0.0,0.0,3783.163078930203,0.0,0.0,0.0,0.0,3199,6573
2020-07-08 12:00:00,2790.0,0.0,0.0,0.0,0.0,3649.1630789302026,0.0,0.0,0.0,0.0,3387,6439
2020-07-08 13:00:00,2790.0,4.547473508864642e-13,0.0,0.0,0.0,2966.1630789302026,0.0,0.0,0.0,0.0,3890,5756
2020-07-08 14:00:00,2790.0,2.728484105318785e-13,0.0,0.0,0.0,3166.1630789302026,0.0,0.0,0.0,0.0,3571,5956
2020-07-08 15:00:00,2790.0,4.547473508864642e-13,0.0,0.0,0.0,3058.1630789302026,0.0,0.0,0.0,0.0,3375,5848
2020-07-08 16:00:00,2790.0,2.728484105318785e-13,0.0,0.0,0.0,2865.1630789302026,0.0,0.0,0.0,0.0,3307,5655
2020-07-08 17:00:00,2790.0,4.547473508864642e-13,0.0,0.0,0.0,2539.1630789302026,0.0,0.0,0.0,0.0,3476,5329
2020-07-08 18:00:00,2790.0,4.547473508864642e-13,0.0,0.0,0.0,1893.163078930202,0.0,0.0,0.0,0.0,4268,4683
2020-07-08 19:00:00,2790.0,5.456968210637569e-13,0.0,0.0,0.0,1869.1630789302017,0.0,0.0,0.0,0.0,4239,4659
2020-07-08 20:00:00,2790.0,4.547473508864642e-13,0.0,0.0,0.0,1863.163078930202,0.0,0.0,0.0,0.0,3701,4653
2020-07-08 21:00:00,2790.0,2.728484105318785e-13,0.0,0.0,0.0,1668.1630789302017,0.0,0.0,0.0,0.0,3541,4458
2020-07-08 22:00:00,2790.0,4.547473508864642e-13,0.0,0.0,0.0,2162.163078930202,0.0,0.0,0.0,0.0,3482,4952
2020-07-08 23:00:00,4770.0,0.0,0.0,0.0,0.0,309.16307893020166,0.0,0.0,0.0,0.0,3476,5079
2020-07-09 00:00:00,4875.163078930202,9.09494701772928e-14,0.0,0.0,0.0,0.0,0.0,0.0,0.0,0.0,3063,4875
2020-07-09 01:00:00,4533.163078930203,-2.728484105318784e-13,0.0,0.0,0.0,0.0,0.0,0.0,0.0,0.0,2974,4533
2020-07-09 02:00:00,4248.163078930202,9.09494701772928e-14,0.0,0.0,0.0,0.0,0.0,0.0,0.0,0.0,2943,4248
2020-07-09 03:00:00,3834.1630789302017,2.728484105318785e-13,0.0,0.0,0.0,0.0,0.0,0.0,0.0,0.0,2985,3834
2020-07-09 04:00:00,3802.163078930202,-2.728484105318784e-13,0.0,0.0,0.0,0.0,0.0,0.0,0.0,0.0,2930,3802
2020-07-09 05:00:00,4055.1630789302017,2.1600499167107052e-13,0.0,0.0,0.0,0.0,0.0,0.0,0.0,0.0,2989,4055
2020-07-09 06:00:00,4771.163078930203,-2.728484105318784e-13,0.0,0.0,0.0,0.0,0.0,0.0,0.0,0.0,2884,4771
2020-07-09 07:00:00,5580.0,9.09494701772928e-14,0.0,0.0,0.0,128.1630789302027,0.0,0.0,0.0,0.0,2724,5708
2020-07-09 08:00:00,5580.0,0.0,0.0,0.0,0.0,594.1630789302026,0.0,0.0,0.0,0.0,2851,6174
2020-07-09 09:00:00,5580.0,9.09494701772928e-14,0.0,0.0,0.0,948.1630789302028,0.0,0.0,0.0,0.0,2865,6528
2020-07-09 10:00:00,5580.0,-2.728484105318784e-13,0.0,0.0,0.0,602.1630789302026,0.0,0.0,0.0,0.0,3359,6182
2020-07-09 11:00:00,5580.0,9.09494701772928e-14,0.0,0.0,0.0,253.1630789302027,0.0,0.0,0.0,0.0,3838,5833
2020-07-09 12:00:00,5386.163078930203,2.728484105318785e-13,0.0,0.0,0.0,0.0,0.0,0.0,0.0,0.0,4339,5386
2020-07-09 13:00:00,4856.163078930203,-2.728484105318784e-13,0.0,0.0,0.0,0.0,0.0,0.0,0.0,0.0,4632,4856
2020-07-09 14:00:00,4706.163078930202,9.09494701772928e-14,0.0,0.0,0.0,0.0,0.0,0.0,0.0,0.0,4604,4706
2020-07-09 15:00:00,4477.163078930203,-2.728484105318784e-13,0.0,0.0,0.0,0.0,0.0,0.0,0.0,0.0,4499,4477
2020-07-09 16:00:00,4275.163078930202,9.09494701772928e-14,0.0,0.0,0.0,0.0,0.0,0.0,0.0,0.0,4409,4275
2020-07-09 17:00:00,4078.1630789302026,0.0,0.0,0.0,0.0,0.0,0.0,0.0,0.0,0.0,4492,4078
2020-07-09 18:00:00,3988.1630789302017,9.09494701772928e-14,0.0,0.0,0.0,0.0,0.0,0.0,0.0,0.0,4690,3988
2020-07-09 19:00:00,3793.163078930203,-4.092726157978177e-13,0.0,0.0,0.0,0.0,0.0,0.0,0.0,0.0,4726,3793
2020-07-09 20:00:00,3274.1630789302017,2.1600499167107052e-13,0.0,0.0,0.0,0.0,0.0,0.0,0.0,0.0,4785,3274
2020-07-09 21:00:00,3247.1630789302017,2.728484105318785e-13,0.0,0.0,0.0,0.0,0.0,0.0,0.0,0.0,4531,3247
2020-07-09 22:00:00,3600.0,-2.728484105318784e-13,0.0,0.0,0.0,92.16307893020212,0.0,0.0,0.0,0.0,4590,3692
2020-07-09 23:00:00,3600.0,9.09494701772928e-14,0.0,0.0,0.0,286.1630789302018,0.0,0.0,0.0,0.0,4545,3886
2020-07-10 00:00:00,3426.1630789302017,2.728484105318785e-13,0.0,0.0,0.0,0.0,0.0,0.0,0.0,0.0,4355,3426
2020-07-10 01:00:00,2430.0,2.728484105318785e-13,0.0,0.0,0.0,522.1630789302019,0.0,0.0,0.0,0.0,4351,2952
2020-07-10 02:00:00,2430.0,0.0,0.0,0.0,0.0,54.16307893020212,0.0,0.0,0.0,0.0,4436,2484
2020-07-10 03:00:00,1620.0,2.728484105318785e-13,0.0,0.0,0.0,144.1630789302019,0.0,0.0,0.0,0.0,4713,1764
2020-07-10 04:00:00,1425.1630789302026,-5.45696821063757e-13,0.0,0.0,0.0,0.0,0.0,0.0,0.0,0.0,4849,1425
2020-07-10 05:00:00,1437.1630789302017,4.547473508864642e-13,0.0,0.0,0.0,0.0,0.0,0.0,0.0,0.0,4844,1437
2020-07-10 06:00:00,1445.1630789302017,4.547473508864642e-13,0.0,0.0,0.0,0.0,0.0,0.0,0.0,0.0,4959,1445
2020-07-10 07:00:00,1580.1630789302021,2.728484105318785e-13,0.0,0.0,0.0,0.0,0.0,0.0,0.0,0.0,5144,1580
2020-07-10 08:00:00,1620.0,9.09494701772928e-14,0.0,0.0,0.0,412.16307893020223,0.0,0.0,0.0,0.0,5259,2032
2020-07-10 09:00:00,1620.0,-1.0231815394945447e-13,0.0,0.0,0.0,704.1630789302021,0.0,0.0,0.0,0.0,5471,2324
2020-07-10 10:00:00,1620.0,9.09494701772928e-14,0.0,0.0,0.0,673.1630789302022,0.0,0.0,0.0,0.0,5722,2293
2020-07-10 11:00:00,1620.0,-1.0231815394945447e-13,0.0,0.0,0.0,563.1630789302021,0.0,0.0,0.0,0.0,5984,2183
2020-07-10 12:00:00,1620.0,2.5011104298755534e-13,0.0,0.0,0.0,583.1630789302019,0.0,0.0,0.0,0.0,6221,2203
2020-07-10 13:00:00,1620.0,2.728484105318785e-13,0.0,0.0,0.0,194.1630789302017,0.0,0.0,0.0,0.0,6250,1814
2020-07-10 14:00:00,1513.1630789302021,9.09494701772928e-14,0.0,0.0,0.0,0.0,0.0,0.0,0.0,0.0,6256,1513
2020-07-10 15:00:00,1570.1630789302021,2.5011104298755534e-13,0.0,0.0,0.0,0.0,0.0,0.0,0.0,0.0,5880,1570
2020-07-10 16:00:00,1617.1630789302021,-1.0231815394945447e-13,0.0,0.0,0.0,0.0,0.0,0.0,0.0,0.0,5619,1617
2020-07-10 17:00:00,1620.0,9.09494701772928e-14,0.0,0.0,0.0,182.16307893020223,0.0,0.0,0.0,0.0,5378,1802
2020-07-10 18:00:00,1620.0,2.728484105318785e-13,0.0,0.0,0.0,452.16307893020166,0.0,0.0,0.0,0.0,5324,2072
2020-07-10 19:00:00,1620.0,2.728484105318785e-13,0.0,0.0,0.0,627.1630789302021,0.0,0.0,0.0,0.0,5167,2247
2020-07-10 20:00:00,1620.0,2.728484105318785e-13,0.0,0.0,0.0,541.1630789302021,0.0,0.0,0.0,0.0,4971,2161
2020-07-10 21:00:00,2343.1630789302017,2.5011104298755534e-13,0.0,0.0,0.0,0.0,0.0,0.0,0.0,0.0,4669,2343
2020-07-10 22:00:00,3317.1630789302017,2.728484105318785e-13,0.0,0.0,0.0,0.0,0.0,0.0,0.0,0.0,4349,3317
2020-07-10 23:00:00,3600.0,2.5011104298755534e-13,0.0,0.0,0.0,106.16307893020203,0.0,0.0,0.0,0.0,4226,3706
2020-07-11 00:00:00,3170.1630789302017,0.0,0.0,0.0,0.0,0.0,0.0,0.0,0.0,0.0,4171,3170
2020-07-11 01:00:00,2614.1630789302026,-5.456968210637569e-13,0.0,0.0,0.0,0.0,0.0,0.0,0.0,0.0,4300,2614
2020-07-11 02:00:00,2340.163078930202,0.0,0.0,0.0,0.0,0.0,0.0,0.0,0.0,0.0,4186,2340
2020-07-11 03:00:00,1867.1630789302021,0.0,0.0,0.0,0.0,0.0,0.0,0.0,0.0,0.0,4217,1867
2020-07-11 04:00:00,1675.1630789302021,2.2737367544323216e-13,0.0,0.0,0.0,0.0,0.0,0.0,0.0,0.0,4186,1675
2020-07-11 05:00:00,1388.1630789302021,0.0,0.0,0.0,0.0,0.0,0.0,0.0,0.0,0.0,4380,1388
2020-07-11 06:00:00,1279.1630789302021,-1.818989403545857e-13,0.0,0.0,0.0,0.0,0.0,0.0,0.0,0.0,4444,1279
2020-07-11 07:00:00,1308.1630789302023,-5.456968210637569e-13,0.0,0.0,0.0,0.0,0.0,0.0,0.0,0.0,4580,1308
2020-07-11 08:00:00,1768.1630789302021,0.0,0.0,0.0,0.0,0.0,0.0,0.0,0.0,0.0,4574,1768
2020-07-11 09:00:00,2016.163078930202,0.0,0.0,0.0,0.0,0.0,0.0,0.0,0.0,0.0,4805,2016
2020-07-11 10:00:00,2333.163078930202,0.0,0.0,0.0,0.0,0.0,0.0,0.0,0.0,0.0,4796,2333
2020-07-11 11:00:00,2513.163078930202,0.0,0.0,0.0,0.0,0.0,0.0,0.0,0.0,0.0,4879,2513
2020-07-11 12:00:00,2783.163078930202,0.0,0.0,0.0,0.0,0.0,0.0,0.0,0.0,0.0,4936,2783
2020-07-11 13:00:00,2384.1630789302017,0.0,0.0,0.0,0.0,0.0,0.0,0.0,0.0,0.0,4957,2384
2020-07-11 14:00:00,2132.163078930202,-2.728484105318785e-13,0.0,0.0,0.0,0.0,0.0,0.0,0.0,0.0,4854,2132
2020-07-11 15:00:00,2281.163078930202,2.2737367544323216e-13,0.0,0.0,0.0,0.0,0.0,0.0,0.0,0.0,4396,2281
2020-07-11 16:00:00,2281.163078930202,6.821210263296964e-14,0.0,0.0,0.0,0.0,0.0,0.0,0.0,0.0,4219,2281
2020-07-11 17:00:00,2070.163078930202,2.2737367544323216e-13,0.0,0.0,0.0,0.0,0.0,0.0,0.0,0.0,4442,2070
2020-07-11 18:00:00,2114.1630789302026,0.0,0.0,0.0,0.0,0.0,0.0,0.0,0.0,0.0,4713,2114
2020-07-11 19:00:00,2472.1630789302026,-5.456968210637569e-13,0.0,0.0,0.0,0.0,0.0,0.0,0.0,0.0,4645,2472
2020-07-11 20:00:00,3461.1630789302017,0.0,0.0,0.0,0.0,0.0,0.0,0.0,0.0,0.0,3633,3461
2020-07-11 21:00:00,3679.1630789302026,-5.456968210637569e-13,0.0,0.0,0.0,0.0,0.0,0.0,0.0,0.0,3392,3679
2020-07-11 22:00:00,4110.163078930203,0.0,0.0,0.0,0.0,0.0,0.0,0.0,0.0,0.0,3580,4110
2020-07-11 23:00:00,4292.163078930203,0.0,0.0,0.0,0.0,0.0,0.0,0.0,0.0,0.0,3597,4292
2020-07-12 00:00:00,3303.1630789302017,2.9558577807620174e-13,0.0,0.0,0.0,0.0,0.0,0.0,0.0,0.0,3942,3303
2020-07-12 01:00:00,2896.163078930202,0.0,0.0,0.0,0.0,0.0,0.0,0.0,0.0,0.0,3944,2896
2020-07-12 02:00:00,2580.1630789302017,2.9558577807620174e-13,0.0,0.0,0.0,0.0,0.0,0.0,0.0,0.0,3955,2580
2020-07-12 03:00:00,2236.163078930202,2.9558577807620174e-13,0.0,0.0,0.0,0.0,0.0,0.0,0.0,0.0,3973,2236
2020-07-12 04:00:00,2121.1630789302026,0.0,0.0,0.0,0.0,0.0,0.0,0.0,0.0,0.0,4097,2121
2020-07-12 05:00:00,2588.1630789302017,2.9558577807620174e-13,0.0,0.0,0.0,0.0,0.0,0.0,0.0,0.0,4036,2588
2020-07-12 06:00:00,3347.163078930202,0.0,0.0,0.0,0.0,0.0,0.0,0.0,0.0,0.0,3941,3347
2020-07-12 07:00:00,3452.1630789302017,2.9558577807620174e-13,0.0,0.0,0.0,0.0,0.0,0.0,0.0,0.0,4612,3452
2020-07-12 08:00:00,5580.0,0.0,0.0,0.0,0.0,38.16307893020257,0.0,0.0,0.0,0.0,3143,5618
2020-07-12 09:00:00,4536.163078930203,2.9558577807620174e-13,0.0,0.0,0.0,0.0,0.0,0.0,0.0,0.0,4650,4536
2020-07-12 10:00:00,5269.426831919883,0.0,0.0,0.0,0.0,0.0,457.2637529896808,0.0,0.0,0.0,4612,4812
2020-07-12 11:00:00,5580.0,0.0,0.0,0.0,0.0,807.215264187942,0.0,342.94781474226056,0.0,0.0,2893,6730
2020-07-12 12:00:00,5047.163078930202,7.275957614183426e-13,0.0,0.0,0.0,0.0,0.0,0.0,0.0,0.0,4667,5047
2020-07-12 13:00:00,5580.0,0.0,0.0,0.0,0.0,1112.163078930203,0.0,0.0,0.0,0.0,2912,6692
2020-07-12 14:00:00,5580.0,0.0,0.0,0.0,0.0,1171.1630789302026,0.0,0.0,0.0,0.0,2769,6751
2020-07-12 15:00:00,4948.163078930202,-2.728484105318785e-13,0.0,0.0,0.0,0.0,0.0,0.0,0.0,0.0,4310,4948
2020-07-12 16:00:00,5118.163078930203,0.0,0.0,0.0,0.0,0.0,0.0,0.0,0.0,0.0,3892,5118
2020-07-12 17:00:00,5037.163078930202,5.456968210637569e-13,0.0,0.0,0.0,0.0,0.0,0.0,0.0,0.0,3828,5037
2020-07-12 18:00:00,5365.1630789302035,0.0,0.0,0.0,0.0,0.0,0.0,0.0,0.0,0.0,3666,5365
2020-07-12 19:00:00,5431.163078930203,-2.728484105318785e-13,0.0,0.0,0.0,0.0,0.0,0.0,0.0,0.0,3573,5431
2020-07-12 20:00:00,4923.163078930203,-1.818989403545857e-13,0.0,0.0,0.0,0.0,0.0,0.0,0.0,0.0,3584,4923
2020-07-12 21:00:00,4671.163078930202,7.275957614183426e-13,0.0,0.0,0.0,0.0,0.0,0.0,0.0,0.0,3492,4671
2020-07-12 22:00:00,5117.163078930203,0.0,0.0,0.0,0.0,0.0,0.0,0.0,0.0,0.0,3490,5117
2020-07-12 23:00:00,5580.0,-1.818989403545857e-13,0.0,0.0,0.0,1295.1630789302033,0.0,0.0,0.0,0.0,1773,6875
2020-07-13 00:00:00,4657.163078930202,0.0,0.0,0.0,0.0,0.0,0.0,0.0,0.0,0.0,3324,4657
2020-07-13 01:00:00,5580.0,-4.547473508864642e-13,0.0,0.0,0.0,121.16307893020212,0.0,0.0,0.0,0.0,1872,5701
2020-07-13 02:00:00,4579.1630789302035,-5.45696821063757e-13,0.0,0.0,0.0,0.0,0.0,0.0,0.0,0.0,2701,4579
2020-07-13 03:00:00,5138.163078930202,2.728484105318785e-13,0.0,0.0,0.0,0.0,0.0,0.0,0.0,0.0,1789,5138
2020-07-13 04:00:00,4661.163078930202,0.0,0.0,0.0,0.0,0.0,0.0,0.0,0.0,0.0,2192,4661
2020-07-13 05:00:00,4448.163078930202,2.728484105318785e-13,0.0,0.0,0.0,0.0,0.0,0.0,0.0,0.0,2700,4448
2020-07-13 06:00:00,5519.163078930202,1.0004441719502211e-12,0.0,0.0,0.0,0.0,0.0,0.0,0.0,0.0,2193,5519
2020-07-13 07:00:00,3901.1630789302017,0.0,0.0,0.0,0.0,0.0,0.0,0.0,0.0,0.0,4583,3901
2020-07-13 08:00:00,4596.163078930202,2.728484105318785e-13,0.0,0.0,0.0,0.0,0.0,0.0,0.0,0.0,4533,4596
2020-07-13 09:00:00,5580.0,0.0,0.0,0.0,0.0,1519.1630789302026,0.0,0.0,0.0,0.0,2455,7099
2020-07-13 10:00:00,5253.163078930202,2.728484105318785e-13,0.0,0.0,0.0,0.0,0.0,0.0,0.0,0.0,4545,5253
2020-07-13 11:00:00,5580.0,-5.45696821063757e-13,0.0,0.0,0.0,1791.1630789302026,0.0,0.0,0.0,0.0,2650,7371
2020-07-13 12:00:00,5580.0,2.728484105318785e-13,0.0,0.0,0.0,1829.1630789302023,0.0,0.0,0.0,0.0,2690,7409
2020-07-13 13:00:00,5058.163078930202,0.0,0.0,0.0,0.0,0.0,0.0,0.0,0.0,0.0,4927,5058
2020-07-13 14:00:00,5580.0,1.0004441719502211e-12,0.0,0.0,0.0,1639.1630789302012,0.0,0.0,0.0,0.0,2742,7219
2020-07-13 15:00:00,5580.0,1.0004441719502211e-12,0.0,0.0,0.0,1522.1630789302012,0.0,0.0,0.0,0.0,2622,7102
2020-07-13 16:00:00,4589.163078930203,-5.45696821063757e-13,0.0,0.0,0.0,0.0,0.0,0.0,0.0,0.0,4924,4589
2020-07-13 17:00:00,4495.163078930202,2.728484105318785e-13,0.0,0.0,0.0,0.0,0.0,0.0,0.0,0.0,4848,4495
2020-07-13 18:00:00,4693.163078930202,0.0,0.0,0.0,0.0,0.0,0.0,0.0,0.0,0.0,4726,4693
2020-07-13 19:00:00,4588.163078930202,2.728484105318785e-13,0.0,0.0,0.0,0.0,0.0,0.0,0.0,0.0,4714,4588
2020-07-13 20:00:00,3964.1630789302026,-5.45696821063757e-13,0.0,0.0,0.0,0.0,0.0,0.0,0.0,0.0,4806,3964
2020-07-13 21:00:00,5580.0,9.09494701772928e-14,0.0,0.0,0.0,268.16307893020183,0.0,0.0,0.0,0.0,2593,5848
2020-07-13 22:00:00,4665.163078930202,2.728484105318785e-13,0.0,0.0,0.0,0.0,0.0,0.0,0.0,0.0,4221,4665
2020-07-13 23:00:00,4539.163078930202,2.728484105318785e-13,0.0,0.0,0.0,0.0,0.0,0.0,0.0,0.0,4348,4539
2020-07-14 00:00:00,5349.1630789302035,136.9999999999998,0.0,0.0,0.0,0.0,0.0,0.0,0.0,0.0,2608,5486
2020-07-14 01:00:00,4563.163078930204,438.99999999999824,0.0,0.0,0.0,0.0,0.0,0.0,0.0,0.0,2680,5002
2020-07-14 02:00:00,2933.163078930202,1013.0,0.0,0.0,0.0,0.0,0.0,0.0,0.0,0.0,3439,3946
2020-07-14 03:00:00,3209.1630789302026,1012.9999999999998,0.0,0.0,0.0,0.0,0.0,0.0,0.0,0.0,2810,4222
2020-07-14 04:00:00,2900.163078930203,1012.9999999999999,0.0,0.0,0.0,0.0,0.0,0.0,0.0,0.0,3045,3913
2020-07-14 05:00:00,3375.163078930203,861.9999999999995,0.0,0.0,0.0,0.0,0.0,0.0,0.0,0.0,3006,4237
2020-07-14 06:00:00,2557.163078930202,424.9999999999998,0.0,0.0,0.0,0.0,0.0,0.0,0.0,0.0,4815,2982
2020-07-14 07:00:00,3028.163078930202,274.00000000000034,0.0,0.0,0.0,0.0,0.0,0.0,0.0,0.0,5279,3302
2020-07-14 08:00:00,3960.0,1503.0,0.0,0.0,0.0,425.1630789302024,0.0,0.0,0.0,0.0,3339,5888
2020-07-14 09:00:00,3888.163078930202,425.0000000000007,0.0,0.0,0.0,0.0,0.0,0.0,0.0,0.0,5353,4313
2020-07-14 10:00:00,3960.0,2452.1630789302026,0.0,0.0,0.0,0.0,0.0,0.0,0.0,0.0,3515,6412
2020-07-14 11:00:00,3960.0,2687.1630789302026,0.0,0.0,0.0,0.0,0.0,0.0,0.0,0.0,3508,6647
2020-07-14 12:00:00,3462.163078930203,1012.9999999999998,0.0,0.0,0.0,0.0,0.0,0.0,0.0,0.0,5756,4475
2020-07-14 13:00:00,2553.9630789302028,1920.2,0.0,0.0,0.0,0.0,0.0,0.0,0.0,0.0,5640,4474
2020-07-14 14:00:00,3960.0,2893.1630789302026,0.0,0.0,0.0,0.0,0.0,0.0,0.0,0.0,3244,6853
2020-07-14 15:00:00,3259.6269003095003,1189.5361786207027,0.0,0.0,0.0,0.0,0.0,0.0,0.0,0.0,5410,4449
2020-07-14 16:00:00,3960.0,2814.163078930203,0.0,0.0,0.0,0.0,0.0,0.0,0.0,0.0,2868,6774
2020-07-14 17:00:00,3960.0,2277.0,0.0,0.0,0.0,190.16307893020232,0.0,0.0,0.0,0.0,3033,6427
2020-07-14 18:00:00,3897.1630789302026,575.9999999999998,0.0,0.0,0.0,0.0,0.0,0.0,0.0,0.0,5036,4473
2020-07-14 19:00:00,3004.9630789302028,1247.1999999999998,0.0,0.0,0.0,0.0,0.0,0.0,0.0,0.0,5122,4252
2020-07-14 20:00:00,2665.1630789302026,812.0,0.0,0.0,0.0,0.0,0.0,0.0,0.0,0.0,5354,3477
2020-07-14 21:00:00,2340.0,3015.0,0.0,0.0,0.0,152.16307893020326,0.0,0.0,0.0,0.0,2991,5507
2020-07-14 22:00:00,2241.9630789302023,1769.1999999999998,0.0,0.0,0.0,0.0,0.0,0.0,0.0,0.0,4929,4011
2020-07-14 23:00:00,2340.0,3555.0,0.0,0.0,0.0,54.16307893020257,0.0,0.0,0.0,0.0,2977,5949
2020-07-15 00:00:00,2340.0,1012.9999999999998,0.0,0.0,0.0,1745.163078930203,0.0,0.0,0.0,0.0,2925,5098
2020-07-15 01:00:00,2340.0,1012.9999999999998,0.0,0.0,0.0,1399.163078930203,0.0,0.0,0.0,0.0,2778,4752
2020-07-15 02:00:00,2340.0,1012.9999999999998,0.0,0.0,0.0,1169.163078930203,0.0,0.0,0.0,0.0,2656,4522
2020-07-15 03:00:00,2340.0,0.0,0.0,0.0,0.0,1769.1630789302026,0.0,0.0,0.0,0.0,2665,4109
2020-07-15 04:00:00,2340.0,2.728484105318785e-13,0.0,0.0,0.0,1517.163078930202,0.0,0.0,0.0,0.0,2763,3857
2020-07-15 05:00:00,2340.0,0.0,0.0,0.0,0.0,1687.163078930202,0.0,0.0,0.0,0.0,2677,4027
2020-07-15 06:00:00,2340.0,2.728484105318785e-13,0.0,0.0,0.0,2063.1630789302026,0.0,0.0,0.0,0.0,2444,4403
2020-07-15 07:00:00,2340.0,1.818989403545857e-13,0.0,0.0,0.0,2487.163078930203,0.0,0.0,0.0,0.0,2446,4827
2020-07-15 08:00:00,2340.0,2.728484105318785e-13,0.0,0.0,0.0,1127.163078930202,0.0,0.0,0.0,0.0,4396,3467
2020-07-15 09:00:00,2340.0,2.728484105318785e-13,0.0,0.0,0.0,3651.1630789302026,0.0,0.0,0.0,0.0,2472,5991
2020-07-15 10:00:00,2340.0,0.0,0.0,0.0,0.0,1462.163078930202,0.0,0.0,0.0,0.0,4963,3802
2020-07-15 11:00:00,2340.0,2.728484105318785e-13,0.0,0.0,0.0,3257.1630789302026,0.0,0.0,0.0,0.0,3369,5597
2020-07-15 12:00:00,2340.0,0.0,0.0,0.0,0.0,3072.163078930202,0.0,0.0,0.0,0.0,3780,5412
2020-07-15 13:00:00,2340.0,-5.456968210637569e-13,0.0,0.0,0.0,2425.163078930203,0.0,0.0,0.0,0.0,4175,4765
2020-07-15 14:00:00,2340.0,-1.0231815394945445e-13,0.0,0.0,0.0,1944.1630789302028,0.0,0.0,0.0,0.0,4525,4284
2020-07-15 15:00:00,2340.0,1.2505552149377767e-13,0.0,0.0,0.0,2430.1630789302026,0.0,0.0,0.0,0.0,3779,4770
2020-07-15 16:00:00,2340.0,0.0,0.0,0.0,0.0,2686.1630789302026,0.0,0.0,0.0,0.0,3298,5026
2020-07-15 17:00:00,2340.0,2.728484105318785e-13,0.0,0.0,0.0,3111.1630789302026,0.0,0.0,0.0,0.0,2750,5451
2020-07-15 18:00:00,2340.0,2.728484105318785e-13,0.0,0.0,0.0,3108.1630789302026,0.0,0.0,0.0,0.0,2767,5448
2020-07-15 19:00:00,2340.0,-5.45696821063757e-13,0.0,0.0,0.0,2906.1630789302026,0.0,0.0,0.0,0.0,2870,5246
2020-07-15 20:00:00,2340.0,2.728484105318785e-13,0.0,0.0,0.0,3127.1630789302026,0.0,0.0,0.0,0.0,2261,5467
2020-07-15 21:00:00,2340.0,-1.0231815394945445e-13,0.0,0.0,0.0,3190.163078930202,0.0,0.0,0.0,0.0,2126,5530
2020-07-15 22:00:00,2340.0,2.728484105318785e-13,0.0,0.0,0.0,3560.1630789302026,0.0,0.0,0.0,0.0,2391,5900
2020-07-15 23:00:00,5580.0,0.0,0.0,0.0,0.0,436.16307893020166,0.0,0.0,0.0,0.0,2374,6016
2020-07-16 00:00:00,2881.1630789302017,0.0,0.0,0.0,0.0,0.0,0.0,0.0,0.0,0.0,4781,2881
2020-07-16 01:00:00,4978.163078930203,0.0,0.0,0.0,0.0,0.0,0.0,0.0,0.0,0.0,2240,4978
2020-07-16 02:00:00,4653.1630789302035,-1.818989403545857e-13,0.0,0.0,0.0,0.0,0.0,0.0,0.0,0.0,2190,4653
2020-07-16 03:00:00,4078.1630789302026,1.1368683772161608e-13,0.0,0.0,0.0,0.0,0.0,0.0,0.0,0.0,2331,4078
2020-07-16 04:00:00,3856.1630789302026,0.0,0.0,0.0,0.0,0.0,0.0,0.0,0.0,0.0,2321,3856
2020-07-16 05:00:00,3928.1630789302026,-1.818989403545857e-13,0.0,0.0,0.0,0.0,0.0,0.0,0.0,0.0,2138,3928
2020-07-16 06:00:00,3798.1630789302026,0.0,0.0,0.0,0.0,0.0,0.0,0.0,0.0,0.0,2161,3798
2020-07-16 07:00:00,2853.1630789302026,-1.818989403545857e-13,0.0,0.0,0.0,0.0,0.0,0.0,0.0,0.0,3305,2853
2020-07-16 08:00:00,4480.1630789302035,0.0,0.0,0.0,0.0,0.0,0.0,0.0,0.0,0.0,2145,4480
2020-07-16 09:00:00,4692.163078930203,0.0,0.0,0.0,0.0,0.0,0.0,0.0,0.0,0.0,2457,4692
2020-07-16 10:00:00,4654.163078930203,0.0,0.0,0.0,0.0,0.0,0.0,0.0,0.0,0.0,2868,4654
2020-07-16 11:00:00,4383.163078930203,1.1368683772161608e-13,0.0,0.0,0.0,0.0,0.0,0.0,0.0,0.0,3402,4383
2020-07-16 12:00:00,4472.163078930203,3.1832314562052486e-13,0.0,0.0,0.0,0.0,0.0,0.0,0.0,0.0,3655,4472
2020-07-16 13:00:00,4198.1630789302035,0.0,0.0,0.0,0.0,0.0,0.0,0.0,0.0,0.0,3585,4198
2020-07-16 14:00:00,4264.1630789302035,-1.818989403545857e-13,0.0,0.0,0.0,0.0,0.0,0.0,0.0,0.0,3250,4264
2020-07-16 15:00:00,4504.1630789302035,0.0,0.0,0.0,0.0,0.0,0.0,0.0,0.0,0.0,2737,4504
2020-07-16 16:00:00,4914.163078930203,1.1368683772161608e-13,0.0,0.0,0.0,0.0,0.0,0.0,0.0,0.0,2159,4914
2020-07-16 17:00:00,5195.163078930203,0.0,0.0,0.0,0.0,0.0,0.0,0.0,0.0,0.0,1859,5195
2020-07-16 18:00:00,4537.1630789302035,0.0,0.0,0.0,0.0,0.0,0.0,0.0,0.0,0.0,2688,4537
2020-07-16 19:00:00,4454.1630789302035,0.0,0.0,0.0,0.0,0.0,0.0,0.0,0.0,0.0,2949,4454
2020-07-16 20:00:00,3366.1630789302026,-1.818989403545857e-13,0.0,0.0,0.0,0.0,0.0,0.0,0.0,0.0,3962,3366
2020-07-16 21:00:00,5337.1630789302035,-1.818989403545857e-13,0.0,0.0,0.0,0.0,0.0,0.0,0.0,0.0,1997,5337
2020-07-16 22:00:00,5580.0,0.0,0.0,0.0,0.0,84.16307893020259,0.0,0.0,0.0,0.0,2267,5664
2020-07-16 23:00:00,5580.0,-1.818989403545857e-13,0.0,0.0,0.0,0.0,9.836921069797429,0.0,0.0,0.0,2495,5570
2020-07-17 00:00:00,5580.0,-2.728484105318785e-13,0.0,0.0,0.0,120.78538812785496,0.0,7.37769080234807,0.0,0.0,2214,5708
2020-07-17 01:00:00,5378.163078930203,1.2505552149377767e-13,0.0,0.0,0.0,0.0,0.0,0.0,0.0,0.0,2047,5378
2020-07-17 02:00:00,2306.163078930202,1.0231815394945447e-13,0.0,0.0,0.0,0.0,0.0,0.0,0.0,0.0,4760,2306
2020-07-17 03:00:00,5580.0,4.179766481693354e-11,0.0,0.0,0.0,0.0,658.8369210698391,0.0,0.0,0.0,1730,4921
2020-07-17 04:00:00,5580.0,4.802132025361061e-11,0.0,0.0,0.0,0.0,790.8369210698456,0.0,0.0,0.0,1695,4789
2020-07-17 05:00:00,4449.163078930203,1.2505552149377767e-13,0.0,0.0,0.0,0.0,0.0,0.0,0.0,0.0,2120,4449
2020-07-17 06:00:00,3294.1630789302026,1.2505552149377767e-13,0.0,0.0,0.0,0.0,0.0,0.0,0.0,0.0,3422,3294
2020-07-17 07:00:00,3825.1630789302017,2.046363078989089e-13,0.0,0.0,0.0,0.0,1200.0,0.0,0.0,0.0,4486,2625
2020-07-17 08:00:00,3960.0,1.2505552149377767e-13,0.0,0.0,0.0,0.0,1031.8369210697977,0.0,0.0,0.0,4758,2928
2020-07-17 09:00:00,3960.0,0.0,0.0,0.0,0.0,0.0,466.83692106979834,0.0,0.0,0.0,4753,3493
2020-07-17 10:00:00,3960.0,1.818989403545857e-13,0.0,0.0,0.0,0.0,69.83692106979788,0.0,0.0,0.0,4611,3890
2020-07-17 11:00:00,3960.0,-2.728484105318785e-13,0.0,0.0,0.0,148.16307893020257,0.0,0.0,0.0,0.0,4563,4108
2020-07-17 12:00:00,3960.0,1.2505552149377767e-13,0.0,0.0,0.0,106.3700260925641,0.0,406.7930528376387,0.0,0.0,4401,4473
2020-07-17 13:00:00,3960.0,-1.1937117960769689e-13,0.0,0.0,0.0,0.0,0.0,572.1630789302022,0.0,0.0,4065,4532
2020-07-17 14:00:00,3960.0,1.818989403545857e-13,0.0,0.0,0.0,0.0,0.0,717.1630789302027,0.0,0.0,3737,4677
2020-07-17 15:00:00,3960.0,1.818989403545857e-13,0.0,0.0,0.0,0.0,0.0,705.1630789302027,0.0,0.0,3463,4665
2020-07-17 16:00:00,3960.0,-2.728484105318785e-13,0.0,0.0,0.0,0.0,0.0,460.1630789302026,0.0,0.0,3480,4420
2020-07-17 17:00:00,2900.1630789302017,1.818989403545857e-13,0.0,0.0,0.0,0.0,1200.0,0.0,0.0,0.0,6098,1700
2020-07-17 18:00:00,3960.0,-2.728484105318785e-13,0.0,0.0,0.0,0.0,961.836921069798,0.0,0.0,0.0,4894,2998
2020-07-17 19:00:00,3112.1630789302017,1.818989403545857e-13,0.0,0.0,0.0,0.0,1200.0,0.0,0.0,0.0,5939,1912
2020-07-17 20:00:00,3960.0,-2.728484105318785e-13,0.0,0.0,0.0,0.0,396.8369210697979,0.0,0.0,0.0,3927,3563
2020-07-17 21:00:00,3960.0,1.818989403545857e-13,0.0,0.0,0.0,0.0,0.0,230.16307893020257,0.0,0.0,3230,4190
2020-07-17 22:00:00,3150.0,-2.728484105318785e-13,0.0,0.0,0.0,286.1630789302026,0.0,1200.0,0.0,0.0,3409,4636
2020-07-17 23:00:00,3150.0,1.818989403545857e-13,0.0,0.0,0.0,0.0,710.8369210697979,0.0,0.0,0.0,5756,2439
2020-07-18 00:00:00,3150.0,0.0,0.0,0.0,0.0,59.16307893020246,0.0,1200.0,0.0,0.0,3106,4409
2020-07-18 01:00:00,3150.0,0.0,0.0,0.0,0.0,0.0,0.0,1024.1630789302028,0.0,0.0,2899,4174
2020-07-18 02:00:00,3150.0,9.09494701772928e-14,0.0,0.0,0.0,863.1630789302022,0.0,0.0,0.0,0.0,2685,4013
2020-07-18 03:00:00,3150.0,0.0,0.0,0.0,0.0,830.1630789302023,0.0,0.0,0.0,0.0,2280,3980
2020-07-18 04:00:00,3150.0,2.6716406864579773e-13,0.0,0.0,0.0,652.163078930202,0.0,0.0,0.0,0.0,2222,3802
2020-07-18 05:00:00,1170.0,-1.0231815394945447e-13,0.0,0.0,0.0,0.0,936.836921069798,0.0,0.0,0.0,5693,233
2020-07-18 06:00:00,1980.0,4.547473508864642e-13,0.0,0.0,0.0,0.0,187.8369210697983,0.0,0.0,0.0,4041,1792
2020-07-18 07:00:00,1980.0,-1.0231815394945447e-13,0.0,0.0,0.0,0.0,1038.836921069798,0.0,0.0,0.0,5074,941
2020-07-18 08:00:00,1980.0,9.09494701772928e-14,0.0,0.0,0.0,0.0,795.8369210697979,0.0,0.0,0.0,5295,1184
2020-07-18 09:00:00,1980.0,9.09494701772928e-14,0.0,0.0,0.0,0.0,208.83692106979765,0.0,0.0,0.0,5209,1771
2020-07-18 10:00:00,1980.0,2.728484105318785e-13,0.0,0.0,0.0,0.0,0.0,322.1630789302021,0.0,0.0,5026,2302
2020-07-18 11:00:00,1980.0,9.09494701772928e-14,0.0,0.0,0.0,0.0,0.0,647.1630789302023,0.0,0.0,4952,2627
2020-07-18 12:00:00,1980.0,2.728484105318785e-13,0.0,0.0,0.0,0.0,0.0,1180.1630789302017,0.0,0.0,4757,3160
2020-07-18 13:00:00,1980.0,9.09494701772928e-14,0.0,0.0,0.0,985.513861709066,0.0,226.64921722113627,0.0,0.0,4375,3192
2020-07-18 14:00:00,2790.0,2.728484105318785e-13,0.0,0.0,0.0,462.16307893020166,0.0,0.0,0.0,0.0,4027,3252
2020-07-18 15:00:00,1620.0,4.547473508864642e-13,0.0,0.0,0.0,1654.1630789302017,0.0,0.0,0.0,0.0,3731,3274
2020-07-18 16:00:00,1620.0,2.728484105318785e-13,0.0,0.0,0.0,1538.1630789302017,0.0,0.0,0.0,0.0,3690,3158
2020-07-18 17:00:00,1620.0,9.09494701772928e-14,0.0,0.0,0.0,1009.1630789302023,0.0,0.0,0.0,0.0,4225,2629
2020-07-18 18:00:00,1620.0,9.09494701772928e-14,0.0,0.0,0.0,427.16307893020223,0.0,0.0,0.0,0.0,5027,2047
2020-07-18 19:00:00,1620.0,2.728484105318785e-13,0.0,0.0,0.0,853.1630789302017,0.0,0.0,0.0,0.0,4813,2473
2020-07-18 20:00:00,1620.0,9.09494701772928e-14,0.0,0.0,0.0,1608.163078930202,0.0,0.0,0.0,0.0,4004,3228
2020-07-18 21:00:00,1620.0,2.728484105318785e-13,0.0,0.0,0.0,0.0,608.8369210697983,0.0,0.0,0.0,6236,1011
2020-07-18 22:00:00,1620.0,9.09494701772928e-14,0.0,0.0,0.0,2286.535388127854,0.0,456.6276908023487,0.0,0.0,3486,4363
2020-07-18 23:00:00,2430.0,2.728484105318785e-13,0.0,0.0,0.0,2014.163078930202,0.0,0.0,0.0,0.0,3563,4444
2020-07-19 00:00:00,2430.0,4.547473508864642e-13,0.0,0.0,0.0,1850.1630789302023,0.0,0.0,0.0,0.0,3074,4280
2020-07-19 01:00:00,2430.0,2.728484105318785e-13,0.0,0.0,0.0,1668.163078930202,0.0,0.0,0.0,0.0,2857,4098
2020-07-19 02:00:00,2430.0,2.728484105318785e-13,0.0,0.0,0.0,1570.163078930202,0.0,0.0,0.0,0.0,2632,4000
2020-07-19 03:00:00,2430.0,2.728484105318785e-13,0.0,0.0,0.0,1649.163078930202,0.0,0.0,0.0,0.0,2214,4079
2020-07-19 04:00:00,2430.0,0.0,0.0,0.0,0.0,1724.1630789302026,0.0,0.0,0.0,0.0,2140,4154
2020-07-19 05:00:00,1608.1304631440216,2.728484105318785e-13,0.0,0.0,0.0,0.0,520.9673842138196,0.0,0.0,0.0,5598,1087
2020-07-19 06:00:00,3240.0,2.728484105318785e-13,0.0,0.0,0.0,102.16307893020212,0.0,0.0,0.0,0.0,3930,3342
2020-07-19 07:00:00,3240.0,2.728484105318785e-13,0.0,0.0,0.0,0.0,184.83692106979788,0.0,0.0,0.0,4948,3055
2020-07-19 08:00:00,4410.0,2.728484105318785e-13,0.0,0.0,0.0,0.0,886.8369210697979,0.0,0.0,0.0,5167,3523
2020-07-19 09:00:00,4410.0,4.547473508864642e-13,0.0,0.0,0.0,0.0,355.8369210697979,0.0,0.0,0.0,5096,4054
2020-07-19 10:00:00,4410.0,2.728484105318785e-13,0.0,0.0,0.0,59.16307893020257,0.0,0.0,0.0,0.0,4930,4469
2020-07-19 11:00:00,4410.0,2.444267011014745e-13,0.0,0.0,0.0,0.0,0.0,372.16307893020274,0.0,0.0,4847,4782
2020-07-19 12:00:00,4410.0,2.444267011014745e-13,0.0,0.0,0.0,0.0,0.0,687.1630789302027,0.0,0.0,4670,5097
2020-07-19 13:00:00,3684.1630789302017,5.45696821063757e-13,0.0,0.0,0.0,0.0,1200.0,0.0,0.0,0.0,7189,2484
2020-07-19 14:00:00,4410.0,2.444267011014745e-13,0.0,0.0,0.0,68.16307893020273,0.0,1200.0,0.0,0.0,3938,5678
2020-07-19 15:00:00,5580.0,2.728484105318785e-13,0.0,0.0,0.0,41.130626223198306,0.0,102.03245270700472,0.0,0.0,3661,5723
2020-07-19 16:00:00,5558.163078930203,2.444267011014745e-13,0.0,0.0,0.0,0.0,0.0,0.0,0.0,0.0,3612,5558
2020-07-19 17:00:00,4928.163078930203,5.45696821063757e-13,0.0,0.0,0.0,0.0,0.0,0.0,0.0,0.0,4097,4928
2020-07-19 18:00:00,4272.163078930203,4.547473508864642e-13,0.0,0.0,0.0,0.0,0.0,0.0,0.0,0.0,4878,4272
2020-07-19 19:00:00,4482.163078930203,5.45696821063757e-13,0.0,0.0,0.0,0.0,0.0,0.0,0.0,0.0,4613,4482
2020-07-19 20:00:00,4730.163078930203,2.728484105318785e-13,0.0,0.0,0.0,0.0,0.0,0.0,0.0,0.0,3862,4730
2020-07-19 21:00:00,5060.163078930203,2.728484105318785e-13,0.0,0.0,0.0,0.0,0.0,0.0,0.0,0.0,3237,5060
2020-07-19 22:00:00,2463.163078930202,2.728484105318785e-13,0.0,0.0,0.0,0.0,0.0,0.0,0.0,0.0,6278,2463
2020-07-19 23:00:00,5290.163078930203,2.728484105318785e-13,0.0,0.0,0.0,0.0,0.0,0.0,0.0,0.0,3453,5290
2020-07-20 00:00:00,5075.163078930203,-2.728484105318785e-13,0.0,0.0,0.0,0.0,0.0,0.0,0.0,0.0,2951,5075
2020-07-20 01:00:00,4902.163078930203,1.5916157281026248e-13,0.0,0.0,0.0,0.0,0.0,0.0,0.0,0.0,2719,4902
2020-07-20 02:00:00,4825.163078930202,2.728484105318785e-13,0.0,0.0,0.0,0.0,0.0,0.0,0.0,0.0,2480,4825
2020-07-20 03:00:00,4700.163078930203,1.818989403545857e-13,0.0,0.0,0.0,0.0,0.0,0.0,0.0,0.0,2236,4700
2020-07-20 04:00:00,4414.163078930202,2.728484105318785e-13,0.0,0.0,0.0,0.0,0.0,0.0,0.0,0.0,2445,4414
2020-07-20 05:00:00,4610.163078930203,9.09494701772928e-14,0.0,0.0,0.0,0.0,0.0,0.0,0.0,0.0,2537,4610
2020-07-20 06:00:00,3985.1630789302017,9.09494701772928e-14,0.0,0.0,0.0,0.0,0.0,0.0,0.0,0.0,3676,3985
2020-07-20 07:00:00,3691.163078930202,2.728484105318785e-13,0.0,0.0,0.0,0.0,0.0,0.0,0.0,0.0,4648,3691
2020-07-20 08:00:00,4157.163078930203,9.09494701772928e-14,0.0,0.0,0.0,0.0,0.0,0.0,0.0,0.0,4832,4157
2020-07-20 09:00:00,3537.1630789302017,2.728484105318785e-13,0.0,0.0,0.0,0.0,0.0,0.0,0.0,0.0,5892,3537
2020-07-20 10:00:00,5163.1630789302035,2.728484105318785e-13,0.0,0.0,0.0,0.0,0.0,0.0,0.0,0.0,4501,5163
2020-07-20 11:00:00,5533.1630789302035,2.728484105318785e-13,0.0,0.0,0.0,0.0,0.0,0.0,0.0,0.0,4347,5533
2020-07-20 12:00:00,5086.163078930203,4.547473508864642e-13,0.0,0.0,0.0,0.0,0.0,0.0,0.0,0.0,4880,5086
2020-07-20 13:00:00,3249.163078930202,-5.456968210637568e-13,0.0,0.0,0.0,0.0,0.0,0.0,0.0,0.0,6595,3249
2020-07-20 14:00:00,5217.59795607741,2.728484105318785e-13,0.0,0.0,0.0,0.0,152.43487714720823,0.0,0.0,0.0,4731,5065
2020-07-20 15:00:00,5277.1630789302035,2.728484105318785e-13,0.0,0.0,0.0,0.0,0.0,0.0,0.0,0.0,4274,5277
2020-07-20 16:00:00,5580.0,2.728484105318785e-13,0.0,0.0,0.0,0.0,0.0,10.163078930203485,0.0,0.0,3741,5590
2020-07-20 17:00:00,5580.0,2.728484105318785e-13,0.0,0.0,0.0,0.0,0.0,104.16307893020269,0.0,0.0,3496,5684
2020-07-20 18:00:00,4959.163078930202,2.728484105318785e-13,0.0,0.0,0.0,0.0,0.0,0.0,0.0,0.0,4338,4959
2020-07-20 19:00:00,5085.163078930203,1.5916157281026248e-13,0.0,0.0,0.0,0.0,0.0,0.0,0.0,0.0,4078,5085
2020-07-20 20:00:00,5211.1630789302035,-5.456968210637568e-13,0.0,0.0,0.0,0.0,0.0,0.0,0.0,0.0,3448,5211
2020-07-20 21:00:00,2646.1630789302026,-1.818989403545857e-13,0.0,0.0,0.0,0.0,0.0,0.0,0.0,0.0,5725,2646
2020-07-20 22:00:00,5350.1630789302035,1.5916157281026248e-13,0.0,0.0,0.0,0.0,0.0,0.0,0.0,0.0,3440,5350
2020-07-20 23:00:00,5427.163078930203,4.547473508864642e-13,0.0,0.0,0.0,0.0,0.0,0.0,0.0,0.0,3368,5427
2020-07-21 00:00:00,4655.163078930203,0.0,0.0,0.0,0.0,0.0,0.0,0.0,0.0,0.0,3396,4655
2020-07-21 01:00:00,4184.163078930203,-2.728484105318785e-13,0.0,0.0,0.0,0.0,0.0,0.0,0.0,0.0,3461,4184
2020-07-21 02:00:00,3792.1630789302017,4.547473508864642e-13,0.0,0.0,0.0,0.0,0.0,0.0,0.0,0.0,3536,3792
2020-07-21 03:00:00,3248.1630789302017,0.0,0.0,0.0,0.0,0.0,0.0,0.0,0.0,0.0,3711,3248
2020-07-21 04:00:00,3210.1630789302017,0.0,0.0,0.0,0.0,0.0,0.0,0.0,0.0,0.0,3671,3210
2020-07-21 05:00:00,3518.1630789302017,0.0,0.0,0.0,0.0,0.0,0.0,0.0,0.0,0.0,3648,3518
2020-07-21 06:00:00,4072.1630789302017,2.728484105318785e-13,0.0,0.0,0.0,0.0,0.0,0.0,0.0,0.0,3606,4072
2020-07-21 07:00:00,3503.563078930202,705.6000000000003,0.0,0.0,0.0,0.0,0.0,0.0,0.0,0.0,4149,4209
2020-07-21 08:00:00,3324.2073824810823,1340.9556964491203,0.0,0.0,0.0,0.0,0.0,0.0,0.0,0.0,4343,4665
2020-07-21 09:00:00,3951.563078930203,1243.6,0.0,0.0,0.0,0.0,0.0,0.0,0.0,0.0,4257,5195
2020-07-21 10:00:00,4063.563078930203,1479.6,0.0,0.0,0.0,0.0,0.0,0.0,0.0,0.0,4149,5543
2020-07-21 11:00:00,3590.563078930203,1866.6,0.0,0.0,0.0,0.0,0.0,0.0,0.0,0.0,4456,5457
2020-07-21 12:00:00,3222.5630789302036,2253.5999999999995,0.0,0.0,0.0,0.0,0.0,0.0,0.0,0.0,4530,5476
2020-07-21 13:00:00,3142.9630789302028,2608.2000000000003,0.0,0.0,0.0,0.0,0.0,0.0,0.0,0.0,4143,5751
2020-07-21 14:00:00,3439.9630789302028,2608.2,0.0,0.0,0.0,0.0,0.0,0.0,0.0,0.0,3816,6048
2020-07-21 15:00:00,5489.1630789302035,1013.0,0.0,0.0,0.0,0.0,0.0,0.0,0.0,0.0,3135,6502
2020-07-21 16:00:00,4770.0,1973.163078930203,0.0,0.0,0.0,0.0,0.0,0.0,0.0,0.0,2689,6743
2020-07-21 17:00:00,4770.0,1333.1630789302026,0.0,0.0,0.0,0.0,0.0,0.0,0.0,0.0,3186,6103
2020-07-21 18:00:00,2907.9630789302028,2608.2,0.0,0.0,0.0,0.0,0.0,0.0,0.0,0.0,3878,5516
2020-07-21 19:00:00,3103.9630789302037,2608.1999999999994,0.0,0.0,0.0,0.0,0.0,0.0,0.0,0.0,3539,5712
2020-07-21 20:00:00,4770.0,1094.1630789302035,0.0,0.0,0.0,0.0,0.0,0.0,0.0,0.0,2879,5864
2020-07-21 21:00:00,3504.963078930203,2608.2,0.0,0.0,0.0,0.0,0.0,0.0,0.0,0.0,2344,6113
2020-07-21 22:00:00,3600.0,2721.163078930203,0.0,0.0,0.0,0.0,0.0,0.0,0.0,0.0,2561,6321
2020-07-21 23:00:00,2663.163078930203,3555.0,0.0,0.0,0.0,0.0,0.0,0.0,0.0,0.0,2650,6218
2020-07-22 00:00:00,2790.0,1012.9999999999997,0.0,0.0,0.0,1871.163078930203,0.0,0.0,0.0,0.0,2431,5674
2020-07-22 01:00:00,2790.0,1013.0,0.0,0.0,0.0,1378.1630789302026,0.0,0.0,0.0,0.0,2517,5181
2020-07-22 02:00:00,2790.0,1012.9999999999997,0.0,0.0,0.0,988.163078930203,0.0,0.0,0.0,0.0,2588,4791
2020-07-22 03:00:00,2790.0,-5.456968210637569e-13,0.0,0.0,0.0,1619.1630789302026,0.0,0.0,0.0,0.0,2602,4409
2020-07-22 04:00:00,2790.0,6.366462912410498e-13,0.0,0.0,0.0,1636.163078930202,0.0,0.0,0.0,0.0,2508,4426
2020-07-22 05:00:00,2790.0,-2.728484105318784e-13,0.0,0.0,0.0,1767.163078930202,0.0,0.0,0.0,0.0,2659,4557
2020-07-22 06:00:00,2790.0,6.366462912410498e-13,0.0,0.0,0.0,2105.163078930202,0.0,0.0,0.0,0.0,2828,4895
2020-07-22 07:00:00,2790.0,2.728484105318785e-13,0.0,0.0,0.0,2403.163078930203,0.0,0.0,0.0,0.0,3217,5193
2020-07-22 08:00:00,2790.0,6.366462912410498e-13,0.0,0.0,0.0,1360.163078930202,0.0,0.0,0.0,0.0,4910,4150
2020-07-22 09:00:00,2790.0,6.366462912410498e-13,0.0,0.0,0.0,3327.1630789302026,0.0,0.0,0.0,0.0,3393,6117
2020-07-22 10:00:00,2790.0,0.0,0.0,0.0,0.0,1673.163078930202,0.0,0.0,0.0,0.0,5293,4463
2020-07-22 11:00:00,930.0,6.366462912410498e-13,0.0,0.0,0.0,3815.163078930202,0.0,0.0,0.0,0.0,5231,4745
2020-07-22 12:00:00,2790.0,-2.728484105318784e-13,0.0,0.0,0.0,2383.1630789302026,0.0,0.0,0.0,0.0,4890,5173
2020-07-22 13:00:00,2790.0,6.366462912410498e-13,0.0,0.0,0.0,2378.1630789302026,0.0,0.0,0.0,0.0,4776,5168
2020-07-22 14:00:00,2790.0,-2.728484105318784e-13,0.0,0.0,0.0,2486.1630789302026,0.0,0.0,0.0,0.0,4631,5276
2020-07-22 15:00:00,2790.0,2.728484105318785e-13,0.0,0.0,0.0,2755.163078930203,0.0,0.0,0.0,0.0,4122,5545
2020-07-22 16:00:00,2790.0,0.0,0.0,0.0,0.0,2884.1630789302026,0.0,0.0,0.0,0.0,3772,5674
2020-07-22 17:00:00,2790.0,6.366462912410498e-13,0.0,0.0,0.0,3309.1630789302026,0.0,0.0,0.0,0.0,3184,6099
2020-07-22 18:00:00,2790.0,6.366462912410498e-13,0.0,0.0,0.0,1796.163078930202,0.0,0.0,0.0,0.0,4788,4586
2020-07-22 19:00:00,2790.0,0.0,0.0,0.0,0.0,1637.163078930202,0.0,0.0,0.0,0.0,4794,4427
2020-07-22 20:00:00,2790.0,2.728484105318785e-13,0.0,0.0,0.0,1242.163078930202,0.0,0.0,0.0,0.0,4675,4032
2020-07-22 21:00:00,2790.0,-2.728484105318784e-13,0.0,0.0,0.0,2633.163078930203,0.0,0.0,0.0,0.0,2991,5423
2020-07-22 22:00:00,2790.0,6.366462912410498e-13,0.0,0.0,0.0,1432.163078930202,0.0,0.0,0.0,0.0,4610,4222
2020-07-22 23:00:00,4086.1630789302017,-4.6895820560166616e-14,0.0,0.0,0.0,0.0,0.0,0.0,0.0,0.0,4741,4086
2020-07-23 00:00:00,3849.163078930202,-9.09494701772928e-14,0.0,0.0,0.0,0.0,0.0,0.0,0.0,0.0,4255,3849
2020-07-23 01:00:00,4960.163078930203,-5.45696821063757e-13,0.0,0.0,0.0,0.0,0.0,0.0,0.0,0.0,2731,4960
2020-07-23 02:00:00,4710.163078930203,1.4637180356658067e-13,0.0,0.0,0.0,0.0,0.0,0.0,0.0,0.0,2656,4710
2020-07-23 03:00:00,3563.163078930202,-9.09494701772928e-14,0.0,0.0,0.0,0.0,0.0,0.0,0.0,0.0,3441,3563
2020-07-23 04:00:00,4142.163078930203,-5.45696821063757e-13,0.0,0.0,0.0,0.0,0.0,0.0,0.0,0.0,2785,4142
2020-07-23 05:00:00,4296.1630789302035,-9.09494701772928e-14,0.0,0.0,0.0,0.0,0.0,0.0,0.0,0.0,2926,4296
2020-07-23 06:00:00,4463.163078930203,-5.45696821063757e-13,0.0,0.0,0.0,0.0,0.0,0.0,0.0,0.0,3243,4463
2020-07-23 07:00:00,4998.163078930203,-9.09494701772928e-14,0.0,0.0,0.0,0.0,0.0,0.0,0.0,0.0,3367,4998
2020-07-23 08:00:00,4411.947814742303,-5.45696821063757e-13,0.0,0.0,0.0,926.2152641878996,0.0,0.0,0.0,0.0,3662,5338
2020-07-23 09:00:00,5333.163078930203,-9.09494701772928e-14,0.0,0.0,0.0,0.0,0.0,0.0,0.0,0.0,4090,5333
2020-07-23 10:00:00,5261.163078930203,-5.45696821063757e-13,0.0,0.0,0.0,0.0,0.0,0.0,0.0,0.0,4373,5261
2020-07-23 11:00:00,5254.163078930203,-9.09494701772928e-14,0.0,0.0,0.0,0.0,0.0,0.0,0.0,0.0,4565,5254
2020-07-23 12:00:00,5216.163078930203,-9.09494701772928e-14,0.0,0.0,0.0,0.0,0.0,0.0,0.0,0.0,4685,5216
2020-07-23 13:00:00,4926.163078930203,-5.45696821063757e-13,0.0,0.0,0.0,0.0,0.0,0.0,0.0,0.0,4787,4926
2020-07-23 14:00:00,5103.1630789302035,-9.09494701772928e-14,0.0,0.0,0.0,0.0,0.0,0.0,0.0,0.0,4525,5103
2020-07-23 15:00:00,1860.0,-5.45696821063757e-13,0.0,0.0,0.0,3473.163078930203,0.0,0.0,0.0,0.0,4000,5333
2020-07-23 16:00:00,5426.163078930202,-9.09494701772928e-14,0.0,0.0,0.0,0.0,0.0,0.0,0.0,0.0,3648,5426
2020-07-23 17:00:00,5517.1630789302035,-5.45696821063757e-13,0.0,0.0,0.0,0.0,0.0,0.0,0.0,0.0,3413,5517
2020-07-23 18:00:00,4567.1630789302035,-9.09494701772928e-14,0.0,0.0,0.0,0.0,0.0,0.0,0.0,0.0,4431,4567
2020-07-23 19:00:00,5580.0,-5.45696821063757e-13,0.0,0.0,0.0,274.16307893020274,0.0,0.0,0.0,0.0,2973,5854
2020-07-23 20:00:00,5500.163078930202,-9.09494701772928e-14,0.0,0.0,0.0,0.0,0.0,0.0,0.0,0.0,2843,5500
2020-07-23 21:00:00,5354.163078930202,1.4637180356658067e-13,0.0,0.0,0.0,0.0,0.0,0.0,0.0,0.0,2720,5354
2020-07-23 22:00:00,5580.0,0.0,0.0,0.0,0.0,87.16307893020233,0.0,0.0,0.0,0.0,2844,5667
2020-07-23 23:00:00,5580.0,-9.09494701772928e-14,0.0,0.0,0.0,266.1630789302016,0.0,0.0,0.0,0.0,2680,5846
2020-07-24 00:00:00,3765.163078930202,6.821210263296964e-14,0.0,0.0,0.0,0.0,0.0,0.0,0.0,0.0,4003,3765
2020-07-24 01:00:00,4659.163078930202,3.637978807091713e-13,0.0,0.0,0.0,0.0,0.0,0.0,0.0,0.0,2653,4659
2020-07-24 02:00:00,3373.1630789302026,-4.4337866711430256e-13,0.0,0.0,0.0,0.0,0.0,0.0,0.0,0.0,3580,3373
2020-07-24 03:00:00,3399.163078930202,0.0,0.0,0.0,0.0,0.0,0.0,0.0,0.0,0.0,3153,3399
2020-07-24 04:00:00,3296.163078930203,-5.456968210637569e-13,0.0,0.0,0.0,0.0,0.0,0.0,0.0,0.0,3085,3296
2020-07-24 05:00:00,4338.163078930202,3.637978807091713e-13,0.0,0.0,0.0,0.0,0.0,0.0,0.0,0.0,2108,4338
2020-07-24 06:00:00,4554.163078930202,3.637978807091713e-13,0.0,0.0,0.0,0.0,0.0,0.0,0.0,0.0,1988,4554
2020-07-24 07:00:00,2089.163078930202,0.0,0.0,0.0,0.0,0.0,0.0,0.0,0.0,0.0,4750,2089
2020-07-24 08:00:00,2687.1630789302026,-2.2737367544323226e-14,0.0,0.0,0.0,0.0,0.0,0.0,0.0,0.0,4694,2687
2020-07-24 09:00:00,4661.1630789302035,-5.456968210637569e-13,0.0,0.0,0.0,0.0,0.0,0.0,0.0,0.0,3226,4661
2020-07-24 10:00:00,4770.0,0.0,0.0,0.0,0.0,176.16307893020252,0.0,0.0,0.0,0.0,3178,4946
2020-07-24 11:00:00,4770.0,0.0,0.0,0.0,0.0,328.1630789302031,0.0,0.0,0.0,0.0,3214,5098
2020-07-24 12:00:00,4770.0,1.818989403545857e-13,0.0,0.0,0.0,620.1630789302034,0.0,0.0,0.0,0.0,3159,5390
2020-07-24 13:00:00,2559.1630789302026,-2.728484105318785e-13,0.0,0.0,0.0,0.0,0.0,0.0,0.0,0.0,5680,2559
2020-07-24 14:00:00,2682.1630789302026,0.0,0.0,0.0,0.0,0.0,0.0,0.0,0.0,0.0,5322,2682
2020-07-24 15:00:00,4770.0,0.0,0.0,0.0,0.0,282.16307893020263,0.0,0.0,0.0,0.0,2665,5052
2020-07-24 16:00:00,2680.1630789302026,-2.728484105318785e-13,0.0,0.0,0.0,0.0,0.0,0.0,0.0,0.0,4820,2680
2020-07-24 17:00:00,3960.0,2.1671553440683058e-13,0.0,0.0,0.0,1082.1630789302023,0.0,0.0,0.0,0.0,2386,5042
2020-07-24 18:00:00,3960.0,0.0,0.0,0.0,0.0,436.1630789302026,0.0,0.0,0.0,0.0,3215,4396
2020-07-24 19:00:00,3960.0,2.1671553440683058e-13,0.0,0.0,0.0,620.1630789302025,0.0,0.0,0.0,0.0,3021,4580
2020-07-24 20:00:00,3011.1630789302026,-2.728484105318785e-13,0.0,0.0,0.0,0.0,0.0,0.0,0.0,0.0,4285,3011
2020-07-24 21:00:00,3960.0,1.818989403545857e-13,0.0,0.0,0.0,1657.1630789302037,0.0,0.0,0.0,0.0,1595,5617
2020-07-24 22:00:00,3960.0,-2.728484105318785e-13,0.0,0.0,0.0,2025.1630789302023,0.0,0.0,0.0,0.0,1784,5985
2020-07-24 23:00:00,3578.163078930202,0.0,0.0,0.0,0.0,0.0,0.0,0.0,0.0,0.0,4336,3578
2020-07-25 00:00:00,2885.1630789302017,9.094947017729285e-14,0.0,0.0,0.0,0.0,0.0,0.0,0.0,0.0,4405,2885
2020-07-25 01:00:00,3960.0,2.4726887204451495e-13,0.0,0.0,0.0,1335.1630789302028,0.0,0.0,0.0,0.0,1576,5295
2020-07-25 02:00:00,2610.163078930202,2.529532139305957e-13,0.0,0.0,0.0,0.0,0.0,0.0,0.0,0.0,3906,2610
2020-07-25 03:00:00,4378.163078930203,2.728484105318785e-13,0.0,0.0,0.0,0.0,0.0,0.0,0.0,0.0,1724,4378
2020-07-25 04:00:00,4122.163078930203,2.529532139305957e-13,0.0,0.0,0.0,0.0,0.0,0.0,0.0,0.0,1777,4122
2020-07-25 05:00:00,4137.163078930203,-4.2632564145606036e-14,0.0,0.0,0.0,0.0,0.0,0.0,0.0,0.0,1710,4137
2020-07-25 06:00:00,1230.0,2.529532139305957e-13,0.0,0.0,0.0,0.0,255.83692106979785,0.0,0.0,0.0,4814,974
2020-07-25 07:00:00,2696.448467058056,-4.2632564145606036e-14,0.0,0.0,0.0,0.0,0.0,57.714611872146264,0.0,0.0,3177,2754
2020-07-25 08:00:00,2930.163078930202,2.529532139305957e-13,0.0,0.0,0.0,0.0,0.0,0.0,0.0,0.0,3442,2930
2020-07-25 09:00:00,3379.163078930202,4.547473508864642e-13,0.0,0.0,0.0,0.0,0.0,0.0,0.0,0.0,3480,3379
2020-07-25 10:00:00,3600.0,0.0,0.0,0.0,0.0,0.0,0.0,134.16307893020212,0.0,0.0,3453,3734
2020-07-25 11:00:00,3285.1630789302017,4.0927261579781777e-13,0.0,0.0,0.0,0.0,0.0,0.0,0.0,0.0,4164,3285
2020-07-25 12:00:00,1638.1630789302021,-4.2632564145606036e-14,0.0,0.0,0.0,0.0,0.0,0.0,0.0,0.0,6149,1638
2020-07-25 13:00:00,3600.0,4.547473508864642e-13,0.0,0.0,0.0,749.1630789302023,0.0,0.0,0.0,0.0,3067,4349
2020-07-25 14:00:00,1529.163078930202,0.0,0.0,0.0,0.0,0.0,0.0,0.0,0.0,0.0,5561,1529
2020-07-25 15:00:00,3600.0,4.547473508864642e-13,0.0,0.0,0.0,728.1630789302025,0.0,0.0,0.0,0.0,2467,4328
2020-07-25 16:00:00,1545.1630789302021,2.728484105318785e-13,0.0,0.0,0.0,0.0,0.0,0.0,0.0,0.0,5085,1545
2020-07-25 17:00:00,3600.0,9.09494701772928e-14,0.0,0.0,0.0,429.1630789302022,0.0,0.0,0.0,0.0,2604,4029
2020-07-25 18:00:00,3453.163078930202,4.547473508864642e-13,0.0,0.0,0.0,0.0,0.0,0.0,0.0,0.0,3463,3453
2020-07-25 19:00:00,3817.163078930202,2.728484105318785e-13,0.0,0.0,0.0,0.0,0.0,0.0,0.0,0.0,3335,3817
2020-07-25 20:00:00,4410.0,9.09494701772928e-14,0.0,0.0,0.0,137.16307893020263,0.0,0.0,0.0,0.0,2567,4547
2020-07-25 21:00:00,4410.0,2.728484105318785e-13,0.0,0.0,0.0,769.1630789302025,0.0,0.0,0.0,0.0,1976,5179
2020-07-25 22:00:00,4410.0,9.09494701772928e-14,0.0,0.0,0.0,1048.1630789302026,0.0,0.0,0.0,0.0,2256,5458
2020-07-25 23:00:00,2774.163078930202,0.0,0.0,0.0,0.0,0.0,0.0,0.0,0.0,0.0,5066,2774
2020-07-26 00:00:00,4410.0,0.0,0.0,0.0,0.0,523.1630789302027,0.0,0.0,0.0,0.0,2196,4933
2020-07-26 01:00:00,2446.163078930202,1.3642420526593928e-13,0.0,0.0,0.0,0.0,0.0,0.0,0.0,0.0,4317,2446
2020-07-26 02:00:00,2415.1630789302017,0.0,0.0,0.0,0.0,0.0,0.0,0.0,0.0,0.0,4063,2415
2020-07-26 03:00:00,3600.0,-3.637978807091713e-13,0.0,0.0,0.0,508.1630789302028,0.0,0.0,0.0,0.0,2077,4108
2020-07-26 04:00:00,3600.0,0.0,0.0,0.0,0.0,470.1630789302021,0.0,0.0,0.0,0.0,2126,4070
2020-07-26 05:00:00,2545.1630789302017,0.0,0.0,0.0,0.0,0.0,0.0,0.0,0.0,0.0,4053,2545
2020-07-26 06:00:00,3600.0,0.0,0.0,0.0,0.0,1227.1630789302026,0.0,0.0,0.0,0.0,2355,4827
2020-07-26 07:00:00,3106.1630789302017,0.0,0.0,0.0,0.0,0.0,0.0,0.0,0.0,0.0,4787,3106
2020-07-26 08:00:00,4770.0,-2.728484105318785e-13,0.0,0.0,0.0,280.16307893020314,0.0,0.0,0.0,0.0,3542,5050
2020-07-26 09:00:00,4041.163078930202,0.0,0.0,0.0,0.0,0.0,0.0,0.0,0.0,0.0,4989,4041
2020-07-26 10:00:00,4770.0,0.0,0.0,0.0,0.0,1053.163078930202,0.0,0.0,0.0,0.0,3440,5823
2020-07-26 11:00:00,4305.163078930203,0.0,0.0,0.0,0.0,0.0,0.0,0.0,0.0,0.0,5166,4305
2020-07-26 12:00:00,4197.163078930203,0.0,0.0,0.0,0.0,0.0,0.0,0.0,0.0,0.0,5375,4197
2020-07-26 13:00:00,3791.163078930202,-2.728484105318785e-13,0.0,0.0,0.0,0.0,0.0,0.0,0.0,0.0,5650,3791
2020-07-26 14:00:00,4770.0,0.0,0.0,0.0,0.0,1251.1630789302023,0.0,0.0,0.0,0.0,3326,6021
2020-07-26 15:00:00,4770.0,0.0,0.0,0.0,0.0,1092.1630789302017,0.0,0.0,0.0,0.0,3216,5862
2020-07-26 16:00:00,3651.1630789302026,0.0,0.0,0.0,0.0,0.0,0.0,0.0,0.0,0.0,5209,3651
2020-07-26 17:00:00,4770.0,-2.728484105318785e-13,0.0,0.0,0.0,503.16307893020223,0.0,0.0,0.0,0.0,3446,5273
2020-07-26 18:00:00,4770.0,1.0913936421275138e-12,0.0,0.0,0.0,407.1630789302007,0.0,0.0,0.0,0.0,3723,5177
2020-07-26 19:00:00,4770.0,5.1159076974727215e-14,0.0,0.0,0.0,283.16307893020235,0.0,0.0,0.0,0.0,3827,5053
2020-07-26 20:00:00,4564.163078930203,2.9558577807620174e-13,0.0,0.0,0.0,0.0,0.0,0.0,0.0,0.0,3835,4564
2020-07-26 21:00:00,4154.163078930203,0.0,0.0,0.0,0.0,0.0,0.0,0.0,0.0,0.0,3943,4154
2020-07-26 22:00:00,3991.163078930203,-5.456968210637569e-13,0.0,0.0,0.0,0.0,0.0,0.0,0.0,0.0,4532,3991
2020-07-26 23:00:00,3918.163078930202,0.0,0.0,0.0,0.0,0.0,0.0,0.0,0.0,0.0,4634,3918
2020-07-27 00:00:00,3811.163078930202,-2.728484105318785e-13,0.0,0.0,0.0,0.0,0.0,0.0,0.0,0.0,4061,3811
2020-07-27 01:00:00,3721.1630789302017,2.1600499167107052e-13,0.0,0.0,0.0,0.0,0.0,0.0,0.0,0.0,3767,3721
2020-07-27 02:00:00,2769.1630789302026,-5.45696821063757e-13,0.0,0.0,0.0,0.0,0.0,0.0,0.0,0.0,4416,2769
2020-07-27 03:00:00,2396.1630789302026,-9.09494701772928e-14,0.0,0.0,0.0,0.0,0.0,0.0,0.0,0.0,4447,2396
2020-07-27 04:00:00,2296.163078930202,-1.5347723092418168e-13,0.0,0.0,0.0,0.0,0.0,0.0,0.0,0.0,4482,2296
2020-07-27 05:00:00,2634.1630789302017,2.1600499167107052e-13,0.0,0.0,0.0,0.0,0.0,0.0,0.0,0.0,4445,2634
2020-07-27 06:00:00,3314.163078930202,-2.728484105318785e-13,0.0,0.0,0.0,0.0,0.0,0.0,0.0,0.0,4262,3314
2020-07-27 07:00:00,3981.163078930202,-2.728484105318785e-13,0.0,0.0,0.0,0.0,0.0,0.0,0.0,0.0,4262,3981
2020-07-27 08:00:00,3593.1630789302017,-4.547473508864642e-13,0.0,0.0,0.0,0.0,0.0,0.0,0.0,0.0,5305,3593
2020-07-27 09:00:00,5177.163078930203,0.0,0.0,0.0,0.0,0.0,0.0,0.0,0.0,0.0,4170,5177
2020-07-27 10:00:00,5175.163078930203,-2.728484105318785e-13,0.0,0.0,0.0,0.0,0.0,0.0,0.0,0.0,4415,5175
2020-07-27 11:00:00,3853.163078930202,-2.728484105318785e-13,0.0,0.0,0.0,0.0,0.0,0.0,0.0,0.0,5939,3853
2020-07-27 12:00:00,3799.1630789302026,-4.547473508864642e-13,0.0,0.0,0.0,0.0,0.0,0.0,0.0,0.0,6077,3799
2020-07-27 13:00:00,3953.163078930202,0.0,0.0,0.0,0.0,0.0,0.0,0.0,0.0,0.0,5788,3953
2020-07-27 14:00:00,4567.163078930203,-2.728484105318785e-13,0.0,0.0,0.0,0.0,0.0,0.0,0.0,0.0,5112,4567
2020-07-27 15:00:00,4190.163078930203,-9.09494701772928e-14,0.0,0.0,0.0,0.0,0.0,0.0,0.0,0.0,5232,4190
2020-07-27 16:00:00,4125.163078930203,-2.728484105318785e-13,0.0,0.0,0.0,0.0,0.0,0.0,0.0,0.0,5093,4125
2020-07-27 17:00:00,3631.163078930202,-2.728484105318785e-13,0.0,0.0,0.0,0.0,0.0,0.0,0.0,0.0,5443,3631
2020-07-27 18:00:00,3864.1630789302026,-2.728484105318785e-13,0.0,0.0,0.0,0.0,0.0,0.0,0.0,0.0,5316,3864
2020-07-27 19:00:00,3770.163078930202,-2.728484105318785e-13,0.0,0.0,0.0,0.0,0.0,0.0,0.0,0.0,5295,3770
2020-07-27 20:00:00,3197.163078930202,-2.728484105318785e-13,0.0,0.0,0.0,0.0,0.0,0.0,0.0,0.0,5355,3197
2020-07-27 21:00:00,3079.1630789302026,-9.09494701772928e-14,0.0,0.0,0.0,0.0,0.0,0.0,0.0,0.0,5225,3079
2020-07-27 22:00:00,3833.1630789302017,-2.728484105318785e-13,0.0,0.0,0.0,0.0,0.0,0.0,0.0,0.0,4871,3833
2020-07-27 23:00:00,1860.0,-2.728484105318785e-13,0.0,0.0,0.0,1910.163078930202,0.0,0.0,0.0,0.0,4924,3770
2020-07-28 00:00:00,3222.163078930202,0.0,0.0,0.0,0.0,0.0,0.0,0.0,0.0,0.0,4718,3222
2020-07-28 01:00:00,2970.1630789302026,-1.3642420526593928e-13,0.0,0.0,0.0,0.0,0.0,0.0,0.0,0.0,4581,2970
2020-07-28 02:00:00,2928.163078930202,0.0,0.0,0.0,0.0,0.0,0.0,0.0,0.0,0.0,4315,2928
2020-07-28 03:00:00,2868.1630789302026,-2.728484105318785e-13,0.0,0.0,0.0,0.0,0.0,0.0,0.0,0.0,4030,2868
2020-07-28 04:00:00,3224.1630789302017,9.094947017729282e-13,0.0,0.0,0.0,0.0,0.0,0.0,0.0,0.0,3605,3224
2020-07-28 05:00:00,2616.1630789302017,502.00000000000017,0.0,0.0,0.0,0.0,0.0,0.0,0.0,0.0,4005,3118
2020-07-28 06:00:00,2457.1630789302017,653.0000000000003,0.0,0.0,0.0,0.0,0.0,0.0,0.0,0.0,4503,3110
2020-07-28 07:00:00,3163.1630789302026,790.0000000000002,0.0,0.0,0.0,0.0,0.0,0.0,0.0,0.0,4330,3953
2020-07-28 08:00:00,3894.1630789302026,927.0,0.0,0.0,0.0,0.0,0.0,0.0,0.0,0.0,4116,4821
2020-07-28 09:00:00,3388.1630789302026,1550.0000000000002,0.0,0.0,0.0,0.0,0.0,0.0,0.0,0.0,4456,4938
2020-07-28 10:00:00,4332.163078930203,1550.0,0.0,0.0,0.0,0.0,0.0,0.0,0.0,0.0,3767,5882
2020-07-28 11:00:00,4914.1630789302035,711.0,0.0,0.0,0.0,0.0,0.0,0.0,0.0,0.0,4240,5625
2020-07-28 12:00:00,4483.1630789302035,711.0,0.0,0.0,0.0,0.0,0.0,0.0,0.0,0.0,4771,5194
2020-07-28 13:00:00,3803.478807316812,822.6842716133906,0.0,0.0,0.0,0.0,0.0,0.0,0.0,0.0,5226,4626
2020-07-28 14:00:00,3113.163078930202,1163.0,0.0,0.0,0.0,0.0,0.0,0.0,0.0,0.0,5551,4276
2020-07-28 15:00:00,2660.163078930202,1314.0,0.0,0.0,0.0,0.0,0.0,0.0,0.0,0.0,5625,3974
2020-07-28 16:00:00,1990.9630789302018,1985.2000000000003,0.0,0.0,0.0,0.0,0.0,0.0,0.0,0.0,5441,3976
2020-07-28 17:00:00,960.9630789302022,2608.2000000000003,0.0,0.0,0.0,0.0,0.0,0.0,0.0,0.0,5712,3569
2020-07-28 18:00:00,1170.0,1684.1999999999998,0.0,0.0,0.0,312.9630789302024,0.0,0.0,0.0,0.0,6192,3167
2020-07-28 19:00:00,0.0,2390.6,0.0,0.0,0.0,734.5630789302026,0.0,0.0,0.0,0.0,6099,3125
2020-07-28 20:00:00,0.0,1701.0,0.0,0.0,0.0,1217.163078930202,0.0,0.0,0.0,0.0,5783,2918
2020-07-28 21:00:00,0.0,1701.0,0.0,0.0,0.0,1134.1630789302023,0.0,0.0,0.0,0.0,5620,2835
2020-07-28 22:00:00,0.0,2608.2,0.0,0.0,0.0,813.9630789302022,0.0,0.0,0.0,0.0,5441,3422
2020-07-28 23:00:00,0.0,3358.163078930202,0.0,0.0,0.0,0.0,0.0,0.0,0.0,0.0,5462,3358
2020-01-22 00:00:00,5580.0,1701.0,1080.0,58.5,85.5,2509.1630789302017,0.0,0.0,0.0,0.0,2226,11014
2020-01-22 01:00:00,5580.0,1012.9999999999999,1080.0,58.5,85.5,3339.1630789302008,0.0,0.0,0.0,0.0,1840,11156
2020-01-22 02:00:00,5580.0,1701.0,1080.0,58.5,85.5,2439.1630789302017,0.0,0.0,0.0,0.0,1799,10944
2020-01-22 03:00:00,5580.0,1125.0000000000002,1080.0,58.5,85.5,2618.1630789302008,0.0,0.0,0.0,0.0,1745,10547
2020-01-22 04:00:00,5580.0,436.9999999999996,1080.0,58.5,85.5,3312.1630789302008,0.0,0.0,0.0,0.0,1637,10553
2020-01-22 05:00:00,5580.0,889.0000000000003,1080.0,58.5,85.5,3373.1630789302008,0.0,0.0,0.0,0.0,1629,11066
2020-01-22 06:00:00,5580.0,436.9999999999996,1080.0,58.5,85.5,4833.163078930201,0.0,0.0,0.0,0.0,1742,12074
2020-01-22 07:00:00,5580.0,3.637978807091713e-13,2160.0,58.5,85.5,5025.163078930201,0.0,0.0,0.0,0.0,1880,12909
2020-01-22 08:00:00,5580.0,-4.547473508864643e-14,2160.0,58.5,85.5,4741.163078930202,0.0,0.0,0.0,0.0,2358,12625
2020-01-22 09:00:00,5580.0,-4.547473508864643e-14,2160.0,58.5,85.5,4004.1630789302017,0.0,0.0,0.0,0.0,3009,11888
2020-01-22 10:00:00,5580.0,1.3642420526593928e-13,2160.0,58.5,85.5,3412.1630789302008,0.0,0.0,0.0,0.0,3443,11296
2020-01-22 11:00:00,5580.0,3.637978807091713e-13,2160.0,58.5,85.5,3041.1630789302026,0.0,0.0,0.0,0.0,3723,10925
2020-01-22 12:00:00,5580.0,-5.456968210637569e-13,2160.0,58.5,85.5,2827.1630789302017,0.0,0.0,0.0,0.0,3786,10711
2020-01-22 13:00:00,5580.0,387.00000000000034,2160.0,58.5,85.5,1766.1630789302026,0.0,0.0,0.0,0.0,4025,10037
2020-01-22 14:00:00,5580.0,286.0,2160.0,58.5,85.5,1340.1630789302008,0.0,0.0,0.0,0.0,4191,9510
2020-01-22 15:00:00,5580.0,285.9999999999999,2160.0,58.5,85.5,958.1630789302014,0.0,0.0,0.0,0.0,4255,9128
2020-01-22 16:00:00,5580.0,889.0000000000003,2160.0,58.5,85.5,301.16307893020144,0.0,0.0,0.0,0.0,4255,9074
2020-01-22 17:00:00,5580.0,1125.0000000000002,2160.0,58.5,85.5,667.1630789302017,0.0,0.0,0.0,0.0,4150,9676
2020-01-22 18:00:00,5580.0,1125.0000000000005,2160.0,58.5,85.5,1690.1630789302017,0.0,0.0,0.0,0.0,3819,10699
2020-01-22 19:00:00,5580.0,436.9999999999999,2160.0,58.5,85.5,2614.1630789302008,0.0,0.0,0.0,0.0,3244,10935
2020-01-22 20:00:00,5580.0,437.0,2160.0,58.5,85.5,2428.1630789302008,0.0,0.0,0.0,0.0,2770,10749
2020-01-22 21:00:00,5580.0,889.0000000000003,2160.0,58.5,85.5,1658.1630789302008,0.0,0.0,0.0,0.0,2553,10431
2020-01-22 22:00:00,5580.0,1125.0,2160.0,58.5,85.5,1672.1630789302026,0.0,0.0,0.0,0.0,2520,10681
2020-01-22 23:00:00,5580.0,1125.0000000000002,2160.0,58.5,85.5,1903.1630789302008,0.0,0.0,0.0,0.0,2378,10912
2020-01-23 00:00:00,5580.0,1125.0,2160.0,58.5,85.5,1407.1630789302017,0.0,0.0,0.0,0.0,2303,10416
2020-01-23 01:00:00,5580.0,1125.0,2160.0,58.5,85.5,1303.1630789302012,0.0,0.0,0.0,0.0,2064,10312
2020-01-23 02:00:00,5580.0,1125.0,2160.0,58.5,85.5,756.1630789302017,0.0,0.0,0.0,0.0,2272,9765
2020-01-23 03:00:00,5580.0,1125.0,2160.0,58.5,85.5,285.16307893020166,0.0,0.0,0.0,0.0,2223,9294
2020-01-23 04:00:00,5580.0,1125.0,2160.0,58.5,85.5,54.163078930200754,0.0,0.0,0.0,0.0,2209,9063
2020-01-23 05:00:00,5580.0,1125.0,2160.0,58.5,85.5,113.1630789302012,0.0,0.0,0.0,0.0,2294,9122
2020-01-23 06:00:00,5580.0,1125.0,2160.0,58.5,85.5,307.16307893020075,0.0,0.0,0.0,0.0,2446,9316
2020-01-23 07:00:00,5580.0,724.9999999999995,2160.0,58.5,85.5,979.1630789302033,0.0,0.0,0.0,0.0,2572,9588
2020-01-23 08:00:00,5580.0,1413.0,2160.0,58.5,85.5,507.1630789302012,0.0,0.0,0.0,0.0,2848,9804
2020-01-23 09:00:00,5580.0,1413.0000000000016,2160.0,58.5,85.5,328.16307893020166,0.0,0.0,0.0,0.0,3418,9625
2020-01-23 10:00:00,5580.0,1025.9999999999995,2160.0,58.5,85.5,363.16307893020166,0.0,0.0,0.0,0.0,3762,9273
2020-01-23 11:00:00,5580.0,738.0000000000015,2160.0,58.5,85.5,199.1630789302017,0.0,0.0,0.0,0.0,4152,8821
2020-01-23 12:00:00,5580.0,285.9999999999992,2160.0,58.5,85.5,588.1630789302026,0.0,0.0,0.0,0.0,4292,8758
2020-01-23 13:00:00,5580.0,150.9999999999991,2160.0,58.5,85.5,0.0,4.836921069798336,0.0,0.0,0.0,4432,8030
2020-01-23 14:00:00,5580.0,1.4551915228366853e-12,2160.0,58.5,85.5,0.0,771.8369210697983,0.0,0.0,0.0,4835,7112
2020-01-23 15:00:00,5580.0,-5.456968210637569e-13,2160.0,47.66307893020334,85.5,0.0,1200.0,0.0,0.0,0.0,4942,6673
2020-01-23 16:00:00,5580.0,-1.818989403545857e-13,2160.0,29.66307893020365,85.5,0.0,1200.0,0.0,0.0,0.0,4859,6655
2020-01-23 17:00:00,5580.0,0.0,2160.0,58.5,85.5,0.0,667.8369210697992,0.0,0.0,0.0,4866,7216
2020-01-23 18:00:00,5580.0,150.9999999999992,2160.0,58.5,85.5,0.0,0.0,416.1630789302026,0.0,0.0,4481,8451
2020-01-23 19:00:00,5580.0,436.9999999999998,2160.0,58.5,85.5,0.0,0.0,736.1630789302017,0.0,0.0,3824,9057
2020-01-23 20:00:00,5580.0,1017.7965516562,2160.0,58.5,85.5,0.0,0.0,15.366527274000434,0.0,0.0,3500,8917
2020-01-23 21:00:00,5580.0,618.1630789302018,2160.0,58.5,85.5,0.0,0.0,0.0,0.0,0.0,3467,8502
2020-01-23 22:00:00,5580.0,1033.1630789302012,2160.0,58.5,85.5,0.0,0.0,0.0,0.0,0.0,3435,8917
2020-01-23 23:00:00,5580.0,436.9999999999999,2160.0,58.5,85.5,0.0,0.0,1189.1630789302026,0.0,0.0,3190,9510
2020-01-24 00:00:00,5580.0,987.6357705877612,2160.0,58.5,85.5,0.0,0.0,526.5273083424395,0.0,0.0,2963,9398
2020-01-24 01:00:00,5580.0,1124.9999999999995,2160.0,58.5,85.5,332.16307893020166,0.0,0.0,0.0,0.0,2740,9341
2020-01-24 02:00:00,5580.0,1125.0,2160.0,58.5,85.5,149.1630789302012,0.0,0.0,0.0,0.0,2586,9158
2020-01-24 03:00:00,5580.0,782.1630789302008,2160.0,58.5,85.5,0.0,0.0,0.0,0.0,0.0,2517,8666
2020-01-24 04:00:00,5580.0,562.1630789302011,2160.0,58.5,85.5,0.0,0.0,0.0,0.0,0.0,2420,8446
2020-01-24 05:00:00,5580.0,663.1630789302012,2160.0,58.5,85.5,0.0,0.0,0.0,0.0,0.0,2327,8547
2020-01-24 06:00:00,5580.0,711.1630789302011,2160.0,58.5,85.5,0.0,0.0,0.0,0.0,0.0,2390,8595
2020-01-24 07:00:00,5580.0,744.1630789302009,2160.0,58.5,85.5,0.0,0.0,0.0,0.0,0.0,2481,8628
2020-01-24 08:00:00,5580.0,691.1630789302003,2160.0,58.5,85.5,0.0,0.0,0.0,0.0,0.0,2829,8575
2020-01-24 09:00:00,5580.0,676.1630789302011,2160.0,58.5,85.5,0.0,0.0,0.0,0.0,0.0,3272,8560
2020-01-24 10:00:00,5580.0,0.0,2160.0,58.5,85.5,0.0,229.83692106979697,0.0,0.0,0.0,4461,7654
2020-01-24 11:00:00,5580.0,-2.728484105318785e-13,2160.0,58.5,85.5,170.78538812785348,0.0,172.37769080234773,0.0,0.0,4019,8227
2020-01-24 12:00:00,5580.0,0.0,2160.0,58.5,85.5,0.0,235.83692106979697,0.0,0.0,0.0,4770,7648
2020-01-24 13:00:00,5580.0,-2.728484105318785e-13,2160.0,58.5,85.5,0.0,811.8369210697972,0.0,0.0,0.0,4639,7072
2020-01-24 14:00:00,5580.0,0.0,2160.0,0.0,0.0,0.0,1194.836921069797,0.0,0.0,0.0,4545,6545
2020-01-24 15:00:00,5580.0,0.0,2063.163078930203,0.0,0.0,0.0,1200.0,0.0,0.0,0.0,4276,6443
2020-01-24 16:00:00,5580.0,-2.728484105318785e-13,2160.0,0.0,0.0,0.0,1170.836921069797,0.0,0.0,0.0,4058,6569
2020-01-24 17:00:00,5580.0,1.818989403545857e-13,2160.0,58.5,85.5,0.0,645.8369210697981,0.0,0.0,0.0,3917,7238
2020-01-24 18:00:00,5580.0,191.16307893020297,2160.0,58.5,85.5,0.0,0.0,0.0,0.0,0.0,4098,8075
2020-01-24 19:00:00,5580.0,351.0,2160.0,58.5,85.5,0.0,0.0,18.16307893020121,0.0,0.0,4078,8253
2020-01-24 20:00:00,5580.0,350.9999999999997,2160.0,58.5,85.5,0.0,0.0,164.1630789302012,0.0,0.0,3597,8399
2020-01-24 21:00:00,5580.0,350.16307893020024,2160.0,58.5,85.5,0.0,0.0,0.0,0.0,0.0,3295,8234
2020-01-24 22:00:00,5580.0,271.99999999999966,2160.0,58.5,85.5,0.0,78.8369210697972,0.0,0.0,0.0,3721,8077
2020-01-24 23:00:00,5580.0,1092.6,2160.0,58.5,85.5,0.0,0.0,217.56307893020016,0.0,0.0,2823,9194
2020-01-25 00:00:00,5580.0,871.1630789302018,2160.0,58.5,85.5,0.0,0.0,0.0,0.0,0.0,2990,8755
2020-01-25 01:00:00,5580.0,1125.0000000000002,2160.0,58.5,85.5,0.0,0.0,94.16307893020075,0.0,0.0,2440,9103
2020-01-25 02:00:00,5580.0,1047.163078930202,2160.0,58.5,85.5,0.0,0.0,0.0,0.0,0.0,2391,8931
2020-01-25 03:00:00,5580.0,626.1630789302009,2160.0,58.5,85.5,0.0,0.0,0.0,0.0,0.0,2385,8510
2020-01-25 04:00:00,5580.0,681.1630789302017,2160.0,58.5,85.5,0.0,0.0,0.0,0.0,0.0,2262,8565
2020-01-25 05:00:00,5580.0,1201.1630789302017,2160.0,58.5,85.5,0.0,0.0,0.0,0.0,0.0,2322,9085
2020-01-25 06:00:00,5580.0,1660.151565557724,2160.0,58.5,85.5,0.0,0.0,281.01151337247757,0.0,0.0,2774,9825
2020-01-25 07:00:00,5580.0,1701.0000000000002,2160.0,58.5,85.5,0.0,0.0,566.1630789302014,0.0,0.0,3441,10151
2020-01-25 08:00:00,5580.0,1314.0000000000002,2160.0,58.5,85.5,0.0,0.0,552.1630789302014,0.0,0.0,4096,9750
2020-01-25 09:00:00,5580.0,1677.1630789302017,2160.0,58.5,85.5,0.0,0.0,0.0,0.0,0.0,4305,9561
2020-01-25 10:00:00,5580.0,1386.1630789302014,2160.0,58.5,85.5,0.0,0.0,0.0,0.0,0.0,4548,9270
2020-01-25 11:00:00,5580.0,1866.6,2160.0,58.5,85.5,0.0,0.0,583.5630789302022,0.0,0.0,3520,10334
2020-01-25 12:00:00,5580.0,1866.6,2160.0,58.5,85.5,0.0,0.0,326.5630789302013,0.0,0.0,3722,10077
2020-01-25 13:00:00,5580.0,839.1630789302017,2160.0,58.5,85.5,0.0,0.0,0.0,0.0,0.0,4699,8723
2020-01-25 14:00:00,5580.0,463.1630789302011,2160.0,58.5,85.5,0.0,0.0,0.0,0.0,0.0,4717,8347
2020-01-25 15:00:00,5580.0,386.163078930202,2160.0,58.5,85.5,0.0,0.0,0.0,0.0,0.0,4460,8270
2020-01-25 16:00:00,5580.0,486.1630789302015,2160.0,58.5,85.5,0.0,0.0,0.0,0.0,0.0,4256,8370
2020-01-25 17:00:00,5580.0,1030.1630789302021,2160.0,58.5,85.5,0.0,0.0,0.0,0.0,0.0,4112,8914
2020-01-25 18:00:00,5580.0,1753.1630789302023,2160.0,58.5,85.5,0.0,0.0,0.0,0.0,0.0,4218,9637
2020-01-25 19:00:00,5580.0,1637.1630789302008,2160.0,58.5,85.5,0.0,0.0,1200.0,0.0,0.0,2940,10721
2020-01-25 20:00:00,5580.0,1511.1630789302017,2160.0,58.5,85.5,0.0,0.0,0.0,0.0,0.0,3510,9395
2020-01-25 21:00:00,5580.0,1089.1630789302017,2160.0,58.5,85.5,0.0,0.0,0.0,0.0,0.0,3262,8973
2020-01-25 22:00:00,5580.0,878.1630789302018,2160.0,58.5,85.5,0.0,0.0,0.0,0.0,0.0,3662,8762
2020-01-25 23:00:00,5580.0,1020.1630789302014,2160.0,58.5,85.5,0.0,0.0,0.0,0.0,0.0,3652,8904
2020-01-26 00:00:00,5580.0,1641.1630789302012,2160.0,58.5,85.5,0.0,0.0,0.0,0.0,0.0,2622,9525
2020-01-26 01:00:00,5580.0,1742.1630789302017,2160.0,58.5,85.5,0.0,0.0,0.0,0.0,0.0,2280,9626
2020-01-26 02:00:00,5580.0,1403.1630789302012,2160.0,58.5,85.5,0.0,0.0,0.0,0.0,0.0,2361,9287
2020-01-26 03:00:00,5580.0,1389.1630789302012,2160.0,58.5,85.5,0.0,0.0,0.0,0.0,0.0,1936,9273
2020-01-26 04:00:00,5580.0,1294.163078930202,2160.0,58.5,85.5,0.0,0.0,0.0,0.0,0.0,1947,9178
2020-01-26 05:00:00,5580.0,1432.163078930201,2160.0,58.5,85.5,0.0,0.0,0.0,0.0,0.0,2321,9316
2020-01-26 06:00:00,5580.0,1512.0,2160.0,58.5,85.5,641.1630789302019,0.0,0.0,0.0,0.0,2811,10037
2020-01-26 07:00:00,5580.0,1468.6255055446231,2160.0,58.5,85.5,983.5375733855784,0.0,0.0,0.0,0.0,3481,10336
2020-01-26 08:00:00,5580.0,1125.0,2160.0,58.5,85.5,938.163078930202,0.0,0.0,0.0,0.0,4135,9947
2020-01-26 09:00:00,5580.0,1125.0,2160.0,58.5,85.5,519.1630789302021,0.0,0.0,0.0,0.0,4592,9528
2020-01-26 10:00:00,5580.0,1125.0,2160.0,58.5,85.5,237.1630789302019,0.0,0.0,0.0,0.0,4847,9246
2020-01-26 11:00:00,5580.0,1125.0,2160.0,58.5,85.5,25.16307893020212,0.0,0.0,0.0,0.0,5063,9034
2020-01-26 12:00:00,5580.0,947.163078930202,2160.0,58.5,85.5,0.0,0.0,0.0,0.0,0.0,5163,8831
2020-01-26 13:00:00,5580.0,700.1630789302021,2160.0,58.5,85.5,0.0,0.0,0.0,0.0,0.0,5050,8584
2020-01-26 14:00:00,5580.0,436.9999999999995,2160.0,58.5,85.5,0.0,42.83692106979811,0.0,0.0,0.0,5025,8278
2020-01-26 15:00:00,5580.0,952.1630789302022,2160.0,58.5,85.5,0.0,0.0,0.0,0.0,0.0,4155,8836
2020-01-26 16:00:00,5580.0,540.1630789302004,2160.0,58.5,85.5,0.0,0.0,0.0,0.0,0.0,4455,8424
2020-01-26 17:00:00,5580.0,1727.163078930202,2160.0,58.5,85.5,0.0,0.0,0.0,0.0,0.0,3633,9611
2020-01-26 18:00:00,5580.0,1822.1630789302014,2160.0,58.5,85.5,0.0,0.0,0.0,0.0,0.0,4397,9706
2020-01-26 19:00:00,5580.0,1829.1630789302017,2160.0,58.5,85.5,0.0,0.0,0.0,0.0,0.0,4262,9713
2020-01-26 20:00:00,5580.0,1744.163078930201,2160.0,58.5,85.5,0.0,0.0,0.0,0.0,0.0,3579,9628
2020-01-26 21:00:00,5580.0,2473.1630789302017,2160.0,58.5,85.5,0.0,0.0,0.0,0.0,0.0,2156,10357
2020-01-26 22:00:00,5580.0,1057.1630789302017,2160.0,58.5,85.5,0.0,0.0,0.0,0.0,0.0,3741,8941
2020-01-26 23:00:00,5580.0,2608.2,2160.0,58.5,85.5,235.9630789302014,0.0,0.0,0.0,0.0,2080,10728
2020-01-27 00:00:00,5580.0,2286.163078930201,2160.0,58.5,85.5,0.0,0.0,0.0,0.0,0.0,2125,10170
2020-01-27 01:00:00,5580.0,1495.1630789302021,2160.0,58.5,85.5,0.0,0.0,0.0,0.0,0.0,2680,9379
2020-01-27 02:00:00,5580.0,2131.1630789302017,2160.0,58.5,85.5,0.0,0.0,0.0,0.0,0.0,1790,10015
2020-01-27 03:00:00,5580.0,1458.163078930202,2160.0,58.5,85.5,0.0,0.0,0.0,0.0,0.0,2027,9342
2020-01-27 04:00:00,5580.0,1738.1630789302017,2160.0,58.5,85.5,0.0,0.0,0.0,0.0,0.0,1663,9622
2020-01-27 05:00:00,5580.0,2227.163078930202,2160.0,58.5,85.5,0.0,0.0,0.0,0.0,0.0,1684,10111
2020-01-27 06:00:00,5580.0,2546.1630789302026,2160.0,58.5,85.5,0.0,0.0,0.0,0.0,0.0,2565,10430
2020-01-27 07:00:00,5580.0,2608.1999999999994,2160.0,58.5,85.5,1747.8353881278551,0.0,32.12769080234858,0.0,0.0,1682,12272
2020-01-27 08:00:00,5580.0,2221.2,2160.0,58.5,85.5,173.9630789302015,0.0,0.0,0.0,0.0,3903,10279
2020-01-27 09:00:00,5580.0,1901.163078930202,2160.0,58.5,85.5,0.0,0.0,0.0,0.0,0.0,4377,9785
2020-01-27 10:00:00,5580.0,1539.1630789302017,2160.0,58.5,85.5,0.0,0.0,0.0,0.0,0.0,4657,9423
2020-01-27 11:00:00,5580.0,1283.163078930202,2160.0,58.5,85.5,0.0,0.0,0.0,0.0,0.0,4893,9167
2020-01-27 12:00:00,5580.0,2571.1630789302017,2160.0,58.5,85.5,0.0,0.0,0.0,0.0,0.0,3488,10455
2020-01-27 13:00:00,5580.0,1834.2,2160.0,58.5,85.5,217.9630789302014,0.0,0.0,0.0,0.0,3635,9936
2020-01-27 14:00:00,5580.0,1710.1630789302017,2160.0,58.5,85.5,0.0,0.0,0.0,0.0,0.0,3657,9594
2020-01-27 15:00:00,5580.0,436.9999999999996,2160.0,58.5,85.5,0.0,50.83692106979652,0.0,0.0,0.0,4744,8270
2020-01-27 16:00:00,5580.0,1125.0000000000002,2160.0,58.5,85.5,531.1630789302017,0.0,0.0,0.0,0.0,3411,9540
2020-01-27 17:00:00,5580.0,1899.0000000000002,2160.0,58.5,85.5,339.03538812785405,0.0,38.12769080234739,0.0,0.0,3122,10160
2020-01-27 18:00:00,5580.0,1619.1630789302017,2160.0,58.5,85.5,0.0,0.0,0.0,0.0,0.0,4544,9503
2020-01-27 19:00:00,5580.0,1524.1630789302021,2160.0,58.5,85.5,0.0,0.0,0.0,0.0,0.0,4372,9408
2020-01-27 20:00:00,5580.0,1172.1630789302017,2160.0,58.5,85.5,0.0,0.0,0.0,0.0,0.0,3831,9056
2020-01-27 21:00:00,5580.0,757.1630789302021,2160.0,58.5,85.5,0.0,0.0,0.0,0.0,0.0,3505,8641
2020-01-27 22:00:00,5580.0,471.1630789302015,2160.0,58.5,85.5,0.0,0.0,0.0,0.0,0.0,3919,8355
2020-01-27 23:00:00,5580.0,654.1630789302019,2160.0,58.5,85.5,0.0,0.0,0.0,0.0,0.0,3838,8538
2020-01-28 00:00:00,5580.0,773.9999999999991,2160.0,58.5,85.5,149.16307893020257,0.0,0.0,0.0,0.0,3025,8807
2020-01-28 01:00:00,5580.0,773.9999999999991,2160.0,58.5,85.5,285.1630789302026,0.0,0.0,0.0,0.0,2614,8943
2020-01-28 02:00:00,5580.0,908.1630789302018,2160.0,58.5,85.5,0.0,0.0,0.0,0.0,0.0,2470,8792
2020-01-28 03:00:00,5580.0,790.1630789302017,2160.0,58.5,85.5,0.0,0.0,0.0,0.0,0.0,2117,8674
2020-01-28 04:00:00,5580.0,1417.1630789302014,2160.0,58.5,85.5,0.0,0.0,0.0,0.0,0.0,1375,9301
2020-01-28 05:00:00,5580.0,1857.1630789302014,2160.0,58.5,85.5,0.0,0.0,0.0,0.0,0.0,1415,9741
2020-01-28 06:00:00,5580.0,1674.1630789302014,2160.0,58.5,85.5,0.0,0.0,0.0,0.0,0.0,2780,9558
2020-01-28 07:00:00,5580.0,2148.1630789302026,2160.0,58.5,85.5,0.0,0.0,0.0,0.0,0.0,3272,10032
2020-01-28 08:00:00,5580.0,2608.2,2160.0,58.5,85.5,184.96307893020173,0.0,0.0,0.0,0.0,2908,10677
2020-01-28 09:00:00,5580.0,1392.1630789302014,2160.0,58.5,85.5,0.0,0.0,0.0,0.0,0.0,4403,9276
2020-01-28 10:00:00,5580.0,1177.1630789302017,2160.0,58.5,85.5,0.0,0.0,0.0,0.0,0.0,4666,9061
2020-01-28 11:00:00,5580.0,1065.1630789302014,2160.0,58.5,85.5,0.0,0.0,0.0,0.0,0.0,4888,8949
2020-01-28 12:00:00,5580.0,774.0,2160.0,58.5,85.5,68.16307893020144,0.0,0.0,0.0,0.0,5093,8726
2020-01-28 13:00:00,5580.0,743.1630789302017,2160.0,58.5,85.5,0.0,0.0,0.0,0.0,0.0,4903,8627
2020-01-28 14:00:00,5580.0,435.16307893020144,2160.0,58.5,85.5,0.0,0.0,0.0,0.0,0.0,4930,8319
2020-01-28 15:00:00,5580.0,359.1630789302019,2160.0,58.5,85.5,0.0,0.0,0.0,0.0,0.0,4722,8243
2020-01-28 16:00:00,5580.0,1479.6,2160.0,58.5,85.5,90.56307893020109,0.0,0.0,0.0,0.0,3395,9454
2020-01-28 17:00:00,5580.0,1004.1630789302014,2160.0,58.5,85.5,0.0,0.0,0.0,0.0,0.0,4297,8888
2020-01-28 18:00:00,5580.0,1839.1630789302012,2160.0,58.5,85.5,0.0,0.0,0.0,0.0,0.0,4279,9723
2020-01-28 19:00:00,5580.0,1479.6000000000006,2160.0,58.5,85.5,2367.5630789302013,0.0,0.0,0.0,0.0,2071,11731
2020-01-28 20:00:00,5580.0,1377.1630789302017,2160.0,58.5,85.5,0.0,0.0,0.0,0.0,0.0,3753,9261
2020-01-28 21:00:00,5580.0,876.1630789302021,2160.0,58.5,85.5,0.0,0.0,0.0,0.0,0.0,3556,8760
2020-01-28 22:00:00,5580.0,613.1630789302021,2160.0,58.5,85.5,0.0,0.0,0.0,0.0,0.0,3984,8497
2020-01-28 23:00:00,5232.163078930202,3555.0000000000005,0.0,0.0,0.0,0.0,0.0,0.0,0.0,0.0,3825,8787
2020-07-29 00:00:00,0.0,1012.9999999999997,0.0,0.0,4.547473508864641e-13,1886.163078930202,0.0,0.0,0.0,0.0,5135,2899
2020-07-29 01:00:00,0.0,1012.9999999999997,0.0,0.0,3.410605131648481e-13,1431.1630789302023,0.0,0.0,0.0,0.0,5198,2444
2020-07-29 02:00:00,0.0,1012.9999999999997,0.0,4.547473508864641e-13,0.0,1149.163078930202,0.0,0.0,0.0,0.0,5171,2162
2020-07-29 03:00:00,0.0,-2.728484105318785e-13,0.0,0.0,0.0,1897.163078930202,0.0,0.0,0.0,0.0,5092,1897
2020-07-29 04:00:00,0.0,0.0,0.0,0.0,0.0,2193.163078930202,0.0,0.0,0.0,0.0,4728,2193
2020-07-29 05:00:00,0.0,-2.728484105318785e-13,0.0,0.0,0.0,2478.1630789302026,0.0,0.0,0.0,0.0,4728,2478
2020-07-29 06:00:00,0.0,0.0,0.0,0.0,0.0,3076.163078930202,0.0,0.0,0.0,0.0,4611,3076
2020-07-29 07:00:00,0.0,1.818989403545857e-13,0.0,0.0,0.0,3947.163078930202,0.0,0.0,0.0,0.0,4421,3947
2020-07-29 08:00:00,0.0,0.0,540.0,0.0,0.0,4190.163078930203,0.0,0.0,0.0,0.0,4295,4730
2020-07-29 09:00:00,0.0,0.0,420.0,0.0,0.0,4874.1630789302035,0.0,0.0,0.0,0.0,4205,5294
2020-07-29 10:00:00,0.0,-2.728484105318785e-13,1620.0,0.0,0.0,3747.163078930202,0.0,0.0,0.0,0.0,4412,5367
2020-07-29 11:00:00,0.0,2.9558577807620174e-13,1117.5662100456248,0.0,0.0,4351.596868884578,0.0,0.0,0.0,0.0,4546,5469
2020-07-29 12:00:00,0.0,-2.728484105318785e-13,630.0,0.0,0.0,4337.163078930203,0.0,0.0,0.0,0.0,5167,4967
2020-07-29 13:00:00,0.0,0.0,840.0,0.0,0.0,4530.1630789302035,0.0,0.0,0.0,0.0,4677,5370
2020-07-29 14:00:00,0.0,-2.728484105318785e-13,2160.0,0.0,0.0,3244.1630789302017,0.0,0.0,0.0,0.0,4660,5404
2020-07-29 15:00:00,0.0,1.818989403545857e-13,840.0,0.0,0.0,4697.163078930203,0.0,0.0,0.0,0.0,4329,5537
2020-07-29 16:00:00,0.0,-2.728484105318785e-13,2160.0,0.0,0.0,3244.1630789302017,0.0,0.0,0.0,0.0,4293,5404
2020-07-29 17:00:00,0.0,0.0,840.0,0.0,0.0,4454.1630789302035,0.0,0.0,0.0,0.0,4263,5294
2020-07-29 18:00:00,0.0,0.0,2160.0,0.0,0.0,3206.163078930203,0.0,0.0,0.0,0.0,4220,5366
2020-07-29 19:00:00,0.0,-2.728484105318785e-13,840.0,0.0,0.0,4318.163078930203,0.0,0.0,0.0,0.0,4256,5158
2020-07-29 20:00:00,0.0,0.0,2160.0,0.0,0.0,2718.163078930203,0.0,0.0,0.0,0.0,3995,4878
2020-07-29 21:00:00,0.0,-2.728484105318785e-13,1080.0,0.0,0.0,3721.163078930203,0.0,0.0,0.0,0.0,3826,4801
2020-07-29 22:00:00,0.0,0.0,420.0,0.0,0.0,4813.1630789302035,0.0,0.0,0.0,0.0,3808,5233
2020-07-29 23:00:00,5048.163078930203,-2.728484105318785e-13,0.0,0.0,0.0,0.0,0.0,0.0,0.0,0.0,3912,5048
2020-07-30 00:00:00,4124.163078930203,1.9326762412674732e-13,0.0,0.0,0.0,0.0,0.0,0.0,0.0,0.0,4023,4124
2020-07-30 01:00:00,4896.163078930202,-1.3642420526593923e-13,0.0,0.0,0.0,0.0,1200.0,0.0,0.0,0.0,4040,3696
2020-07-30 02:00:00,3982.9754294411914,1.818989403545857e-13,0.0,0.0,0.0,0.0,496.81235051098946,0.0,0.0,0.0,3946,3486
2020-07-30 03:00:00,4313.163078930202,1.818989403545857e-13,0.0,0.0,0.0,0.0,1200.0,0.0,0.0,0.0,3966,3113
2020-07-30 04:00:00,4485.163078930202,-1.0231815394945447e-13,0.0,0.0,0.0,0.0,1200.0,0.0,0.0,0.0,3733,3285
2020-07-30 05:00:00,4708.163078930202,1.818989403545857e-13,0.0,0.0,0.0,0.0,1200.0,0.0,0.0,0.0,3780,3508
2020-07-30 06:00:00,5285.163078930202,-2.728484105318785e-13,0.0,0.0,0.0,0.0,1200.0,0.0,0.0,0.0,3657,4085
2020-07-30 07:00:00,5580.0,1.818989403545857e-13,0.0,0.0,0.0,0.0,563.836921069798,0.0,0.0,0.0,3378,5016
2020-07-30 08:00:00,5580.0,-2.728484105318785e-13,0.0,0.0,0.0,0.0,0.0,78.16307893020257,0.0,0.0,3374,5658
2020-07-30 09:00:00,5580.0,1.818989403545857e-13,0.0,0.0,0.0,0.0,0.0,117.16307893020212,0.0,0.0,3828,5697
2020-07-30 10:00:00,5580.0,0.0,0.0,0.0,0.0,0.0,29.836921069796844,0.0,0.0,0.0,4238,5550
2020-07-30 11:00:00,5580.0,1.818989403545857e-13,0.0,0.0,0.0,0.0,8.836921069797427,0.0,0.0,0.0,4439,5571
2020-07-30 12:00:00,5580.0,1.818989403545857e-13,0.0,0.0,0.0,0.0,0.0,7.163078930202573,0.0,0.0,4548,5587
2020-07-30 13:00:00,5580.0,-2.728484105318785e-13,0.0,0.0,0.0,0.0,24.836921069796972,0.0,0.0,0.0,4390,5555
2020-07-30 14:00:00,5580.0,1.818989403545857e-13,0.0,0.0,0.0,0.0,0.0,177.16307893020257,0.0,0.0,4215,5757
2020-07-30 15:00:00,5580.0,-2.728484105318785e-13,0.0,0.0,0.0,0.0,0.0,171.16307893020257,0.0,0.0,4013,5751
2020-07-30 16:00:00,5580.0,1.818989403545857e-13,0.0,0.0,0.0,0.0,0.0,281.1630789302026,0.0,0.0,3687,5861
2020-07-30 17:00:00,5580.0,-2.728484105318785e-13,0.0,0.0,0.0,0.0,0.0,581.1630789302026,0.0,0.0,3258,6161
2020-07-30 18:00:00,5580.0,1.818989403545857e-13,0.0,0.0,0.0,0.0,0.0,843.1630789302021,0.0,0.0,2978,6423
2020-07-30 19:00:00,5580.0,-2.728484105318785e-13,0.0,0.0,0.0,0.0,0.0,781.1630789302026,0.0,0.0,2777,6361
2020-07-30 20:00:00,5580.0,1.9326762412674732e-13,0.0,0.0,0.0,0.0,0.0,358.163078930203,0.0,0.0,2697,5938
2020-07-30 21:00:00,5580.0,0.0,0.0,0.0,0.0,0.0,0.0,273.16307893020286,0.0,0.0,2585,5853
2020-07-30 22:00:00,5580.0,-1.0231815394945447e-13,0.0,0.0,0.0,0.0,0.0,892.1630789302027,0.0,0.0,2394,6472
2020-07-30 23:00:00,5580.0,1.818989403545857e-13,0.0,0.0,0.0,0.0,0.0,782.1630789302026,0.0,0.0,2404,6362
2020-07-31 00:00:00,3570.163078930202,0.0,0.0,0.0,0.0,0.0,0.0,0.0,0.0,0.0,4397,3570
2020-07-31 01:00:00,5387.163078930203,0.0,0.0,0.0,0.0,0.0,0.0,0.0,0.0,0.0,2115,5387
2020-07-31 02:00:00,3155.163078930202,0.0,0.0,0.0,0.0,0.0,0.0,0.0,0.0,0.0,3993,3155
2020-07-31 03:00:00,4727.163078930203,1.818989403545857e-13,0.0,0.0,0.0,0.0,0.0,0.0,0.0,0.0,2009,4727
2020-07-31 04:00:00,4542.163078930203,0.0,0.0,0.0,0.0,0.0,0.0,0.0,0.0,0.0,2019,4542
2020-07-31 05:00:00,2477.163078930202,0.0,0.0,0.0,0.0,0.0,0.0,0.0,0.0,0.0,4100,2477
2020-07-31 06:00:00,1860.0,0.0,0.0,0.0,0.0,0.0,320.83692106979765,0.0,0.0,0.0,5077,1539
2020-07-31 07:00:00,1860.0,0.0,0.0,0.0,0.0,0.0,9.836921069798336,0.0,0.0,0.0,5046,1850
2020-07-31 08:00:00,3787.1630789302017,0.0,0.0,0.0,0.0,0.0,0.0,0.0,0.0,0.0,3639,3787
2020-07-31 09:00:00,2663.1630789302017,0.0,0.0,0.0,0.0,0.0,0.0,0.0,0.0,0.0,5333,2663
2020-07-31 10:00:00,4666.163078930202,0.0,0.0,0.0,0.0,0.0,0.0,0.0,0.0,0.0,3669,4666
2020-07-31 11:00:00,2410.1630789302017,0.0,0.0,0.0,0.0,0.0,0.0,0.0,0.0,0.0,6185,2410
2020-07-31 12:00:00,5268.163078930203,1.818989403545857e-13,0.0,0.0,0.0,0.0,0.0,0.0,0.0,0.0,3663,5268
2020-07-31 13:00:00,5374.163078930203,-4.6895820560166616e-14,0.0,0.0,0.0,0.0,0.0,0.0,0.0,0.0,3343,5374
2020-07-31 14:00:00,2735.1630789302026,0.0,0.0,0.0,0.0,0.0,0.0,0.0,0.0,0.0,5915,2735
2020-07-31 15:00:00,2893.1630789302026,0.0,0.0,0.0,0.0,0.0,0.0,0.0,0.0,0.0,5595,2893
2020-07-31 16:00:00,5580.0,-1.705302565824241e-13,0.0,0.0,0.0,0.0,0.0,109.16307893020256,0.0,0.0,2649,5689
2020-07-31 17:00:00,5452.924113937813,0.0,0.0,0.0,0.0,0.0,173.7610350076108,0.0,0.0,0.0,3007,5279
2020-07-31 18:00:00,3275.1630789302026,0.0,0.0,0.0,0.0,0.0,0.0,0.0,0.0,0.0,5011,3275
2020-07-31 19:00:00,3114.1630789302017,0.0,0.0,0.0,0.0,0.0,0.0,0.0,0.0,0.0,5039,3114
2020-07-31 20:00:00,2842.1630789302017,1.7053025658242404e-13,0.0,0.0,0.0,0.0,0.0,0.0,0.0,0.0,4991,2842
2020-07-31 21:00:00,5580.0,1.818989403545857e-13,0.0,0.0,0.0,0.0,0.0,269.1630789302025,0.0,0.0,1970,5849
2020-07-31 22:00:00,3546.0471841704725,-1.705302565824241e-13,0.0,0.0,0.0,0.0,194.8841052402701,0.0,0.0,0.0,5035,3351
2020-07-31 23:00:00,3308.1630789302017,1.818989403545857e-13,0.0,0.0,0.0,0.0,0.0,0.0,0.0,0.0,5033,3308
2020-08-01 00:00:00,5580.0,2.728484105318785e-13,0.0,0.0,0.0,0.0,0.0,146.16307893020257,0.0,0.0,1855,5726
2020-08-01 01:00:00,5341.1630789302035,0.0,0.0,0.0,0.0,0.0,0.0,0.0,0.0,0.0,1830,5341
2020-08-01 02:00:00,5106.163078930203,6.366462912410498e-13,0.0,0.0,0.0,0.0,0.0,0.0,0.0,0.0,1719,5106
2020-08-01 03:00:00,4807.163078930202,2.728484105318785e-13,0.0,0.0,0.0,0.0,0.0,0.0,0.0,0.0,1622,4807
2020-08-01 04:00:00,4619.163078930202,2.728484105318785e-13,0.0,0.0,0.0,0.0,0.0,0.0,0.0,0.0,1619,4619
2020-08-01 05:00:00,1957.1630789302014,5.45696821063757e-13,0.0,0.0,0.0,0.0,0.0,0.0,0.0,0.0,4209,1957
2020-08-01 06:00:00,3547.1630789302017,6.366462912410498e-13,0.0,0.0,0.0,0.0,0.0,0.0,0.0,0.0,2516,3547
2020-08-01 07:00:00,2703.1630789302017,3.4106051316484814e-13,0.0,0.0,0.0,0.0,0.0,0.0,0.0,0.0,3512,2703
2020-08-01 08:00:00,2956.1630789303936,-1.9108483684249222e-10,0.0,0.0,0.0,0.0,0.0,0.0,0.0,0.0,3706,2956
2020-08-01 09:00:00,3512.1630789302017,2.728484105318785e-13,0.0,0.0,0.0,0.0,0.0,0.0,0.0,0.0,3710,3512
2020-08-01 10:00:00,2539.9939117199447,0.0,0.0,0.0,0.0,0.0,854.8308327897424,0.0,0.0,0.0,5964,1685
2020-08-01 11:00:00,4830.163078930202,6.366462912410498e-13,0.0,0.0,0.0,0.0,1200.0,0.0,0.0,0.0,4359,3630
2020-08-01 12:00:00,5580.0,2.728484105318785e-13,0.0,0.0,0.0,0.0,745.8369210697982,0.0,0.0,0.0,3538,4834
2020-08-01 13:00:00,3184.1630789302017,6.366462912410498e-13,0.0,0.0,0.0,0.0,1200.0,0.0,0.0,0.0,6114,1984
2020-08-01 14:00:00,5580.0,0.0,0.0,0.0,0.0,0.0,483.836921069797,0.0,0.0,0.0,2882,5096
2020-08-01 15:00:00,5580.0,3.751665644813329e-13,0.0,0.0,0.0,0.0,321.83692106979714,0.0,0.0,0.0,2560,5258
2020-08-01 16:00:00,3606.163078930202,0.0,0.0,0.0,0.0,0.0,1200.0,0.0,0.0,0.0,5305,2406
2020-08-01 17:00:00,5580.0,6.366462912410498e-13,0.0,0.0,0.0,0.0,623.836921069798,0.0,0.0,0.0,2762,4956
2020-08-01 18:00:00,3982.1630789302017,6.366462912410498e-13,0.0,0.0,0.0,0.0,1200.0,0.0,0.0,0.0,5011,2782
2020-08-01 19:00:00,5580.0,-3.4106051316484814e-14,0.0,0.0,0.0,0.0,1090.836921069798,0.0,0.0,0.0,3404,4489
2020-08-01 20:00:00,5580.0,1.5916157281026248e-13,0.0,0.0,0.0,0.0,320.83692106979686,0.0,0.0,0.0,2552,5259
2020-08-01 21:00:00,5580.0,5.45696821063757e-13,0.0,0.0,0.0,0.0,0.0,467.1630789302026,0.0,0.0,1878,6047
2020-08-01 22:00:00,4730.163078930202,1.5916157281026248e-13,0.0,0.0,0.0,0.0,1200.0,0.0,0.0,0.0,4938,3530
2020-08-01 23:00:00,5580.0,-3.4106051316484814e-14,0.0,0.0,0.0,0.0,0.0,612.1630789302028,0.0,0.0,2168,6192
2020-08-02 00:00:00,5580.0,2.2737367544323216e-13,0.0,0.0,0.0,0.0,0.0,235.1630789302028,0.0,0.0,1669,5815
2020-08-02 01:00:00,5580.0,2.728484105318784e-13,0.0,0.0,0.0,0.0,0.0,82.16307893020212,0.0,0.0,1441,5662
2020-08-02 02:00:00,5580.0,5.456968210637569e-13,0.0,0.0,0.0,0.0,334.8369210697974,0.0,0.0,0.0,1574,5245
2020-08-02 03:00:00,5580.0,9.094947017729282e-13,0.0,0.0,0.0,0.0,631.8369210697979,0.0,0.0,0.0,1579,4948
2020-08-02 04:00:00,5580.0,0.0,0.0,0.0,0.0,0.0,631.8369210697974,0.0,0.0,0.0,1578,4948
2020-08-02 05:00:00,5580.0,0.0,0.0,0.0,0.0,0.0,353.8369210697975,0.0,0.0,0.0,1631,5226
2020-08-02 06:00:00,5580.0,2.728484105318784e-13,0.0,0.0,0.0,0.0,682.8369210697974,0.0,0.0,0.0,2422,4897
2020-08-02 07:00:00,5580.0,5.456968210637569e-13,0.0,0.0,0.0,0.0,992.8369210697974,0.0,0.0,0.0,3454,4587
2020-08-02 08:00:00,5580.0,0.0,0.0,0.0,0.0,0.0,531.8369210697973,0.0,0.0,0.0,3710,5048
2020-08-02 09:00:00,5113.163078930202,9.094947017729282e-13,0.0,0.0,0.0,0.0,1200.0,0.0,0.0,0.0,5406,3913
2020-08-02 10:00:00,5580.0,2.728484105318784e-13,0.0,0.0,0.0,0.0,0.0,391.1630789302026,0.0,0.0,3721,5971
2020-08-02 11:00:00,5580.0,9.094947017729282e-13,0.0,0.0,0.0,0.0,0.0,658.1630789302026,0.0,0.0,3744,6238
2020-08-02 12:00:00,5580.0,5.456968210637569e-13,0.0,0.0,0.0,0.0,0.0,954.1630789302023,0.0,0.0,3644,6534
2020-08-02 13:00:00,5580.0,0.0,0.0,0.0,0.0,45.163078930202545,0.0,1200.0,0.0,0.0,3294,6825
2020-08-02 14:00:00,5580.0,9.094947017729282e-13,0.0,0.0,0.0,451.163078930202,0.0,1200.0,0.0,0.0,3006,7231
2020-08-02 15:00:00,5580.0,2.728484105318784e-13,0.0,0.0,0.0,615.1630789302027,0.0,1200.0,0.0,0.0,2692,7395
2020-08-02 16:00:00,5580.0,5.456968210637569e-13,0.0,0.0,0.0,423.16307893020246,0.0,1200.0,0.0,0.0,2716,7203
2020-08-02 17:00:00,5580.0,2.728484105318784e-13,0.0,0.0,0.0,0.0,0.0,1095.1630789302026,0.0,0.0,3080,6675
2020-08-02 18:00:00,5580.0,1.818989403545857e-13,0.0,0.0,0.0,0.0,0.0,92.16307893020256,0.0,0.0,3985,5672
2020-08-02 19:00:00,5580.0,0.0,0.0,0.0,0.0,0.0,0.0,151.16307893020257,0.0,0.0,3733,5731
2020-08-02 20:00:00,5580.0,2.2737367544323216e-13,0.0,0.0,0.0,0.0,0.0,513.1630789302028,0.0,0.0,2816,6093
2020-08-02 21:00:00,5580.0,7.275957614183426e-13,0.0,0.0,0.0,0.0,0.0,596.1630789302021,0.0,0.0,2548,6176
2020-08-02 22:00:00,5580.0,2.728484105318785e-13,0.0,0.0,0.0,0.0,0.0,752.1630789302026,0.0,0.0,2799,6332
2020-08-02 23:00:00,5580.0,9.094947017729282e-13,0.0,0.0,0.0,0.0,0.0,451.1630789302026,0.0,0.0,2911,6031
2020-08-03 00:00:00,5580.0,1.364242052659392e-13,0.0,0.0,0.0,0.0,805.8369210697974,0.0,0.0,0.0,3333,4774
2020-08-03 01:00:00,4297.163078930203,9.094947017729282e-13,0.0,0.0,0.0,0.0,0.0,0.0,0.0,0.0,3407,4297
2020-08-03 02:00:00,5580.0,0.0,0.0,0.0,0.0,0.0,952.8369210697974,0.0,0.0,0.0,2791,4627
2020-08-03 03:00:00,3415.1630789302026,0.0,0.0,0.0,0.0,0.0,0.0,0.0,0.0,0.0,3681,3415
2020-08-03 04:00:00,5084.163078930202,5.456968210637569e-13,0.0,0.0,0.0,0.0,1200.0,0.0,0.0,0.0,3170,3884
2020-08-03 05:00:00,3624.6636225266393,0.0,0.0,0.0,0.0,0.0,395.500543596437,0.0,0.0,0.0,4077,3229
2020-08-03 06:00:00,4564.163078930202,5.456968210637569e-13,0.0,0.0,0.0,0.0,1200.0,0.0,0.0,0.0,4362,3364
2020-08-03 07:00:00,5580.0,0.0,0.0,0.0,0.0,0.0,805.8369210697974,0.0,0.0,0.0,3669,4774
2020-08-03 08:00:00,5580.0,9.094947017729282e-13,0.0,0.0,0.0,0.0,127.83692106979788,0.0,0.0,0.0,3681,5452
2020-08-03 09:00:00,5580.0,0.0,0.0,0.0,0.0,0.0,0.0,395.1630789302021,0.0,0.0,3737,5975
2020-08-03 10:00:00,5580.0,5.456968210637569e-13,0.0,0.0,0.0,0.0,0.0,530.1630789302026,0.0,0.0,4007,6110
2020-08-03 11:00:00,5580.0,0.0,0.0,0.0,0.0,0.0,0.0,496.1630789302026,0.0,0.0,4357,6076
2020-08-03 12:00:00,5580.0,0.0,0.0,0.0,0.0,0.0,365.8369210697972,0.0,0.0,0.0,5382,5214
2020-08-03 13:00:00,5580.0,0.0,0.0,0.0,0.0,0.0,359.8369210697979,0.0,0.0,0.0,5326,5220
2020-08-03 14:00:00,5580.0,1.5916157281026253e-13,0.0,0.0,0.0,0.0,0.0,806.1630789302031,0.0,0.0,4313,6386
2020-08-03 15:00:00,5580.0,9.094947017729282e-13,0.0,0.0,0.0,0.0,0.0,171.16307893020212,0.0,0.0,4821,5751
2020-08-03 16:00:00,5580.0,0.0,0.0,0.0,0.0,13.163078930202756,0.0,1200.0,0.0,0.0,3609,6793
2020-08-03 17:00:00,5580.0,9.094947017729282e-13,0.0,0.0,0.0,0.0,0.0,427.16307893020206,0.0,0.0,4218,6007
2020-08-03 18:00:00,5580.0,0.0,0.0,0.0,0.0,0.0,0.0,634.1630789302021,0.0,0.0,3830,6214
2020-08-03 19:00:00,5551.163078930203,1.0231815394945445e-13,0.0,0.0,0.0,0.0,0.0,0.0,0.0,0.0,4178,5551
2020-08-03 20:00:00,4878.163078930203,0.0,0.0,0.0,0.0,0.0,0.0,0.0,0.0,0.0,4272,4878
2020-08-03 21:00:00,4765.163078930203,3.637978807091713e-13,0.0,0.0,0.0,0.0,0.0,0.0,0.0,0.0,4188,4765
2020-08-03 22:00:00,5180.163078930203,3.637978807091713e-13,0.0,0.0,0.0,0.0,0.0,0.0,0.0,0.0,4169,5180
2020-08-03 23:00:00,5089.163078930203,3.637978807091713e-13,0.0,0.0,0.0,0.0,0.0,0.0,0.0,0.0,4034,5089
2020-08-04 00:00:00,4596.163078930202,502.0,0.0,0.0,0.0,0.0,0.0,0.0,0.0,0.0,3076,5098
2020-08-04 01:00:00,3504.1630789302026,639.0000000000001,0.0,0.0,0.0,0.0,0.0,0.0,0.0,0.0,3625,4143
2020-08-04 02:00:00,3278.163078930202,639.0,0.0,0.0,0.0,0.0,0.0,0.0,0.0,0.0,3565,3917
2020-08-04 03:00:00,3405.1630789302017,639.0,0.0,0.0,0.0,0.0,0.0,0.0,0.0,0.0,3120,4044
2020-08-04 04:00:00,3824.1630789302017,137.00000000000026,0.0,0.0,0.0,0.0,0.0,0.0,0.0,0.0,3164,3961
2020-08-04 05:00:00,4125.163078930203,0.0,0.0,0.0,0.0,0.0,0.0,0.0,0.0,0.0,3250,4125
2020-08-04 06:00:00,4299.163078930203,0.0,0.0,0.0,0.0,0.0,0.0,0.0,0.0,0.0,3492,4299
2020-08-04 07:00:00,4830.163078930203,0.0,0.0,0.0,0.0,0.0,0.0,0.0,0.0,0.0,3690,4830
2020-08-04 08:00:00,5301.163078930202,0.0,0.0,0.0,0.0,0.0,0.0,0.0,0.0,0.0,3907,5301
2020-08-04 09:00:00,5552.163078930203,-2.728484105318785e-13,0.0,0.0,0.0,0.0,0.0,0.0,0.0,0.0,4238,5552
2020-08-04 10:00:00,4532.163078930203,387.0,0.0,0.0,0.0,0.0,0.0,0.0,0.0,0.0,5271,4919
2020-08-04 11:00:00,4870.163078930203,387.0,0.0,0.0,0.0,0.0,0.0,0.0,0.0,0.0,5232,5257
2020-08-04 12:00:00,4242.163078930203,773.9999999999997,0.0,0.0,0.0,0.0,0.0,0.0,0.0,0.0,5612,5016
2020-08-04 13:00:00,3770.163078930202,1125.0,0.0,0.0,0.0,0.0,0.0,0.0,0.0,0.0,5657,4895
2020-08-04 14:00:00,3193.563078930203,1866.5999999999995,0.0,0.0,0.0,0.0,0.0,0.0,0.0,0.0,5617,5060
2020-08-04 15:00:00,4740.163078930203,862.0,0.0,0.0,0.0,0.0,0.0,0.0,0.0,0.0,4920,5602
2020-08-04 16:00:00,4316.163078930203,1163.0,0.0,0.0,0.0,0.0,0.0,0.0,0.0,0.0,4851,5479
2020-08-04 17:00:00,4770.0,1188.1630789302023,0.0,0.0,0.0,0.0,0.0,0.0,0.0,0.0,4184,5958
2020-08-04 18:00:00,3554.3209189881914,1722.8421599420112,0.0,0.0,0.0,0.0,0.0,0.0,0.0,0.0,4694,5277
2020-08-04 19:00:00,3301.9630789302028,1834.1999999999998,0.0,0.0,0.0,0.0,0.0,0.0,0.0,0.0,4530,5136
2020-08-04 20:00:00,2790.0,1812.1630789302021,0.0,0.0,0.0,0.0,0.0,0.0,0.0,0.0,4491,4602
2020-08-04 21:00:00,1786.9630789302028,2608.2,0.0,0.0,0.0,0.0,0.0,0.0,0.0,0.0,4502,4395
2020-08-04 22:00:00,2790.0,1821.1630789302021,0.0,0.0,0.0,0.0,0.0,0.0,0.0,0.0,4681,4611
2020-08-04 23:00:00,891.1630789302018,3555.0,0.0,0.0,0.0,0.0,0.0,0.0,0.0,0.0,4633,4446
2020-08-05 00:00:00,1980.0,1012.9999999999998,0.0,0.0,0.0,699.1630789302021,0.0,0.0,0.0,0.0,4450,3692
2020-08-05 01:00:00,1980.0,1012.9999999999998,0.0,0.0,0.0,120.16307893020212,0.0,0.0,0.0,0.0,4624,3113
2020-08-05 02:00:00,1980.0,1012.9999999999998,0.0,0.0,0.0,38.16307893020212,0.0,0.0,0.0,0.0,4420,3031
2020-08-05 03:00:00,1980.0,0.0,0.0,0.0,0.0,759.1630789302019,0.0,0.0,0.0,0.0,4390,2739
2020-08-05 04:00:00,1980.0,4.547473508864642e-13,0.0,0.0,0.0,730.1630789302019,0.0,0.0,0.0,0.0,4378,2710
2020-08-05 05:00:00,1980.0,0.0,0.0,0.0,0.0,1200.1630789302017,0.0,0.0,0.0,0.0,4157,3180
2020-08-05 06:00:00,1980.0,4.547473508864642e-13,0.0,0.0,0.0,1773.1630789302017,0.0,0.0,0.0,0.0,4001,3753
2020-08-05 07:00:00,1980.0,1.818989403545857e-13,0.0,0.0,0.0,2720.1630789302026,0.0,0.0,0.0,0.0,3774,4700
2020-08-05 08:00:00,1980.0,4.547473508864642e-13,0.0,0.0,0.0,3553.1630789302026,0.0,0.0,0.0,0.0,3627,5533
2020-08-05 09:00:00,1980.0,4.547473508864642e-13,0.0,0.0,0.0,4163.163078930203,0.0,0.0,0.0,0.0,3595,6143
2020-08-05 10:00:00,1980.0,-6.821210263296964e-14,0.0,0.0,0.0,4149.163078930203,0.0,0.0,0.0,0.0,4010,6129
2020-08-05 11:00:00,1980.0,-4.547473508864643e-14,0.0,0.0,0.0,4022.163078930203,0.0,0.0,0.0,0.0,4444,6002
2020-08-05 12:00:00,1980.0,-6.821210263296964e-14,0.0,0.0,0.0,3656.1630789302026,0.0,0.0,0.0,0.0,4963,5636
2020-08-05 13:00:00,1980.0,4.547473508864642e-13,0.0,0.0,0.0,3554.1630789302026,0.0,0.0,0.0,0.0,5005,5534
2020-08-05 14:00:00,1980.0,-2.728484105318785e-13,540.0,0.0,0.0,3223.1630789302026,0.0,0.0,0.0,0.0,4937,5743
2020-08-05 15:00:00,1980.0,1.818989403545857e-13,540.0,0.0,0.0,3564.1630789302026,0.0,0.0,0.0,0.0,4459,6084
2020-08-05 16:00:00,1980.0,0.0,540.0,0.0,0.0,3933.1630789302026,0.0,0.0,0.0,0.0,3913,6453
2020-08-05 17:00:00,1980.0,-1.272383087780327e-10,540.0,0.0,0.0,4198.163078930331,0.0,0.0,0.0,0.0,3469,6718
2020-08-05 18:00:00,1980.0,4.547473508864642e-13,540.0,0.0,0.0,4284.163078930203,0.0,0.0,0.0,0.0,3209,6804
2020-08-05 19:00:00,1980.0,0.0,540.0,0.0,0.0,4175.163078930203,0.0,0.0,0.0,0.0,3009,6695
2020-08-05 20:00:00,1980.0,4.547473508864642e-13,540.0,0.0,0.0,3798.1630789302026,0.0,0.0,0.0,0.0,2810,6318
2020-08-05 21:00:00,1980.0,0.0,540.0,0.0,0.0,3790.1630789302026,0.0,0.0,0.0,0.0,2622,6310
2020-08-05 22:00:00,1980.0,4.547473508864642e-13,0.0,0.0,0.0,4879.163078930203,0.0,0.0,0.0,0.0,2468,6859
2020-08-05 23:00:00,5580.0,0.0,0.0,0.0,0.0,1137.1630789302026,0.0,0.0,0.0,0.0,2389,6717
2020-08-06 00:00:00,5580.0,1.818989403545857e-13,0.0,0.0,0.0,82.16307893020166,0.0,0.0,0.0,0.0,2470,5662
2020-08-06 01:00:00,5580.0,0.0,0.0,0.0,0.0,0.0,346.8369210697974,0.0,0.0,0.0,2501,5233
2020-08-06 02:00:00,5580.0,0.0,0.0,0.0,0.0,0.0,521.8369210697975,0.0,0.0,0.0,2372,5058
2020-08-06 03:00:00,5580.0,0.0,0.0,0.0,0.0,0.0,698.8369210697975,0.0,0.0,0.0,2209,4881
2020-08-06 04:00:00,5580.0,-2.728484105318785e-13,0.0,0.0,0.0,0.0,814.8369210697974,0.0,0.0,0.0,2267,4765
2020-08-06 05:00:00,5580.0,4.747562343254683e-10,0.0,0.0,0.0,0.0,669.8369210702723,0.0,0.0,0.0,2359,4910
2020-08-06 06:00:00,5580.0,0.0,0.0,0.0,0.0,0.0,122.83692106979753,0.0,0.0,0.0,2196,5457
2020-08-06 07:00:00,5580.0,0.0,0.0,0.0,0.0,0.0,0.0,693.1630789302026,0.0,0.0,2066,6273
2020-08-06 08:00:00,5580.0,0.0,0.0,0.0,0.0,133.16307893020257,0.0,1200.0,0.0,0.0,2093,6913
2020-08-06 09:00:00,5580.0,1.818989403545857e-13,0.0,0.0,0.0,1126.0600130459593,0.0,488.1030658842424,0.0,0.0,2378,7194
2020-08-06 10:00:00,5580.0,0.0,0.0,0.0,0.0,1390.1630789302026,0.0,0.0,0.0,0.0,2973,6970
2020-08-06 11:00:00,5580.0,1.818989403545857e-13,0.0,0.0,0.0,1259.1630789302026,0.0,0.0,0.0,0.0,3369,6839
2020-08-06 12:00:00,5580.0,0.0,540.0,0.0,0.0,528.1630789302026,0.0,0.0,0.0,0.0,3716,6648
2020-08-06 13:00:00,5580.0,-1.3642420526593928e-13,210.0,0.0,0.0,846.1630789302026,0.0,0.0,0.0,0.0,3629,6636
2020-08-06 14:00:00,5580.0,0.0,210.0,0.0,0.0,995.1630789302026,0.0,0.0,0.0,0.0,3564,6785
2020-08-06 15:00:00,5580.0,-1.3642420526593928e-13,420.0,0.0,0.0,911.1630789302026,0.0,0.0,0.0,0.0,3261,6911
2020-08-06 16:00:00,5580.0,0.0,420.0,0.0,0.0,1193.1630789302026,0.0,0.0,0.0,0.0,2766,7193
2020-08-06 17:00:00,5580.0,-1.3642420526593928e-13,1048.5831702541464,0.0,0.0,554.5799086760562,0.0,0.0,0.0,0.0,2643,7183
2020-08-06 18:00:00,5580.0,1.818989403545857e-13,420.0,0.0,0.0,1044.1630789302026,0.0,0.0,0.0,0.0,2604,7044
2020-08-06 19:00:00,5580.0,-1.3642420526593928e-13,1080.0,0.0,0.0,56.163078930202545,0.0,0.0,0.0,0.0,2560,6716
2020-08-06 20:00:00,5580.0,0.0,540.0,0.0,0.0,160.1630789302024,0.0,0.0,0.0,0.0,2473,6280
2020-08-06 21:00:00,5580.0,0.0,540.0,0.0,0.0,148.1630789302024,0.0,0.0,0.0,0.0,2409,6268
2020-08-06 22:00:00,5580.0,-2.728484105318785e-13,540.0,0.0,0.0,581.1630789302029,0.0,0.0,0.0,0.0,2389,6701
2020-08-06 23:00:00,5580.0,0.0,0.0,0.0,0.0,923.1630789302023,0.0,0.0,0.0,0.0,2385,6503
2020-08-07 00:00:00,5497.163078930202,1.3642420526593923e-13,0.0,0.0,0.0,0.0,0.0,0.0,0.0,0.0,2486,5497
2020-08-07 01:00:00,5049.1630789302035,2.728484105318785e-13,0.0,0.0,0.0,0.0,0.0,0.0,0.0,0.0,2480,5049
2020-08-07 02:00:00,4854.163078930202,1.3642420526593923e-13,0.0,0.0,0.0,0.0,0.0,0.0,0.0,0.0,2335,4854
2020-08-07 03:00:00,4597.163078930203,3.6379788070917137e-13,0.0,0.0,0.0,0.0,0.0,0.0,0.0,0.0,2221,4597
2020-08-07 04:00:00,4418.163078930202,1.3642420526593923e-13,0.0,0.0,0.0,0.0,0.0,0.0,0.0,0.0,2239,4418
2020-08-07 05:00:00,4446.163078930203,1.818989403545857e-13,0.0,0.0,0.0,0.0,0.0,0.0,0.0,0.0,2222,4446
2020-08-07 06:00:00,3231.1630789302017,2.728484105318785e-13,0.0,0.0,0.0,0.0,0.0,0.0,0.0,0.0,3454,3231
2020-08-07 07:00:00,2379.1630789302017,1.3642420526593923e-13,0.0,0.0,0.0,0.0,0.0,0.0,0.0,0.0,4621,2379
2020-08-07 08:00:00,4095.163078930202,1.818989403545857e-13,0.0,0.0,0.0,0.0,0.0,0.0,0.0,0.0,3455,4095
2020-08-07 09:00:00,3855.163078930202,1.3642420526593923e-13,0.0,0.0,0.0,0.0,0.0,0.0,0.0,0.0,4372,3855
2020-08-07 10:00:00,4013.163078930202,1.818989403545857e-13,0.0,0.0,0.0,0.0,0.0,0.0,0.0,0.0,4643,4013
2020-08-07 11:00:00,4394.163078930202,1.3642420526593923e-13,0.0,0.0,0.0,0.0,0.0,0.0,0.0,0.0,4567,4394
2020-08-07 12:00:00,4759.163078930203,-2.7000623958883815e-14,0.0,0.0,0.0,0.0,0.0,0.0,0.0,0.0,4568,4759
2020-08-07 13:00:00,5124.42770167428,0.0,0.0,0.0,0.0,0.0,504.26462274407794,0.0,0.0,0.0,4544,4620
2020-08-07 14:00:00,5580.0,1.818989403545857e-13,0.0,0.0,0.0,0.0,654.8369210697965,0.0,0.0,0.0,4297,4925
2020-08-07 15:00:00,5283.1630789302035,1.818989403545857e-13,0.0,0.0,0.0,0.0,0.0,0.0,0.0,0.0,3821,5283
2020-08-07 16:00:00,5580.0,0.0,0.0,0.0,0.0,0.0,0.0,148.16307893020235,0.0,0.0,3235,5728
2020-08-07 17:00:00,5580.0,1.818989403545857e-13,0.0,0.0,0.0,0.0,0.0,721.1630789302035,0.0,0.0,2578,6301
2020-08-07 18:00:00,3989.163078930202,1.3642420526593923e-13,0.0,0.0,0.0,0.0,0.0,0.0,0.0,0.0,4719,3989
2020-08-07 19:00:00,3762.163078930202,1.818989403545857e-13,0.0,0.0,0.0,0.0,0.0,0.0,0.0,0.0,4694,3762
2020-08-07 20:00:00,4196.163078930202,1.3642420526593923e-13,0.0,0.0,0.0,0.0,0.0,0.0,0.0,0.0,3884,4196
2020-08-07 21:00:00,5010.1630789302035,3.6379788070917137e-13,0.0,0.0,0.0,0.0,0.0,0.0,0.0,0.0,3156,5010
2020-08-07 22:00:00,5374.163078930202,1.3642420526593923e-13,0.0,0.0,0.0,0.0,0.0,0.0,0.0,0.0,3376,5374
2020-08-07 23:00:00,5123.1630789302035,2.728484105318785e-13,0.0,0.0,0.0,0.0,0.0,0.0,0.0,0.0,3487,5123
2020-08-08 00:00:00,4731.163078930203,0.0,0.0,0.0,0.0,0.0,0.0,0.0,0.0,0.0,3006,4731
2020-08-08 01:00:00,4332.163078930203,0.0,0.0,0.0,0.0,0.0,0.0,0.0,0.0,0.0,2977,4332
2020-08-08 02:00:00,4190.163078930203,0.0,0.0,0.0,0.0,0.0,0.0,0.0,0.0,0.0,2777,4190
2020-08-08 03:00:00,4221.163078930203,0.0,0.0,0.0,0.0,0.0,0.0,0.0,0.0,0.0,2373,4221
2020-08-08 04:00:00,4128.163078930203,0.0,0.0,0.0,0.0,0.0,0.0,0.0,0.0,0.0,2307,4128
2020-08-08 05:00:00,3484.1630789302017,0.0,0.0,0.0,0.0,0.0,0.0,0.0,0.0,0.0,2874,3484
2020-08-08 06:00:00,2332.163078930202,3.4106051316484814e-14,0.0,0.0,0.0,0.0,0.0,0.0,0.0,0.0,3918,2332
2020-08-08 07:00:00,1860.0,0.0,0.0,0.0,0.0,0.0,296.8369210697979,0.0,0.0,0.0,4900,1563
2020-08-08 08:00:00,1787.1630789302023,0.0,0.0,0.0,0.0,0.0,0.0,0.0,0.0,0.0,5151,1787
2020-08-08 09:00:00,2420.1630789302017,0.0,0.0,0.0,0.0,0.0,0.0,0.0,0.0,0.0,5175,2420
2020-08-08 10:00:00,2922.163078930202,0.0,0.0,0.0,0.0,0.0,0.0,0.0,0.0,0.0,5192,2922
2020-08-08 11:00:00,3476.1630789302017,0.0,0.0,0.0,0.0,0.0,0.0,0.0,0.0,0.0,4985,3476
2020-08-08 12:00:00,3866.163078930202,-1.3642420526593928e-13,0.0,0.0,0.0,0.0,0.0,0.0,0.0,0.0,4997,3866
2020-08-08 13:00:00,4047.1630789302017,0.0,0.0,0.0,0.0,0.0,0.0,0.0,0.0,0.0,4609,4047
2020-08-08 14:00:00,4420.163078930203,0.0,0.0,0.0,0.0,0.0,0.0,0.0,0.0,0.0,4216,4420
2020-08-08 15:00:00,4613.163078930203,9.094947017729285e-14,0.0,0.0,0.0,0.0,0.0,0.0,0.0,0.0,3884,4613
2020-08-08 16:00:00,4483.163078930203,0.0,0.0,0.0,0.0,0.0,0.0,0.0,0.0,0.0,3884,4483
2020-08-08 17:00:00,3995.1630789302017,0.0,0.0,0.0,0.0,0.0,0.0,0.0,0.0,0.0,4298,3995
2020-08-08 18:00:00,2928.1630789302017,0.0,0.0,0.0,0.0,0.0,0.0,0.0,0.0,0.0,5239,2928
2020-08-08 19:00:00,2864.163078930202,0.0,0.0,0.0,0.0,0.0,0.0,0.0,0.0,0.0,5282,2864
2020-08-08 20:00:00,3752.1630789302017,0.0,0.0,0.0,0.0,0.0,0.0,0.0,0.0,0.0,4260,3752
2020-08-08 21:00:00,4492.163078930203,0.0,0.0,0.0,0.0,0.0,0.0,0.0,0.0,0.0,3710,4492
2020-08-08 22:00:00,4770.0,-1.818989403545856e-13,0.0,0.0,0.0,0.0,0.0,87.16307893020166,0.0,0.0,3894,4857
2020-08-08 23:00:00,4537.1630789302035,-5.456968210637569e-13,0.0,0.0,0.0,0.0,0.0,0.0,0.0,0.0,4001,4537
2020-08-09 00:00:00,4198.163078930203,0.0,0.0,0.0,0.0,0.0,0.0,0.0,0.0,0.0,3371,4198
2020-08-09 01:00:00,3886.1630789302026,0.0,0.0,0.0,0.0,0.0,0.0,0.0,0.0,0.0,3321,3886
2020-08-09 02:00:00,3775.163078930202,9.094947017729285e-14,0.0,0.0,0.0,0.0,0.0,0.0,0.0,0.0,3136,3775
2020-08-09 03:00:00,4035.163078930202,3.637978807091713e-13,0.0,0.0,0.0,0.0,0.0,0.0,0.0,0.0,2573,4035
2020-08-09 04:00:00,3955.1630789302017,-1.3642420526593928e-13,0.0,0.0,0.0,0.0,0.0,0.0,0.0,0.0,2644,3955
2020-08-09 05:00:00,3794.163078930202,9.094947017729285e-14,0.0,0.0,0.0,0.0,0.0,0.0,0.0,0.0,3043,3794
2020-08-09 06:00:00,2787.163078930202,-1.3642420526593928e-13,0.0,0.0,0.0,0.0,0.0,0.0,0.0,0.0,4419,2787
2020-08-09 07:00:00,2437.163078930202,9.094947017729285e-14,0.0,0.0,0.0,0.0,0.0,0.0,0.0,0.0,5408,2437
2020-08-09 08:00:00,3003.163078930202,-1.3642420526593928e-13,0.0,0.0,0.0,0.0,0.0,0.0,0.0,0.0,5512,3003
2020-08-09 09:00:00,3384.1630789302017,1.818989403545857e-13,0.0,0.0,0.0,0.0,0.0,0.0,0.0,0.0,5765,3384
2020-08-09 10:00:00,3878.163078930202,-1.3642420526593928e-13,0.0,0.0,0.0,0.0,0.0,0.0,0.0,0.0,5692,3878
2020-08-09 11:00:00,4173.163078930203,2.046363078989089e-13,0.0,0.0,0.0,0.0,0.0,0.0,0.0,0.0,5716,4173
2020-08-09 12:00:00,4510.163078930203,2.046363078989089e-13,0.0,0.0,0.0,0.0,0.0,0.0,0.0,0.0,5645,4510
2020-08-09 13:00:00,4767.163078930203,-1.3642420526593928e-13,0.0,0.0,0.0,0.0,0.0,0.0,0.0,0.0,5302,4767
2020-08-09 14:00:00,5425.163078930203,9.094947017729285e-14,0.0,0.0,0.0,0.0,0.0,0.0,0.0,0.0,4742,5425
2020-08-09 15:00:00,5443.163078930203,0.0,0.0,0.0,0.0,0.0,0.0,0.0,0.0,0.0,4556,5443
2020-08-09 16:00:00,5291.163078930203,0.0,0.0,0.0,0.0,0.0,0.0,0.0,0.0,0.0,4505,5291
2020-08-09 17:00:00,4855.163078930203,-1.3642420526593928e-13,0.0,0.0,0.0,0.0,0.0,0.0,0.0,0.0,4765,4855
2020-08-09 18:00:00,3722.163078930202,0.0,0.0,0.0,0.0,0.0,0.0,0.0,0.0,0.0,5714,3722
2020-08-09 19:00:00,3866.163078930202,0.0,0.0,0.0,0.0,0.0,0.0,0.0,0.0,0.0,5320,3866
2020-08-09 20:00:00,4002.163078930202,2.046363078989089e-13,0.0,0.0,0.0,0.0,0.0,0.0,0.0,0.0,4600,4002
2020-08-09 21:00:00,4812.163078930203,9.094947017729285e-14,0.0,0.0,0.0,0.0,0.0,0.0,0.0,0.0,3679,4812
2020-08-09 22:00:00,4862.163078930203,0.0,0.0,0.0,0.0,0.0,0.0,0.0,0.0,0.0,4010,4862
2020-08-09 23:00:00,4538.163078930203,9.094947017729285e-14,0.0,0.0,0.0,0.0,0.0,0.0,0.0,0.0,4109,4538
2020-08-10 00:00:00,4602.163078930202,2.728484105318785e-13,0.0,0.0,0.0,0.0,0.0,0.0,0.0,0.0,3148,4602
2020-08-10 01:00:00,3931.163078930202,2.728484105318785e-13,0.0,0.0,0.0,0.0,0.0,0.0,0.0,0.0,3445,3931
2020-08-10 02:00:00,3846.163078930202,2.728484105318785e-13,0.0,0.0,0.0,0.0,0.0,0.0,0.0,0.0,3238,3846
2020-08-10 03:00:00,4107.163078930202,8.185452315956353e-13,0.0,0.0,0.0,0.0,0.0,0.0,0.0,0.0,2654,4107
2020-08-10 04:00:00,4147.1630789302035,-8.185452315956353e-13,0.0,0.0,0.0,0.0,0.0,0.0,0.0,0.0,2565,4147
2020-08-10 05:00:00,3621.163078930202,2.728484105318785e-13,0.0,0.0,0.0,0.0,0.0,0.0,0.0,0.0,3292,3621
2020-08-10 06:00:00,2768.1630789302017,2.728484105318785e-13,0.0,0.0,0.0,0.0,0.0,0.0,0.0,0.0,4489,2768
2020-08-10 07:00:00,3744.1630789302035,-8.185452315956353e-13,0.0,0.0,0.0,0.0,0.0,0.0,0.0,0.0,4103,3744
2020-08-10 08:00:00,3296.163078930202,2.728484105318785e-13,0.0,0.0,0.0,0.0,0.0,0.0,0.0,0.0,5170,3296
2020-08-10 09:00:00,3413.1630789302017,2.728484105318785e-13,0.0,0.0,0.0,0.0,0.0,0.0,0.0,0.0,5615,3413
2020-08-10 10:00:00,3773.1630789302017,2.728484105318785e-13,0.0,0.0,0.0,0.0,0.0,0.0,0.0,0.0,5638,3773
2020-08-10 11:00:00,4086.163078930202,2.728484105318785e-13,0.0,0.0,0.0,0.0,0.0,0.0,0.0,0.0,5617,4086
2020-08-10 12:00:00,4627.163078930202,8.185452315956353e-13,0.0,0.0,0.0,0.0,0.0,0.0,0.0,0.0,5301,4627
2020-08-10 13:00:00,4902.163078930202,2.728484105318785e-13,0.0,0.0,0.0,0.0,0.0,0.0,0.0,0.0,4925,4902
2020-08-10 14:00:00,4628.163078930202,2.728484105318785e-13,0.0,0.0,0.0,0.0,0.0,0.0,0.0,0.0,5303,4628
2020-08-10 15:00:00,4702.163078930202,2.728484105318785e-13,0.0,0.0,0.0,0.0,0.0,0.0,0.0,0.0,5099,4702
2020-08-10 16:00:00,4901.163078930203,0.0,0.0,0.0,0.0,0.0,0.0,0.0,0.0,0.0,4744,4901
2020-08-10 17:00:00,5079.163078930203,2.728484105318785e-13,0.0,0.0,0.0,0.0,0.0,0.0,0.0,0.0,4443,5079
2020-08-10 18:00:00,3897.163078930202,2.728484105318785e-13,0.0,0.0,0.0,0.0,0.0,0.0,0.0,0.0,5481,3897
2020-08-10 19:00:00,3655.1630789302017,2.728484105318785e-13,0.0,0.0,0.0,0.0,0.0,0.0,0.0,0.0,5476,3655
2020-08-10 20:00:00,3899.163078930202,2.728484105318785e-13,0.0,0.0,0.0,0.0,0.0,0.0,0.0,0.0,4678,3899
2020-08-10 21:00:00,3992.163078930201,8.185452315956353e-13,0.0,0.0,0.0,0.0,0.0,0.0,0.0,0.0,4500,3992
2020-08-10 22:00:00,4702.163078930202,2.728484105318785e-13,0.0,0.0,0.0,0.0,0.0,0.0,0.0,0.0,4162,4702
2020-08-10 23:00:00,4547.163078930202,2.728484105318785e-13,0.0,0.0,0.0,0.0,0.0,0.0,0.0,0.0,4104,4547
2020-08-11 00:00:00,3863.1630789302017,0.0,0.0,0.0,0.0,0.0,0.0,0.0,0.0,0.0,3887,3863
2020-08-11 01:00:00,3816.163078930202,0.0,0.0,0.0,0.0,0.0,0.0,0.0,0.0,0.0,3557,3816
2020-08-11 02:00:00,3565.1630789302017,0.0,0.0,0.0,0.0,0.0,0.0,0.0,0.0,0.0,3512,3565
2020-08-11 03:00:00,3299.1630789302026,-2.728484105318785e-13,0.0,0.0,0.0,0.0,0.0,0.0,0.0,0.0,3451,3299
2020-08-11 04:00:00,2861.1630789302017,0.0,0.0,0.0,0.0,0.0,0.0,0.0,0.0,0.0,3834,2861
2020-08-11 05:00:00,3052.163078930202,0.0,0.0,0.0,0.0,0.0,0.0,0.0,0.0,0.0,3841,3052
2020-08-11 06:00:00,2390.163078930202,0.0,0.0,0.0,0.0,0.0,0.0,0.0,0.0,0.0,4844,2390
2020-08-11 07:00:00,1945.1630789302023,0.0,0.0,0.0,0.0,0.0,0.0,0.0,0.0,0.0,5870,1945
2020-08-11 08:00:00,2441.1630789302017,5.456968210637569e-13,0.0,0.0,0.0,0.0,0.0,0.0,0.0,0.0,5992,2441
2020-08-11 09:00:00,2697.1630789302026,0.0,0.0,0.0,0.0,0.0,0.0,0.0,0.0,0.0,6294,2697
2020-08-11 10:00:00,3204.1630789300766,151.00000000012568,0.0,0.0,0.0,0.0,0.0,0.0,0.0,0.0,6020,3355
2020-08-11 11:00:00,2614.1630789302026,924.9999999999997,0.0,0.0,0.0,0.0,0.0,0.0,0.0,0.0,6134,3539
2020-08-11 12:00:00,3160.248182348091,793.9148965821108,0.0,0.0,0.0,0.0,0.0,0.0,0.0,0.0,5954,3954
2020-08-11 13:00:00,3394.163078930202,925.0000000000001,0.0,0.0,0.0,0.0,0.0,0.0,0.0,0.0,5499,4319
2020-08-11 14:00:00,3960.0,964.1630789302026,0.0,0.0,0.0,0.0,0.0,0.0,0.0,0.0,5012,4924
2020-08-11 15:00:00,3744.563078930202,1479.6,0.0,0.0,0.0,0.0,0.0,0.0,0.0,0.0,4597,5224
2020-08-11 16:00:00,3960.0,1242.6984670580555,0.0,0.0,0.0,0.0,0.0,135.46461187214675,0.0,0.0,4341,5338
2020-08-11 17:00:00,3960.0,902.1630789302029,0.0,0.0,0.0,0.0,0.0,0.0,0.0,0.0,4704,4862
2020-08-11 18:00:00,3960.0,821.1630789302021,0.0,0.0,0.0,0.0,0.0,0.0,0.0,0.0,4640,4781
2020-08-11 19:00:00,1555.9630789302023,1834.1999999999998,0.0,0.0,0.0,0.0,0.0,0.0,0.0,0.0,5781,3390
2020-08-11 20:00:00,1980.0,1771.1630789302017,0.0,0.0,0.0,0.0,0.0,0.0,0.0,0.0,4866,3751
2020-08-11 21:00:00,2685.1630789302026,1465.0000000000002,0.0,0.0,0.0,0.0,0.0,0.0,0.0,0.0,4384,4150
2020-08-11 22:00:00,1808.963078930202,2608.2,0.0,0.0,0.0,0.0,0.0,0.0,0.0,0.0,4492,4417
2020-08-11 23:00:00,335.1630789302016,3555.0,0.0,0.0,0.0,0.0,0.0,0.0,0.0,0.0,4796,3890
2020-08-12 00:00:00,300.0,1013.0,0.0,0.0,0.0,0.0,491.8369210697979,0.0,0.0,0.0,6956,821
2020-08-12 01:00:00,810.0,1013.0,0.0,0.0,0.0,1127.2853881278545,0.0,368.8776908023484,0.0,0.0,4080,3319
2020-08-12 02:00:00,300.0,1013.0,0.0,0.0,0.0,0.0,919.8369210697978,0.0,0.0,0.0,6708,393
2020-08-12 03:00:00,810.0,-4.092726157978177e-13,0.0,0.0,0.0,1919.2853881278536,0.0,689.8776908023483,0.0,0.0,3355,3419
2020-08-12 04:00:00,695.1630789302021,2.728484105318785e-13,0.0,0.0,0.0,0.0,0.0,0.0,0.0,0.0,6023,695
2020-08-12 05:00:00,810.0,-4.092726157978177e-13,0.0,0.0,0.0,2775.163078930202,0.0,0.0,0.0,0.0,3328,3585
2020-08-12 06:00:00,810.0,2.728484105318785e-13,0.0,0.0,0.0,2752.163078930202,0.0,0.0,0.0,0.0,3689,3562
2020-08-12 07:00:00,810.0,9.094947017729285e-14,0.0,0.0,0.0,18.163078930202342,0.0,0.0,0.0,0.0,7006,828
2020-08-12 08:00:00,810.0,3.637978807091713e-13,0.0,0.0,0.0,352.16307893020195,0.0,0.0,0.0,0.0,7288,1162
2020-08-12 09:00:00,810.0,2.046363078989089e-13,0.0,0.0,0.0,472.163078930202,0.0,0.0,0.0,0.0,7727,1282
2020-08-12 10:00:00,810.0,-4.092726157978177e-13,0.0,0.0,0.0,676.1630789302025,0.0,0.0,0.0,0.0,7906,1486
2020-08-12 11:00:00,810.0,2.728484105318785e-13,0.0,0.0,0.0,3892.1630789302026,0.0,0.0,0.0,0.0,4986,4702
2020-08-12 12:00:00,810.0,-6.821210263296964e-14,0.0,0.0,0.0,1172.163078930202,0.0,0.0,0.0,0.0,7937,1982
2020-08-12 13:00:00,300.0,2.728484105318785e-13,0.0,0.0,0.0,4713.163078930203,0.0,0.0,0.0,0.0,4812,5013
2020-08-12 14:00:00,810.0,-4.092726157978177e-13,0.0,0.0,0.0,2476.163078930202,0.0,0.0,0.0,0.0,6651,3286
2020-08-12 15:00:00,810.0,9.094947017729285e-14,0.0,0.0,0.0,2815.1630789302026,0.0,0.0,0.0,0.0,6192,3625
2020-08-12 16:00:00,810.0,-4.092726157978177e-13,0.0,0.0,0.0,2810.163078930202,0.0,0.0,0.0,0.0,6052,3620
2020-08-12 17:00:00,810.0,2.728484105318785e-13,0.0,0.0,0.0,2347.163078930202,0.0,0.0,0.0,0.0,6400,3157
2020-08-12 18:00:00,810.0,2.728484105318785e-13,0.0,0.0,0.0,1141.163078930202,0.0,0.0,0.0,0.0,7463,1951
2020-08-12 19:00:00,810.0,-1.3642420526593928e-13,0.0,0.0,0.0,3663.1630789302026,0.0,0.0,0.0,0.0,4694,4473
2020-08-12 20:00:00,810.0,2.728484105318785e-13,0.0,0.0,0.0,724.163078930202,0.0,0.0,0.0,0.0,7080,1534
2020-08-12 21:00:00,810.0,-4.092726157978177e-13,0.0,0.0,0.0,1113.1630789302026,0.0,0.0,0.0,0.0,6610,1923
2020-08-12 22:00:00,810.0,2.728484105318785e-13,0.0,0.0,0.0,3973.1630789302026,0.0,0.0,0.0,0.0,4126,4783
2020-08-12 23:00:00,1413.1630789302026,-4.092726157978177e-13,0.0,0.0,0.0,0.0,0.0,0.0,0.0,0.0,7273,1413
2020-08-13 00:00:00,1653.1630789302026,9.094947017729285e-14,0.0,0.0,0.0,0.0,0.0,0.0,0.0,0.0,6144,1653
2020-08-13 01:00:00,975.1630789302025,-5.45696821063757e-13,0.0,0.0,0.0,0.0,0.0,0.0,0.0,0.0,6442,975
2020-08-13 02:00:00,740.1630789302021,2.5011104298755534e-13,0.0,0.0,0.0,0.0,0.0,0.0,0.0,0.0,6379,740
2020-08-13 03:00:00,630.0,0.0,0.0,0.0,0.0,296.16307893020235,0.0,0.0,0.0,0.0,5853,926
2020-08-13 04:00:00,1204.1630789302021,0.0,0.0,0.0,0.0,0.0,0.0,0.0,0.0,0.0,5515,1204
2020-08-13 05:00:00,1389.1630789302023,0.0,0.0,0.0,0.0,0.0,0.0,0.0,0.0,0.0,5515,1389
2020-08-13 06:00:00,1619.1630789302021,-1.3642420526593928e-13,0.0,0.0,0.0,0.0,0.0,0.0,0.0,0.0,5614,1619
2020-08-13 07:00:00,1230.0,0.0,0.0,0.0,0.0,860.1630789302023,0.0,0.0,0.0,0.0,5713,2090
2020-08-13 08:00:00,3657.163078930202,-1.3642420526593928e-13,0.0,0.0,0.0,0.0,0.0,0.0,0.0,0.0,4770,3657
2020-08-13 09:00:00,3924.163078930202,9.094947017729285e-14,0.0,0.0,0.0,0.0,0.0,0.0,0.0,0.0,5095,3924
2020-08-13 10:00:00,4045.163078930202,-1.3642420526593928e-13,0.0,0.0,0.0,0.0,0.0,0.0,0.0,0.0,5370,4045
2020-08-13 11:00:00,4311.163078930203,0.0,0.0,0.0,0.0,0.0,0.0,0.0,0.0,0.0,5390,4311
2020-08-13 12:00:00,2770.1630789302026,0.0,0.0,0.0,0.0,0.0,0.0,0.0,0.0,0.0,7188,2770
2020-08-13 13:00:00,3438.1630789302017,-1.3642420526593928e-13,0.0,0.0,0.0,0.0,0.0,0.0,0.0,0.0,6420,3438
2020-08-13 14:00:00,4334.163078930203,0.0,0.0,0.0,0.0,0.0,0.0,0.0,0.0,0.0,5641,4334
2020-08-13 15:00:00,4660.163078930202,-1.3642420526593928e-13,0.0,0.0,0.0,0.0,0.0,0.0,0.0,0.0,5181,4660
2020-08-13 16:00:00,1860.0,0.0,0.0,0.0,0.0,3024.1630789302035,0.0,0.0,0.0,0.0,4813,4884
2020-08-13 17:00:00,5153.163078930202,-1.3642420526593928e-13,0.0,0.0,0.0,0.0,0.0,0.0,0.0,0.0,4446,5153
2020-08-13 18:00:00,3163.163078930202,9.094947017729285e-14,0.0,0.0,0.0,0.0,0.0,0.0,0.0,0.0,6293,3163
2020-08-13 19:00:00,2798.163078930202,-1.3642420526593928e-13,0.0,0.0,0.0,0.0,0.0,0.0,0.0,0.0,6353,2798
2020-08-13 20:00:00,5356.1630789302035,0.0,0.0,0.0,0.0,0.0,0.0,0.0,0.0,0.0,3250,5356
2020-08-13 21:00:00,5532.1630789302035,2.5011104298755534e-13,0.0,0.0,0.0,0.0,0.0,0.0,0.0,0.0,3052,5532
2020-08-13 22:00:00,5113.0139595564,-2.728484105318785e-13,0.0,0.0,0.0,833.1491193738029,0.0,0.0,0.0,0.0,3029,5946
2020-08-13 23:00:00,3169.1630789302017,2.5011104298755534e-13,0.0,0.0,0.0,0.0,0.0,0.0,0.0,0.0,5575,3169
2020-08-14 00:00:00,2869.163078930202,-2.728484105318785e-13,0.0,0.0,0.0,0.0,0.0,0.0,0.0,0.0,4973,2869
2020-08-14 01:00:00,4730.163078930203,1.818989403545857e-13,0.0,0.0,0.0,0.0,0.0,0.0,0.0,0.0,2669,4730
2020-08-14 02:00:00,2184.163078930202,-1.3642420526593928e-13,0.0,0.0,0.0,0.0,0.0,0.0,0.0,0.0,4875,2184
2020-08-14 03:00:00,4197.163078930202,3.637978807091713e-13,0.0,0.0,0.0,0.0,0.0,0.0,0.0,0.0,2505,4197
2020-08-14 04:00:00,3994.163078930202,-2.728484105318785e-13,0.0,0.0,0.0,0.0,0.0,0.0,0.0,0.0,2579,3994
2020-08-14 05:00:00,3722.163078930202,1.818989403545857e-13,0.0,0.0,0.0,0.0,0.0,0.0,0.0,0.0,2875,3722
2020-08-14 06:00:00,960.0,1.818989403545857e-13,0.0,0.0,0.0,56.16307893020217,0.0,0.0,0.0,0.0,5608,1016
2020-08-14 07:00:00,960.0,0.0,0.0,0.0,0.0,0.0,84.83692106979743,0.0,0.0,0.0,6063,875
2020-08-14 08:00:00,960.0,1.818989403545857e-13,0.0,0.0,0.0,0.0,78.83692106979777,0.0,0.0,0.0,6655,881
2020-08-14 09:00:00,3150.0,-2.728484105318785e-13,0.0,0.0,0.0,0.0,0.0,41.16307893020212,0.0,0.0,5067,3191
2020-08-14 10:00:00,1259.5707762557079,1.818989403545857e-13,0.0,0.0,0.0,0.0,0.0,81.59230267449428,0.0,0.0,7395,1341
2020-08-14 11:00:00,1688.1630789302023,-1.3642420526593928e-13,0.0,0.0,0.0,0.0,0.0,0.0,0.0,0.0,7372,1688
2020-08-14 12:00:00,2136.1630789302026,9.094947017729285e-14,0.0,0.0,0.0,0.0,0.0,0.0,0.0,0.0,7289,2136
2020-08-14 13:00:00,2328.163078930202,-2.728484105318785e-13,0.0,0.0,0.0,0.0,0.0,0.0,0.0,0.0,6946,2328
2020-08-14 14:00:00,2654.163078930202,1.818989403545857e-13,0.0,0.0,0.0,0.0,0.0,0.0,0.0,0.0,6708,2654
2020-08-14 15:00:00,2765.163078930202,1.818989403545857e-13,0.0,0.0,0.0,0.0,0.0,0.0,0.0,0.0,6460,2765
2020-08-14 16:00:00,2855.1630789302017,0.0,0.0,0.0,0.0,0.0,0.0,0.0,0.0,0.0,6213,2855
2020-08-14 17:00:00,2960.163078930202,1.818989403545857e-13,0.0,0.0,0.0,0.0,0.0,0.0,0.0,0.0,6027,2960
2020-08-14 18:00:00,2941.163078930202,-2.728484105318785e-13,0.0,0.0,0.0,0.0,0.0,0.0,0.0,0.0,5797,2941
2020-08-14 19:00:00,2758.163078930202,1.818989403545857e-13,0.0,0.0,0.0,0.0,0.0,0.0,0.0,0.0,5658,2758
2020-08-14 20:00:00,2570.1630789302017,-2.728484105318785e-13,0.0,0.0,0.0,0.0,0.0,0.0,0.0,0.0,5459,2570
2020-08-14 21:00:00,2981.1630789302026,9.094947017729285e-14,0.0,0.0,0.0,0.0,0.0,0.0,0.0,0.0,5231,2981
2020-08-14 22:00:00,3150.0,-2.0463630789890888e-13,0.0,0.0,0.0,420.1630789302021,0.0,0.0,0.0,0.0,5123,3570
2020-08-14 23:00:00,960.0,2.728484105318785e-13,0.0,0.0,0.0,2346.163078930202,0.0,0.0,0.0,0.0,5189,3306
2020-08-15 00:00:00,3150.0,2.728484105318785e-13,0.0,0.0,0.0,22.163078930202243,0.0,0.0,0.0,0.0,4455,3172
2020-08-15 01:00:00,2802.163078930202,-1.3642420526593923e-13,0.0,0.0,0.0,0.0,0.0,0.0,0.0,0.0,4406,2802
2020-08-15 02:00:00,2754.163078930202,2.728484105318785e-13,0.0,0.0,0.0,0.0,0.0,0.0,0.0,0.0,4117,2754
2020-08-15 03:00:00,1980.0,-1.3642420526593923e-13,0.0,0.0,0.0,113.16307893020203,0.0,0.0,0.0,0.0,4407,2093
2020-08-15 04:00:00,630.0,1.5916157281026248e-13,0.0,0.0,0.0,786.1630789302021,0.0,0.0,0.0,0.0,4923,1416
2020-08-15 05:00:00,960.1630789302025,-2.728484105318785e-13,0.0,0.0,0.0,0.0,0.0,0.0,0.0,0.0,5311,960
2020-08-15 06:00:00,630.0,0.0,0.0,0.0,0.0,0.0,10.836921069798336,0.0,0.0,0.0,5552,619
2020-08-15 07:00:00,660.0353881278536,-1.3642420526593923e-13,0.0,0.0,0.0,0.0,0.0,8.127690802348752,0.0,0.0,5681,668
2020-08-15 08:00:00,874.1630789302021,1.818989403545857e-13,0.0,0.0,0.0,0.0,0.0,0.0,0.0,0.0,5949,874
2020-08-15 09:00:00,1414.163078930202,2.728484105318785e-13,0.0,0.0,0.0,0.0,0.0,0.0,0.0,0.0,6042,1414
2020-08-15 10:00:00,2128.163078930202,-1.3642420526593923e-13,0.0,0.0,0.0,0.0,0.0,0.0,0.0,0.0,5850,2128
2020-08-15 11:00:00,930.0,1.818989403545857e-13,0.0,0.0,0.0,1401.163078930202,0.0,0.0,0.0,0.0,6021,2331
2020-08-15 12:00:00,3025.1630789302017,0.0,0.0,0.0,0.0,0.0,0.0,0.0,0.0,0.0,5765,3025
2020-08-15 13:00:00,2796.163078930202,2.728484105318785e-13,0.0,0.0,0.0,0.0,0.0,0.0,0.0,0.0,5780,2796
2020-08-15 14:00:00,2771.163078930202,-1.3642420526593923e-13,0.0,0.0,0.0,0.0,0.0,0.0,0.0,0.0,5816,2771
2020-08-15 15:00:00,3238.163078930202,2.728484105318785e-13,0.0,0.0,0.0,0.0,0.0,0.0,0.0,0.0,5248,3238
2020-08-15 16:00:00,4091.1630789302017,-1.3642420526593923e-13,0.0,0.0,0.0,0.0,0.0,0.0,0.0,0.0,4293,4091
2020-08-15 17:00:00,4410.0,2.728484105318785e-13,0.0,0.0,0.0,411.16307893020223,0.0,0.0,0.0,0.0,3540,4821
2020-08-15 18:00:00,1530.0,2.728484105318785e-13,0.0,0.0,0.0,1876.1630789302023,0.0,0.0,0.0,0.0,4793,3406
2020-08-15 19:00:00,3694.163078930202,-1.3642420526593923e-13,0.0,0.0,0.0,0.0,0.0,0.0,0.0,0.0,4440,3694
2020-08-15 20:00:00,4410.0,2.728484105318785e-13,0.0,0.0,0.0,1186.1630789302023,0.0,0.0,0.0,0.0,2406,5596
2020-08-15 21:00:00,4410.0,-1.3642420526593923e-13,0.0,0.0,0.0,1529.1630789302028,0.0,0.0,0.0,0.0,2290,5939
2020-08-15 22:00:00,1530.0,2.728484105318785e-13,0.0,0.0,0.0,3130.1630789302026,0.0,0.0,0.0,0.0,4033,4660
2020-08-15 23:00:00,4410.0,0.0,0.0,0.0,0.0,1763.1630789302028,0.0,0.0,0.0,0.0,2271,6173
2020-08-16 00:00:00,4410.0,0.0,0.0,0.0,0.0,1107.1630789302033,0.0,0.0,0.0,0.0,2320,5517
2020-08-16 01:00:00,4410.0,-6.821210263296964e-14,0.0,0.0,0.0,706.1630789302027,0.0,0.0,0.0,0.0,2309,5116
2020-08-16 02:00:00,4410.0,1.818989403545857e-13,0.0,0.0,0.0,438.1630789302033,0.0,0.0,0.0,0.0,2275,4848
2020-08-16 03:00:00,1860.0,1.818989403545857e-13,0.0,0.0,0.0,2502.1630789302026,0.0,0.0,0.0,0.0,2440,4362
2020-08-16 04:00:00,4002.163078930202,2.728484105318785e-13,0.0,0.0,0.0,0.0,0.0,0.0,0.0,0.0,2728,4002
2020-08-16 05:00:00,2844.1630789302017,2.728484105318785e-13,0.0,0.0,0.0,0.0,0.0,0.0,0.0,0.0,3996,2844
2020-08-16 06:00:00,1936.1630789302021,2.728484105318785e-13,0.0,0.0,0.0,0.0,0.0,0.0,0.0,0.0,5108,1936
2020-08-16 07:00:00,1530.0,2.728484105318785e-13,0.0,0.0,0.0,450.16307893020195,0.0,0.0,0.0,0.0,5488,1980
2020-08-16 08:00:00,2184.163078930202,2.728484105318785e-13,0.0,0.0,0.0,0.0,0.0,0.0,0.0,0.0,5901,2184
2020-08-16 09:00:00,4134.163078930203,2.728484105318785e-13,0.0,0.0,0.0,0.0,0.0,0.0,0.0,0.0,4649,4134
2020-08-16 10:00:00,3107.163078930202,2.728484105318785e-13,0.0,0.0,0.0,0.0,0.0,0.0,0.0,0.0,6139,3107
2020-08-16 11:00:00,3440.163078930202,2.728484105318785e-13,0.0,0.0,0.0,0.0,0.0,0.0,0.0,0.0,6122,3440
2020-08-16 12:00:00,3879.163078930202,1.818989403545857e-13,0.0,0.0,0.0,0.0,0.0,0.0,0.0,0.0,5999,3879
2020-08-16 13:00:00,4102.163078930203,-2.728484105318784e-13,0.0,0.0,0.0,0.0,0.0,0.0,0.0,0.0,5657,4102
2020-08-16 14:00:00,1530.0,1.818989403545857e-13,0.0,0.0,0.0,2721.1630789302026,0.0,0.0,0.0,0.0,5610,4251
2020-08-16 15:00:00,4131.163078930202,2.728484105318785e-13,0.0,0.0,0.0,0.0,0.0,0.0,0.0,0.0,5577,4131
2020-08-16 16:00:00,4050.163078930202,1.818989403545857e-13,0.0,0.0,0.0,0.0,0.0,0.0,0.0,0.0,5487,4050
2020-08-16 17:00:00,4235.163078930203,0.0,0.0,0.0,0.0,0.0,0.0,0.0,0.0,0.0,5171,4235
2020-08-16 18:00:00,3678.1630789302017,6.366462912410498e-13,0.0,0.0,0.0,0.0,0.0,0.0,0.0,0.0,5431,3678
2020-08-16 19:00:00,3908.163078930202,2.728484105318785e-13,0.0,0.0,0.0,0.0,0.0,0.0,0.0,0.0,4863,3908
2020-08-16 20:00:00,3517.163078930202,2.728484105318785e-13,0.0,0.0,0.0,0.0,0.0,0.0,0.0,0.0,4841,3517
2020-08-16 21:00:00,3706.163078930202,2.728484105318785e-13,0.0,0.0,0.0,0.0,0.0,0.0,0.0,0.0,4811,3706
2020-08-16 22:00:00,4073.163078930202,2.728484105318785e-13,0.0,0.0,0.0,0.0,0.0,0.0,0.0,0.0,4796,4073
2020-08-16 23:00:00,3801.163078930202,2.728484105318785e-13,0.0,0.0,0.0,0.0,0.0,0.0,0.0,0.0,4835,3801
2020-08-17 00:00:00,3066.1630789302017,0.0,0.0,0.0,0.0,0.0,0.0,0.0,0.0,0.0,4600,3066
2020-08-17 01:00:00,2530.1630789302017,3.637978807091713e-13,0.0,0.0,0.0,0.0,0.0,0.0,0.0,0.0,4734,2530
2020-08-17 02:00:00,2330.163078930202,6.821210263296964e-14,0.0,0.0,0.0,0.0,0.0,0.0,0.0,0.0,4597,2330
2020-08-17 03:00:00,1932.1630789302023,0.0,0.0,0.0,0.0,0.0,0.0,0.0,0.0,0.0,4627,1932
2020-08-17 04:00:00,1723.163078930202,6.821210263296964e-14,0.0,0.0,0.0,0.0,0.0,0.0,0.0,0.0,4682,1723
2020-08-17 05:00:00,930.0,3.637978807091713e-13,0.0,0.0,0.0,810.1630789302018,0.0,0.0,0.0,0.0,4612,1740
2020-08-17 06:00:00,1741.1630789302023,0.0,0.0,0.0,0.0,0.0,0.0,0.0,0.0,0.0,4589,1741
2020-08-17 07:00:00,1687.163078930202,6.821210263296964e-14,0.0,0.0,0.0,0.0,0.0,0.0,0.0,0.0,4824,1687
2020-08-17 08:00:00,930.0,0.0,0.0,0.0,0.0,1307.163078930202,0.0,0.0,0.0,0.0,4746,2237
2020-08-17 09:00:00,2378.1630789302017,0.0,0.0,0.0,0.0,0.0,0.0,0.0,0.0,0.0,5241,2378
2020-08-17 10:00:00,1260.0,0.0,0.0,0.0,0.0,1544.163078930202,0.0,0.0,0.0,0.0,5318,2804
2020-08-17 11:00:00,3023.1630789302017,0.0,0.0,0.0,0.0,0.0,0.0,0.0,0.0,0.0,5444,3023
2020-08-17 12:00:00,3170.1630789302026,0.0,0.0,0.0,0.0,0.0,0.0,0.0,0.0,0.0,5712,3170
2020-08-17 13:00:00,3231.1630789302017,0.0,0.0,0.0,0.0,0.0,0.0,0.0,0.0,0.0,5422,3231
2020-08-17 14:00:00,3289.163078930201,1.0913936421275138e-12,0.0,0.0,0.0,0.0,0.0,0.0,0.0,0.0,5325,3289
2020-08-17 15:00:00,3543.1630789302017,1.818989403545857e-13,0.0,0.0,0.0,0.0,0.0,0.0,0.0,0.0,4921,3543
2020-08-17 16:00:00,3960.0,0.0,0.0,0.0,0.0,132.16307893020195,0.0,0.0,0.0,0.0,4234,4092
2020-08-17 17:00:00,1260.0,1.818989403545857e-13,0.0,0.0,0.0,2871.1630789302026,0.0,0.0,0.0,0.0,4136,4131
2020-08-17 18:00:00,3960.0,0.0,0.0,0.0,0.0,513.1630789302023,0.0,0.0,0.0,0.0,3660,4473
2020-08-17 19:00:00,3173.163078930202,0.0,0.0,0.0,0.0,0.0,0.0,0.0,0.0,0.0,4878,3173
2020-08-17 20:00:00,3570.1630789302017,0.0,0.0,0.0,0.0,0.0,0.0,0.0,0.0,0.0,4345,3570
2020-08-17 21:00:00,3960.0,0.0,0.0,0.0,0.0,553.1630789302028,0.0,0.0,0.0,0.0,3629,4513
2020-08-17 22:00:00,3960.0,0.0,0.0,0.0,0.0,662.1630789302026,0.0,0.0,0.0,0.0,3874,4622
2020-08-17 23:00:00,3960.0,0.0,0.0,0.0,0.0,303.16307893020263,0.0,0.0,0.0,0.0,4063,4263
2020-08-18 00:00:00,3248.163078930202,0.0,0.0,0.0,0.0,0.0,0.0,0.0,0.0,0.0,4060,3248
2020-08-18 01:00:00,3032.1630789302026,0.0,0.0,0.0,0.0,0.0,0.0,0.0,0.0,0.0,3915,3032
2020-08-18 02:00:00,2604.163078930202,0.0,0.0,0.0,0.0,0.0,0.0,0.0,0.0,0.0,4063,2604
2020-08-18 03:00:00,2130.163078930202,0.0,0.0,0.0,0.0,0.0,0.0,0.0,0.0,0.0,4243,2130
2020-08-18 04:00:00,1795.1630789302017,3.637978807091713e-13,0.0,0.0,0.0,0.0,0.0,0.0,0.0,0.0,4549,1795
2020-08-18 05:00:00,1837.1630789302017,5.456968210637569e-13,0.0,0.0,0.0,0.0,0.0,0.0,0.0,0.0,4725,1837
2020-08-18 06:00:00,2119.1630789302017,0.0,0.0,0.0,0.0,0.0,0.0,0.0,0.0,0.0,4810,2119
2020-08-18 07:00:00,2687.163078930202,0.0,0.0,0.0,0.0,0.0,0.0,0.0,0.0,0.0,4807,2687
2020-08-18 08:00:00,3095.1630789302017,0.0,0.0,0.0,0.0,0.0,0.0,0.0,0.0,0.0,5028,3095
2020-08-18 09:00:00,1560.0,5.456968210637569e-13,0.0,0.0,0.0,2050.1630789302017,0.0,0.0,0.0,0.0,5094,3610
2020-08-18 10:00:00,4370.1630789302035,0.0,0.0,0.0,0.0,0.0,0.0,0.0,0.0,0.0,4702,4370
2020-08-18 11:00:00,4434.163078930202,5.456968210637569e-13,0.0,0.0,0.0,0.0,0.0,0.0,0.0,0.0,4930,4434
2020-08-18 12:00:00,4544.163078930202,5.456968210637569e-13,0.0,0.0,0.0,0.0,0.0,0.0,0.0,0.0,5070,4544
2020-08-18 13:00:00,3959.2507101507376,244.9123687794652,0.0,0.0,0.0,0.0,0.0,0.0,0.0,0.0,5290,4204
2020-08-18 14:00:00,4105.1630789302035,137.00000000000009,0.0,0.0,0.0,0.0,0.0,0.0,0.0,0.0,5285,4242
2020-08-18 15:00:00,4210.163078930203,137.00000000000037,0.0,0.0,0.0,0.0,0.0,0.0,0.0,0.0,4989,4347
2020-08-18 16:00:00,4088.1630789302026,288.0,0.0,0.0,0.0,0.0,0.0,0.0,0.0,0.0,4770,4376
2020-08-18 17:00:00,3600.0,1130.1630789302026,0.0,0.0,0.0,0.0,0.0,0.0,0.0,0.0,4298,4730
2020-08-18 18:00:00,2652.5630789302027,1866.6000000000001,0.0,0.0,0.0,0.0,0.0,0.0,0.0,0.0,4445,4519
2020-08-18 19:00:00,3035.1630789302026,1177.0,0.0,0.0,0.0,0.0,0.0,0.0,0.0,0.0,4572,4212
2020-08-18 20:00:00,1728.963078930202,2221.2,0.0,0.0,0.0,0.0,0.0,0.0,0.0,0.0,4298,3950
2020-08-18 21:00:00,1455.9630789302032,2608.1999999999994,0.0,0.0,0.0,0.0,0.0,0.0,0.0,0.0,4135,4064
2020-08-18 22:00:00,1620.0,2608.2,0.0,0.0,0.0,338.96307893020264,0.0,0.0,0.0,0.0,3928,4567
2020-08-18 23:00:00,810.0,3555.0,0.0,0.0,0.0,54.16307893020178,0.0,0.0,0.0,0.0,3888,4419
2020-08-19 00:00:00,810.0,1012.9999999999997,0.0,0.0,0.0,2496.1630789302035,0.0,0.0,0.0,0.0,3158,4319
2020-08-19 01:00:00,810.0,1012.9999999999998,0.0,0.0,0.0,1640.1630789302026,0.0,0.0,0.0,0.0,3638,3463
2020-08-19 02:00:00,810.0,1012.9999999999998,0.0,0.0,0.0,2205.1630789302026,0.0,0.0,0.0,0.0,2787,4028
2020-08-19 03:00:00,810.0,1.3642420526593923e-13,0.0,0.0,0.0,3054.1630789302017,0.0,0.0,0.0,0.0,2608,3864
2020-08-19 04:00:00,300.0,2.728484105318785e-13,0.0,0.0,0.0,3324.163078930202,0.0,0.0,0.0,0.0,2773,3624
2020-08-19 05:00:00,810.0,0.0,0.0,0.0,0.0,2109.1630789302017,0.0,0.0,0.0,0.0,3669,2919
2020-08-19 06:00:00,810.0,1.818989403545857e-13,0.0,0.0,0.0,2244.163078930202,0.0,0.0,0.0,0.0,3888,3054
2020-08-19 07:00:00,810.0,9.094947017729285e-14,0.0,0.0,0.0,3495.163078930203,0.0,0.0,0.0,0.0,3156,4305
2020-08-19 08:00:00,810.0,2.728484105318785e-13,0.0,0.0,0.0,3741.1630789302026,0.0,0.0,0.0,0.0,3542,4551
2020-08-19 09:00:00,810.0,2.728484105318785e-13,0.0,0.0,0.0,2805.163078930202,0.0,0.0,0.0,0.0,5029,3615
2020-08-19 10:00:00,810.0,1.3642420526593923e-13,0.0,0.0,0.0,3169.163078930202,0.0,0.0,0.0,0.0,5002,3979
2020-08-19 11:00:00,810.0,2.728484105318785e-13,0.0,0.0,0.0,1805.1630789302017,0.0,0.0,0.0,0.0,6616,2615
2020-08-19 12:00:00,810.0,1.3642420526593923e-13,0.0,0.0,0.0,2612.1630789302017,0.0,0.0,0.0,0.0,6025,3422
2020-08-19 13:00:00,810.0,2.728484105318785e-13,0.0,0.0,0.0,2572.163078930202,0.0,0.0,0.0,0.0,5911,3382
2020-08-19 14:00:00,810.0,1.3642420526593923e-13,0.0,0.0,0.0,2310.1630789302017,0.0,0.0,0.0,0.0,6194,3120
2020-08-19 15:00:00,810.0,-8.5265128291212e-15,0.0,0.0,0.0,2682.163078930202,0.0,0.0,0.0,0.0,5612,3492
2020-08-19 16:00:00,810.0,0.0,0.0,0.0,0.0,2474.1630789302017,0.0,0.0,0.0,0.0,5655,3284
2020-08-19 17:00:00,810.0,2.728484105318785e-13,0.0,0.0,0.0,2632.163078930202,0.0,0.0,0.0,0.0,5405,3442
2020-08-19 18:00:00,810.0,2.728484105318785e-13,0.0,0.0,0.0,1814.1630789302017,0.0,0.0,0.0,0.0,6221,2624
2020-08-19 19:00:00,810.0,0.0,0.0,0.0,0.0,2360.1630789302017,0.0,0.0,0.0,0.0,5489,3170
2020-08-19 20:00:00,810.0,2.728484105318785e-13,0.0,0.0,0.0,1565.163078930202,0.0,0.0,0.0,0.0,5764,2375
2020-08-19 21:00:00,810.0,-2.728484105318785e-13,0.0,0.0,0.0,1524.1630789302023,0.0,0.0,0.0,0.0,5772,2334
2020-08-19 22:00:00,810.0,2.728484105318785e-13,0.0,0.0,0.0,1979.163078930202,0.0,0.0,0.0,0.0,5575,2789
2020-08-19 23:00:00,2690.163078930202,1.3642420526593923e-13,0.0,0.0,0.0,0.0,0.0,0.0,0.0,0.0,5537,2690
2020-08-20 00:00:00,2073.1630789302017,3.6379788070917137e-13,0.0,0.0,0.0,0.0,0.0,0.0,0.0,0.0,5562,2073
2020-08-20 01:00:00,1720.163078930202,0.0,0.0,0.0,0.0,0.0,0.0,0.0,0.0,0.0,5574,1720
2020-08-20 02:00:00,1285.1630789302021,4.547473508864642e-13,0.0,0.0,0.0,0.0,0.0,0.0,0.0,0.0,5657,1285
2020-08-20 03:00:00,1088.163078930202,4.547473508864642e-13,0.0,0.0,0.0,0.0,0.0,0.0,0.0,0.0,5534,1088
2020-08-20 04:00:00,986.1630789302021,0.0,0.0,0.0,0.0,0.0,0.0,0.0,0.0,0.0,5564,986
2020-08-20 05:00:00,1262.1630789302021,4.547473508864642e-13,0.0,0.0,0.0,0.0,0.0,0.0,0.0,0.0,5492,1262
2020-08-20 06:00:00,1706.1630789302021,0.0,0.0,0.0,0.0,0.0,0.0,0.0,0.0,0.0,5382,1706
2020-08-20 07:00:00,1980.0,4.547473508864642e-13,0.0,0.0,0.0,281.1630789302019,0.0,0.0,0.0,0.0,5217,2261
2020-08-20 08:00:00,1980.0,0.0,0.0,0.0,0.0,914.163078930202,0.0,0.0,0.0,0.0,5035,2894
2020-08-20 09:00:00,2790.0,3.6379788070917137e-13,0.0,0.0,0.0,411.1630789302021,0.0,0.0,0.0,0.0,5161,3201
2020-08-20 10:00:00,3534.163078930202,8.952838470577266e-14,0.0,0.0,0.0,0.0,0.0,0.0,0.0,0.0,5129,3534
2020-08-20 11:00:00,3600.0,4.547473508864642e-13,0.0,0.0,0.0,415.1630789302021,0.0,0.0,0.0,0.0,4971,4015
2020-08-20 12:00:00,4404.163078930203,4.547473508864642e-13,0.0,0.0,0.0,0.0,0.0,0.0,0.0,0.0,4938,4404
2020-08-20 13:00:00,3984.163078930202,0.0,0.0,0.0,0.0,0.0,0.0,0.0,0.0,0.0,5208,3984
2020-08-20 14:00:00,4228.163078930203,4.547473508864642e-13,0.0,0.0,0.0,0.0,0.0,0.0,0.0,0.0,4981,4228
2020-08-20 15:00:00,4388.163078930203,-1.3642420526593923e-13,0.0,0.0,0.0,0.0,0.0,0.0,0.0,0.0,4765,4388
2020-08-20 16:00:00,4567.163078930203,2.9558577807620174e-13,0.0,0.0,0.0,0.0,0.0,0.0,0.0,0.0,4476,4567
2020-08-20 17:00:00,4642.163078930202,0.0,0.0,0.0,0.0,0.0,0.0,0.0,0.0,0.0,4343,4642
2020-08-20 18:00:00,4587.163078930203,3.6379788070917137e-13,0.0,0.0,0.0,0.0,0.0,0.0,0.0,0.0,4374,4587
2020-08-20 19:00:00,4561.163078930203,-1.3642420526593923e-13,0.0,0.0,0.0,0.0,0.0,0.0,0.0,0.0,4328,4561
2020-08-20 20:00:00,4144.163078930203,4.547473508864642e-13,0.0,0.0,0.0,0.0,0.0,0.0,0.0,0.0,4372,4144
2020-08-20 21:00:00,3983.163078930202,4.547473508864642e-13,0.0,0.0,0.0,0.0,0.0,0.0,0.0,0.0,4452,3983
2020-08-20 22:00:00,4314.163078930203,0.0,0.0,0.0,0.0,0.0,0.0,0.0,0.0,0.0,4428,4314
2020-08-20 23:00:00,4155.163078930203,4.547473508864642e-13,0.0,0.0,0.0,0.0,0.0,0.0,0.0,0.0,4412,4155
2020-08-21 00:00:00,3004.163078930202,-2.728484105318785e-13,0.0,0.0,0.0,0.0,0.0,0.0,0.0,0.0,4525,3004
2020-08-21 01:00:00,2645.1630789302026,9.094947017729285e-14,0.0,0.0,0.0,0.0,0.0,0.0,0.0,0.0,4477,2645
2020-08-21 02:00:00,2343.1630789302026,-2.728484105318785e-13,0.0,0.0,0.0,0.0,0.0,0.0,0.0,0.0,4473,2343
2020-08-21 03:00:00,2015.1630789302021,9.094947017729285e-14,0.0,0.0,0.0,0.0,0.0,0.0,0.0,0.0,4464,2015
2020-08-21 04:00:00,1860.0,-2.728484105318785e-13,0.0,0.0,0.0,0.0,46.836921069797654,0.0,0.0,0.0,4574,1813
2020-08-21 05:00:00,1997.035388127854,9.094947017729285e-14,0.0,0.0,0.0,0.0,0.0,35.12769080234824,0.0,0.0,4474,2032
2020-08-21 06:00:00,2313.163078930202,2.728484105318785e-13,0.0,0.0,0.0,0.0,0.0,0.0,0.0,0.0,4410,2313
2020-08-21 07:00:00,1860.0,-2.728484105318785e-13,0.0,0.0,0.0,0.0,310.8369210697979,0.0,0.0,0.0,5532,1549
2020-08-21 08:00:00,1860.0,9.094947017729285e-14,0.0,0.0,0.0,0.0,0.0,190.16307893020235,0.0,0.0,5632,2050
2020-08-21 09:00:00,2481.1630789302017,-1.3642420526593928e-13,0.0,0.0,0.0,0.0,0.0,0.0,0.0,0.0,5839,2481
2020-08-21 10:00:00,2535.1984670580564,2.728484105318785e-13,0.0,0.0,0.0,0.0,0.0,42.964611872146065,0.0,0.0,6145,2578
2020-08-21 11:00:00,3869.163078930202,-1.3642420526593928e-13,0.0,0.0,0.0,0.0,0.0,0.0,0.0,0.0,5155,3869
2020-08-21 12:00:00,3179.1630789302017,2.728484105318785e-13,0.0,0.0,0.0,0.0,0.0,0.0,0.0,0.0,6165,3179
2020-08-21 13:00:00,2878.163078930202,-1.3642420526593928e-13,0.0,0.0,0.0,0.0,0.0,0.0,0.0,0.0,6343,2878
2020-08-21 14:00:00,1860.0,9.094947017729285e-14,0.0,0.0,0.0,1448.163078930202,0.0,0.0,0.0,0.0,5975,3308
2020-08-21 15:00:00,4226.163078930203,2.728484105318785e-13,0.0,0.0,0.0,0.0,0.0,0.0,0.0,0.0,4908,4226
2020-08-21 16:00:00,3814.163078930202,-1.3642420526593928e-13,0.0,0.0,0.0,0.0,0.0,0.0,0.0,0.0,5187,3814
2020-08-21 17:00:00,5425.1630789302035,1.818989403545857e-13,0.0,0.0,0.0,0.0,0.0,0.0,0.0,0.0,3509,5425
2020-08-21 18:00:00,4614.163078930202,-1.3642420526593928e-13,0.0,0.0,0.0,0.0,0.0,0.0,0.0,0.0,4145,4614
2020-08-21 19:00:00,5307.163078930203,9.094947017729285e-14,0.0,0.0,0.0,0.0,0.0,0.0,0.0,0.0,3198,5307
2020-08-21 20:00:00,4485.163078930202,-2.728484105318785e-13,0.0,0.0,0.0,0.0,0.0,0.0,0.0,0.0,3651,4485
2020-08-21 21:00:00,4773.1630789302035,9.094947017729285e-14,0.0,0.0,0.0,0.0,0.0,0.0,0.0,0.0,3537,4773
2020-08-21 22:00:00,5169.1630789302035,0.0,0.0,0.0,0.0,0.0,0.0,0.0,0.0,0.0,3495,5169
2020-08-21 23:00:00,4410.0,0.0,0.0,0.0,0.0,633.1630789302033,0.0,0.0,0.0,0.0,3438,5043
2020-08-22 00:00:00,3578.1630789302017,2.728484105318785e-13,0.0,0.0,0.0,0.0,0.0,0.0,0.0,0.0,3976,3578
2020-08-22 01:00:00,3095.1630789302017,2.728484105318785e-13,0.0,0.0,0.0,0.0,0.0,0.0,0.0,0.0,4061,3095
2020-08-22 02:00:00,2744.1630789302017,2.728484105318785e-13,0.0,0.0,0.0,0.0,0.0,0.0,0.0,0.0,4077,2744
2020-08-22 03:00:00,2374.1630789302017,2.728484105318785e-13,0.0,0.0,0.0,0.0,0.0,0.0,0.0,0.0,4076,2374
2020-08-22 04:00:00,3693.1630789302017,2.728484105318785e-13,0.0,0.0,0.0,0.0,0.0,0.0,0.0,0.0,2599,3693
2020-08-22 05:00:00,2338.1630789302017,2.728484105318785e-13,0.0,0.0,0.0,0.0,0.0,0.0,0.0,0.0,3907,2338
2020-08-22 06:00:00,2266.163078930202,0.0,0.0,0.0,0.0,0.0,0.0,0.0,0.0,0.0,3964,2266
2020-08-22 07:00:00,2385.1630789302017,2.728484105318785e-13,0.0,0.0,0.0,0.0,0.0,0.0,0.0,0.0,4011,2385
2020-08-22 08:00:00,2430.0,2.728484105318785e-13,0.0,0.0,0.0,294.1630789302019,0.0,0.0,0.0,0.0,4147,2724
2020-08-22 09:00:00,2430.0,2.728484105318785e-13,0.0,0.0,0.0,380.1630789302019,0.0,0.0,0.0,0.0,4692,2810
2020-08-22 10:00:00,2430.0,1.3642420526593923e-13,0.0,0.0,0.0,819.1630789302017,0.0,0.0,0.0,0.0,4757,3249
2020-08-22 11:00:00,2430.0,5.45696821063757e-13,0.0,0.0,0.0,1218.1630789302017,0.0,0.0,0.0,0.0,4724,3648
2020-08-22 12:00:00,2430.0,0.0,0.0,0.0,0.0,222.1630789302022,0.0,0.0,0.0,0.0,6164,2652
2020-08-22 13:00:00,2024.163078930202,2.728484105318785e-13,0.0,0.0,0.0,0.0,0.0,0.0,0.0,0.0,6595,2024
2020-08-22 14:00:00,2107.163078930202,0.0,0.0,0.0,0.0,0.0,0.0,0.0,0.0,0.0,6512,2107
2020-08-22 15:00:00,2430.0,4.547473508864642e-13,0.0,0.0,0.0,611.1630789302017,0.0,0.0,0.0,0.0,5473,3041
2020-08-22 16:00:00,2430.0,-1.364242052659392e-13,0.0,0.0,0.0,938.1630789302016,0.0,0.0,0.0,0.0,5053,3368
2020-08-22 17:00:00,2430.0,5.45696821063757e-13,0.0,0.0,0.0,1565.1630789302017,0.0,0.0,0.0,0.0,4404,3995
2020-08-22 18:00:00,2430.0,5.45696821063757e-13,0.0,0.0,0.0,1331.1630789302017,0.0,0.0,0.0,0.0,4511,3761
2020-08-22 19:00:00,2238.1630789302017,1.3642420526593923e-13,0.0,0.0,0.0,0.0,0.0,0.0,0.0,0.0,5954,2238
2020-08-22 20:00:00,1938.163078930202,2.728484105318785e-13,0.0,0.0,0.0,0.0,0.0,0.0,0.0,0.0,6123,1938
2020-08-22 21:00:00,2430.0,0.0,0.0,0.0,0.0,938.1630789302016,0.0,0.0,0.0,0.0,4936,3368
2020-08-22 22:00:00,2430.0,2.941646926046815e-13,0.0,0.0,0.0,1311.163078930202,0.0,0.0,0.0,0.0,4936,3741
2020-08-22 23:00:00,3600.0,0.0,0.0,0.0,0.0,1.1630789302014364,0.0,0.0,0.0,0.0,4876,3601
2020-08-23 00:00:00,1421.1630789302021,0.0,0.0,0.0,0.0,0.0,0.0,0.0,0.0,0.0,6086,1421
2020-08-23 01:00:00,1327.1630789302023,0.0,0.0,0.0,0.0,0.0,0.0,0.0,0.0,0.0,5829,1327
2020-08-23 02:00:00,1298.163078930202,2.728484105318785e-13,0.0,0.0,0.0,0.0,0.0,0.0,0.0,0.0,5582,1298
2020-08-23 03:00:00,930.0,1.3642420526593928e-13,0.0,0.0,0.0,55.16307893020212,0.0,0.0,0.0,0.0,5592,985
2020-08-23 04:00:00,930.0,0.0,0.0,0.0,0.0,0.0,25.836921069797768,0.0,0.0,0.0,5681,904
2020-08-23 05:00:00,1163.7853881278536,2.728484105318785e-13,0.0,0.0,0.0,0.0,0.0,19.37769080234833,0.0,0.0,5653,1183
2020-08-23 06:00:00,1684.163078930202,0.0,0.0,0.0,0.0,0.0,0.0,0.0,0.0,0.0,5619,1684
2020-08-23 07:00:00,630.0,2.728484105318785e-13,0.0,0.0,0.0,0.0,300.8369210697979,0.0,0.0,0.0,7584,329
2020-08-23 08:00:00,2571.535388127854,-4.092726157978177e-13,0.0,0.0,0.0,0.0,0.0,225.6276908023484,0.0,0.0,5793,2797
2020-08-23 09:00:00,1521.1630789302023,1.818989403545857e-13,0.0,0.0,0.0,0.0,0.0,0.0,0.0,0.0,7719,1521
2020-08-23 10:00:00,2085.1630789302026,-4.092726157978177e-13,0.0,0.0,0.0,0.0,0.0,0.0,0.0,0.0,7595,2085
2020-08-23 11:00:00,3103.163078930202,2.728484105318785e-13,0.0,0.0,0.0,0.0,0.0,0.0,0.0,0.0,6925,3103
2020-08-23 12:00:00,2884.1630789302017,1.3642420526593928e-13,0.0,0.0,0.0,0.0,0.0,0.0,0.0,0.0,7444,2884
2020-08-23 13:00:00,3056.1630789302017,0.0,0.0,0.0,0.0,0.0,0.0,0.0,0.0,0.0,7240,3056
2020-08-23 14:00:00,3504.1630789302026,1.3642420526593928e-13,0.0,0.0,0.0,0.0,0.0,0.0,0.0,0.0,6957,3504
2020-08-23 15:00:00,3767.1630789302017,0.0,0.0,0.0,0.0,0.0,0.0,0.0,0.0,0.0,6576,3767
2020-08-23 16:00:00,2543.132420091256,2.728484105318785e-13,0.0,0.0,0.0,1345.0306588389465,0.0,0.0,0.0,0.0,6301,3888
2020-08-23 17:00:00,3960.0,-4.092726157978177e-13,0.0,0.0,0.0,643.1630789302026,0.0,0.0,0.0,0.0,5449,4603
2020-08-23 18:00:00,3960.0,1.818989403545857e-13,0.0,0.0,0.0,428.16307893020274,0.0,0.0,0.0,0.0,5463,4388
2020-08-23 19:00:00,3960.0,0.0,0.0,0.0,0.0,251.16307893020232,0.0,0.0,0.0,0.0,5388,4211
2020-08-23 20:00:00,1260.0,9.094947017729282e-13,0.0,0.0,0.0,2377.163078930201,0.0,0.0,0.0,0.0,5449,3637
2020-08-23 21:00:00,3451.163078930202,2.728484105318785e-13,0.0,0.0,0.0,0.0,0.0,0.0,0.0,0.0,5584,3451
2020-08-23 22:00:00,3742.1630789302017,0.0,0.0,0.0,0.0,0.0,0.0,0.0,0.0,0.0,5543,3742
2020-08-23 23:00:00,3489.163078930202,0.0,0.0,0.0,0.0,0.0,0.0,0.0,0.0,0.0,5515,3489
2020-08-24 00:00:00,2580.1630789302017,2.728484105318784e-13,0.0,0.0,0.0,0.0,0.0,0.0,0.0,0.0,5556,2580
2020-08-24 01:00:00,2507.1630789302017,1.818989403545857e-13,0.0,0.0,0.0,0.0,0.0,0.0,0.0,0.0,5257,2507
2020-08-24 02:00:00,2226.1630789302017,2.728484105318785e-13,0.0,0.0,0.0,0.0,0.0,0.0,0.0,0.0,5248,2226
2020-08-24 03:00:00,1912.1630789302021,4.54747350886464e-13,0.0,0.0,0.0,0.0,0.0,0.0,0.0,0.0,5243,1912
2020-08-24 04:00:00,2263.1630789302017,2.728484105318785e-13,0.0,0.0,0.0,0.0,0.0,0.0,0.0,0.0,4841,2263
2020-08-24 05:00:00,2391.1630789302017,2.728484105318785e-13,0.0,0.0,0.0,0.0,0.0,0.0,0.0,0.0,4928,2391
2020-08-24 06:00:00,2971.1630789302017,2.728484105318785e-13,0.0,0.0,0.0,0.0,0.0,0.0,0.0,0.0,4794,2971
2020-08-24 07:00:00,3629.163078930202,2.728484105318785e-13,0.0,0.0,0.0,0.0,0.0,0.0,0.0,0.0,4734,3629
2020-08-24 08:00:00,1950.1630789302023,2.728484105318785e-13,0.0,0.0,0.0,0.0,0.0,0.0,0.0,0.0,7067,1950
2020-08-24 09:00:00,2415.1630789302017,2.728484105318784e-13,0.0,0.0,0.0,0.0,0.0,0.0,0.0,0.0,7234,2415
2020-08-24 10:00:00,2901.1630789302017,2.728484105318785e-13,0.0,0.0,0.0,0.0,0.0,0.0,0.0,0.0,7178,2901
2020-08-24 11:00:00,3166.1630789302017,2.728484105318785e-13,0.0,0.0,0.0,0.0,0.0,0.0,0.0,0.0,7238,3166
2020-08-24 12:00:00,4794.163078930203,2.728484105318785e-13,0.0,0.0,0.0,0.0,0.0,0.0,0.0,0.0,5849,4794
2020-08-24 13:00:00,4712.1630789302035,-2.728484105318785e-13,0.0,0.0,0.0,0.0,0.0,0.0,0.0,0.0,5879,4712
2020-08-24 14:00:00,4881.163078930203,2.728484105318785e-13,0.0,0.0,0.0,0.0,0.0,0.0,0.0,0.0,5880,4881
2020-08-24 15:00:00,4671.163078930203,2.728484105318785e-13,0.0,0.0,0.0,0.0,0.0,0.0,0.0,0.0,5966,4671
2020-08-24 16:00:00,5532.163078930203,2.728484105318785e-13,0.0,0.0,0.0,0.0,0.0,0.0,0.0,0.0,4939,5532
2020-08-24 17:00:00,4445.163078930203,2.728484105318785e-13,0.0,0.0,0.0,0.0,0.0,0.0,0.0,0.0,5869,4445
2020-08-24 18:00:00,5580.0,-1.3642420526593928e-13,0.0,0.0,0.0,469.1630789302028,0.0,0.0,0.0,0.0,4038,6049
2020-08-24 19:00:00,5580.0,1.818989403545857e-13,0.0,0.0,0.0,240.16307893020257,0.0,0.0,0.0,0.0,3930,5820
2020-08-24 20:00:00,5580.0,2.728484105318785e-13,0.0,0.0,0.0,8.163078930202538,0.0,0.0,0.0,0.0,3635,5588
2020-08-24 21:00:00,5580.0,1.818989403545857e-13,0.0,0.0,0.0,513.1630789302026,0.0,0.0,0.0,0.0,3099,6093
2020-08-24 22:00:00,5580.0,1.818989403545857e-13,0.0,0.0,0.0,825.1630789302026,0.0,0.0,0.0,0.0,2985,6405
2020-08-24 23:00:00,5580.0,1.818989403545857e-13,0.0,0.0,0.0,509.1630789302026,0.0,0.0,0.0,0.0,3029,6089
2020-08-25 00:00:00,2742.163078930202,-4.5474735088646414e-14,0.0,0.0,0.0,0.0,0.0,0.0,0.0,0.0,5370,2742
2020-08-25 01:00:00,4829.163078930203,-1.3642420526593928e-13,0.0,0.0,0.0,0.0,0.0,0.0,0.0,0.0,2911,4829
2020-08-25 02:00:00,4669.163078930203,0.0,0.0,0.0,0.0,0.0,0.0,0.0,0.0,0.0,2783,4669
2020-08-25 03:00:00,2728.163078930202,0.0,0.0,0.0,0.0,0.0,0.0,0.0,0.0,0.0,4406,2728
2020-08-25 04:00:00,4355.163078930203,-6.821210263296964e-14,0.0,0.0,0.0,0.0,0.0,0.0,0.0,0.0,2729,4355
2020-08-25 05:00:00,2443.163078930202,-5.702396950306712e-14,0.0,0.0,0.0,0.0,0.0,0.0,0.0,0.0,4859,2443
2020-08-25 06:00:00,4356.163078930203,0.0,0.0,0.0,0.0,0.0,0.0,0.0,0.0,0.0,3394,4356
2020-08-25 07:00:00,4152.163078930203,0.0,0.0,0.0,0.0,0.0,0.0,0.0,0.0,0.0,4192,4152
2020-08-25 08:00:00,4475.163078930203,0.0,0.0,0.0,0.0,0.0,0.0,0.0,0.0,0.0,4516,4475
2020-08-25 09:00:00,4989.163078930203,0.0,0.0,0.0,0.0,0.0,0.0,0.0,0.0,0.0,4615,4989
2020-08-25 10:00:00,3022.163078930202,-2.3380773041874596e-14,0.0,0.0,0.0,0.0,0.0,0.0,0.0,0.0,6982,3022
2020-08-25 11:00:00,5580.0,0.0,0.0,0.0,0.0,185.1630789302026,0.0,0.0,0.0,0.0,4526,5765
2020-08-25 12:00:00,3504.1630789302017,0.0,0.0,0.0,0.0,0.0,0.0,0.0,0.0,0.0,6983,3504
2020-08-25 13:00:00,3813.163078930202,0.0,0.0,0.0,0.0,0.0,0.0,0.0,0.0,0.0,6570,3813
2020-08-25 14:00:00,5580.0,-5.702396950306712e-14,0.0,0.0,0.0,834.1630789302026,0.0,0.0,0.0,0.0,4060,6414
2020-08-25 15:00:00,4450.163078930203,0.0,0.0,0.0,0.0,0.0,0.0,0.0,0.0,0.0,5835,4450
2020-08-25 16:00:00,4885.163078930203,0.0,0.0,0.0,0.0,0.0,0.0,0.0,0.0,0.0,5186,4885
2020-08-25 17:00:00,5580.0,3.637978807091713e-13,0.0,0.0,0.0,1021.1630789302023,0.0,0.0,0.0,0.0,3290,6601
2020-08-25 18:00:00,2901.163078930202,387.0,0.0,0.0,0.0,0.0,0.0,0.0,0.0,0.0,6428,3288
2020-08-25 19:00:00,2212.163078930202,738.0,0.0,0.0,0.0,0.0,0.0,0.0,0.0,0.0,6466,2950
2020-08-25 20:00:00,788.840095996869,1718.3229829333332,0.0,0.0,0.0,0.0,0.0,0.0,0.0,0.0,6395,2507
2020-08-25 21:00:00,414.9630789302025,2608.2,0.0,0.0,0.0,0.0,0.0,0.0,0.0,0.0,5833,3023
2020-08-25 22:00:00,810.0,2126.163078930202,0.0,0.0,0.0,0.0,0.0,0.0,0.0,0.0,6090,2936
2020-08-25 23:00:00,0.0,2940.163078930202,0.0,0.0,0.0,0.0,0.0,0.0,0.0,0.0,5878,2940
2020-08-26 00:00:00,0.0,1012.9999999999998,0.0,0.0,3.410605131648481e-13,1311.163078930202,0.0,0.0,0.0,0.0,5554,2324
2020-08-26 01:00:00,0.0,1012.9999999999998,0.0,0.0,3.410605131648481e-13,3611.1630789302026,0.0,0.0,0.0,0.0,2877,4624
2020-08-26 02:00:00,0.0,1012.9999999999998,0.0,3.410605131648481e-13,0.0,1548.163078930202,0.0,0.0,0.0,0.0,4643,2561
2020-08-26 03:00:00,0.0,0.0,0.0,0.0,0.0,3893.1630789302017,0.0,0.0,0.0,0.0,2975,3893
2020-08-26 04:00:00,0.0,3.6379788070917137e-13,0.0,0.0,0.0,2837.1630789302017,0.0,0.0,0.0,0.0,3961,2837
2020-08-26 05:00:00,0.0,0.0,0.0,0.0,0.0,3565.1630789302017,0.0,0.0,0.0,0.0,3458,3565
2020-08-26 06:00:00,0.0,3.6379788070917137e-13,0.0,0.0,0.0,3802.1630789302017,0.0,0.0,0.0,0.0,3680,3802
2020-08-26 07:00:00,0.0,9.094947017729285e-14,0.0,0.0,0.0,4239.163078930203,0.0,0.0,0.0,0.0,3781,4239
2020-08-26 08:00:00,0.0,2.728484105318785e-13,210.0,0.0,0.0,4387.1630789302035,0.0,0.0,0.0,0.0,4050,4597
2020-08-26 09:00:00,0.0,3.6379788070917137e-13,210.0,0.0,0.0,3175.1630789302017,0.0,0.0,0.0,0.0,5809,3385
2020-08-26 10:00:00,0.0,0.0,319.9138943248172,0.0,0.0,4444.249184605385,0.0,0.0,0.0,0.0,4752,4764
2020-08-26 11:00:00,0.0,3.6379788070917137e-13,540.0,0.0,0.0,3056.1630789302017,0.0,0.0,0.0,0.0,6160,3596
2020-08-26 12:00:00,0.0,0.0,540.0,0.0,0.0,3026.1630789302017,0.0,0.0,0.0,0.0,6354,3566
2020-08-26 13:00:00,0.0,2.728484105318785e-13,210.0,0.0,0.0,3716.1630789302017,0.0,0.0,0.0,0.0,5845,3926
2020-08-26 14:00:00,0.0,2.728484105318785e-13,540.0,0.0,0.0,3285.1630789302017,0.0,0.0,0.0,0.0,5942,3825
2020-08-26 15:00:00,0.0,3.6379788070917137e-13,1080.0,0.0,0.0,3026.163078930202,0.0,0.0,0.0,0.0,5424,4106
2020-08-26 16:00:00,0.0,0.0,1080.0,0.0,0.0,3363.1630789302017,0.0,0.0,0.0,0.0,4867,4443
2020-08-26 17:00:00,0.0,3.6379788070917137e-13,210.0,0.0,0.0,4391.163078930203,0.0,0.0,0.0,0.0,4565,4601
2020-08-26 18:00:00,0.0,-4.547473508864643e-14,210.0,0.0,0.0,5073.163078930203,0.0,0.0,0.0,0.0,3850,5283
2020-08-26 19:00:00,0.0,0.0,210.0,0.0,0.0,2822.1630789302017,0.0,0.0,0.0,0.0,5901,3032
2020-08-26 20:00:00,0.0,3.6379788070917137e-13,210.0,0.0,0.0,2851.1630789302017,0.0,0.0,0.0,0.0,5407,3061
2020-08-26 21:00:00,0.0,0.0,540.0,0.0,0.0,4025.1630789302017,0.0,0.0,0.0,0.0,3859,4565
2020-08-26 22:00:00,0.0,3.6379788070917137e-13,210.0,0.0,0.0,4497.163078930203,0.0,0.0,0.0,0.0,3866,4707
2020-08-26 23:00:00,4687.163078930202,0.0,0.0,0.0,0.0,0.0,0.0,0.0,0.0,0.0,3771,4687
2020-08-27 00:00:00,3604.163078930202,5.229594535194338e-13,0.0,0.0,0.0,0.0,0.0,0.0,0.0,0.0,4138,3604
2020-08-27 01:00:00,3625.163078930202,-6.821210263296963e-14,0.0,0.0,0.0,0.0,0.0,0.0,0.0,0.0,3707,3625
2020-08-27 02:00:00,3176.1630789302017,6.139089236967266e-13,0.0,0.0,0.0,0.0,0.0,0.0,0.0,0.0,3856,3176
2020-08-27 03:00:00,2663.1630789302017,6.139089236967266e-13,0.0,0.0,0.0,0.0,0.0,0.0,0.0,0.0,4019,2663
2020-08-27 04:00:00,2248.1630789302017,2.046363078989088e-13,0.0,0.0,0.0,0.0,0.0,0.0,0.0,0.0,4333,2248
2020-08-27 05:00:00,2873.163078930202,2.501110429875552e-13,0.0,0.0,0.0,0.0,0.0,0.0,0.0,0.0,3944,2873
2020-08-27 06:00:00,3251.163078930202,-2.0463630789890888e-13,0.0,0.0,0.0,0.0,0.0,0.0,0.0,0.0,4055,3251
2020-08-27 07:00:00,3245.1630789302026,2.046363078989089e-13,0.0,0.0,0.0,0.0,0.0,0.0,0.0,0.0,4526,3245
2020-08-27 08:00:00,4047.1630789302026,-6.139089236967265e-13,0.0,0.0,0.0,0.0,0.0,0.0,0.0,0.0,4351,4047
2020-08-27 09:00:00,3720.1630789302026,1.591615728102624e-13,0.0,0.0,0.0,0.0,0.0,0.0,0.0,0.0,5187,3720
2020-08-27 10:00:00,3240.163078930202,-6.821210263296963e-14,0.0,0.0,0.0,0.0,0.0,0.0,0.0,0.0,5951,3240
2020-08-27 11:00:00,2994.163078930202,2.046363078989089e-13,0.0,0.0,0.0,0.0,0.0,0.0,0.0,0.0,6402,2994
2020-08-27 12:00:00,2944.1630789302017,6.139089236967266e-13,0.0,0.0,0.0,0.0,0.0,0.0,0.0,0.0,6626,2944
2020-08-27 13:00:00,2273.1630789302017,2.046363078989088e-13,0.0,0.0,0.0,0.0,0.0,0.0,0.0,0.0,7096,2273
2020-08-27 14:00:00,2166.1630789302017,6.139089236967266e-13,0.0,0.0,0.0,0.0,0.0,0.0,0.0,0.0,7138,2166
2020-08-27 15:00:00,2160.163078930202,-6.821210263296963e-14,0.0,0.0,0.0,0.0,0.0,0.0,0.0,0.0,6875,2160
2020-08-27 16:00:00,2534.1630789302017,6.139089236967266e-13,0.0,0.0,0.0,0.0,0.0,0.0,0.0,0.0,6290,2534
2020-08-27 17:00:00,2855.163078930202,-6.821210263296963e-14,0.0,0.0,0.0,0.0,0.0,0.0,0.0,0.0,5870,2855
2020-08-27 18:00:00,2913.163078930202,5.229594535194338e-13,0.0,0.0,0.0,0.0,0.0,0.0,0.0,0.0,5871,2913
2020-08-27 19:00:00,2630.163078930202,-6.821210263296963e-14,0.0,0.0,0.0,0.0,0.0,0.0,0.0,0.0,5970,2630
2020-08-27 20:00:00,2305.1630789302017,2.046363078989089e-13,0.0,0.0,0.0,0.0,0.0,0.0,0.0,0.0,5912,2305
2020-08-27 21:00:00,2626.163078930202,2.046363078989089e-13,0.0,0.0,0.0,0.0,0.0,0.0,0.0,0.0,5583,2626
2020-08-27 22:00:00,2976.1630789302017,2.046363078989088e-13,0.0,0.0,0.0,0.0,0.0,0.0,0.0,0.0,5400,2976
2020-08-27 23:00:00,2924.1630789302017,6.139089236967266e-13,0.0,0.0,0.0,0.0,0.0,0.0,0.0,0.0,5413,2924
2020-08-28 00:00:00,2209.163078930202,-2.0463630789890888e-13,0.0,0.0,0.0,0.0,0.0,0.0,0.0,0.0,5428,2209
2020-08-28 01:00:00,1984.163078930202,3.4106051316484814e-13,0.0,0.0,0.0,0.0,0.0,0.0,0.0,0.0,5184,1984
2020-08-28 02:00:00,1876.1630789302023,-3.410605131648481e-13,0.0,0.0,0.0,0.0,0.0,0.0,0.0,0.0,4947,1876
2020-08-28 03:00:00,1613.163078930202,6.821210263296964e-14,0.0,0.0,0.0,0.0,0.0,0.0,0.0,0.0,4782,1613
2020-08-28 04:00:00,1597.1630789302021,-6.821210263296964e-14,0.0,0.0,0.0,0.0,0.0,0.0,0.0,0.0,4613,1597
2020-08-28 05:00:00,1260.0,6.821210263296964e-14,0.0,0.0,0.0,0.0,75.83692106979834,0.0,0.0,0.0,5065,1184
2020-08-28 06:00:00,1260.0,3.4106051316484814e-13,0.0,0.0,0.0,0.0,1041.836921069798,0.0,0.0,0.0,6181,218
2020-08-28 07:00:00,1260.0,6.821210263296964e-14,0.0,0.0,0.0,0.0,1200.0,0.0,0.0,0.0,6905,-386
2020-08-28 08:00:00,1260.0,3.4106051316484814e-13,0.0,0.0,0.0,0.0,1200.0,0.0,0.0,0.0,7066,-13
2020-08-28 09:00:00,1260.0,-3.410605131648481e-13,0.0,0.0,0.0,0.0,664.8369210697974,0.0,0.0,0.0,7056,595
2020-08-28 10:00:00,1260.0,3.4106051316484814e-13,0.0,0.0,0.0,0.0,96.836921069798,0.0,0.0,0.0,6828,1163
2020-08-28 11:00:00,1478.1630789302023,-3.410605131648481e-13,0.0,0.0,0.0,0.0,0.0,0.0,0.0,0.0,6748,1478
2020-08-28 12:00:00,2410.1630789302017,6.821210263296964e-14,0.0,0.0,0.0,0.0,0.0,0.0,0.0,0.0,6156,2410
2020-08-28 13:00:00,1874.1630789302023,6.821210263296964e-14,0.0,0.0,0.0,0.0,0.0,0.0,0.0,0.0,6450,1874
2020-08-28 14:00:00,1976.163078930202,6.821210263296964e-14,0.0,0.0,0.0,0.0,0.0,0.0,0.0,0.0,6232,1976
2020-08-28 15:00:00,2080.1630789302017,2.046363078989089e-13,0.0,0.0,0.0,0.0,0.0,0.0,0.0,0.0,5906,2080
2020-08-28 16:00:00,2439.163078930202,-6.821210263296964e-14,0.0,0.0,0.0,0.0,0.0,0.0,0.0,0.0,5404,2439
2020-08-28 17:00:00,2334.1630789302017,4.3200998334214094e-13,0.0,0.0,0.0,0.0,0.0,0.0,0.0,0.0,5501,2334
2020-08-28 18:00:00,1867.1630789302021,-6.821210263296964e-14,0.0,0.0,0.0,0.0,0.0,0.0,0.0,0.0,6027,1867
2020-08-28 19:00:00,1321.163078930202,3.4106051316484814e-13,0.0,0.0,0.0,0.0,0.0,0.0,0.0,0.0,6469,1321
2020-08-28 20:00:00,3935.163078930202,-6.821210263296964e-14,0.0,0.0,0.0,0.0,0.0,0.0,0.0,0.0,3662,3935
2020-08-28 21:00:00,3960.0,6.821210263296964e-14,0.0,0.0,0.0,0.0,0.0,522.1630789302021,0.0,0.0,3272,4482
2020-08-28 22:00:00,2654.163078930202,-6.821210263296964e-14,0.0,0.0,0.0,0.0,0.0,0.0,0.0,0.0,5390,2654
2020-08-28 23:00:00,2423.1630789302017,3.4106051316484814e-13,0.0,0.0,0.0,0.0,0.0,0.0,0.0,0.0,5648,2423
2020-08-29 00:00:00,2072.163078930202,2.0463630789890888e-13,0.0,0.0,0.0,0.0,0.0,0.0,0.0,0.0,5277,2072
2020-08-29 01:00:00,1913.1630789302012,3.410605131648481e-13,0.0,0.0,0.0,0.0,0.0,0.0,0.0,0.0,5007,1913
2020-08-29 02:00:00,1813.1630789302021,2.5011104298755524e-13,0.0,0.0,0.0,0.0,0.0,0.0,0.0,0.0,4768,1813
2020-08-29 03:00:00,1789.163078930202,-2.046363078989089e-13,0.0,0.0,0.0,0.0,0.0,0.0,0.0,0.0,4388,1789
2020-08-29 04:00:00,1682.163078930202,2.5011104298755534e-13,0.0,0.0,0.0,0.0,0.0,0.0,0.0,0.0,4292,1682
2020-08-29 05:00:00,3150.0,-2.046363078989089e-13,0.0,0.0,0.0,0.0,0.0,141.16307893020235,0.0,0.0,2634,3291
2020-08-29 06:00:00,2474.1630789302017,2.0463630789890888e-13,0.0,0.0,0.0,0.0,0.0,0.0,0.0,0.0,3454,2474
2020-08-29 07:00:00,660.0,2.046363078989088e-13,0.0,0.0,0.0,0.0,833.8369210697981,0.0,0.0,0.0,6128,-174
2020-08-29 08:00:00,1889.163078930202,2.5011104298755534e-13,0.0,0.0,0.0,0.0,0.0,0.0,0.0,0.0,4526,1889
2020-08-29 09:00:00,660.0,2.5011104298755524e-13,0.0,0.0,0.0,0.0,698.8369210697979,0.0,0.0,0.0,7024,-39
2020-08-29 10:00:00,2340.0,-4.774847184307874e-13,0.0,0.0,0.0,0.0,0.0,666.1630789302026,0.0,0.0,4437,3006
2020-08-29 11:00:00,3001.163078930202,-2.046363078989089e-13,0.0,0.0,0.0,0.0,0.0,0.0,0.0,0.0,4798,3001
2020-08-29 12:00:00,1402.1630789302017,2.046363078989088e-13,0.0,0.0,0.0,0.0,0.0,0.0,0.0,0.0,6816,1402
2020-08-29 13:00:00,1474.163078930202,2.5011104298755534e-13,0.0,0.0,0.0,0.0,0.0,0.0,0.0,0.0,6449,1474
2020-08-29 14:00:00,2741.163078930202,2.046363078989088e-13,0.0,0.0,0.0,0.0,0.0,0.0,0.0,0.0,5029,2741
2020-08-29 15:00:00,2781.163078930202,-2.27373675443232e-14,0.0,0.0,0.0,0.0,0.0,0.0,0.0,0.0,4807,2781
2020-08-29 16:00:00,3057.163078930202,3.410605131648481e-13,0.0,0.0,0.0,0.0,0.0,0.0,0.0,0.0,4427,3057
2020-08-29 17:00:00,3939.1630789302017,3.410605131648481e-13,0.0,0.0,0.0,0.0,0.0,0.0,0.0,0.0,3614,3939
2020-08-29 18:00:00,3663.1630789302017,3.410605131648481e-13,0.0,0.0,0.0,0.0,0.0,0.0,0.0,0.0,3997,3663
2020-08-29 19:00:00,1390.1630789302021,-2.046363078989089e-13,0.0,0.0,0.0,0.0,0.0,0.0,0.0,0.0,6402,1390
2020-08-29 20:00:00,3960.0,3.410605131648481e-13,0.0,0.0,0.0,0.0,0.0,287.16307893020166,0.0,0.0,3614,4247
2020-08-29 21:00:00,3960.0,2.046363078989088e-13,0.0,0.0,0.0,0.0,0.0,992.163078930202,0.0,0.0,3072,4952
2020-08-29 22:00:00,4770.0,3.410605131648481e-13,0.0,0.0,0.0,0.0,0.0,338.16307893020166,0.0,0.0,3185,5108
2020-08-29 23:00:00,2403.163078930202,3.410605131648481e-13,0.0,0.0,0.0,0.0,0.0,0.0,0.0,0.0,5799,2403
2020-08-30 00:00:00,1871.1630789302021,6.821210263296964e-14,0.0,0.0,0.0,0.0,0.0,0.0,0.0,0.0,5485,1871
2020-08-30 01:00:00,4328.163078930203,6.821210263296964e-14,0.0,0.0,0.0,0.0,0.0,0.0,0.0,0.0,2674,4328
2020-08-30 02:00:00,4285.163078930203,6.821210263296964e-14,0.0,0.0,0.0,0.0,0.0,0.0,0.0,0.0,2432,4285
2020-08-30 03:00:00,1838.163078930202,6.821210263296964e-14,0.0,0.0,0.0,0.0,0.0,0.0,0.0,0.0,4586,1838
2020-08-30 04:00:00,4321.163078930203,-6.821210263296964e-14,0.0,0.0,0.0,0.0,0.0,0.0,0.0,0.0,2107,4321
2020-08-30 05:00:00,4253.163078930202,6.821210263296964e-14,0.0,0.0,0.0,0.0,0.0,0.0,0.0,0.0,2543,4253
2020-08-30 06:00:00,1560.0,6.821210263296964e-14,0.0,0.0,0.0,0.0,174.83692106979788,0.0,0.0,0.0,6070,1385
2020-08-30 07:00:00,3626.1630789302017,4.3200998334214094e-13,0.0,0.0,0.0,0.0,0.0,0.0,0.0,0.0,4446,3626
2020-08-30 08:00:00,2237.1630789302026,6.821210263296964e-14,0.0,0.0,0.0,0.0,0.0,0.0,0.0,0.0,6511,2237
2020-08-30 09:00:00,4457.163078930203,4.3200998334214094e-13,0.0,0.0,0.0,0.0,0.0,0.0,0.0,0.0,4836,4457
2020-08-30 10:00:00,2413.1630789302017,-6.821210263296964e-14,0.0,0.0,0.0,0.0,0.0,0.0,0.0,0.0,7245,2413
2020-08-30 11:00:00,5339.163078930203,1.5916157281026248e-13,0.0,0.0,0.0,0.0,0.0,0.0,0.0,0.0,4643,5339
2020-08-30 12:00:00,5580.0,1.5916157281026248e-13,0.0,0.0,0.0,0.0,0.0,122.16307893020256,0.0,0.0,4505,5702
2020-08-30 13:00:00,4230.479017177648,-2.0463630789890888e-13,0.0,0.0,0.0,0.0,675.3159382474456,0.0,0.0,0.0,6601,3555
2020-08-30 14:00:00,4071.163078930202,1.5916157281026248e-13,0.0,0.0,0.0,0.0,0.0,0.0,0.0,0.0,6179,4071
2020-08-30 15:00:00,5580.0,-4.774847184307872e-13,0.0,0.0,0.0,0.0,0.0,576.1630789302033,0.0,0.0,3972,6156
2020-08-30 16:00:00,4427.163078930203,1.5916157281026248e-13,0.0,0.0,0.0,0.0,0.0,0.0,0.0,0.0,5563,4427
2020-08-30 17:00:00,5580.0,-2.0463630789890888e-13,0.0,0.0,0.0,0.0,0.0,1158.1630789302026,0.0,0.0,3144,6738
2020-08-30 18:00:00,5580.0,1.5916157281026248e-13,0.0,0.0,0.0,0.0,0.0,193.1630789302017,0.0,0.0,4068,5773
2020-08-30 19:00:00,5118.163078930203,-2.0463630789890888e-13,0.0,0.0,0.0,0.0,0.0,0.0,0.0,0.0,4613,5118
2020-08-30 20:00:00,3350.163078930202,1.5916157281026248e-13,0.0,0.0,0.0,0.0,0.0,0.0,0.0,0.0,5940,3350
2020-08-30 21:00:00,3269.163078930202,1.5916157281026248e-13,0.0,0.0,0.0,0.0,0.0,0.0,0.0,0.0,5782,3269
2020-08-30 22:00:00,3473.1630789302026,-2.0463630789890888e-13,0.0,0.0,0.0,0.0,0.0,0.0,0.0,0.0,5738,3473
2020-08-30 23:00:00,3317.163078930202,1.5916157281026248e-13,0.0,0.0,0.0,0.0,0.0,0.0,0.0,0.0,5694,3317
2020-08-31 00:00:00,3513.1630789302017,-2.0463630789890888e-13,0.0,0.0,0.0,0.0,0.0,0.0,0.0,0.0,4700,3513
2020-08-31 01:00:00,4941.163078930202,1.1596057447604834e-12,0.0,0.0,0.0,0.0,0.0,0.0,0.0,0.0,2879,4941
2020-08-31 02:00:00,2835.1630789302017,6.821210263296964e-14,0.0,0.0,0.0,0.0,0.0,0.0,0.0,0.0,4686,2835
2020-08-31 03:00:00,2460.163078930202,6.821210263296964e-14,0.0,0.0,0.0,0.0,0.0,0.0,0.0,0.0,4723,2460
2020-08-31 04:00:00,5145.163078930202,6.821210263296964e-14,0.0,0.0,0.0,0.0,1200.0,0.0,0.0,0.0,3174,3945
2020-08-31 05:00:00,4301.163078930203,6.821210263296964e-14,0.0,0.0,0.0,0.0,0.0,0.0,0.0,0.0,3098,4301
2020-08-31 06:00:00,3152.8554033485543,6.821210263296964e-14,0.0,0.0,0.0,0.0,39.69232441835205,0.0,0.0,0.0,4905,3113
2020-08-31 07:00:00,4334.1630789302035,6.821210263296964e-14,0.0,0.0,0.0,0.0,0.0,0.0,0.0,0.0,4313,4334
2020-08-31 08:00:00,4211.163078930202,1.1596057447604834e-12,0.0,0.0,0.0,0.0,0.0,0.0,0.0,0.0,5070,4211
2020-08-31 09:00:00,5210.163078930202,6.821210263296964e-14,0.0,0.0,0.0,0.0,1200.0,0.0,0.0,0.0,5796,4010
2020-08-31 10:00:00,5565.163078930202,6.821210263296964e-14,0.0,0.0,0.0,0.0,0.0,0.0,0.0,0.0,4599,5565
2020-08-31 11:00:00,5580.0,6.821210263296964e-14,0.0,0.0,0.0,0.0,171.83692106979697,0.0,0.0,0.0,5064,5408
2020-08-31 12:00:00,5580.0,6.821210263296964e-14,0.0,0.0,0.0,0.0,157.83692106979788,0.0,0.0,0.0,5237,5422
2020-08-31 13:00:00,5580.0,6.821210263296964e-14,0.0,0.0,0.0,0.0,824.8369210697974,0.0,0.0,0.0,5859,4755
2020-08-31 14:00:00,5580.0,6.821210263296964e-14,0.0,0.0,0.0,0.0,0.0,223.16307893020235,0.0,0.0,4938,5803
2020-08-31 15:00:00,5580.0,4.3200998334214094e-13,0.0,0.0,0.0,0.0,0.0,546.163078930202,0.0,0.0,4483,6126
2020-08-31 16:00:00,5580.0,6.821210263296964e-14,0.0,0.0,0.0,0.0,0.0,829.1630789302026,0.0,0.0,4050,6409
2020-08-31 17:00:00,5580.0,1.1596057447604834e-12,0.0,0.0,0.0,0.0,0.0,1097.1630789302017,0.0,0.0,3627,6677
2020-08-31 18:00:00,4613.1630789302035,3.4106051316484827e-14,0.0,0.0,0.0,0.0,0.0,0.0,0.0,0.0,5580,4613
2020-08-31 19:00:00,4394.163078930203,6.821210263296964e-14,0.0,0.0,0.0,0.0,0.0,0.0,0.0,0.0,5568,4394
2020-08-31 20:00:00,4587.5979560774085,-2.0463630789890888e-13,0.0,0.0,0.0,0.0,440.4348771472059,0.0,0.0,0.0,5381,4147
2020-08-31 21:00:00,5580.0,6.821210263296964e-14,0.0,0.0,0.0,0.0,0.0,176.16307893020212,0.0,0.0,3555,5756
2020-08-31 22:00:00,5580.0,6.821210263296964e-14,0.0,0.0,0.0,0.0,0.0,154.16307893020235,0.0,0.0,3707,5734
2020-08-31 23:00:00,5321.163078930202,6.821210263296964e-14,0.0,0.0,0.0,0.0,0.0,0.0,0.0,0.0,3909,5321
2020-09-01 00:00:00,3528.1630789302017,5.6843418860808e-15,0.0,0.0,0.0,0.0,0.0,0.0,0.0,0.0,4748,3528
2020-09-01 01:00:00,3457.1630789302017,0.0,0.0,0.0,0.0,0.0,0.0,0.0,0.0,0.0,4433,3457
2020-09-01 02:00:00,3299.1630789302017,5.6843418860808e-15,0.0,0.0,0.0,0.0,0.0,0.0,0.0,0.0,4299,3299
2020-09-01 03:00:00,3148.163078930202,0.0,0.0,0.0,0.0,0.0,0.0,0.0,0.0,0.0,4123,3148
2020-09-01 04:00:00,2899.1630789302017,-4.5474735088646414e-14,0.0,0.0,0.0,0.0,0.0,0.0,0.0,0.0,4319,2899
2020-09-01 05:00:00,3126.163078930202,-6.821210263296964e-14,0.0,0.0,0.0,0.0,0.0,0.0,0.0,0.0,4374,3126
2020-09-01 06:00:00,2675.1630789302017,5.6843418860808e-15,0.0,0.0,0.0,0.0,0.0,0.0,0.0,0.0,5444,2675
2020-09-01 07:00:00,3140.163078930202,-2.046363078989089e-13,0.0,0.0,0.0,0.0,0.0,0.0,0.0,0.0,5630,3140
2020-09-01 08:00:00,4860.163078930202,-6.821210263296964e-14,0.0,0.0,0.0,0.0,0.0,0.0,0.0,0.0,4549,4860
2020-09-01 09:00:00,3847.1630789302017,-6.11074665696602e-14,0.0,0.0,0.0,0.0,0.0,0.0,0.0,0.0,6105,3847
2020-09-01 10:00:00,4422.163078930203,-1.7053025658242404e-14,0.0,0.0,0.0,0.0,0.0,0.0,0.0,0.0,5905,4422
2020-09-01 11:00:00,4839.163078930203,-1.1368683772161608e-13,0.0,0.0,0.0,0.0,0.0,0.0,0.0,0.0,5797,4839
2020-09-01 12:00:00,4798.1630789302035,-2.046363078989089e-13,0.0,0.0,0.0,0.0,0.0,0.0,0.0,0.0,6016,4798
2020-09-01 13:00:00,4791.163078930108,137.00000000009427,0.0,0.0,0.0,0.0,0.0,0.0,0.0,0.0,5834,4928
2020-09-01 14:00:00,5245.163078930203,136.99999999999997,0.0,0.0,0.0,0.0,0.0,0.0,0.0,0.0,5509,5382
2020-09-01 15:00:00,5447.074830615929,169.08824831427287,0.0,0.0,0.0,0.0,0.0,0.0,0.0,0.0,5134,5616
2020-09-01 16:00:00,5580.0,224.16307893020246,0.0,0.0,0.0,0.0,0.0,0.0,0.0,0.0,4782,5804
2020-09-01 17:00:00,5580.0,71.16307893020216,0.0,0.0,0.0,0.0,0.0,0.0,0.0,0.0,4763,5651
2020-09-01 18:00:00,5128.163078930203,-2.046363078989089e-13,0.0,0.0,0.0,0.0,0.0,0.0,0.0,0.0,5148,5128
2020-09-01 19:00:00,5380.163078930203,6.821210263296964e-14,0.0,0.0,0.0,0.0,0.0,0.0,0.0,0.0,4648,5380
2020-09-01 20:00:00,5267.163078930202,5.6843418860808e-15,0.0,0.0,0.0,0.0,0.0,0.0,0.0,0.0,4320,5267
2020-09-01 21:00:00,5085.163078930203,0.0,0.0,0.0,0.0,0.0,0.0,0.0,0.0,0.0,4284,5085
2020-09-01 22:00:00,2418.9630789302023,2221.2,0.0,0.0,0.0,0.0,0.0,0.0,0.0,0.0,4861,4640
2020-09-01 23:00:00,810.0,3555.0,0.0,0.0,0.0,106.16307893020252,0.0,0.0,0.0,0.0,4806,4471
2020-09-02 00:00:00,810.0,1012.9999999999998,0.0,0.0,0.0,2248.1630789302026,0.0,0.0,0.0,0.0,4239,4071
2020-09-02 01:00:00,810.0,1012.9999999999998,0.0,0.0,0.0,2418.1630789302026,0.0,0.0,0.0,0.0,3680,4241
2020-09-02 02:00:00,810.0,1012.9999999999998,0.0,0.0,0.0,2038.1630789302028,0.0,0.0,0.0,0.0,3766,3861
2020-09-02 03:00:00,810.0,3.410605131648481e-13,0.0,0.0,0.0,2821.163078930202,0.0,0.0,0.0,0.0,3669,3631
2020-09-02 04:00:00,810.0,2.5011104298755524e-13,0.0,0.0,0.0,2444.163078930202,0.0,0.0,0.0,0.0,3992,3254
2020-09-02 05:00:00,810.0,6.821210263296964e-14,0.0,0.0,0.0,2973.1630789302026,0.0,0.0,0.0,0.0,3741,3783
2020-09-02 06:00:00,810.0,3.4106051316484814e-14,0.0,0.0,0.0,3532.1630789302026,0.0,0.0,0.0,0.0,3797,4342
2020-09-02 07:00:00,810.0,0.0,0.0,0.0,0.0,4050.1630789302026,0.0,0.0,0.0,0.0,3930,4860
2020-09-02 08:00:00,810.0,3.8653524825349464e-13,540.0,0.0,0.0,3915.163078930202,0.0,0.0,0.0,0.0,4162,5265
2020-09-02 09:00:00,810.0,2.5011104298755534e-13,1620.0,0.0,0.0,2904.1630789302026,0.0,0.0,0.0,0.0,4634,5334
2020-09-02 10:00:00,810.0,6.821210263296964e-14,1620.0,0.0,0.0,2855.1630789302026,0.0,0.0,0.0,0.0,5053,5285
2020-09-02 11:00:00,810.0,2.5011104298755524e-13,1620.0,0.0,0.0,2839.1630789302026,0.0,0.0,0.0,0.0,5368,5269
2020-09-02 12:00:00,810.0,6.821210263296964e-14,1620.0,0.0,0.0,2822.1630789302026,0.0,0.0,0.0,0.0,5553,5252
2020-09-02 13:00:00,810.0,3.410605131648481e-13,630.0,0.0,0.0,3932.1630789302026,0.0,0.0,0.0,0.0,5369,5372
2020-09-02 14:00:00,810.0,3.410605131648481e-13,630.0,0.0,0.0,4089.1630789302026,0.0,0.0,0.0,0.0,5324,5529
2020-09-02 15:00:00,810.0,2.5011104298755524e-13,873.4308545335762,0.0,0.0,4065.7322243966264,0.0,0.0,0.0,0.0,4947,5749
2020-09-02 16:00:00,810.0,3.410605131648481e-13,2160.0,0.0,0.0,3153.1630789302026,0.0,0.0,0.0,0.0,4396,6123
2020-09-02 17:00:00,810.0,3.8653524825349464e-13,1620.0,0.0,0.0,4127.163078930203,0.0,0.0,0.0,0.0,3779,6557
2020-09-02 18:00:00,810.0,3.8653524825349464e-13,420.0,0.0,0.0,5445.163078930202,0.0,0.0,0.0,0.0,3526,6675
2020-09-02 19:00:00,810.0,6.821210263296964e-14,1080.0,0.0,0.0,4784.163078930203,0.0,0.0,0.0,0.0,3281,6674
2020-09-02 20:00:00,810.0,3.8653524825349464e-13,1080.0,0.0,0.0,3485.1630789302026,0.0,0.0,0.0,0.0,4136,5375
2020-09-02 21:00:00,810.0,3.410605131648481e-13,1080.0,0.0,0.0,4176.163078930203,0.0,0.0,0.0,0.0,3218,6066
2020-09-02 22:00:00,810.0,3.410605131648481e-13,1080.0,0.0,0.0,4397.163078930203,0.0,0.0,0.0,0.0,3116,6287
2020-09-02 23:00:00,5580.0,-2.046363078989089e-13,540.0,0.0,0.0,38.16307893020302,0.0,0.0,0.0,0.0,3034,6158
2020-09-03 00:00:00,5212.163078930202,6.821210263296964e-14,0.0,0.0,0.0,0.0,1200.0,0.0,0.0,0.0,4314,4012
2020-09-03 01:00:00,5257.163078930202,-2.0463630789890888e-13,0.0,0.0,0.0,0.0,1200.0,0.0,0.0,0.0,3873,4057
2020-09-03 02:00:00,5336.163078930202,6.821210263296964e-14,0.0,0.0,0.0,0.0,1200.0,0.0,0.0,0.0,3492,4136
2020-09-03 03:00:00,5518.163078930203,1.5916157281026248e-13,0.0,0.0,0.0,0.0,1200.0,0.0,0.0,0.0,2972,4318
2020-09-03 04:00:00,5580.0,-2.0463630789890888e-13,0.0,0.0,0.0,0.0,1173.8369210697974,0.0,0.0,0.0,2819,4406
2020-09-03 05:00:00,5580.0,3.8653524825349464e-13,0.0,0.0,0.0,0.0,880.8369210697966,0.0,0.0,0.0,2811,4699
2020-09-03 06:00:00,5580.0,-4.774847184307872e-13,0.0,0.0,0.0,0.0,548.8369210697972,0.0,0.0,0.0,3112,5031
2020-09-03 07:00:00,5580.0,3.8653524825349464e-13,0.0,0.0,0.0,0.0,0.0,303.16307893020326,0.0,0.0,2902,5883
2020-09-03 08:00:00,5580.0,-2.0463630789890888e-13,0.0,0.0,0.0,0.0,0.0,51.16307893020257,0.0,0.0,3741,5631
2020-09-03 09:00:00,5580.0,4.5474735088646414e-14,0.0,0.0,0.0,0.0,1.8369210697965173,0.0,0.0,0.0,4311,5578
2020-09-03 10:00:00,5580.0,-6.821210263296964e-14,0.0,0.0,0.0,0.0,0.0,35.16307893020212,0.0,0.0,4586,5615
2020-09-03 11:00:00,5580.0,3.8653524825349464e-13,0.0,0.0,0.0,0.0,0.0,137.16307893020326,0.0,0.0,4727,5717
2020-09-03 12:00:00,5580.0,3.8653524825349464e-13,0.0,0.0,0.0,0.0,0.0,11.163078930203255,0.0,0.0,5000,5591
2020-09-03 13:00:00,5580.0,0.0,0.0,0.0,0.0,0.0,0.0,408.1630789302026,0.0,0.0,4469,5988
2020-09-03 14:00:00,5580.0,6.821210263296964e-14,0.0,0.0,0.0,0.0,0.0,941.163078930203,0.0,0.0,3958,6521
2020-09-03 15:00:00,5580.0,-6.821210263296964e-14,0.0,0.0,0.0,0.0,0.0,980.163078930202,0.0,0.0,3724,6560
2020-09-03 16:00:00,5580.0,1.5916157281026248e-13,0.0,0.0,0.0,0.0,0.0,981.1630789302026,0.0,0.0,3504,6561
2020-09-03 17:00:00,5580.0,-2.0463630789890888e-13,0.0,0.0,0.0,0.0,0.0,687.1630789302026,0.0,0.0,3645,6267
2020-09-03 18:00:00,5580.0,6.821210263296964e-14,0.0,0.0,0.0,139.78310502284006,0.0,1018.3799739073628,0.0,0.0,3067,6738
2020-09-03 19:00:00,5580.0,6.821210263296958e-14,0.0,0.0,0.0,0.0,532.8369210697975,0.0,0.0,0.0,4478,5047
2020-09-03 20:00:00,5580.0,6.821210263296964e-14,0.0,0.0,0.0,0.0,866.8369210697967,0.0,0.0,0.0,4451,4713
2020-09-03 21:00:00,5580.0,6.821210263296964e-14,0.0,0.0,0.0,0.0,0.0,608.1630789302035,0.0,0.0,2801,6188
2020-09-03 22:00:00,5580.0,6.821210263296964e-14,0.0,0.0,0.0,184.5707762557104,0.0,441.5923026744922,0.0,0.0,2922,6206
2020-09-03 23:00:00,5580.0,6.821210263296964e-14,0.0,0.0,0.0,174.1630789302033,0.0,0.0,0.0,0.0,3227,5754
2020-09-04 00:00:00,3564.163078930202,6.821210263296964e-14,0.0,0.0,0.0,0.0,0.0,0.0,0.0,0.0,4559,3564
2020-09-04 01:00:00,4705.163078930203,-7.958078640513124e-14,0.0,0.0,0.0,0.0,0.0,0.0,0.0,0.0,2958,4705
2020-09-04 02:00:00,4393.163078930203,6.821210263296958e-14,0.0,0.0,0.0,0.0,0.0,0.0,0.0,0.0,2884,4393
2020-09-04 03:00:00,3104.1630789302017,6.821210263296964e-14,0.0,0.0,0.0,0.0,0.0,0.0,0.0,0.0,3764,3104
2020-09-04 04:00:00,3623.163078930202,6.821210263296964e-14,0.0,0.0,0.0,0.0,0.0,0.0,0.0,0.0,3055,3623
2020-09-04 05:00:00,3569.1630789302017,6.821210263296964e-14,0.0,0.0,0.0,0.0,0.0,0.0,0.0,0.0,3129,3569
2020-09-04 06:00:00,1560.0,6.821210263296964e-14,0.0,0.0,0.0,0.0,289.83692106979834,0.0,0.0,0.0,5597,1270
2020-09-04 07:00:00,3395.1630789302026,-2.046363078989089e-13,0.0,0.0,0.0,0.0,0.0,0.0,0.0,0.0,3646,3395
2020-09-04 08:00:00,3569.163078930202,-2.2737367544323214e-14,0.0,0.0,0.0,0.0,0.0,0.0,0.0,0.0,4017,3569
2020-09-04 09:00:00,1560.0,6.821210263296958e-14,0.0,0.0,0.0,0.0,89.83692106979834,0.0,0.0,0.0,6735,1470
2020-09-04 10:00:00,3827.1630789302017,2.5011104298755534e-13,0.0,0.0,0.0,0.0,0.0,0.0,0.0,0.0,4738,3827
2020-09-04 11:00:00,2119.1630789302017,6.821210263296958e-14,0.0,0.0,0.0,0.0,0.0,0.0,0.0,0.0,6748,2119
2020-09-04 12:00:00,4325.163078930203,6.821210263296964e-14,0.0,0.0,0.0,0.0,0.0,0.0,0.0,0.0,4945,4325
2020-09-04 13:00:00,2496.163078930202,6.821210263296964e-14,0.0,0.0,0.0,0.0,0.0,0.0,0.0,0.0,6537,2496
2020-09-04 14:00:00,2737.163078930202,-2.2737367544323214e-14,0.0,0.0,0.0,0.0,0.0,0.0,0.0,0.0,6230,2737
2020-09-04 15:00:00,3363.7066753642084,2.5011104298755534e-13,0.0,0.0,0.0,0.0,464.5435964340067,0.0,0.0,0.0,5889,2899
2020-09-04 16:00:00,2945.163078930202,6.821210263296964e-14,0.0,0.0,0.0,0.0,0.0,0.0,0.0,0.0,5691,2945
2020-09-04 17:00:00,4770.0,6.821210263296964e-14,0.0,0.0,0.0,0.0,0.0,633.1630789302026,0.0,0.0,3176,5403
2020-09-04 18:00:00,4498.163078930203,6.821210263296964e-14,0.0,0.0,0.0,0.0,0.0,0.0,0.0,0.0,4010,4498
2020-09-04 19:00:00,2523.1630789302026,6.821210263296964e-14,0.0,0.0,0.0,0.0,0.0,0.0,0.0,0.0,5840,2523
2020-09-04 20:00:00,3586.163078930202,6.821210263296964e-14,0.0,0.0,0.0,0.0,1200.0,0.0,0.0,0.0,5844,2386
2020-09-04 21:00:00,4770.0,6.821210263296964e-14,0.0,0.0,0.0,0.0,0.0,388.1630789302026,0.0,0.0,3065,5158
2020-09-04 22:00:00,3960.0,6.821210263296964e-14,0.0,0.0,0.0,0.0,974.836921069798,0.0,0.0,0.0,5520,2985
2020-09-04 23:00:00,3228.297455968688,6.821210263296964e-14,0.0,0.0,0.0,0.0,221.1343770384859,0.0,0.0,0.0,5468,3007
2020-09-05 00:00:00,3960.0,-2.046363078989089e-13,0.0,0.0,0.0,0.0,0.0,727.1630789302021,0.0,0.0,2992,4687
2020-09-05 01:00:00,3960.0,3.410605131648481e-13,0.0,0.0,0.0,0.0,0.0,524.1630789302026,0.0,0.0,2737,4484
2020-09-05 02:00:00,3010.163078930202,3.410605131648481e-13,0.0,0.0,0.0,0.0,1200.0,0.0,0.0,0.0,5042,1810
2020-09-05 03:00:00,3150.0,3.410605131648481e-13,0.0,0.0,0.0,0.0,0.0,660.1630789302017,0.0,0.0,2614,3810
2020-09-05 04:00:00,3150.0,-2.046363078989089e-13,0.0,0.0,0.0,0.0,0.0,229.16307893020212,0.0,0.0,2828,3379
2020-09-05 05:00:00,3150.0,3.410605131648481e-13,0.0,0.0,0.0,0.0,0.0,168.16307893020166,0.0,0.0,2833,3318
2020-09-05 06:00:00,660.0,3.410605131648481e-13,0.0,0.0,0.0,0.0,248.83692106979788,0.0,0.0,0.0,5765,411
2020-09-05 07:00:00,1562.2638617090665,3.410605131648481e-13,0.0,0.0,0.0,0.0,0.0,82.89921722113581,0.0,0.0,4566,1645
2020-09-05 08:00:00,660.0,3.410605131648481e-13,0.0,0.0,0.0,0.0,354.8369210697979,0.0,0.0,0.0,6372,305
2020-09-05 09:00:00,660.0,-2.046363078989089e-13,0.0,0.0,0.0,0.0,236.83692106979788,0.0,0.0,0.0,6850,423
2020-09-05 10:00:00,660.0,3.410605131648481e-13,0.0,0.0,0.0,0.0,138.83692106979788,0.0,0.0,0.0,7234,521
2020-09-05 11:00:00,1005.1630789302021,3.410605131648481e-13,0.0,0.0,0.0,0.0,0.0,0.0,0.0,0.0,7142,1005
2020-09-05 12:00:00,1544.1630789302021,3.410605131648481e-13,0.0,0.0,0.0,0.0,0.0,0.0,0.0,0.0,7057,1544
2020-09-05 13:00:00,3150.0,-2.046363078989089e-13,0.0,0.0,0.0,0.0,0.0,284.1630789302021,0.0,0.0,4882,3434
2020-09-05 14:00:00,1768.163078930202,3.410605131648481e-13,0.0,0.0,0.0,0.0,0.0,0.0,0.0,0.0,6409,1768
2020-09-05 15:00:00,1868.1630789302021,3.410605131648481e-13,0.0,0.0,0.0,0.0,0.0,0.0,0.0,0.0,6147,1868
2020-09-05 16:00:00,1869.1630789302021,5.1159076974727234e-14,0.0,0.0,0.0,0.0,0.0,0.0,0.0,0.0,6048,1869
2020-09-05 17:00:00,1777.163078930202,7.673861546209081e-14,0.0,0.0,0.0,0.0,0.0,0.0,0.0,0.0,6160,1777
2020-09-05 18:00:00,3150.0,1.432454155292362e-12,0.0,0.0,0.0,0.0,0.0,309.16307893020166,0.0,0.0,4559,3459
2020-09-05 19:00:00,960.0,3.410605131648481e-13,0.0,0.0,0.0,0.0,63.83692106979743,0.0,0.0,0.0,7255,896
2020-09-05 20:00:00,2032.1630789302021,2.5011104298755534e-13,0.0,0.0,0.0,0.0,0.0,0.0,0.0,0.0,6231,2032
2020-09-05 21:00:00,2819.163078930201,3.410605131648481e-13,0.0,0.0,0.0,0.0,0.0,0.0,0.0,0.0,5465,2819
2020-09-05 22:00:00,3071.163078930202,-2.046363078989089e-13,0.0,0.0,0.0,0.0,0.0,0.0,0.0,0.0,5431,3071
2020-09-05 23:00:00,2446.163078930202,3.410605131648481e-13,0.0,0.0,0.0,0.0,0.0,0.0,0.0,0.0,5957,2446
2020-09-06 00:00:00,2106.163078930202,6.821210263296964e-14,0.0,0.0,0.0,0.0,0.0,0.0,0.0,0.0,5440,2106
2020-09-06 01:00:00,2064.1630789302017,6.821210263296964e-14,0.0,0.0,0.0,0.0,0.0,0.0,0.0,0.0,5116,2064
2020-09-06 02:00:00,2555.163078930202,-6.821210263296964e-14,0.0,0.0,0.0,0.0,0.0,0.0,0.0,0.0,4331,2555
2020-09-06 03:00:00,2209.1630789302008,1.1596057447604834e-12,0.0,0.0,0.0,0.0,0.0,0.0,0.0,0.0,4369,2209
2020-09-06 04:00:00,2240.163078930202,6.821210263296964e-14,0.0,0.0,0.0,0.0,0.0,0.0,0.0,0.0,4364,2240
2020-09-06 05:00:00,2462.163078930202,6.821210263296964e-14,0.0,0.0,0.0,0.0,0.0,0.0,0.0,0.0,4556,2462
2020-09-06 06:00:00,2084.1630789302026,6.821210263296964e-14,0.0,0.0,0.0,0.0,0.0,0.0,0.0,0.0,5733,2084
2020-09-06 07:00:00,3827.1630789302008,1.1596057447604834e-12,0.0,0.0,0.0,0.0,0.0,0.0,0.0,0.0,4707,3827
2020-09-06 08:00:00,4434.163078930203,6.821210263296964e-14,0.0,0.0,0.0,0.0,0.0,0.0,0.0,0.0,4707,4434
2020-09-06 09:00:00,4668.163078930202,6.821210263296964e-14,0.0,0.0,0.0,0.0,0.0,0.0,0.0,0.0,4946,4668
2020-09-06 10:00:00,4616.163078930203,6.821210263296964e-14,0.0,0.0,0.0,0.0,0.0,0.0,0.0,0.0,5333,4616
2020-09-06 11:00:00,3528.1630789302008,1.1596057447604834e-12,0.0,0.0,0.0,0.0,0.0,0.0,0.0,0.0,6734,3528
2020-09-06 12:00:00,3711.1630789302026,-2.046363078989089e-13,0.0,0.0,0.0,0.0,0.0,0.0,0.0,0.0,6739,3711
2020-09-06 13:00:00,3952.163078930202,6.821210263296964e-14,0.0,0.0,0.0,0.0,0.0,0.0,0.0,0.0,6486,3952
2020-09-06 14:00:00,4152.163078930203,6.821210263296964e-14,0.0,0.0,0.0,0.0,0.0,0.0,0.0,0.0,6433,4152
2020-09-06 15:00:00,4330.1630789302035,6.821210263296964e-14,0.0,0.0,0.0,0.0,0.0,0.0,0.0,0.0,6147,4330
2020-09-06 16:00:00,4793.163078930202,6.821210263296964e-14,0.0,0.0,0.0,0.0,0.0,0.0,0.0,0.0,5516,4793
2020-09-06 17:00:00,4111.163078930203,3.4106051316484827e-14,0.0,0.0,0.0,0.0,0.0,0.0,0.0,0.0,6054,4111
2020-09-06 18:00:00,3393.163078930202,5.1159076974727215e-14,0.0,0.0,0.0,0.0,0.0,0.0,0.0,0.0,6750,3393
2020-09-06 19:00:00,3210.1630789302017,3.4106051316484827e-14,0.0,0.0,0.0,0.0,0.0,0.0,0.0,0.0,6786,3210
2020-09-06 20:00:00,3433.1630789302008,1.1596057447604834e-12,0.0,0.0,0.0,0.0,0.0,0.0,0.0,0.0,6135,3433
2020-09-06 21:00:00,3664.163078930202,6.821210263296964e-14,0.0,0.0,0.0,0.0,0.0,0.0,0.0,0.0,5502,3664
2020-09-06 22:00:00,3829.1630789302017,6.821210263296964e-14,0.0,0.0,0.0,0.0,0.0,0.0,0.0,0.0,5444,3829
2020-09-06 23:00:00,3808.1630789302008,1.1596057447604834e-12,0.0,0.0,0.0,0.0,0.0,0.0,0.0,0.0,5286,3808
2020-09-07 00:00:00,3026.1630789302026,-1.0231815394945443e-12,0.0,0.0,0.0,0.0,0.0,0.0,0.0,0.0,5307,3026
2020-09-07 01:00:00,2438.163078930202,-1.1368683772161603e-13,0.0,0.0,0.0,0.0,0.0,0.0,0.0,0.0,5501,2438
2020-09-07 02:00:00,2092.163078930203,-1.0231815394945443e-12,0.0,0.0,0.0,0.0,0.0,0.0,0.0,0.0,5559,2092
2020-09-07 03:00:00,1754.163078930202,6.821210263296964e-14,0.0,0.0,0.0,0.0,0.0,0.0,0.0,0.0,5569,1754
2020-09-07 04:00:00,1756.1630789302021,6.821210263296964e-14,0.0,0.0,0.0,0.0,0.0,0.0,0.0,0.0,5521,1756
2020-09-07 05:00:00,2006.1630789302021,-1.1368683772161603e-13,0.0,0.0,0.0,0.0,0.0,0.0,0.0,0.0,5588,2006
2020-09-07 06:00:00,2676.163078930202,-1.1368683772161603e-13,0.0,0.0,0.0,0.0,0.0,0.0,0.0,0.0,5743,2676
2020-09-07 07:00:00,3392.163078930203,-1.0231815394945443e-12,0.0,0.0,0.0,0.0,0.0,0.0,0.0,0.0,5767,3392
2020-09-07 08:00:00,3482.1630789302017,6.821210263296964e-14,0.0,0.0,0.0,0.0,0.0,0.0,0.0,0.0,6143,3482
2020-09-07 09:00:00,3546.163078930202,6.821210263296964e-14,0.0,0.0,0.0,0.0,0.0,0.0,0.0,0.0,6508,3546
2020-09-07 10:00:00,3272.163078930202,6.821210263296964e-14,0.0,0.0,0.0,0.0,0.0,0.0,0.0,0.0,7082,3272
2020-09-07 11:00:00,3358.163078930202,6.821210263296964e-14,0.0,0.0,0.0,0.0,0.0,0.0,0.0,0.0,7270,3358
2020-09-07 12:00:00,3639.1630789302017,6.821210263296964e-14,0.0,0.0,0.0,0.0,0.0,0.0,0.0,0.0,7136,3639
2020-09-07 13:00:00,3985.163078930202,6.821210263296964e-14,0.0,0.0,0.0,0.0,0.0,0.0,0.0,0.0,6748,3985
2020-09-07 14:00:00,4278.1630789302035,-1.1368683772161603e-13,0.0,0.0,0.0,0.0,0.0,0.0,0.0,0.0,6598,4278
2020-09-07 15:00:00,4562.1630789302035,-1.1368683772161603e-13,0.0,0.0,0.0,0.0,0.0,0.0,0.0,0.0,6207,4562
2020-09-07 16:00:00,4770.0,-1.7053025658242404e-14,0.0,0.0,0.0,0.0,0.0,106.16307893020212,0.0,0.0,5742,4876
2020-09-07 17:00:00,5088.163078930203,6.821210263296964e-14,0.0,0.0,0.0,0.0,0.0,0.0,0.0,0.0,5382,5088
2020-09-07 18:00:00,4718.163078930202,6.821210263296964e-14,0.0,0.0,0.0,0.0,0.0,0.0,0.0,0.0,5652,4718
2020-09-07 19:00:00,4457.1630789302035,-1.5916157281026248e-13,0.0,0.0,0.0,0.0,0.0,0.0,0.0,0.0,5630,4457
2020-09-07 20:00:00,4147.163078930202,6.821210263296964e-14,0.0,0.0,0.0,0.0,0.0,0.0,0.0,0.0,5515,4147
2020-09-07 21:00:00,4045.1630789302017,6.821210263296964e-14,0.0,0.0,0.0,0.0,0.0,0.0,0.0,0.0,5268,4045
2020-09-07 22:00:00,4037.1630789302017,6.821210263296964e-14,0.0,0.0,0.0,0.0,0.0,0.0,0.0,0.0,5369,4037
2020-09-07 23:00:00,3876.1630789302017,6.821210263296964e-14,0.0,0.0,0.0,0.0,0.0,0.0,0.0,0.0,5336,3876
2020-09-08 00:00:00,2917.1630789302017,4.3200998334214094e-13,0.0,0.0,0.0,0.0,0.0,0.0,0.0,0.0,5400,2917
2020-09-08 01:00:00,2386.163078930202,6.821210263296964e-14,0.0,0.0,0.0,0.0,0.0,0.0,0.0,0.0,5532,2386
2020-09-08 02:00:00,2219.1630789302017,6.821210263296964e-14,0.0,0.0,0.0,0.0,0.0,0.0,0.0,0.0,5405,2219
2020-09-08 03:00:00,2049.1630789302026,-4.774847184307873e-13,0.0,0.0,0.0,0.0,0.0,0.0,0.0,0.0,5240,2049
2020-09-08 04:00:00,1926.1630789302021,6.821210263296964e-14,0.0,0.0,0.0,0.0,0.0,0.0,0.0,0.0,5309,1926
2020-09-08 05:00:00,2209.1630789302026,-4.774847184307873e-13,0.0,0.0,0.0,0.0,0.0,0.0,0.0,0.0,5340,2209
2020-09-08 06:00:00,2864.1630789302017,6.821210263296964e-14,0.0,0.0,0.0,0.0,0.0,0.0,0.0,0.0,5508,2864
2020-09-08 07:00:00,3076.163078930201,4.3200998334214094e-13,0.0,0.0,0.0,0.0,0.0,0.0,0.0,0.0,6022,3076
2020-09-08 08:00:00,3296.163078930202,0.0,0.0,0.0,0.0,0.0,0.0,0.0,0.0,0.0,6260,3296
2020-09-08 09:00:00,3662.1630789302017,1.8679151401023014e-14,0.0,0.0,0.0,0.0,0.0,0.0,0.0,0.0,6306,3662
2020-09-08 10:00:00,4499.163078930203,6.82121026329696e-14,0.0,0.0,0.0,0.0,0.0,0.0,0.0,0.0,5749,4499
2020-09-08 11:00:00,4976.1630789302035,-1.1368683772161608e-13,0.0,0.0,0.0,0.0,0.0,0.0,0.0,0.0,5531,4976
2020-09-08 12:00:00,5042.163078930203,0.0,0.0,0.0,0.0,0.0,0.0,0.0,0.0,0.0,5602,5042
2020-09-08 13:00:00,5140.1630789302035,1.8679151400991996e-14,0.0,0.0,0.0,0.0,0.0,0.0,0.0,0.0,5450,5140
2020-09-08 14:00:00,5142.163078930203,6.821210263296964e-14,0.0,0.0,0.0,0.0,0.0,0.0,0.0,0.0,5567,5142
2020-09-08 15:00:00,5063.1630789302035,6.821210263296964e-14,0.0,0.0,0.0,0.0,0.0,0.0,0.0,0.0,5526,5063
2020-09-08 16:00:00,5276.1630789302035,6.821210263296964e-14,0.0,0.0,0.0,0.0,0.0,0.0,0.0,0.0,5159,5276
2020-09-08 17:00:00,5369.1630789302035,-2.2737367544323214e-14,0.0,0.0,0.0,0.0,0.0,0.0,0.0,0.0,4924,5369
2020-09-08 18:00:00,5460.1630789302035,1.8679151400991996e-14,0.0,0.0,0.0,0.0,0.0,0.0,0.0,0.0,4764,5460
2020-09-08 19:00:00,5051.163078930203,-6.821210263296964e-14,0.0,0.0,0.0,0.0,0.0,0.0,0.0,0.0,4912,5051
2020-09-08 20:00:00,5087.1630789302035,6.821210263296964e-14,0.0,0.0,0.0,0.0,0.0,0.0,0.0,0.0,4460,5087
2020-09-08 21:00:00,4931.163078930203,3.4106051316484814e-14,0.0,0.0,0.0,0.0,0.0,0.0,0.0,0.0,4264,4931
2020-09-08 22:00:00,5155.1630789302035,6.821210263296964e-14,0.0,0.0,0.0,0.0,0.0,0.0,0.0,0.0,4127,5155
2020-09-08 23:00:00,930.0,3215.1630789302026,0.0,0.0,0.0,0.0,0.0,0.0,0.0,0.0,4967,4145
2020-09-09 00:00:00,2790.0,1012.9999999999999,0.0,0.0,0.0,69.16307893020212,0.0,0.0,0.0,0.0,4369,3872
2020-09-09 01:00:00,2785.163078930202,1012.9999999999999,0.0,0.0,0.0,0.0,0.0,0.0,0.0,0.0,4044,3798
2020-09-09 02:00:00,2625.163078930202,1012.9999999999999,0.0,0.0,0.0,0.0,0.0,0.0,0.0,0.0,3908,3638
2020-09-09 03:00:00,2790.0,-2.0463630789890888e-13,0.0,0.0,0.0,592.1630789302019,0.0,0.0,0.0,0.0,3826,3382
2020-09-09 04:00:00,2790.0,5.229594535194338e-13,0.0,0.0,0.0,598.1630789302017,0.0,0.0,0.0,0.0,3762,3388
2020-09-09 05:00:00,2790.0,6.821210263296958e-14,0.0,0.0,0.0,1015.1630789302016,0.0,0.0,0.0,0.0,3663,3805
2020-09-09 06:00:00,930.0,5.229594535194338e-13,0.0,0.0,0.0,4080.163078930201,0.0,0.0,0.0,0.0,3286,5010
2020-09-09 07:00:00,2790.0,2.273736754432321e-13,0.0,0.0,0.0,3145.163078930202,0.0,0.0,0.0,0.0,3075,5935
2020-09-09 08:00:00,2790.0,2.5011104298755534e-13,0.0,0.0,0.0,2528.163078930202,0.0,0.0,0.0,0.0,4150,5318
2020-09-09 09:00:00,2790.0,-2.046363078989089e-13,0.0,0.0,0.0,2685.163078930202,0.0,0.0,0.0,0.0,4393,5475
2020-09-09 10:00:00,2790.0,3.410605131648481e-13,0.0,0.0,0.0,2989.163078930202,0.0,0.0,0.0,0.0,4358,5779
2020-09-09 11:00:00,2790.0,5.229594535194338e-13,0.0,0.0,0.0,3677.163078930201,0.0,0.0,0.0,0.0,3927,6467
2020-09-09 12:00:00,2790.0,6.821210263296958e-14,0.0,0.0,0.0,3170.1630789302026,0.0,0.0,0.0,0.0,4573,5960
2020-09-09 13:00:00,2790.0,3.410605131648481e-13,0.0,0.0,0.0,3936.1630789302017,0.0,0.0,0.0,0.0,3752,6726
2020-09-09 14:00:00,2790.0,6.821210263296958e-14,0.0,0.0,0.0,3989.1630789302026,0.0,0.0,0.0,0.0,3808,6779
2020-09-09 15:00:00,2790.0,3.410605131648481e-13,0.0,0.0,0.0,4123.163078930202,0.0,0.0,0.0,0.0,3547,6913
2020-09-09 16:00:00,2790.0,6.821210263296958e-14,0.0,0.0,0.0,4434.163078930203,0.0,0.0,0.0,0.0,3079,7224
2020-09-09 17:00:00,2790.0,5.229594535194338e-13,0.0,0.0,0.0,4746.163078930202,0.0,0.0,0.0,0.0,2624,7536
2020-09-09 18:00:00,2790.0,-6.821210263296963e-14,0.0,0.0,0.0,4876.163078930203,0.0,0.0,0.0,0.0,2444,7666
2020-09-09 19:00:00,2790.0,3.410605131648481e-13,0.0,0.0,0.0,3644.163078930202,0.0,0.0,0.0,0.0,3429,6434
2020-09-09 20:00:00,930.0,1.432454155292362e-12,0.0,0.0,0.0,5079.163078930202,0.0,0.0,0.0,0.0,3447,6009
2020-09-09 21:00:00,2790.0,6.821210263296964e-14,0.0,0.0,0.0,2943.1630789302026,0.0,0.0,0.0,0.0,3372,5733
2020-09-09 22:00:00,2790.0,4.5474735088646414e-14,0.0,0.0,0.0,3974.163078930201,0.0,0.0,0.0,0.0,2428,6764
2020-09-09 23:00:00,5580.0,6.821210263296958e-14,0.0,0.0,0.0,987.163078930202,0.0,0.0,0.0,0.0,2479,6567
2020-09-10 00:00:00,5580.0,-1.1368683772161605e-13,0.0,0.0,0.0,141.16307893020348,0.0,0.0,0.0,0.0,2489,5721
2020-09-10 01:00:00,5069.163078930202,3.410605131648481e-13,0.0,0.0,0.0,0.0,0.0,0.0,0.0,0.0,2767,5069
2020-09-10 02:00:00,4388.163078930202,3.410605131648481e-13,0.0,0.0,0.0,0.0,0.0,0.0,0.0,0.0,3153,4388
2020-09-10 03:00:00,3736.163078930202,3.410605131648481e-13,0.0,0.0,0.0,0.0,0.0,0.0,0.0,0.0,3490,3736
2020-09-10 04:00:00,3272.1630789302017,-2.046363078989089e-13,0.0,0.0,0.0,0.0,0.0,0.0,0.0,0.0,3921,3272
2020-09-10 05:00:00,3189.1630789302017,3.410605131648481e-13,0.0,0.0,0.0,0.0,0.0,0.0,0.0,0.0,4324,3189
2020-09-10 06:00:00,3823.1630789302017,-2.046363078989089e-13,0.0,0.0,0.0,0.0,0.0,0.0,0.0,0.0,4562,3823
2020-09-10 07:00:00,4276.163078930202,2.273736754432321e-13,0.0,0.0,0.0,0.0,0.0,0.0,0.0,0.0,4819,4276
2020-09-10 08:00:00,3884.163078930202,-4.774847184307874e-13,0.0,0.0,0.0,0.0,0.0,0.0,0.0,0.0,5639,3884
2020-09-10 09:00:00,2510.3847031963123,-6.821210263296963e-14,0.0,0.0,0.0,1421.7783757338898,0.0,0.0,0.0,0.0,5990,3932
2020-09-10 10:00:00,3903.163078930202,-4.774847184307874e-13,0.0,0.0,0.0,0.0,0.0,0.0,0.0,0.0,6223,3903
2020-09-10 11:00:00,4422.163078930203,-6.821210263296963e-14,0.0,0.0,0.0,0.0,0.0,0.0,0.0,0.0,5879,4422
2020-09-10 12:00:00,4631.1630789302035,-1.1368683772161605e-13,0.0,0.0,0.0,0.0,0.0,0.0,0.0,0.0,5764,4631
2020-09-10 13:00:00,4568.1630789302035,-4.774847184307874e-13,0.0,0.0,0.0,0.0,0.0,0.0,0.0,0.0,5642,4568
2020-09-10 14:00:00,4534.1630789302035,-6.821210263296963e-14,0.0,0.0,0.0,0.0,0.0,0.0,0.0,0.0,5670,4534
2020-09-10 15:00:00,4643.1630789302035,-4.774847184307874e-13,0.0,0.0,0.0,0.0,0.0,0.0,0.0,0.0,5325,4643
2020-09-10 16:00:00,4669.1630789302035,-1.1368683772161605e-13,0.0,0.0,0.0,0.0,0.0,0.0,0.0,0.0,5050,4669
2020-09-10 17:00:00,4689.1630789302035,-4.774847184307874e-13,0.0,0.0,0.0,0.0,0.0,0.0,0.0,0.0,4892,4689
2020-09-10 18:00:00,4799.1630789302035,-6.821210263296963e-14,0.0,0.0,0.0,0.0,0.0,0.0,0.0,0.0,4718,4799
2020-09-10 19:00:00,4834.1630789302035,-4.774847184307874e-13,0.0,0.0,0.0,0.0,0.0,0.0,0.0,0.0,4475,4834
2020-09-10 20:00:00,4659.1630789302035,-6.821210263296963e-14,0.0,0.0,0.0,0.0,0.0,0.0,0.0,0.0,4365,4659
2020-09-10 21:00:00,4522.1630789302035,-1.1368683772161605e-13,0.0,0.0,0.0,0.0,0.0,0.0,0.0,0.0,4142,4522
2020-09-10 22:00:00,4898.1630789302035,-2.046363078989089e-13,0.0,0.0,0.0,0.0,0.0,0.0,0.0,0.0,3909,4898
2020-09-10 23:00:00,4777.1630789302035,-6.821210263296963e-14,0.0,0.0,0.0,0.0,0.0,0.0,0.0,0.0,3925,4777
2020-09-11 00:00:00,3694.163078930202,-1.3642420526593926e-13,0.0,0.0,0.0,0.0,0.0,0.0,0.0,0.0,4184,3694
2020-09-11 01:00:00,3499.163078930202,1.5916157281026248e-13,0.0,0.0,0.0,0.0,0.0,0.0,0.0,0.0,3928,3499
2020-09-11 02:00:00,3602.163078930202,-1.3642420526593926e-13,0.0,0.0,0.0,0.0,0.0,0.0,0.0,0.0,3458,3602
2020-09-11 03:00:00,3535.1630789302017,1.5916157281026248e-13,0.0,0.0,0.0,0.0,0.0,0.0,0.0,0.0,3107,3535
2020-09-11 04:00:00,3353.163078930202,6.821210263296964e-14,0.0,0.0,0.0,0.0,0.0,0.0,0.0,0.0,3120,3353
2020-09-11 05:00:00,3825.1630789302017,6.821210263296964e-14,0.0,0.0,0.0,0.0,0.0,0.0,0.0,0.0,2692,3825
2020-09-11 06:00:00,1998.1630789302017,6.821210263296964e-14,0.0,0.0,0.0,0.0,0.0,0.0,0.0,0.0,4764,1998
2020-09-11 07:00:00,3800.163078930202,-1.3642420526593926e-13,0.0,0.0,0.0,0.0,0.0,0.0,0.0,0.0,3100,3800
2020-09-11 08:00:00,3960.0,1.5916157281026248e-13,0.0,0.0,0.0,37.163078930202055,0.0,0.0,0.0,0.0,3435,3997
2020-09-11 09:00:00,2333.163078930202,-1.3642420526593926e-13,0.0,0.0,0.0,0.0,0.0,0.0,0.0,0.0,5658,2333
2020-09-11 10:00:00,2338.163078930202,1.5916157281026248e-13,0.0,0.0,0.0,0.0,0.0,0.0,0.0,0.0,5920,2338
2020-09-11 11:00:00,3812.163078930202,-1.3642420526593926e-13,0.0,0.0,0.0,0.0,0.0,0.0,0.0,0.0,4663,3812
2020-09-11 12:00:00,2697.163078930202,1.5916157281026248e-13,0.0,0.0,0.0,0.0,0.0,0.0,0.0,0.0,6123,2697
2020-09-11 13:00:00,3196.163078930202,-1.3642420526593926e-13,0.0,0.0,0.0,0.0,0.0,0.0,0.0,0.0,5305,3196
2020-09-11 14:00:00,2736.163078930202,1.5916157281026248e-13,0.0,0.0,0.0,0.0,0.0,0.0,0.0,0.0,5552,2736
2020-09-11 15:00:00,3098.163078930202,1.5916157281026248e-13,0.0,0.0,0.0,0.0,0.0,0.0,0.0,0.0,4918,3098
2020-09-11 16:00:00,3091.163078930202,6.821210263296964e-14,0.0,0.0,0.0,0.0,0.0,0.0,0.0,0.0,4710,3091
2020-09-11 17:00:00,2764.1630789302017,6.821210263296964e-14,0.0,0.0,0.0,0.0,0.0,0.0,0.0,0.0,4950,2764
2020-09-11 18:00:00,3150.0,6.821210263296964e-14,0.0,0.0,0.0,1105.1630789302026,0.0,0.0,0.0,0.0,3549,4255
2020-09-11 19:00:00,3150.0,6.821210263296964e-14,0.0,0.0,0.0,688.1630789302022,0.0,0.0,0.0,0.0,4001,3838
2020-09-11 20:00:00,2723.163078930202,6.821210263296964e-14,0.0,0.0,0.0,0.0,0.0,0.0,0.0,0.0,5140,2723
2020-09-11 21:00:00,3150.0,3.410605131648481e-13,0.0,0.0,0.0,1613.163078930203,0.0,0.0,0.0,0.0,2916,4763
2020-09-11 22:00:00,3069.163078930202,-1.3642420526593926e-13,0.0,0.0,0.0,0.0,0.0,0.0,0.0,0.0,4869,3069
2020-09-11 23:00:00,2340.0,1.5916157281026248e-13,0.0,0.0,0.0,916.163078930202,0.0,0.0,0.0,0.0,4796,3256
2020-09-12 00:00:00,2340.0,-1.1368683772161605e-13,0.0,0.0,0.0,2436.163078930203,0.0,0.0,0.0,0.0,2602,4776
2020-09-12 01:00:00,3150.0,3.410605131648481e-13,0.0,0.0,0.0,1255.1630789302012,0.0,0.0,0.0,0.0,2537,4405
2020-09-12 02:00:00,2268.1630789302017,3.410605131648481e-13,0.0,0.0,0.0,0.0,0.0,0.0,0.0,0.0,4291,2268
2020-09-12 03:00:00,1980.0,-2.0463630789890888e-13,0.0,0.0,0.0,237.16307893020215,0.0,0.0,0.0,0.0,3919,2217
2020-09-12 04:00:00,1980.0,-2.046363078989089e-13,0.0,0.0,0.0,64.16307893020254,0.0,0.0,0.0,0.0,3889,2044
2020-09-12 05:00:00,1450.1630789302012,3.410605131648481e-13,0.0,0.0,0.0,0.0,0.0,0.0,0.0,0.0,4450,1450
2020-09-12 06:00:00,793.1630789302019,3.410605131648481e-13,0.0,0.0,0.0,0.0,0.0,0.0,0.0,0.0,5204,793
2020-09-12 07:00:00,630.0,-2.046363078989089e-13,0.0,0.0,0.0,0.0,16.836921069797427,0.0,0.0,0.0,5358,613
2020-09-12 08:00:00,2372.163078930201,8.86757334228605e-13,0.0,0.0,0.0,0.0,0.0,0.0,0.0,0.0,4031,2372
2020-09-12 09:00:00,2790.0,6.821210263296964e-14,0.0,0.0,0.0,129.53538812785365,0.0,12.62769080234807,0.0,0.0,4022,2932
2020-09-12 10:00:00,933.1630789302021,-2.046363078989089e-13,0.0,0.0,0.0,0.0,0.0,0.0,0.0,0.0,6397,933
2020-09-12 11:00:00,1257.1630789302012,8.86757334228605e-13,0.0,0.0,0.0,0.0,0.0,0.0,0.0,0.0,6389,1257
2020-09-12 12:00:00,2790.0,-2.046363078989089e-13,0.0,0.0,0.0,610.163078930202,0.0,0.0,0.0,0.0,4637,3400
2020-09-12 13:00:00,1406.1630789302012,8.86757334228605e-13,0.0,0.0,0.0,0.0,0.0,0.0,0.0,0.0,6234,1406
2020-09-12 14:00:00,1366.1630789302021,-2.046363078989089e-13,0.0,0.0,0.0,0.0,0.0,0.0,0.0,0.0,5950,1366
2020-09-12 15:00:00,1372.163078930202,3.410605131648481e-13,0.0,0.0,0.0,0.0,0.0,0.0,0.0,0.0,5656,1372
2020-09-12 16:00:00,2594.1630789302017,3.410605131648481e-13,0.0,0.0,0.0,0.0,0.0,0.0,0.0,0.0,4257,2594
2020-09-12 17:00:00,1396.163078930202,3.410605131648481e-13,0.0,0.0,0.0,0.0,0.0,0.0,0.0,0.0,5469,1396
2020-09-12 18:00:00,3600.0,-2.046363078989089e-13,0.0,0.0,0.0,149.1630789302021,0.0,0.0,0.0,0.0,3396,3749
2020-09-12 19:00:00,3447.1630789302017,3.410605131648481e-13,0.0,0.0,0.0,0.0,0.0,0.0,0.0,0.0,4029,3447
2020-09-12 20:00:00,3600.0,3.410605131648481e-13,0.0,0.0,0.0,767.1630789302023,0.0,0.0,0.0,0.0,3372,4367
2020-09-12 21:00:00,2586.163078930202,-2.046363078989089e-13,0.0,0.0,0.0,0.0,0.0,0.0,0.0,0.0,4982,2586
2020-09-12 22:00:00,2621.163078930202,-2.046363078989089e-13,0.0,0.0,0.0,0.0,0.0,0.0,0.0,0.0,5108,2621
2020-09-12 23:00:00,2475.163078930202,-2.046363078989089e-13,0.0,0.0,0.0,0.0,0.0,0.0,0.0,0.0,5337,2475
2020-09-13 00:00:00,3600.0,9.777068044058978e-13,0.0,0.0,0.0,492.1630789302012,0.0,0.0,0.0,0.0,3092,4092
2020-09-13 01:00:00,3596.163078930202,-1.3642420526593926e-13,0.0,0.0,0.0,0.0,0.0,0.0,0.0,0.0,3219,3596
2020-09-13 02:00:00,2331.1630789302017,1.5916157281026248e-13,0.0,0.0,0.0,0.0,0.0,0.0,0.0,0.0,4190,2331
2020-09-13 03:00:00,2407.163078930202,1.5916157281026248e-13,0.0,0.0,0.0,0.0,0.0,0.0,0.0,0.0,3784,2407
2020-09-13 04:00:00,2337.163078930202,6.821210263296964e-14,0.0,0.0,0.0,0.0,0.0,0.0,0.0,0.0,3865,2337
2020-09-13 05:00:00,2365.1630789302017,6.821210263296964e-14,0.0,0.0,0.0,0.0,0.0,0.0,0.0,0.0,4317,2365
2020-09-13 06:00:00,3496.163078930202,-1.3642420526593926e-13,0.0,0.0,0.0,0.0,0.0,0.0,0.0,0.0,4201,3496
2020-09-13 07:00:00,2286.1630789302017,1.5916157281026248e-13,0.0,0.0,0.0,0.0,0.0,0.0,0.0,0.0,6087,2286
2020-09-13 08:00:00,2484.163078930202,6.821210263296964e-14,0.0,0.0,0.0,0.0,0.0,0.0,0.0,0.0,6367,2484
2020-09-13 09:00:00,2753.1630789302017,6.821210263296964e-14,0.0,0.0,0.0,0.0,0.0,0.0,0.0,0.0,6439,2753
2020-09-13 10:00:00,3060.1630789302026,6.821210263296964e-14,0.0,0.0,0.0,0.0,0.0,0.0,0.0,0.0,6303,3060
2020-09-13 11:00:00,3230.1630789302017,6.821210263296964e-14,0.0,0.0,0.0,0.0,0.0,0.0,0.0,0.0,6324,3230
2020-09-13 12:00:00,3318.163078930202,0.0,0.0,0.0,0.0,0.0,0.0,0.0,0.0,0.0,6338,3318
2020-09-13 13:00:00,3908.163078930202,6.821210263296964e-14,0.0,0.0,0.0,0.0,0.0,0.0,0.0,0.0,5624,3908
2020-09-13 14:00:00,3707.163078930201,9.777068044058978e-13,0.0,0.0,0.0,0.0,0.0,0.0,0.0,0.0,5754,3707
2020-09-13 15:00:00,3760.163078930202,6.821210263296964e-14,0.0,0.0,0.0,0.0,0.0,0.0,0.0,0.0,5470,3760
2020-09-13 16:00:00,3828.163078930201,9.777068044058978e-13,0.0,0.0,0.0,0.0,0.0,0.0,0.0,0.0,5188,3828
2020-09-13 17:00:00,3656.1630789302017,6.821210263296958e-14,0.0,0.0,0.0,0.0,0.0,0.0,0.0,0.0,5255,3656
2020-09-13 18:00:00,4770.0,6.821210263296964e-14,0.0,0.0,0.0,12.163078930202962,0.0,0.0,0.0,0.0,4323,4782
2020-09-13 19:00:00,3311.163078930202,6.821210263296964e-14,0.0,0.0,0.0,0.0,0.0,0.0,0.0,0.0,5754,3311
2020-09-13 20:00:00,3195.1630789302017,6.821210263296964e-14,0.0,0.0,0.0,0.0,0.0,0.0,0.0,0.0,5546,3195
2020-09-13 21:00:00,3371.163078930202,6.821210263296964e-14,0.0,0.0,0.0,0.0,0.0,0.0,0.0,0.0,4881,3371
2020-09-13 22:00:00,3399.163078930202,-2.0463630789890888e-13,0.0,0.0,0.0,0.0,0.0,0.0,0.0,0.0,4979,3399
2020-09-13 23:00:00,3304.1630789302017,1.5916157281026248e-13,0.0,0.0,0.0,0.0,0.0,0.0,0.0,0.0,5113,3304
2020-09-14 00:00:00,4291.163078930203,6.821210263296958e-14,0.0,0.0,0.0,0.0,0.0,0.0,0.0,0.0,3489,4291
2020-09-14 01:00:00,4171.163078930202,6.821210263296964e-14,0.0,0.0,0.0,0.0,0.0,0.0,0.0,0.0,3228,4171
2020-09-14 02:00:00,3234.1630789302017,6.821210263296958e-14,0.0,0.0,0.0,0.0,0.0,0.0,0.0,0.0,3879,3234
2020-09-14 03:00:00,3281.1630789302017,9.777068044058978e-13,0.0,0.0,0.0,0.0,0.0,0.0,0.0,0.0,3497,3281
2020-09-14 04:00:00,3256.1630789302017,6.821210263296958e-14,0.0,0.0,0.0,0.0,0.0,0.0,0.0,0.0,3460,3256
2020-09-14 05:00:00,4578.163078930202,9.777068044058978e-13,0.0,0.0,0.0,0.0,0.0,0.0,0.0,0.0,2516,4578
2020-09-14 06:00:00,4426.163078930203,9.777068044058978e-13,0.0,0.0,0.0,0.0,0.0,0.0,0.0,0.0,3622,4426
2020-09-14 07:00:00,4941.163078930203,6.821210263296964e-14,0.0,0.0,0.0,0.0,0.0,0.0,0.0,0.0,3778,4941
2020-09-14 08:00:00,4864.163078930202,9.777068044058978e-13,0.0,0.0,0.0,0.0,0.0,0.0,0.0,0.0,4294,4864
2020-09-14 09:00:00,4210.163078930203,6.821210263296958e-14,0.0,0.0,0.0,0.0,0.0,0.0,0.0,0.0,5257,4210
2020-09-14 10:00:00,3627.1630789302017,9.777068044058978e-13,0.0,0.0,0.0,0.0,0.0,0.0,0.0,0.0,5984,3627
2020-09-14 11:00:00,4329.163078930203,6.821210263296958e-14,0.0,0.0,0.0,0.0,0.0,0.0,0.0,0.0,5461,4329
2020-09-14 12:00:00,3984.1630789302026,-2.955857780762017e-13,0.0,0.0,0.0,0.0,0.0,0.0,0.0,0.0,5855,3984
2020-09-14 13:00:00,3459.1630789302017,-2.0463630789890888e-13,0.0,0.0,0.0,0.0,0.0,0.0,0.0,0.0,6250,3459
2020-09-14 14:00:00,3145.1630789302026,-2.955857780762017e-13,0.0,0.0,0.0,0.0,0.0,0.0,0.0,0.0,6573,3145
2020-09-14 15:00:00,3198.163078930202,4.3200998334214094e-13,0.0,0.0,0.0,0.0,0.0,0.0,0.0,0.0,6341,3198
2020-09-14 16:00:00,3095.1630789302017,6.821210263296964e-14,0.0,0.0,0.0,0.0,0.0,0.0,0.0,0.0,6283,3095
2020-09-14 17:00:00,3399.1630789302017,-2.955857780762017e-13,0.0,0.0,0.0,0.0,0.0,0.0,0.0,0.0,5892,3399
2020-09-14 18:00:00,3758.1630789302017,6.821210263296964e-14,0.0,0.0,0.0,0.0,0.0,0.0,0.0,0.0,5675,3758
2020-09-14 19:00:00,3418.1630789302017,1.5916157281026248e-13,0.0,0.0,0.0,0.0,0.0,0.0,0.0,0.0,5931,3418
2020-09-14 20:00:00,3131.1630789302017,6.821210263296964e-14,0.0,0.0,0.0,0.0,0.0,0.0,0.0,0.0,5919,3131
2020-09-14 21:00:00,2725.163078930202,-2.955857780762017e-13,0.0,0.0,0.0,0.0,0.0,0.0,0.0,0.0,5835,2725
2020-09-14 22:00:00,3039.163078930202,-2.955857780762017e-13,0.0,0.0,0.0,0.0,0.0,0.0,0.0,0.0,5641,3039
2020-09-14 23:00:00,2926.163078930202,-2.955857780762017e-13,0.0,0.0,0.0,0.0,0.0,0.0,0.0,0.0,5741,2926
2020-09-15 00:00:00,2370.1630789302026,-2.046363078989089e-13,0.0,0.0,0.0,0.0,0.0,0.0,0.0,0.0,5528,2370
2020-09-15 01:00:00,2061.1630789302026,-2.046363078989089e-13,0.0,0.0,0.0,0.0,0.0,0.0,0.0,0.0,5452,2061
2020-09-15 02:00:00,1560.0,8.86757334228605e-13,0.0,0.0,0.0,252.16307893020144,0.0,0.0,0.0,0.0,5411,1812
2020-09-15 03:00:00,1560.0,-2.046363078989089e-13,0.0,0.0,0.0,0.0,57.83692106979743,0.0,0.0,0.0,5386,1502
2020-09-15 04:00:00,1560.0,1.1368683772161605e-13,0.0,0.0,0.0,0.0,43.83692106979793,0.0,0.0,0.0,5309,1516
2020-09-15 05:00:00,1761.1630789302021,-2.046363078989089e-13,0.0,0.0,0.0,0.0,0.0,0.0,0.0,0.0,5429,1761
2020-09-15 06:00:00,2800.907697325506,-2.046363078989089e-13,0.0,0.0,0.0,0.0,0.0,76.25538160469652,0.0,0.0,5254,2877
2020-09-15 07:00:00,3477.163078930202,-2.046363078989089e-13,0.0,0.0,0.0,0.0,0.0,0.0,0.0,0.0,5334,3477
2020-09-15 08:00:00,3477.163078930202,1.1368683772161605e-13,0.0,0.0,0.0,0.0,0.0,0.0,0.0,0.0,5774,3477
2020-09-15 09:00:00,3214.1630789302017,1.1368683772161605e-13,0.0,0.0,0.0,0.0,0.0,0.0,0.0,0.0,6365,3214
2020-09-15 10:00:00,2937.1630789302017,3.410605131648481e-13,0.0,0.0,0.0,0.0,0.0,0.0,0.0,0.0,6814,2937
2020-09-15 11:00:00,3122.1630789302017,8.86757334228605e-13,0.0,0.0,0.0,0.0,0.0,0.0,0.0,0.0,6837,3122
2020-09-15 12:00:00,2956.1630789302026,-2.046363078989089e-13,0.0,0.0,0.0,0.0,0.0,0.0,0.0,0.0,7081,2956
2020-09-15 13:00:00,2813.1630789302026,-2.046363078989089e-13,0.0,0.0,0.0,0.0,0.0,0.0,0.0,0.0,7132,2813
2020-09-15 14:00:00,2814.163078930202,6.821210263296964e-14,0.0,0.0,0.0,0.0,0.0,0.0,0.0,0.0,7199,2814
2020-09-15 15:00:00,2792.163078930201,8.86757334228605e-13,0.0,0.0,0.0,0.0,0.0,0.0,0.0,0.0,7079,2792
2020-09-15 16:00:00,2992.163078930202,-4.5474735088646414e-14,0.0,0.0,0.0,0.0,0.0,0.0,0.0,0.0,6732,2992
2020-09-15 17:00:00,3447.163078930202,-4.5474735088646414e-14,0.0,0.0,0.0,0.0,0.0,0.0,0.0,0.0,6181,3447
2020-09-15 18:00:00,3872.163078930202,-4.5474735088646414e-14,0.0,0.0,0.0,0.0,0.0,0.0,0.0,0.0,5836,3872
2020-09-15 19:00:00,3868.1630789302017,3.4106051316484814e-13,0.0,0.0,0.0,0.0,0.0,0.0,0.0,0.0,5709,3868
2020-09-15 20:00:00,3946.163078930202,6.821210263296964e-14,0.0,0.0,0.0,0.0,0.0,0.0,0.0,0.0,5310,3946
2020-09-15 21:00:00,3600.0,6.821210263296964e-14,0.0,0.0,0.0,57.16307893020196,0.0,0.0,0.0,0.0,5107,3657
2020-09-15 22:00:00,3600.0,-9.37745858172572e-14,0.0,0.0,0.0,250.16307893020223,0.0,0.0,0.0,0.0,5042,3850
2020-09-15 23:00:00,0.0,3554.9999999999995,0.0,0.0,0.0,135.16307893020235,0.0,0.0,0.0,0.0,5144,3690
2020-09-16 00:00:00,0.0,1012.9999999999998,0.0,0.0,4.263256414560601e-13,1990.163078930202,0.0,0.0,0.0,0.0,5019,3003
2020-09-16 01:00:00,0.0,1012.9999999999998,0.0,0.0,4.263256414560601e-13,1765.163078930202,0.0,0.0,0.0,0.0,4856,2778
2020-09-16 02:00:00,0.0,1012.9999999999998,0.0,4.263256414560601e-13,0.0,1290.163078930202,0.0,0.0,0.0,0.0,5041,2303
2020-09-16 03:00:00,0.0,6.821210263296964e-14,0.0,0.0,0.0,2094.163078930202,0.0,0.0,0.0,0.0,4919,2094
2020-09-16 04:00:00,0.0,2.9558577807620174e-13,0.0,0.0,0.0,1923.1630789302017,0.0,0.0,0.0,0.0,5031,1923
2020-09-16 05:00:00,0.0,6.821210263296964e-14,0.0,0.0,-4.547473508864641e-13,2243.1630789302026,0.0,0.0,0.0,0.0,5068,2243
2020-09-16 06:00:00,0.0,1.818989403545857e-13,0.0,0.0,0.0,3262.163078930202,0.0,0.0,0.0,0.0,4980,3262
2020-09-16 07:00:00,0.0,1.5916157281026248e-13,0.0,0.0,0.0,3915.1630789302026,0.0,0.0,0.0,0.0,5024,3915
2020-09-16 08:00:00,0.0,1.818989403545857e-13,0.0,0.0,0.0,4118.163078930203,0.0,0.0,0.0,0.0,5263,4118
2020-09-16 09:00:00,0.0,-2.9558577807620164e-13,0.0,0.0,0.0,3810.1630789302026,0.0,0.0,0.0,0.0,5918,3810
2020-09-16 10:00:00,0.0,6.821210263296964e-14,0.0,0.0,0.0,3580.1630789302017,0.0,0.0,0.0,0.0,6343,3580
2020-09-16 11:00:00,0.0,1.818989403545857e-13,0.0,0.0,0.0,3430.163078930202,0.0,0.0,0.0,0.0,6711,3430
2020-09-16 12:00:00,0.0,6.821210263296964e-14,0.0,0.0,0.0,3349.1630789302017,0.0,0.0,0.0,0.0,6875,3349
2020-09-16 13:00:00,0.0,1.818989403545857e-13,0.0,0.0,0.0,3232.163078930202,0.0,0.0,0.0,0.0,6906,3232
2020-09-16 14:00:00,0.0,-1.70530256582424e-13,0.0,0.0,0.0,3648.1630789302017,0.0,0.0,0.0,0.0,6576,3648
2020-09-16 15:00:00,0.0,1.818989403545857e-13,0.0,0.0,0.0,3977.1630789302026,0.0,0.0,0.0,0.0,6107,3977
2020-09-16 16:00:00,0.0,6.821210263296964e-14,0.0,0.0,0.0,4246.163078930203,0.0,0.0,0.0,0.0,5679,4246
2020-09-16 17:00:00,0.0,1.818989403545857e-13,0.0,0.0,0.0,4762.163078930203,0.0,0.0,0.0,0.0,5043,4762
2020-09-16 18:00:00,0.0,1.818989403545857e-13,0.0,0.0,0.0,5149.163078930203,0.0,0.0,0.0,0.0,4689,5149
2020-09-16 19:00:00,0.0,-1.70530256582424e-13,0.0,0.0,0.0,4719.163078930203,0.0,0.0,0.0,0.0,4958,4719
2020-09-16 20:00:00,0.0,1.818989403545857e-13,0.0,0.0,0.0,4309.163078930203,0.0,0.0,0.0,0.0,5030,4309
2020-09-16 21:00:00,0.0,6.821210263296964e-14,0.0,0.0,0.0,3852.1630789302017,0.0,0.0,0.0,0.0,4990,3852
2020-09-16 22:00:00,0.0,1.818989403545857e-13,0.0,0.0,0.0,3811.1630789302026,0.0,0.0,0.0,0.0,5159,3811
2020-09-16 23:00:00,3707.163078930202,-1.70530256582424e-13,0.0,0.0,0.0,0.0,0.0,0.0,0.0,0.0,5185,3707
2020-09-17 00:00:00,2587.1630789302017,5.229594535194338e-13,0.0,0.0,0.0,0.0,0.0,0.0,0.0,0.0,5554,2587
2020-09-17 01:00:00,1948.1630789302021,-2.046363078989089e-13,0.0,0.0,0.0,0.0,0.0,0.0,0.0,0.0,5811,1948
2020-09-17 02:00:00,1717.163078930202,4.547473508864641e-13,0.0,0.0,0.0,0.0,0.0,0.0,0.0,0.0,5760,1717
2020-09-17 03:00:00,1339.163078930202,4.547473508864641e-13,0.0,0.0,0.0,0.0,0.0,0.0,0.0,0.0,5812,1339
2020-09-17 04:00:00,1370.1630789302017,3.410605131648481e-13,0.0,0.0,0.0,0.0,0.0,0.0,0.0,0.0,5714,1370
2020-09-17 05:00:00,1728.163078930202,4.547473508864641e-13,0.0,0.0,0.0,0.0,0.0,0.0,0.0,0.0,5700,1728
2020-09-17 06:00:00,2850.1630789302017,3.410605131648481e-13,0.0,0.0,0.0,0.0,0.0,0.0,0.0,0.0,5511,2850
2020-09-17 07:00:00,3866.1630789302026,4.547473508864641e-13,0.0,0.0,0.0,0.0,0.0,0.0,0.0,0.0,5207,3866
2020-09-17 08:00:00,4150.163078930203,1.0231815394945447e-13,0.0,0.0,0.0,0.0,0.0,0.0,0.0,0.0,5313,4150
2020-09-17 09:00:00,4220.163078930203,5.229594535194338e-13,0.0,0.0,0.0,0.0,0.0,0.0,0.0,0.0,5582,4220
2020-09-17 10:00:00,4359.163078930203,3.410605131648481e-13,0.0,0.0,0.0,0.0,0.0,0.0,0.0,0.0,5612,4359
2020-09-17 11:00:00,4438.163078930203,4.547473508864641e-13,0.0,0.0,0.0,0.0,0.0,0.0,0.0,0.0,5713,4438
2020-09-17 12:00:00,4591.163078930203,5.229594535194338e-13,0.0,0.0,0.0,0.0,0.0,0.0,0.0,0.0,5639,4591
2020-09-17 13:00:00,4474.163078930203,6.821210263296964e-14,0.0,0.0,0.0,0.0,0.0,0.0,0.0,0.0,5616,4474
2020-09-17 14:00:00,4574.163078930203,5.229594535194338e-13,0.0,0.0,0.0,0.0,0.0,0.0,0.0,0.0,5553,4574
2020-09-17 15:00:00,4547.163078930203,3.410605131648481e-13,0.0,0.0,0.0,0.0,0.0,0.0,0.0,0.0,5417,4547
2020-09-17 16:00:00,4738.163078930203,5.229594535194338e-13,0.0,0.0,0.0,0.0,0.0,0.0,0.0,0.0,5023,4738
2020-09-17 17:00:00,5182.163078930203,6.821210263296964e-14,0.0,0.0,0.0,0.0,0.0,0.0,0.0,0.0,4502,5182
2020-09-17 18:00:00,5451.163078930203,4.547473508864641e-13,0.0,0.0,0.0,0.0,0.0,0.0,0.0,0.0,4216,5451
2020-09-17 19:00:00,5195.163078930203,6.821210263296964e-14,0.0,0.0,0.0,0.0,0.0,0.0,0.0,0.0,4302,5195
2020-09-17 20:00:00,4725.163078930203,4.547473508864641e-13,0.0,0.0,0.0,0.0,0.0,0.0,0.0,0.0,4508,4725
2020-09-17 21:00:00,4215.163078930203,4.547473508864641e-13,0.0,0.0,0.0,0.0,0.0,0.0,0.0,0.0,4542,4215
2020-09-17 22:00:00,4464.163078930203,3.410605131648481e-13,0.0,0.0,0.0,0.0,0.0,0.0,0.0,0.0,4470,4464
2020-09-17 23:00:00,4356.163078930202,3.410605131648481e-13,0.0,0.0,0.0,0.0,0.0,0.0,0.0,0.0,4504,4356
2020-09-18 00:00:00,2901.1630789302026,5.1159076974727215e-14,0.0,0.0,0.0,0.0,0.0,0.0,0.0,0.0,5093,2901
2020-09-18 01:00:00,2348.1630789302017,5.1159076974727215e-14,0.0,0.0,0.0,0.0,0.0,0.0,0.0,0.0,5198,2348
2020-09-18 02:00:00,1917.1630789302023,-1.8758328224066641e-13,0.0,0.0,0.0,0.0,0.0,0.0,0.0,0.0,5262,1917
2020-09-18 03:00:00,1377.1630789302021,5.1159076974727215e-14,0.0,0.0,0.0,0.0,0.0,0.0,0.0,0.0,5379,1377
2020-09-18 04:00:00,1260.0,5.1159076974727215e-14,0.0,0.0,0.0,0.0,279.8369210697979,0.0,0.0,0.0,5597,980
2020-09-18 05:00:00,1260.0,1.6484591469634326e-13,0.0,0.0,0.0,0.0,225.83692106979788,0.0,0.0,0.0,5590,1034
2020-09-18 06:00:00,1267.1630789302021,5.1159076974727215e-14,0.0,0.0,0.0,0.0,0.0,0.0,0.0,0.0,5607,1267
2020-09-18 07:00:00,1595.1630789302021,1.875832822406665e-13,0.0,0.0,0.0,0.0,0.0,0.0,0.0,0.0,5467,1595
2020-09-18 08:00:00,1911.1630789302021,5.1159076974727215e-14,0.0,0.0,0.0,0.0,0.0,0.0,0.0,0.0,5662,1911
2020-09-18 09:00:00,2159.1630789302026,5.1159076974727215e-14,0.0,0.0,0.0,0.0,0.0,0.0,0.0,0.0,5991,2159
2020-09-18 10:00:00,2203.1630789302017,5.1159076974727215e-14,0.0,0.0,0.0,0.0,0.0,0.0,0.0,0.0,6229,2203
2020-09-18 11:00:00,2453.163078930203,-5.627498467219994e-13,0.0,0.0,0.0,0.0,0.0,0.0,0.0,0.0,6235,2453
2020-09-18 12:00:00,2560.1630789302017,1.6484591469634326e-13,0.0,0.0,0.0,0.0,0.0,0.0,0.0,0.0,6496,2560
2020-09-18 13:00:00,1826.1630789302026,5.1159076974727215e-14,0.0,0.0,0.0,0.0,0.0,0.0,0.0,0.0,6921,1826
2020-09-18 14:00:00,1662.163078930202,5.1159076974727215e-14,0.0,0.0,0.0,0.0,0.0,0.0,0.0,0.0,6915,1662
2020-09-18 15:00:00,1458.1630789302026,5.1159076974727215e-14,0.0,0.0,0.0,0.0,0.0,0.0,0.0,0.0,6894,1458
2020-09-18 16:00:00,1757.1630789302026,5.1159076974727215e-14,0.0,0.0,0.0,0.0,0.0,0.0,0.0,0.0,6427,1757
2020-09-18 17:00:00,2535.1630789302017,1.6484591469634326e-13,0.0,0.0,0.0,0.0,0.0,0.0,0.0,0.0,5582,2535
2020-09-18 18:00:00,3176.1630789302026,5.1159076974727215e-14,0.0,0.0,0.0,0.0,0.0,0.0,0.0,0.0,4995,3176
2020-09-18 19:00:00,3291.0871928680144,2.3305801732931294e-13,0.0,0.0,0.0,0.0,307.9241139378125,0.0,0.0,0.0,5245,2983
2020-09-18 20:00:00,3960.0,-1.8758328224066641e-13,0.0,0.0,0.0,0.0,2.836921069798336,0.0,0.0,0.0,4292,3957
2020-09-18 21:00:00,3651.1630789302026,1.6484591469634326e-13,0.0,0.0,0.0,0.0,0.0,0.0,0.0,0.0,4246,3651
2020-09-18 22:00:00,3960.0,5.1159076974727215e-14,0.0,0.0,0.0,0.0,0.0,271.1630789302026,0.0,0.0,3936,4231
2020-09-18 23:00:00,3960.0,1.1937117960769689e-13,0.0,0.0,0.0,0.0,0.0,341.1630789302024,0.0,0.0,3942,4301
2020-09-19 00:00:00,3852.1630789302026,2.3305801732931294e-13,0.0,0.0,0.0,0.0,0.0,0.0,0.0,0.0,3703,3852
2020-09-19 01:00:00,2782.1630789302026,5.1159076974727215e-14,0.0,0.0,0.0,0.0,0.0,0.0,0.0,0.0,4331,2782
2020-09-19 02:00:00,3668.1630789302026,1.6484591469634326e-13,0.0,0.0,0.0,0.0,0.0,0.0,0.0,0.0,3057,3668
2020-09-19 03:00:00,3427.1630789302017,5.1159076974727215e-14,0.0,0.0,0.0,0.0,0.0,0.0,0.0,0.0,2844,3427
2020-09-19 04:00:00,2813.713850837137,2.3305801732931294e-13,0.0,0.0,0.0,0.0,265.5507719069362,0.0,0.0,0.0,3498,2548
2020-09-19 05:00:00,1931.1630789302021,5.1159076974727215e-14,0.0,0.0,0.0,0.0,0.0,0.0,0.0,0.0,4064,1931
2020-09-19 06:00:00,3150.0,2.3305801732931294e-13,0.0,0.0,0.0,0.0,0.0,199.16307893020212,0.0,0.0,2748,3349
2020-09-19 07:00:00,2739.1630789302026,5.1159076974727215e-14,0.0,0.0,0.0,0.0,0.0,0.0,0.0,0.0,3351,2739
2020-09-19 08:00:00,2864.1630789302017,2.3305801732931294e-13,0.0,0.0,0.0,0.0,0.0,0.0,0.0,0.0,3652,2864
2020-09-19 09:00:00,960.0,2.3305801732931294e-13,0.0,0.0,0.0,0.0,119.83692106979788,0.0,0.0,0.0,6270,840
2020-09-19 10:00:00,1299.1630789302026,5.1159076974727215e-14,0.0,0.0,0.0,0.0,0.0,0.0,0.0,0.0,6230,1299
2020-09-19 11:00:00,1679.1630789302014,2.3305801732931294e-13,0.0,0.0,0.0,0.0,0.0,0.0,0.0,0.0,6211,1679
2020-09-19 12:00:00,2727.1630789302026,5.1159076974727215e-14,0.0,0.0,0.0,0.0,0.0,0.0,0.0,0.0,5558,2727
2020-09-19 13:00:00,2005.163078930202,2.3305801732931294e-13,0.0,0.0,0.0,0.0,0.0,0.0,0.0,0.0,5889,2005
2020-09-19 14:00:00,2058.1630789302026,5.1159076974727215e-14,0.0,0.0,0.0,0.0,0.0,0.0,0.0,0.0,5558,2058
2020-09-19 15:00:00,2146.1630789302017,1.6484591469634326e-13,0.0,0.0,0.0,0.0,0.0,0.0,0.0,0.0,5238,2146
2020-09-19 16:00:00,2180.163078930202,5.1159076974727215e-14,0.0,0.0,0.0,0.0,0.0,0.0,0.0,0.0,5077,2180
2020-09-19 17:00:00,2674.1630789302017,2.3305801732931294e-13,0.0,0.0,0.0,0.0,0.0,0.0,0.0,0.0,4620,2674
2020-09-19 18:00:00,1936.1630789302021,2.3305801732931294e-13,0.0,0.0,0.0,0.0,0.0,0.0,0.0,0.0,5623,1936
2020-09-19 19:00:00,3892.1630789302017,5.1159076974727215e-14,0.0,0.0,0.0,0.0,0.0,0.0,0.0,0.0,4020,3892
2020-09-19 20:00:00,2721.1630789302017,2.3305801732931294e-13,0.0,0.0,0.0,0.0,0.0,0.0,0.0,0.0,5395,2721
2020-09-19 21:00:00,3087.1630789302026,5.1159076974727215e-14,0.0,0.0,0.0,0.0,0.0,0.0,0.0,0.0,4687,3087
2020-09-19 22:00:00,3156.1630789302017,2.3305801732931294e-13,0.0,0.0,0.0,0.0,0.0,0.0,0.0,0.0,4813,3156
2020-09-19 23:00:00,3077.1630789302026,5.1159076974727215e-14,0.0,0.0,0.0,0.0,0.0,0.0,0.0,0.0,4947,3077
2020-09-20 00:00:00,2743.163078930202,3.240074875066057e-13,0.0,0.0,0.0,0.0,0.0,0.0,0.0,0.0,4621,2743
2020-09-20 01:00:00,3641.1630789302017,-2.2168933355715125e-13,0.0,0.0,0.0,0.0,0.0,0.0,0.0,0.0,3355,3641
2020-09-20 02:00:00,2759.1630789302008,1.4154011296341197e-12,0.0,0.0,0.0,0.0,0.0,0.0,0.0,0.0,3934,2759
2020-09-20 03:00:00,2851.163078930202,3.240074875066057e-13,0.0,0.0,0.0,0.0,0.0,0.0,0.0,0.0,3499,2851
2020-09-20 04:00:00,2919.1630789302026,-2.2168933355715125e-13,0.0,0.0,0.0,0.0,0.0,0.0,0.0,0.0,3426,2919
2020-09-20 05:00:00,3130.1630789302017,3.240074875066057e-13,0.0,0.0,0.0,0.0,0.0,0.0,0.0,0.0,3700,3130
2020-09-20 06:00:00,4755.1630789302035,-4.945377440890298e-13,0.0,0.0,0.0,0.0,0.0,0.0,0.0,0.0,3139,4755
2020-09-20 07:00:00,3671.163078930202,8.526512829121205e-14,0.0,0.0,0.0,0.0,0.0,0.0,0.0,0.0,5002,3671
2020-09-20 08:00:00,5580.0,-2.2168933355715125e-13,0.0,0.0,0.0,0.0,0.0,71.16307893020257,0.0,0.0,3447,5651
2020-09-20 09:00:00,3767.163078930202,3.240074875066057e-13,0.0,0.0,0.0,0.0,0.0,0.0,0.0,0.0,5659,3767
2020-09-20 10:00:00,3836.163078930202,-2.216893335571513e-13,0.0,0.0,0.0,0.0,0.0,0.0,0.0,0.0,5731,3836
2020-09-20 11:00:00,3991.163078930202,1.4210854715202006e-13,0.0,0.0,0.0,0.0,0.0,0.0,0.0,0.0,5749,3991
2020-09-20 12:00:00,5095.1630789302035,3.240074875066057e-13,0.0,0.0,0.0,0.0,0.0,0.0,0.0,0.0,4737,5095
2020-09-20 13:00:00,4937.1630789302035,-2.2168933355715125e-13,0.0,0.0,0.0,0.0,0.0,0.0,0.0,0.0,4793,4937
2020-09-20 14:00:00,4548.163078930203,-3.9790393202565545e-14,0.0,0.0,0.0,0.0,0.0,0.0,0.0,0.0,5162,4548
2020-09-20 15:00:00,4989.163078930203,3.2400748750660564e-13,0.0,0.0,0.0,0.0,0.0,0.0,0.0,0.0,4561,4989
2020-09-20 16:00:00,4793.1630789302035,-2.2168933355715125e-13,0.0,0.0,0.0,0.0,0.0,0.0,0.0,0.0,4586,4793
2020-09-20 17:00:00,4737.1630789302035,-2.2168933355715125e-13,0.0,0.0,0.0,0.0,0.0,0.0,0.0,0.0,4562,4737
2020-09-20 18:00:00,5251.427701674279,1.875832822406665e-13,0.0,0.0,0.0,0.0,699.2646227440763,0.0,0.0,0.0,4928,4552
2020-09-20 19:00:00,4546.163078930203,3.2400748750660564e-13,0.0,0.0,0.0,0.0,0.0,0.0,0.0,0.0,4938,4546
2020-09-20 20:00:00,5580.0,8.526512829121205e-14,0.0,0.0,0.0,0.0,0.0,543.163078930203,0.0,0.0,3048,6123
2020-09-20 21:00:00,5526.1630789302035,8.526512829121205e-14,0.0,0.0,0.0,0.0,0.0,0.0,0.0,0.0,3030,5526
2020-09-20 22:00:00,4343.713850837141,-2.2168933355715125e-13,0.0,0.0,0.0,0.0,61.55077190693737,0.0,0.0,0.0,4397,4282
2020-09-20 23:00:00,5580.0,-2.2168933355715125e-13,0.0,0.0,0.0,0.0,0.0,46.16307893020303,0.0,0.0,3040,5626
2020-09-21 00:00:00,3994.1630789302017,5.968558980384843e-14,0.0,0.0,0.0,0.0,0.0,0.0,0.0,0.0,4010,3994
2020-09-21 01:00:00,3775.1630789302017,1.7337242752546449e-13,0.0,0.0,0.0,0.0,0.0,0.0,0.0,0.0,3829,3775
2020-09-21 02:00:00,3768.163078930202,5.968558980384843e-14,0.0,0.0,0.0,0.0,0.0,0.0,0.0,0.0,3537,3768
2020-09-21 03:00:00,3816.163078930201,5.968558980384843e-14,0.0,0.0,0.0,0.0,0.0,0.0,0.0,0.0,3140,3816
2020-09-21 04:00:00,4213.047184170472,5.968558980384843e-14,0.0,0.0,0.0,0.0,418.8841052402701,0.0,0.0,0.0,3104,3794
2020-09-21 05:00:00,3617.1630789302017,2.4158453015843406e-13,0.0,0.0,0.0,0.0,0.0,0.0,0.0,0.0,3647,3617
2020-09-21 06:00:00,5580.0,2.4158453015843406e-13,0.0,0.0,0.0,0.0,0.0,314.1630789302026,0.0,0.0,2375,5894
2020-09-21 07:00:00,4319.163078930203,5.968558980384843e-14,0.0,0.0,0.0,0.0,0.0,0.0,0.0,0.0,4727,4319
2020-09-21 08:00:00,4330.163078930202,5.968558980384843e-14,0.0,0.0,0.0,0.0,0.0,0.0,0.0,0.0,5098,4330
2020-09-21 09:00:00,5047.047184170473,5.968558980384843e-14,0.0,0.0,0.0,0.0,810.8841052402701,0.0,0.0,0.0,5495,4236
2020-09-21 10:00:00,5580.0,2.4158453015843406e-13,0.0,0.0,0.0,0.0,0.0,608.1630789302026,0.0,0.0,3695,6188
2020-09-21 11:00:00,4491.1630789302035,-8.526512829121202e-15,0.0,0.0,0.0,0.0,0.0,0.0,0.0,0.0,5571,4491
2020-09-21 12:00:00,5580.0,5.968558980384843e-14,0.0,0.0,0.0,0.0,1007.8369210697972,0.0,0.0,0.0,5554,4572
2020-09-21 13:00:00,4912.128288758393,5.968558980384843e-14,0.0,0.0,0.0,0.0,155.96520982819038,0.0,0.0,0.0,5264,4756
2020-09-21 14:00:00,5580.0,5.968558980384843e-14,0.0,0.0,0.0,0.0,525.8369210697972,0.0,0.0,0.0,5005,5054
2020-09-21 15:00:00,5580.0,5.968558980384843e-14,0.0,0.0,0.0,0.0,0.0,838.1630789302026,0.0,0.0,3492,6418
2020-09-21 16:00:00,5580.0,5.968558980384843e-14,0.0,0.0,0.0,0.0,112.83692106979696,0.0,0.0,0.0,4309,5467
2020-09-21 17:00:00,5580.0,5.968558980384843e-14,0.0,0.0,0.0,0.0,196.83692106979697,0.0,0.0,0.0,4316,5383
2020-09-21 18:00:00,5580.0,5.968558980384843e-14,0.0,0.0,0.0,0.0,213.83692106979697,0.0,0.0,0.0,4466,5366
2020-09-21 19:00:00,5580.0,5.968558980384843e-14,0.0,0.0,0.0,0.0,217.83692106979697,0.0,0.0,0.0,4445,5362
2020-09-21 20:00:00,5580.0,5.968558980384843e-14,0.0,0.0,0.0,650.0861056751753,0.0,985.0769732550268,0.0,0.0,2241,7215
2020-09-21 21:00:00,5580.0,5.968558980384843e-14,0.0,0.0,0.0,925.1630789302026,0.0,0.0,0.0,0.0,2304,6505
2020-09-21 22:00:00,4653.380517503804,5.968558980384843e-14,0.0,0.0,0.0,0.0,136.2174385736022,0.0,0.0,0.0,4402,4517
2020-09-21 23:00:00,4301.163078930203,2.4158453015843406e-13,0.0,0.0,0.0,0.0,0.0,0.0,0.0,0.0,4581,4301
2020-09-22 00:00:00,5580.0,8.782308213994838e-13,0.0,0.0,0.0,0.0,0.0,102.16307893020166,0.0,0.0,2409,5682
2020-09-22 01:00:00,5318.163078930203,-2.131628207280301e-13,0.0,0.0,0.0,0.0,0.0,0.0,0.0,0.0,2372,5318
2020-09-22 02:00:00,3835.1630789302017,-2.131628207280301e-13,0.0,0.0,0.0,0.0,0.0,0.0,0.0,0.0,3556,3835
2020-09-22 03:00:00,3841.1630789302026,3.325340003357268e-13,0.0,0.0,0.0,0.0,0.0,0.0,0.0,0.0,3205,3841
2020-09-22 04:00:00,3847.1630789302017,-2.131628207280301e-13,0.0,0.0,0.0,0.0,0.0,0.0,0.0,0.0,3144,3847
2020-09-22 05:00:00,3688.1630789302026,-2.131628207280301e-13,0.0,0.0,0.0,0.0,0.0,0.0,0.0,0.0,3663,3688
2020-09-22 06:00:00,4438.047184170472,-2.131628207280301e-13,0.0,0.0,0.0,0.0,254.8841052402689,0.0,0.0,0.0,4165,4183
2020-09-22 07:00:00,5580.0,8.782308213994838e-13,0.0,0.0,0.0,0.0,0.0,191.1630789302017,0.0,0.0,3365,5771
2020-09-22 08:00:00,5399.163078930202,8.782308213994838e-13,0.0,0.0,0.0,0.0,0.0,0.0,0.0,0.0,4117,5399
2020-09-22 09:00:00,4099.163078930203,-2.131628207280301e-13,0.0,0.0,0.0,0.0,0.0,0.0,0.0,0.0,5727,4099
2020-09-22 10:00:00,4356.163078930203,-2.131628207280301e-13,0.0,0.0,0.0,0.0,0.0,0.0,0.0,0.0,5625,4356
2020-09-22 11:00:00,4483.163078930203,-2.131628207280301e-13,0.0,0.0,0.0,0.0,0.0,0.0,0.0,0.0,5669,4483
2020-09-22 12:00:00,4169.163078930202,5.968558980384847e-14,0.0,0.0,0.0,0.0,0.0,0.0,0.0,0.0,6031,4169
2020-09-22 13:00:00,3866.1630789302017,5.968558980384843e-14,0.0,0.0,0.0,0.0,0.0,0.0,0.0,0.0,6205,3866
2020-09-22 14:00:00,3846.163078930202,3.325340003357268e-13,0.0,0.0,0.0,0.0,0.0,0.0,0.0,0.0,6237,3846
2020-09-22 15:00:00,3900.1630789302017,-2.131628207280301e-13,0.0,0.0,0.0,0.0,0.0,0.0,0.0,0.0,5996,3900
2020-09-22 16:00:00,4059.1630789302017,5.968558980384843e-14,0.0,0.0,0.0,0.0,0.0,0.0,0.0,0.0,5667,4059
2020-09-22 17:00:00,4734.163078930202,8.782308213994838e-13,0.0,0.0,0.0,0.0,0.0,0.0,0.0,0.0,4884,4734
2020-09-22 18:00:00,4771.163078930203,-7.673861546209081e-14,0.0,0.0,0.0,0.0,0.0,0.0,0.0,0.0,4973,4771
2020-09-22 19:00:00,5253.163078930202,-1.144113705931029e-15,0.0,0.0,0.0,0.0,0.0,0.0,0.0,0.0,4466,5253
2020-09-22 20:00:00,4511.163078930203,3.9790393202565614e-14,0.0,0.0,0.0,0.0,0.0,0.0,0.0,0.0,4854,4511
2020-09-22 21:00:00,4382.163078930202,5.968558980384843e-14,0.0,0.0,0.0,0.0,0.0,0.0,0.0,0.0,4327,4382
2020-09-22 22:00:00,4265.163078930203,5.968558980384843e-14,0.0,0.0,0.0,0.0,0.0,0.0,0.0,0.0,4543,4265
2020-09-22 23:00:00,1082.1630789302021,3555.0,0.0,0.0,0.0,0.0,0.0,0.0,0.0,0.0,4151,4637
2020-09-23 00:00:00,1980.0,1012.9999999999998,0.0,0.0,0.0,998.1630789302028,0.0,0.0,0.0,0.0,4025,3991
2020-09-23 01:00:00,1980.0,1012.9999999999998,0.0,0.0,0.0,713.1630789302026,0.0,0.0,0.0,0.0,3906,3706
2020-09-23 02:00:00,1980.0,1012.9999999999998,0.0,0.0,0.0,431.1630789302026,0.0,0.0,0.0,0.0,3886,3424
2020-09-23 03:00:00,1980.0,-3.04822833641083e-13,0.0,0.0,0.0,1229.1630789302017,0.0,0.0,0.0,0.0,3749,3209
2020-09-23 04:00:00,1980.0,3.325340003357269e-13,0.0,0.0,0.0,1153.1630789302012,0.0,0.0,0.0,0.0,3764,3133
2020-09-23 05:00:00,1980.0,-2.131628207280301e-13,0.0,0.0,0.0,1558.1630789302017,0.0,0.0,0.0,0.0,3723,3538
2020-09-23 06:00:00,1980.0,-8.810729923425246e-14,0.0,0.0,0.0,2640.1630789302026,0.0,0.0,0.0,0.0,3643,4620
2020-09-23 07:00:00,1980.0,9.379164112033324e-14,0.0,0.0,0.0,3221.1630789302026,0.0,0.0,0.0,0.0,3834,5201
2020-09-23 08:00:00,1980.0,-8.810729923425246e-14,0.0,0.0,0.0,3497.163078930202,0.0,0.0,0.0,0.0,3934,5477
2020-09-23 09:00:00,1980.0,-8.810729923425246e-14,0.0,0.0,0.0,3070.1630789302026,0.0,0.0,0.0,0.0,4651,5050
2020-09-23 10:00:00,1980.0,-3.495870259939694e-13,0.0,0.0,0.0,2977.1630789302026,0.0,0.0,0.0,0.0,4872,4957
2020-09-23 11:00:00,1980.0,-8.810729923425246e-14,0.0,0.0,0.0,3012.1630789302026,0.0,0.0,0.0,0.0,4986,4992
2020-09-23 12:00:00,1980.0,-2.131628207280301e-13,0.0,0.0,0.0,3198.1630789302026,0.0,0.0,0.0,0.0,4828,5178
2020-09-23 13:00:00,1980.0,-8.810729923425246e-14,0.0,0.0,0.0,2987.1630789302026,0.0,0.0,0.0,0.0,4884,4967
2020-09-23 14:00:00,1980.0,-3.96482846554136e-13,0.0,0.0,0.0,2920.1630789302026,0.0,0.0,0.0,0.0,4919,4900
2020-09-23 15:00:00,1980.0,-8.810729923425246e-14,0.0,0.0,0.0,2821.1630789302026,0.0,0.0,0.0,0.0,4805,4801
2020-09-23 16:00:00,1980.0,-3.04822833641083e-13,0.0,0.0,0.0,3042.1630789302026,0.0,0.0,0.0,0.0,4406,5022
2020-09-23 17:00:00,1980.0,2.4158453015843416e-13,0.0,0.0,0.0,3542.1630789302017,0.0,0.0,0.0,0.0,3811,5522
2020-09-23 18:00:00,1980.0,-8.810729923425246e-14,0.0,0.0,0.0,4190.163078930202,0.0,0.0,0.0,0.0,3347,6170
2020-09-23 19:00:00,1980.0,-3.96482846554136e-13,0.0,0.0,0.0,4297.163078930203,0.0,0.0,0.0,0.0,3256,6277
2020-09-23 20:00:00,1980.0,-8.810729923425246e-14,0.0,0.0,0.0,4250.163078930202,0.0,0.0,0.0,0.0,2971,6230
2020-09-23 21:00:00,1980.0,-3.04822833641083e-13,0.0,0.0,0.0,3630.1630789302026,0.0,0.0,0.0,0.0,2941,5610
2020-09-23 22:00:00,1980.0,-8.810729923425246e-14,0.0,0.0,0.0,3865.163078930202,0.0,0.0,0.0,0.0,2803,5845
2020-09-23 23:00:00,4410.0,-3.96482846554136e-13,0.0,0.0,0.0,1273.1630789302026,0.0,0.0,0.0,0.0,2984,5683
2020-09-24 00:00:00,5002.163078930202,4.416023102749023e-13,0.0,0.0,0.0,0.0,0.0,0.0,0.0,0.0,2945,5002
2020-09-24 01:00:00,4991.163078930202,3.325340003357269e-13,0.0,0.0,0.0,0.0,0.0,0.0,0.0,0.0,2550,4991
2020-09-24 02:00:00,3801.1754729288596,2.2311041902867147e-13,0.0,0.0,0.0,896.9876060013423,0.0,0.0,0.0,0.0,2552,4698
2020-09-24 03:00:00,4447.163078930202,4.416023102749023e-13,0.0,0.0,0.0,0.0,0.0,0.0,0.0,0.0,2468,4447
2020-09-24 04:00:00,4328.163078930202,3.325340003357269e-13,0.0,0.0,0.0,0.0,0.0,0.0,0.0,0.0,2514,4328
2020-09-24 05:00:00,4745.163078930202,3.325340003357269e-13,0.0,0.0,0.0,0.0,0.0,0.0,0.0,0.0,2470,4745
2020-09-24 06:00:00,5580.0,2.3128166048991264e-13,0.0,0.0,0.0,244.1630789302021,0.0,0.0,0.0,0.0,2385,5824
2020-09-24 07:00:00,5580.0,4.416023102749023e-13,0.0,0.0,0.0,1095.1630789302014,0.0,0.0,0.0,0.0,2297,6675
2020-09-24 08:00:00,5580.0,1.0551559626037491e-13,0.0,0.0,0.0,1358.1630789302012,0.0,0.0,0.0,0.0,2389,6938
2020-09-24 09:00:00,5580.0,4.416023102749023e-13,0.0,0.0,0.0,1051.1630789302014,0.0,0.0,0.0,0.0,2987,6631
2020-09-24 10:00:00,5580.0,3.3253400033572697e-13,0.0,0.0,0.0,407.1630789302015,0.0,0.0,0.0,0.0,3725,5987
2020-09-24 11:00:00,5578.163078930202,4.416023102749023e-13,0.0,0.0,0.0,0.0,0.0,0.0,0.0,0.0,4266,5578
2020-09-24 12:00:00,5106.163078930202,4.416023102749023e-13,0.0,0.0,0.0,0.0,0.0,0.0,0.0,0.0,4783,5106
2020-09-24 13:00:00,4463.163078930202,1.0551559626037491e-13,0.0,0.0,0.0,0.0,0.0,0.0,0.0,0.0,5219,4463
2020-09-24 14:00:00,4238.163078930202,4.416023102749023e-13,0.0,0.0,0.0,0.0,0.0,0.0,0.0,0.0,5357,4238
2020-09-24 15:00:00,4172.163078930202,3.325340003357269e-13,0.0,0.0,0.0,0.0,0.0,0.0,0.0,0.0,5195,4172
2020-09-24 16:00:00,4177.163078930202,4.416023102749023e-13,0.0,0.0,0.0,0.0,0.0,0.0,0.0,0.0,4976,4177
2020-09-24 17:00:00,4641.163078930202,1.0551559626037491e-13,0.0,0.0,0.0,0.0,0.0,0.0,0.0,0.0,4458,4641
2020-09-24 18:00:00,5567.163078930202,4.416023102749023e-13,0.0,0.0,0.0,0.0,0.0,0.0,0.0,0.0,3617,5567
2020-09-24 19:00:00,5580.0,3.325340003357269e-13,0.0,0.0,0.0,666.1630789302017,0.0,0.0,0.0,0.0,2932,6246
2020-09-24 20:00:00,5580.0,3.325340003357269e-13,0.0,0.0,0.0,697.1630789302019,0.0,0.0,0.0,0.0,2702,6277
2020-09-24 21:00:00,5580.0,4.416023102749023e-13,0.0,0.0,0.0,203.1630789302015,0.0,0.0,0.0,0.0,2648,5783
2020-09-24 22:00:00,5580.0,1.0551559626037491e-13,0.0,0.0,0.0,292.1630789302022,0.0,0.0,0.0,0.0,2728,5872
2020-09-24 23:00:00,5580.0,4.416023102749023e-13,0.0,0.0,0.0,310.1630789302015,0.0,0.0,0.0,0.0,2721,5890
2020-09-25 00:00:00,4293.1630789302035,-3.0402347306335293e-13,0.0,0.0,0.0,0.0,0.0,0.0,0.0,0.0,3525,4293
2020-09-25 01:00:00,1860.0,-8.881784197001257e-14,0.0,0.0,0.0,2258.163078930203,0.0,0.0,0.0,0.0,3238,4118
2020-09-25 02:00:00,4043.1630789302026,-3.948841253986757e-13,0.0,0.0,0.0,0.0,0.0,0.0,0.0,0.0,2967,4043
2020-09-25 03:00:00,3909.163078930202,-8.881784197001257e-14,0.0,0.0,0.0,0.0,0.0,0.0,0.0,0.0,2692,3909
2020-09-25 04:00:00,3720.163078930202,-3.0402347306335293e-13,0.0,0.0,0.0,0.0,0.0,0.0,0.0,0.0,2703,3720
2020-09-25 05:00:00,3757.163078930202,-8.881784197001257e-14,0.0,0.0,0.0,0.0,0.0,0.0,0.0,0.0,2727,3757
2020-09-25 06:00:00,2912.163078930202,-8.881784197001257e-14,0.0,0.0,0.0,0.0,0.0,0.0,0.0,0.0,3856,2912
2020-09-25 07:00:00,3179.163078930202,-2.131628207280301e-13,0.0,0.0,0.0,0.0,0.0,0.0,0.0,0.0,3790,3179
2020-09-25 08:00:00,3514.1630789302017,3.325340003357269e-13,0.0,0.0,0.0,0.0,0.0,0.0,0.0,0.0,3964,3514
2020-09-25 09:00:00,3351.163078930202,-3.0402347306335293e-13,0.0,0.0,0.0,0.0,0.0,0.0,0.0,0.0,4701,3351
2020-09-25 10:00:00,3003.163078930202,-8.881784197001257e-14,0.0,0.0,0.0,0.0,0.0,0.0,0.0,0.0,5301,3003
2020-09-25 11:00:00,3407.1630789302026,-3.948841253986757e-13,0.0,0.0,0.0,0.0,0.0,0.0,0.0,0.0,5107,3407
2020-09-25 12:00:00,3266.163078930202,-8.881784197001257e-14,0.0,0.0,0.0,0.0,0.0,0.0,0.0,0.0,5604,3266
2020-09-25 13:00:00,2854.163078930202,-3.0402347306335293e-13,0.0,0.0,0.0,0.0,0.0,0.0,0.0,0.0,5694,2854
2020-09-25 14:00:00,2669.163078930202,-8.881784197001257e-14,0.0,0.0,0.0,0.0,0.0,0.0,0.0,0.0,5677,2669
2020-09-25 15:00:00,2359.1630789302017,-8.881784197001257e-14,0.0,0.0,0.0,0.0,0.0,0.0,0.0,0.0,5729,2359
2020-09-25 16:00:00,2376.1630789302026,-3.948841253986757e-13,0.0,0.0,0.0,0.0,0.0,0.0,0.0,0.0,5501,2376
2020-09-25 17:00:00,2731.1630789302017,5.144329406903126e-13,0.0,0.0,0.0,0.0,0.0,0.0,0.0,0.0,5053,2731
2020-09-25 18:00:00,3723.163078930202,-3.0402347306335293e-13,0.0,0.0,0.0,0.0,0.0,0.0,0.0,0.0,4151,3723
2020-09-25 19:00:00,3946.163078930202,-8.881784197001257e-14,0.0,0.0,0.0,0.0,0.0,0.0,0.0,0.0,4111,3946
2020-09-25 20:00:00,3821.1630789302026,-3.948841253986757e-13,0.0,0.0,0.0,0.0,0.0,0.0,0.0,0.0,4303,3821
2020-09-25 21:00:00,3919.163078930202,-8.881784197001257e-14,0.0,0.0,0.0,0.0,0.0,0.0,0.0,0.0,3816,3919
2020-09-25 22:00:00,4017.163078930202,-3.0402347306335293e-13,0.0,0.0,0.0,0.0,0.0,0.0,0.0,0.0,3990,4017
2020-09-25 23:00:00,3966.163078930202,-8.881784197001257e-14,0.0,0.0,0.0,0.0,0.0,0.0,0.0,0.0,4166,3966
2020-09-26 00:00:00,3776.163078930202,9.237055564881302e-14,0.0,0.0,0.0,0.0,0.0,0.0,0.0,0.0,3705,3776
2020-09-26 01:00:00,3670.163078930202,-3.495870259939694e-13,0.0,0.0,0.0,0.0,0.0,0.0,0.0,0.0,3369,3670
2020-09-26 02:00:00,3580.163078930202,9.237055564881302e-14,0.0,0.0,0.0,0.0,0.0,0.0,0.0,0.0,3080,3580
2020-09-26 03:00:00,3515.163078930202,-4.860112312599086e-13,0.0,0.0,0.0,0.0,0.0,0.0,0.0,0.0,2711,3515
2020-09-26 04:00:00,3416.163078930202,9.237055564881302e-14,0.0,0.0,0.0,0.0,0.0,0.0,0.0,0.0,2594,3416
2020-09-26 05:00:00,2938.1630789302017,-3.495870259939694e-13,0.0,0.0,0.0,0.0,0.0,0.0,0.0,0.0,3028,2938
2020-09-26 06:00:00,2126.163078930202,9.237055564881302e-14,0.0,0.0,0.0,0.0,0.0,0.0,0.0,0.0,3964,2126
2020-09-26 07:00:00,2210.163078930202,-4.860112312599086e-13,0.0,0.0,0.0,0.0,0.0,0.0,0.0,0.0,3916,2210
2020-09-26 08:00:00,2574.163078930202,9.237055564881302e-14,0.0,0.0,0.0,0.0,0.0,0.0,0.0,0.0,3944,2574
2020-09-26 09:00:00,2515.163078930202,9.237055564881302e-14,0.0,0.0,0.0,0.0,0.0,0.0,0.0,0.0,4611,2515
2020-09-26 10:00:00,2282.1630789302017,-3.495870259939694e-13,0.0,0.0,0.0,0.0,0.0,0.0,0.0,0.0,5252,2282
2020-09-26 11:00:00,2700.163078930202,9.237055564881302e-14,0.0,0.0,0.0,0.0,0.0,0.0,0.0,0.0,5180,2700
2020-09-26 12:00:00,2950.163078930202,-4.860112312599086e-13,0.0,0.0,0.0,0.0,0.0,0.0,0.0,0.0,5320,2950
2020-09-26 13:00:00,2498.163078930202,9.237055564881302e-14,0.0,0.0,0.0,0.0,0.0,0.0,0.0,0.0,5372,2498
2020-09-26 14:00:00,2285.1630789302017,-3.495870259939694e-13,0.0,0.0,0.0,0.0,0.0,0.0,0.0,0.0,5276,2285
2020-09-26 15:00:00,2081.163078930202,9.237055564881302e-14,0.0,0.0,0.0,0.0,0.0,0.0,0.0,0.0,5204,2081
2020-09-26 16:00:00,2343.1630789302017,-4.860112312599086e-13,0.0,0.0,0.0,0.0,0.0,0.0,0.0,0.0,4781,2343
2020-09-26 17:00:00,2845.163078930202,9.237055564881302e-14,0.0,0.0,0.0,0.0,0.0,0.0,0.0,0.0,4303,2845
2020-09-26 18:00:00,3027.163078930202,1.506350599811412e-13,0.0,0.0,0.0,0.0,0.0,0.0,0.0,0.0,4393,3027
2020-09-26 19:00:00,3304.163078930202,-3.495870259939694e-13,0.0,0.0,0.0,0.0,0.0,0.0,0.0,0.0,4579,3304
2020-09-26 20:00:00,3760.163078930202,3.325340003357269e-13,0.0,0.0,0.0,0.0,0.0,0.0,0.0,0.0,4379,3760
2020-09-26 21:00:00,3791.163078930202,-4.860112312599086e-13,0.0,0.0,0.0,0.0,0.0,0.0,0.0,0.0,3968,3791
2020-09-26 22:00:00,3931.1630789302017,4.2348347051301977e-13,0.0,0.0,0.0,0.0,0.0,0.0,0.0,0.0,4010,3931
2020-09-26 23:00:00,4076.163078930202,-3.495870259939694e-13,0.0,0.0,0.0,0.0,0.0,0.0,0.0,0.0,3944,4076
2020-09-27 00:00:00,4770.0,4.405364961712621e-13,0.0,0.0,0.0,70.16307893020137,0.0,0.0,0.0,0.0,2535,4840
2020-09-27 01:00:00,3842.1630789302017,3.325340003357269e-13,0.0,0.0,0.0,0.0,0.0,0.0,0.0,0.0,3174,3842
2020-09-27 02:00:00,3835.1630789302017,4.405364961712621e-13,0.0,0.0,0.0,0.0,0.0,0.0,0.0,0.0,2882,3835
2020-09-27 03:00:00,3878.1630789302017,4.405364961712621e-13,0.0,0.0,0.0,0.0,0.0,0.0,0.0,0.0,2510,3878
2020-09-27 04:00:00,3925.163078930202,1.0658141036401505e-13,0.0,0.0,0.0,0.0,0.0,0.0,0.0,0.0,2463,3925
2020-09-27 05:00:00,3911.1630789302017,5.968558980384843e-14,0.0,0.0,0.0,0.0,0.0,0.0,0.0,0.0,2974,3911
2020-09-27 06:00:00,4238.163078930203,-2.131628207280301e-13,0.0,0.0,0.0,0.0,0.0,0.0,0.0,0.0,3735,4238
2020-09-27 07:00:00,5035.163078930202,3.325340003357269e-13,0.0,0.0,0.0,0.0,0.0,0.0,0.0,0.0,3746,5035
2020-09-27 08:00:00,5149.163078930203,-2.131628207280301e-13,0.0,0.0,0.0,0.0,0.0,0.0,0.0,0.0,4019,5149
2020-09-27 09:00:00,4829.163078930202,3.325340003357269e-13,0.0,0.0,0.0,0.0,0.0,0.0,0.0,0.0,4691,4829
2020-09-27 10:00:00,4674.163078930202,3.325340003357269e-13,0.0,0.0,0.0,0.0,0.0,0.0,0.0,0.0,5002,4674
2020-09-27 11:00:00,4903.163078930202,3.325340003357269e-13,0.0,0.0,0.0,0.0,0.0,0.0,0.0,0.0,4960,4903
2020-09-27 12:00:00,5015.163078930202,3.325340003357269e-13,0.0,0.0,0.0,0.0,0.0,0.0,0.0,0.0,4944,5015
2020-09-27 13:00:00,4622.163078930203,-2.131628207280301e-13,0.0,0.0,0.0,0.0,0.0,0.0,0.0,0.0,5225,4622
2020-09-27 14:00:00,4523.163078930202,4.405364961712621e-13,0.0,0.0,0.0,0.0,0.0,0.0,0.0,0.0,5308,4523
2020-09-27 15:00:00,4507.163078930203,-8.526512829121172e-15,0.0,0.0,0.0,0.0,0.0,0.0,0.0,0.0,5127,4507
2020-09-27 16:00:00,4708.163078930202,3.325340003357269e-13,0.0,0.0,0.0,0.0,0.0,0.0,0.0,0.0,4724,4708
2020-09-27 17:00:00,5104.163078930203,-2.131628207280301e-13,0.0,0.0,0.0,0.0,0.0,0.0,0.0,0.0,4222,5104
2020-09-27 18:00:00,5117.163078930202,3.325340003357269e-13,0.0,0.0,0.0,0.0,0.0,0.0,0.0,0.0,4381,5117
2020-09-27 19:00:00,5303.163078930203,-2.131628207280301e-13,0.0,0.0,0.0,0.0,0.0,0.0,0.0,0.0,4303,5303
2020-09-27 20:00:00,5048.163078930202,3.325340003357269e-13,0.0,0.0,0.0,0.0,0.0,0.0,0.0,0.0,4188,5048
2020-09-27 21:00:00,4681.163078930202,3.325340003357269e-13,0.0,0.0,0.0,0.0,0.0,0.0,0.0,0.0,3869,4681
2020-09-27 22:00:00,4892.163078930203,-2.131628207280301e-13,0.0,0.0,0.0,0.0,0.0,0.0,0.0,0.0,3779,4892
2020-09-27 23:00:00,4901.163078930202,3.325340003357269e-13,0.0,0.0,0.0,0.0,0.0,0.0,0.0,0.0,3777,4901
2020-09-28 00:00:00,4561.163078930203,-3.922195901395754e-13,0.0,0.0,0.0,0.0,0.0,0.0,0.0,0.0,3468,4561
2020-09-28 01:00:00,5401.163078930202,-1.8474111129762615e-13,0.0,0.0,0.0,0.0,0.0,0.0,0.0,0.0,2240,5401
2020-09-28 02:00:00,4237.1630789302035,-4.860112312599086e-13,0.0,0.0,0.0,0.0,0.0,0.0,0.0,0.0,3107,4237
2020-09-28 03:00:00,4261.163078930202,2.84217094304034e-15,0.0,0.0,0.0,0.0,0.0,0.0,0.0,0.0,2738,4261
2020-09-28 04:00:00,4259.1630789302035,-4.860112312599086e-13,0.0,0.0,0.0,0.0,0.0,0.0,0.0,0.0,2693,4259
2020-09-28 05:00:00,4124.163078930202,2.84217094304034e-15,0.0,0.0,0.0,0.0,0.0,0.0,0.0,0.0,3205,4124
2020-09-28 06:00:00,4863.163078930202,-3.12638803734444e-14,0.0,0.0,0.0,0.0,0.0,0.0,0.0,0.0,3474,4863
2020-09-28 07:00:00,5580.0,-4.860112312599086e-13,0.0,0.0,0.0,59.16307893020311,0.0,0.0,0.0,0.0,3545,5639
2020-09-28 08:00:00,5580.0,2.84217094304034e-15,0.0,0.0,0.0,119.16307893020166,0.0,0.0,0.0,0.0,3823,5699
2020-09-28 09:00:00,5244.163078930203,-2.131628207280301e-13,0.0,0.0,0.0,0.0,0.0,0.0,0.0,0.0,4584,5244
2020-09-28 10:00:00,5227.163078930202,3.325340003357269e-13,0.0,0.0,0.0,0.0,0.0,0.0,0.0,0.0,4751,5227
2020-09-28 11:00:00,5038.163078930203,-2.131628207280301e-13,0.0,0.0,0.0,0.0,0.0,0.0,0.0,0.0,5116,5038
2020-09-28 12:00:00,5013.163078930202,2.84217094304034e-15,0.0,0.0,0.0,0.0,0.0,0.0,0.0,0.0,5217,5013
2020-09-28 13:00:00,4529.163078930203,-2.131628207280301e-13,0.0,0.0,0.0,0.0,0.0,0.0,0.0,0.0,5578,4529
2020-09-28 14:00:00,4331.163078930202,2.84217094304034e-15,0.0,0.0,0.0,0.0,0.0,0.0,0.0,0.0,5783,4331
2020-09-28 15:00:00,4225.163078930202,-2.131628207280301e-13,0.0,0.0,0.0,0.0,0.0,0.0,0.0,0.0,5719,4225
2020-09-28 16:00:00,4264.163078930203,-2.131628207280301e-13,0.0,0.0,0.0,0.0,0.0,0.0,0.0,0.0,5500,4264
2020-09-28 17:00:00,1860.0,2.84217094304034e-15,0.0,0.0,0.0,2759.1630789302017,0.0,0.0,0.0,0.0,5030,4619
2020-09-28 18:00:00,5543.163078930203,-3.922195901395754e-13,0.0,0.0,0.0,0.0,0.0,0.0,0.0,0.0,4226,5543
2020-09-28 19:00:00,5580.0,2.84217094304034e-15,0.0,0.0,0.0,469.16307893020166,0.0,0.0,0.0,0.0,3833,6049
2020-09-28 20:00:00,5175.163078930203,-2.131628207280301e-13,0.0,0.0,0.0,0.0,0.0,0.0,0.0,0.0,4292,5175
2020-09-28 21:00:00,4898.163078930202,3.325340003357269e-13,0.0,0.0,0.0,0.0,0.0,0.0,0.0,0.0,3871,4898
2020-09-28 22:00:00,4850.163078930202,3.325340003357269e-13,0.0,0.0,0.0,0.0,0.0,0.0,0.0,0.0,4038,4850
2020-09-28 23:00:00,5330.163078930202,3.325340003357269e-13,0.0,0.0,0.0,0.0,0.0,0.0,0.0,0.0,3547,5330
2020-09-29 00:00:00,4765.163078930202,2.0747847884194927e-13,0.0,0.0,0.0,0.0,0.0,0.0,0.0,0.0,3314,4765
2020-09-29 01:00:00,4875.163078930203,-2.131628207280301e-13,0.0,0.0,0.0,0.0,0.0,0.0,0.0,0.0,2814,4875
2020-09-29 02:00:00,4535.163078930202,2.0747847884194927e-13,0.0,0.0,0.0,0.0,0.0,0.0,0.0,0.0,2857,4535
2020-09-29 03:00:00,4013.1630789302017,-2.131628207280301e-13,0.0,0.0,0.0,0.0,0.0,0.0,0.0,0.0,3035,4013
2020-09-29 04:00:00,3853.1630789302017,3.325340003357269e-13,0.0,0.0,0.0,0.0,0.0,0.0,0.0,0.0,3148,3853
2020-09-29 05:00:00,4122.163078930203,-2.131628207280301e-13,0.0,0.0,0.0,0.0,0.0,0.0,0.0,0.0,3253,4122
2020-09-29 06:00:00,4865.163078930202,3.325340003357269e-13,0.0,0.0,0.0,0.0,0.0,0.0,0.0,0.0,3513,4865
2020-09-29 07:00:00,5404.163078930202,2.0747847884194927e-13,0.0,0.0,0.0,0.0,0.0,0.0,0.0,0.0,3827,5404
2020-09-29 08:00:00,5510.163078930202,3.325340003357269e-13,0.0,0.0,0.0,0.0,0.0,0.0,0.0,0.0,4059,5510
2020-09-29 09:00:00,5028.163078930202,2.0747847884194927e-13,0.0,0.0,0.0,0.0,0.0,0.0,0.0,0.0,4853,5028
2020-09-29 10:00:00,4481.163078930203,-2.131628207280301e-13,0.0,0.0,0.0,0.0,0.0,0.0,0.0,0.0,5555,4481
2020-09-29 11:00:00,1860.0,3.325340003357269e-13,0.0,0.0,0.0,2086.163078930202,0.0,0.0,0.0,0.0,6265,3946
2020-09-29 12:00:00,3594.163078930202,-2.1316282072803008e-13,0.0,0.0,0.0,0.0,0.0,0.0,0.0,0.0,6691,3594
2020-09-29 13:00:00,3227.163078930202,2.0747847884194927e-13,0.0,0.0,0.0,0.0,0.0,0.0,0.0,0.0,6932,3227
2020-09-29 14:00:00,2948.163078930202,-2.1316282072803008e-13,0.0,0.0,0.0,0.0,0.0,0.0,0.0,0.0,7218,2948
2020-09-29 15:00:00,2652.1630789302017,2.0747847884194927e-13,0.0,0.0,0.0,0.0,0.0,0.0,0.0,0.0,7341,2652
2020-09-29 16:00:00,2710.163078930202,2.0747847884194927e-13,0.0,0.0,0.0,0.0,0.0,0.0,0.0,0.0,7098,2710
2020-09-29 17:00:00,3161.1630789302017,3.325340003357269e-13,0.0,0.0,0.0,0.0,0.0,0.0,0.0,0.0,6525,3161
2020-09-29 18:00:00,4382.163078930202,2.0747847884194927e-13,0.0,0.0,0.0,0.0,0.0,0.0,0.0,0.0,5414,4382
2020-09-29 19:00:00,5110.1630789302035,-2.1316282072803008e-13,0.0,0.0,0.0,0.0,0.0,0.0,0.0,0.0,4792,5110
2020-09-29 20:00:00,4952.163078930202,2.0747847884194927e-13,0.0,0.0,0.0,0.0,0.0,0.0,0.0,0.0,4533,4952
2020-09-29 21:00:00,4557.163078930203,-2.131628207280301e-13,0.0,0.0,0.0,0.0,0.0,0.0,0.0,0.0,4229,4557
2020-09-29 22:00:00,4410.0,-5.4001247917767624e-14,0.0,0.0,0.0,457.16307893020235,0.0,0.0,0.0,0.0,4038,4867
2020-09-29 23:00:00,1620.0,3555.0,0.0,0.0,0.0,35.16307893020163,0.0,0.0,0.0,0.0,3681,5210
2020-09-30 00:00:00,1620.0,1012.9999999999998,0.0,0.0,0.0,1860.1630789302023,0.0,0.0,0.0,0.0,3596,4493
2020-09-30 01:00:00,1620.0,1012.9999999999998,0.0,0.0,0.0,1597.1630789302023,0.0,0.0,0.0,0.0,3468,4230
2020-09-30 02:00:00,1620.0,1012.9999999999998,0.0,0.0,0.0,1334.1630789302026,0.0,0.0,0.0,0.0,3433,3967
2020-09-30 03:00:00,1620.0,5.968558980384843e-14,0.0,0.0,0.0,1961.1630789302017,0.0,0.0,0.0,0.0,3474,3581
2020-09-30 04:00:00,600.0,1.7337242752546449e-13,0.0,0.0,0.0,2967.1630789302026,0.0,0.0,0.0,0.0,3440,3567
2020-09-30 05:00:00,1620.0,-2.131628207280301e-13,0.0,0.0,0.0,2165.1630789302017,0.0,0.0,0.0,0.0,3594,3785
2020-09-30 06:00:00,1620.0,1.7337242752546449e-13,0.0,0.0,0.0,3288.1630789302026,0.0,0.0,0.0,0.0,3471,4908
2020-09-30 07:00:00,1620.0,0.0,0.0,0.0,0.0,4317.163078930203,0.0,0.0,0.0,0.0,3291,5937
2020-09-30 08:00:00,600.0,1.7337242752546449e-13,0.0,0.0,0.0,5567.163078930203,0.0,0.0,0.0,0.0,3395,6167
2020-09-30 09:00:00,1620.0,1.7337242752546449e-13,0.0,0.0,0.0,3987.1630789302026,0.0,0.0,0.0,0.0,4259,5607
2020-09-30 10:00:00,1620.0,-2.131628207280301e-13,0.0,0.0,0.0,3484.1630789302026,0.0,0.0,0.0,0.0,4907,5104
2020-09-30 11:00:00,1620.0,1.7337242752546449e-13,0.0,0.0,0.0,3268.1630789302026,0.0,0.0,0.0,0.0,5289,4888
2020-09-30 12:00:00,1620.0,5.968558980384843e-14,0.0,0.0,0.0,2880.1630789302026,0.0,0.0,0.0,0.0,5743,4500
2020-09-30 13:00:00,1620.0,1.7337242752546449e-13,0.0,0.0,0.0,2435.1630789302026,0.0,0.0,0.0,0.0,6055,4055
2020-09-30 14:00:00,1620.0,5.968558980384843e-14,0.0,0.0,0.0,2352.1630789302017,0.0,0.0,0.0,0.0,6137,3972
2020-09-30 15:00:00,1620.0,1.7337242752546449e-13,0.0,0.0,0.0,2289.1630789302026,0.0,0.0,0.0,0.0,6024,3909
2020-09-30 16:00:00,1620.0,5.968558980384843e-14,0.0,0.0,0.0,2541.1630789302026,0.0,0.0,0.0,0.0,5590,4161
2020-09-30 17:00:00,1620.0,1.7337242752546449e-13,0.0,0.0,0.0,3021.1630789302026,0.0,0.0,0.0,0.0,4996,4641
2020-09-30 18:00:00,600.0,1.7337242752546449e-13,0.0,0.0,0.0,4537.163078930203,0.0,0.0,0.0,0.0,4625,5137
2020-09-30 19:00:00,1620.0,5.968558980384843e-14,0.0,0.0,0.0,3807.1630789302026,0.0,0.0,0.0,0.0,4451,5427
2020-09-30 20:00:00,600.0,1.7337242752546449e-13,0.0,0.0,0.0,4446.163078930203,0.0,0.0,0.0,0.0,4420,5046
2020-09-30 21:00:00,1620.0,5.968558980384843e-14,0.0,0.0,0.0,3068.1630789302026,0.0,0.0,0.0,0.0,4082,4688
2020-09-30 22:00:00,1620.0,1.7337242752546449e-13,0.0,0.0,0.0,3615.1630789302026,0.0,0.0,0.0,0.0,3654,5235
2020-09-30 23:00:00,3240.0,2253.6,0.0,0.0,0.0,124.56307893020266,0.0,0.0,0.0,0.0,3258,5618
2020-10-01 00:00:00,3240.0,1837.1630789302035,0.0,0.0,0.0,0.0,0.0,0.0,0.0,0.0,3039,5077
2020-10-01 01:00:00,2315.9630789302028,2608.1999999999994,0.0,0.0,0.0,0.0,0.0,0.0,0.0,0.0,2797,4924
2020-10-01 02:00:00,1230.0,2608.2000000000003,0.0,0.0,0.0,786.9630789302032,0.0,0.0,0.0,0.0,2798,4625
2020-10-01 03:00:00,1230.0,2608.2000000000003,0.0,0.0,0.0,452.963078930203,0.0,0.0,0.0,0.0,2769,4291
2020-10-01 04:00:00,1560.0,2608.1999999999994,0.0,0.0,0.0,185.9630789302032,0.0,0.0,0.0,0.0,2636,4354
2020-10-01 05:00:00,1560.0,2608.200000000001,0.0,0.0,0.0,729.9630789302016,0.0,0.0,0.0,0.0,2452,4898
2020-10-01 06:00:00,3574.9630789302037,2608.199999999999,0.0,0.0,0.0,0.0,0.0,0.0,0.0,0.0,2163,6183
2020-10-01 07:00:00,4433.963078930203,2608.2000000000003,0.0,0.0,0.0,0.0,0.0,0.0,0.0,0.0,2145,7042
2020-10-01 08:00:00,4460.963078930203,2608.1999999999994,0.0,0.0,0.0,0.0,0.0,0.0,0.0,0.0,2413,7069
2020-10-01 09:00:00,3960.0,2608.2000000000003,0.0,0.0,0.0,16.963078930202983,0.0,0.0,0.0,0.0,3218,6585
2020-10-01 10:00:00,3449.9630789302028,2608.1999999999994,0.0,0.0,0.0,0.0,0.0,0.0,0.0,0.0,3888,6058
2020-10-01 11:00:00,3154.963078930203,2608.2000000000003,0.0,0.0,0.0,0.0,0.0,0.0,0.0,0.0,4331,5763
2020-10-01 12:00:00,3040.963078930203,2608.2000000000003,0.0,0.0,0.0,0.0,0.0,0.0,0.0,0.0,4534,5649
2020-10-01 13:00:00,2675.963078930204,2608.1999999999994,0.0,0.0,0.0,0.0,0.0,0.0,0.0,0.0,4742,5284
2020-10-01 14:00:00,2589.9630789302028,2608.2000000000003,0.0,0.0,0.0,0.0,0.0,0.0,0.0,0.0,4833,5198
2020-10-01 15:00:00,2528.9630789302037,2608.199999999999,0.0,0.0,0.0,0.0,0.0,0.0,0.0,0.0,4734,5137
2020-10-01 16:00:00,2412.9630789302028,2608.2000000000003,0.0,0.0,0.0,0.0,0.0,0.0,0.0,0.0,4672,5021
2020-10-01 17:00:00,2750.9630789302028,2608.1999999999994,0.0,0.0,0.0,0.0,0.0,0.0,0.0,0.0,4273,5359
2020-10-01 18:00:00,3345.9630789302028,2608.2000000000003,0.0,0.0,0.0,0.0,0.0,0.0,0.0,0.0,3730,5954
2020-10-01 19:00:00,3960.0,2608.1999999999994,0.0,0.0,0.0,107.96307893020298,0.0,0.0,0.0,0.0,3113,6676
2020-10-01 20:00:00,3942.9630789302037,2608.2000000000003,0.0,0.0,0.0,0.0,0.0,0.0,0.0,0.0,2866,6551
2020-10-01 21:00:00,3572.963078930203,2608.2000000000003,0.0,0.0,0.0,0.0,0.0,0.0,0.0,0.0,2638,6181
2020-10-01 22:00:00,3957.9630789302037,2608.1999999999994,0.0,0.0,0.0,0.0,0.0,0.0,0.0,0.0,2451,6566
2020-10-01 23:00:00,3960.0,1761.4862361382698,0.0,0.0,0.0,824.6768427919337,0.0,0.0,0.0,0.0,2421,6546
2020-10-02 00:00:00,3960.0,1764.1630789302028,0.0,0.0,0.0,0.0,0.0,0.0,0.0,0.0,2388,5724
2020-10-02 01:00:00,3205.1630789302017,1701.0000000000005,0.0,0.0,0.0,0.0,0.0,0.0,0.0,0.0,2742,4906
2020-10-02 02:00:00,1560.0,2608.2000000000003,0.0,0.0,0.0,446.9630789302023,0.0,0.0,0.0,0.0,2687,4615
2020-10-02 03:00:00,1560.0,2608.2000000000003,0.0,0.0,0.0,529.9630789302018,0.0,0.0,0.0,0.0,2192,4698
2020-10-02 04:00:00,1992.9630789302018,2608.2000000000003,0.0,0.0,0.0,0.0,0.0,0.0,0.0,0.0,2126,4601
2020-10-02 05:00:00,3188.9630789302014,1447.2000000000003,0.0,0.0,0.0,0.0,0.0,0.0,0.0,0.0,2127,4636
2020-10-02 06:00:00,3576.9630789302014,1447.2,0.0,0.0,0.0,0.0,0.0,0.0,0.0,0.0,2028,5024
2020-10-02 07:00:00,4519.163078930203,738.0000000000007,0.0,0.0,0.0,0.0,0.0,0.0,0.0,0.0,2093,5257
2020-10-02 08:00:00,4747.163078930201,738.0000000000001,0.0,0.0,0.0,0.0,0.0,0.0,0.0,0.0,2359,5485
2020-10-02 09:00:00,3837.1630789302035,1511.9999999999986,0.0,0.0,0.0,0.0,0.0,0.0,0.0,0.0,3133,5349
2020-10-02 10:00:00,3758.163078930202,1275.9999999999995,0.0,0.0,0.0,0.0,0.0,0.0,0.0,0.0,3772,5034
2020-10-02 11:00:00,3218.1630789302035,1426.999999999999,0.0,0.0,0.0,0.0,0.0,0.0,0.0,0.0,4425,4645
2020-10-02 12:00:00,3712.1630789302026,1039.999999999999,0.0,0.0,0.0,0.0,0.0,0.0,0.0,0.0,4698,4752
2020-10-02 13:00:00,3978.1630789302026,386.9999999999998,0.0,0.0,0.0,0.0,0.0,0.0,0.0,0.0,4796,4365
2020-10-02 14:00:00,3982.163078930202,287.9999999999998,0.0,0.0,0.0,0.0,0.0,0.0,0.0,0.0,4749,4270
2020-10-02 15:00:00,3481.1630789302017,425.0000000000001,0.0,0.0,0.0,0.0,0.0,0.0,0.0,0.0,4881,3906
2020-10-02 16:00:00,3156.1630789302017,661.0000000000008,0.0,0.0,0.0,0.0,0.0,0.0,0.0,0.0,4760,3817
2020-10-02 17:00:00,3133.1630789302017,661.0000000000002,0.0,0.0,0.0,0.0,0.0,0.0,0.0,0.0,4666,3794
2020-10-02 18:00:00,3335.1630789302026,1163.0000000000007,0.0,0.0,0.0,0.0,0.0,0.0,0.0,0.0,3961,4498
2020-10-02 19:00:00,4202.163078930202,1026.0,0.0,0.0,0.0,0.0,0.0,0.0,0.0,0.0,3472,5228
2020-10-02 20:00:00,4166.563078930203,1092.5999999999992,0.0,0.0,0.0,0.0,0.0,0.0,0.0,0.0,3308,5259
2020-10-02 21:00:00,3940.5630789302018,1092.6,0.0,0.0,0.0,0.0,0.0,0.0,0.0,0.0,3093,5033
2020-10-02 22:00:00,5361.163078930203,350.9999999999998,0.0,0.0,0.0,0.0,0.0,0.0,0.0,0.0,2688,5712
2020-10-02 23:00:00,5145.163078930202,350.9999999999998,0.0,0.0,0.0,0.0,0.0,0.0,0.0,0.0,2982,5496
2020-10-03 00:00:00,3746.1630789302026,351.0000000000005,0.0,0.0,0.0,0.0,0.0,0.0,0.0,0.0,3657,4097
2020-10-03 01:00:00,3624.163078930202,350.9999999999998,0.0,0.0,0.0,0.0,0.0,0.0,0.0,0.0,3357,3975
2020-10-03 02:00:00,3818.1630789302026,5.229594535194337e-13,0.0,0.0,0.0,0.0,0.0,0.0,0.0,0.0,3107,3818
2020-10-03 03:00:00,3793.163078930202,-2.046363078989089e-13,0.0,0.0,0.0,0.0,0.0,0.0,0.0,0.0,2671,3793
2020-10-03 04:00:00,3569.1630789302017,5.229594535194337e-13,0.0,0.0,0.0,0.0,0.0,0.0,0.0,0.0,2671,3569
2020-10-03 05:00:00,4187.163078930203,-4.774847184307872e-13,0.0,0.0,0.0,0.0,0.0,0.0,0.0,0.0,1992,4187
2020-10-03 06:00:00,2757.1630789302017,1.591615728102624e-13,0.0,0.0,0.0,0.0,0.0,0.0,0.0,0.0,3513,2757
2020-10-03 07:00:00,2721.1630789302026,-4.774847184307872e-13,0.0,0.0,0.0,0.0,0.0,0.0,0.0,0.0,3634,2721
2020-10-03 08:00:00,4187.163078930203,6.821210263296964e-14,0.0,0.0,0.0,0.0,0.0,0.0,0.0,0.0,2547,4187
2020-10-03 09:00:00,3350.1630789302026,774.0000000000005,0.0,0.0,0.0,0.0,0.0,0.0,0.0,0.0,3215,4124
2020-10-03 10:00:00,3144.1630789302026,773.9999999999992,0.0,0.0,0.0,0.0,0.0,0.0,0.0,0.0,3871,3918
2020-10-03 11:00:00,1560.0,774.0000000000005,0.0,0.0,0.0,460.16307893020166,0.0,0.0,0.0,0.0,5345,2794
2020-10-03 12:00:00,2980.1630789302026,773.9999999999995,0.0,0.0,0.0,0.0,0.0,0.0,0.0,0.0,4793,3754
2020-10-03 13:00:00,2467.1630789302017,774.0000000000005,0.0,0.0,0.0,0.0,0.0,0.0,0.0,0.0,4888,3241
2020-10-03 14:00:00,2349.163078930201,386.9999999999998,0.0,0.0,0.0,0.0,0.0,0.0,0.0,0.0,5073,2736
2020-10-03 15:00:00,2072.1630789302017,387.0000000000001,0.0,0.0,0.0,0.0,0.0,0.0,0.0,0.0,5057,2459
2020-10-03 16:00:00,1972.1630789302012,386.9999999999998,0.0,0.0,0.0,0.0,0.0,0.0,0.0,0.0,4952,2359
2020-10-03 17:00:00,2548.1630789302017,387.00000000000006,0.0,0.0,0.0,0.0,0.0,0.0,0.0,0.0,4346,2935
2020-10-03 18:00:00,3449.1630789302026,774.0000000000005,0.0,0.0,0.0,0.0,0.0,0.0,0.0,0.0,3324,4223
2020-10-03 19:00:00,2690.1630789302026,1124.9999999999993,0.0,0.0,0.0,0.0,0.0,0.0,0.0,0.0,4318,3815
2020-10-03 20:00:00,2871.1630789302026,1125.0000000000005,0.0,0.0,0.0,0.0,0.0,0.0,0.0,0.0,4205,3996
2020-10-03 21:00:00,3893.1630789302026,1124.9999999999995,0.0,0.0,0.0,0.0,0.0,0.0,0.0,0.0,2722,5018
2020-10-03 22:00:00,3544.1630789302026,351.00000000000034,0.0,0.0,0.0,0.0,0.0,0.0,0.0,0.0,4016,3895
2020-10-03 23:00:00,3838.163078930202,351.00000000000006,0.0,0.0,0.0,0.0,0.0,0.0,0.0,0.0,3822,4189
2020-10-04 00:00:00,2917.1630789302017,351.00000000000006,0.0,0.0,0.0,0.0,0.0,0.0,0.0,0.0,4122,3268
2020-10-04 01:00:00,4337.1630789302035,350.9999999999995,0.0,0.0,0.0,0.0,0.0,0.0,0.0,0.0,2341,4688
2020-10-04 02:00:00,2855.163078930201,351.00000000000034,0.0,0.0,0.0,0.0,0.0,0.0,0.0,0.0,3519,3206
2020-10-04 03:00:00,2767.1630789302017,437.0000000000002,0.0,0.0,0.0,0.0,0.0,0.0,0.0,0.0,3165,3204
2020-10-04 04:00:00,3914.163078930203,437.0000000000001,0.0,0.0,0.0,0.0,0.0,0.0,0.0,0.0,2002,4351
2020-10-04 05:00:00,2903.1630789302017,437.0000000000002,0.0,0.0,0.0,0.0,0.0,0.0,0.0,0.0,3498,3340
2020-10-04 06:00:00,3706.163078930204,436.9999999999991,0.0,0.0,0.0,0.0,0.0,0.0,0.0,0.0,3796,4143
2020-10-04 07:00:00,4324.163078930202,738.0,0.0,0.0,0.0,0.0,0.0,0.0,0.0,0.0,3749,5062
2020-10-04 08:00:00,4926.1630789302035,387.00000000000006,0.0,0.0,0.0,0.0,0.0,0.0,0.0,0.0,3842,5313
2020-10-04 09:00:00,4705.163078930203,151.00000000000017,0.0,0.0,0.0,0.0,0.0,0.0,0.0,0.0,4610,4856
2020-10-04 10:00:00,3949.1630789302035,386.9999999999998,0.0,0.0,0.0,0.0,0.0,0.0,0.0,0.0,5270,4336
2020-10-04 11:00:00,5195.163078930202,387.0000000000011,0.0,0.0,0.0,0.0,0.0,0.0,0.0,0.0,4178,5582
2020-10-04 12:00:00,3806.1630789302035,438.9999999999995,0.0,0.0,0.0,0.0,0.0,0.0,0.0,0.0,5567,4245
2020-10-04 13:00:00,4600.1630789302035,589.9999999999995,0.0,0.0,0.0,0.0,0.0,0.0,0.0,0.0,4472,5190
2020-10-04 14:00:00,3775.163078930203,589.9999999999999,0.0,0.0,0.0,0.0,0.0,0.0,0.0,0.0,5196,4365
2020-10-04 15:00:00,3915.1630789302035,589.9999999999995,0.0,0.0,0.0,0.0,0.0,0.0,0.0,0.0,4820,4505
2020-10-04 16:00:00,4008.163078930203,587.9999999999999,0.0,0.0,0.0,0.0,0.0,0.0,0.0,0.0,4513,4596
2020-10-04 17:00:00,4139.1630789302035,436.9999999999993,0.0,0.0,0.0,0.0,0.0,0.0,0.0,0.0,4413,4576
2020-10-04 18:00:00,4288.1630789302035,286.00000000000017,0.0,0.0,0.0,0.0,0.0,0.0,0.0,0.0,4710,4574
2020-10-04 19:00:00,5580.0,641.1630789302033,0.0,0.0,0.0,0.0,0.0,0.0,0.0,0.0,3382,6221
2020-10-04 20:00:00,3929.163078930203,574.0000000000002,0.0,0.0,0.0,0.0,0.0,0.0,0.0,0.0,4591,4503
2020-10-04 21:00:00,3321.163078930202,725.0,0.0,0.0,0.0,0.0,0.0,0.0,0.0,0.0,4332,4046
2020-10-04 22:00:00,3115.1630789302035,875.9999999999992,0.0,0.0,0.0,0.0,0.0,0.0,0.0,0.0,4507,3991
2020-10-04 23:00:00,4947.1630789302035,875.9999999999998,0.0,0.0,0.0,0.0,0.0,0.0,0.0,0.0,2733,5823
2020-10-05 00:00:00,4518.163078930203,724.9999999999991,0.0,0.0,0.0,0.0,0.0,0.0,0.0,0.0,2745,5243
2020-10-05 01:00:00,3635.1630789302026,287.99999999999994,0.0,0.0,0.0,0.0,0.0,0.0,0.0,0.0,3684,3923
2020-10-05 02:00:00,4564.163078930203,287.99999999999983,0.0,0.0,0.0,0.0,0.0,0.0,0.0,0.0,2468,4852
2020-10-05 03:00:00,3576.1630789302017,137.0000000000005,0.0,0.0,0.0,0.0,0.0,0.0,0.0,0.0,3256,3713
2020-10-05 04:00:00,3568.1630789302026,137.00000000000014,0.0,0.0,0.0,0.0,0.0,0.0,0.0,0.0,3212,3705
2020-10-05 05:00:00,3730.1630789302026,-2.955857780762017e-13,0.0,0.0,0.0,0.0,0.0,0.0,0.0,0.0,3568,3730
2020-10-05 06:00:00,4292.163078930203,-2.955857780762017e-13,0.0,0.0,0.0,0.0,0.0,0.0,0.0,0.0,4053,4292
2020-10-05 07:00:00,5580.0,6.821210263296964e-14,0.0,0.0,0.0,651.163078930203,0.0,0.0,0.0,0.0,3004,6231
2020-10-05 08:00:00,4879.163078930202,151.00000000000017,0.0,0.0,0.0,0.0,0.0,0.0,0.0,0.0,4494,5030
2020-10-05 09:00:00,4398.163078930203,285.9999999999997,0.0,0.0,0.0,0.0,0.0,0.0,0.0,0.0,5099,4684
2020-10-05 10:00:00,3469.163078930203,422.99999999999994,0.0,0.0,0.0,0.0,0.0,0.0,0.0,0.0,6007,3892
2020-10-05 11:00:00,3308.1630789302026,573.9999999999999,0.0,0.0,0.0,0.0,0.0,0.0,0.0,0.0,6173,3882
2020-10-05 12:00:00,3314.1630789302026,725.0,0.0,0.0,0.0,0.0,0.0,0.0,0.0,0.0,6079,4039
2020-10-05 13:00:00,3153.1630789302017,1013.0000000000001,0.0,0.0,0.0,0.0,0.0,0.0,0.0,0.0,5810,4166
2020-10-05 14:00:00,3424.163078930202,1013.0000000000002,0.0,0.0,0.0,0.0,0.0,0.0,0.0,0.0,5484,4437
2020-10-05 15:00:00,3109.1630789302035,1012.9999999999989,0.0,0.0,0.0,0.0,0.0,0.0,0.0,0.0,5576,4122
2020-10-05 16:00:00,3213.1630789302026,724.9999999999991,0.0,0.0,0.0,0.0,0.0,0.0,0.0,0.0,5569,3938
2020-10-05 17:00:00,3483.1630789302035,724.9999999999989,0.0,0.0,0.0,0.0,0.0,0.0,0.0,0.0,5193,4208
2020-10-05 18:00:00,3877.1630789302026,724.9999999999991,0.0,0.0,0.0,0.0,0.0,0.0,0.0,0.0,5016,4602
2020-10-05 19:00:00,4770.0,922.1630789302025,0.0,0.0,0.0,0.0,0.0,0.0,0.0,0.0,4257,5692
2020-10-05 20:00:00,3646.163078930202,724.9999999999998,0.0,0.0,0.0,0.0,0.0,0.0,0.0,0.0,5020,4371
2020-10-05 21:00:00,3503.1630789302026,453.0000000000001,0.0,0.0,0.0,0.0,0.0,0.0,0.0,0.0,4735,3956
2020-10-05 22:00:00,4770.0,380.16307893020183,0.0,0.0,0.0,0.0,0.0,0.0,0.0,0.0,3649,5150
2020-10-05 23:00:00,4770.0,774.0000000000005,0.0,0.0,0.0,138.16307893020257,0.0,0.0,0.0,0.0,3147,5682
2020-10-06 00:00:00,4631.1630789302035,301.99999999999926,0.0,0.0,0.0,0.0,0.0,0.0,0.0,0.0,3161,4933
2020-10-06 01:00:00,1924.1630789302017,1550.0000000000002,0.0,0.0,0.0,0.0,0.0,0.0,0.0,0.0,4238,3474
2020-10-06 02:00:00,2095.036735012027,1347.126343918175,0.0,0.0,0.0,0.0,0.0,0.0,0.0,0.0,3984,3442
2020-10-06 03:00:00,1887.1630789302017,1550.0000000000002,0.0,0.0,0.0,0.0,0.0,0.0,0.0,0.0,3641,3437
2020-10-06 04:00:00,3793.1630789302044,861.9999999999995,0.0,0.0,0.0,0.0,0.0,0.0,0.0,0.0,2376,4655
2020-10-06 05:00:00,2446.1630789302017,927.0000000000003,0.0,0.0,0.0,0.0,0.0,0.0,0.0,0.0,4032,3373
2020-10-06 06:00:00,3431.163078930203,926.9999999999998,0.0,0.0,0.0,0.0,0.0,0.0,0.0,0.0,4087,4358
2020-10-06 07:00:00,4770.0,776.0000000000001,0.0,0.0,0.0,780.1630789302026,0.0,0.0,0.0,0.0,3028,6326
2020-10-06 08:00:00,4770.0,424.9999999999999,0.0,0.0,0.0,159.16307893020303,0.0,0.0,0.0,0.0,4294,5354
2020-10-06 09:00:00,3920.1630789302035,575.9999999999997,0.0,0.0,0.0,0.0,0.0,0.0,0.0,0.0,5432,4496
2020-10-06 10:00:00,3258.1630789302026,811.9999999999999,0.0,0.0,0.0,0.0,0.0,0.0,0.0,0.0,6002,4070
2020-10-06 11:00:00,3717.1630789302035,424.9999999999997,0.0,0.0,0.0,0.0,0.0,0.0,0.0,0.0,6103,4142
2020-10-06 12:00:00,3363.163078930203,1048.0000000000005,0.0,0.0,0.0,0.0,0.0,0.0,0.0,0.0,5910,4411
2020-10-06 13:00:00,4843.1630789302035,150.9999999999999,0.0,0.0,0.0,0.0,0.0,0.0,0.0,0.0,5203,4994
2020-10-06 14:00:00,4682.1630789302035,387.00000000000006,0.0,0.0,0.0,0.0,0.0,0.0,0.0,0.0,5109,5069
2020-10-06 15:00:00,4973.1630789302035,150.9999999999998,0.0,0.0,0.0,0.0,0.0,0.0,0.0,0.0,4850,5124
2020-10-06 16:00:00,5185.163078930203,150.9999999999998,0.0,0.0,0.0,0.0,0.0,0.0,0.0,0.0,4450,5336
2020-10-06 17:00:00,5580.0,164.16307893020303,0.0,0.0,0.0,0.0,0.0,0.0,0.0,0.0,3923,5744
2020-10-06 18:00:00,5580.0,538.0,0.0,0.0,0.0,519.163078930203,0.0,0.0,0.0,0.0,3192,6637
2020-10-06 19:00:00,5580.0,538.0,0.0,0.0,0.0,1605.1630789302026,0.0,0.0,0.0,0.0,2397,7723
2020-10-06 20:00:00,5580.0,925.0000000000005,0.0,0.0,0.0,743.1630789302023,0.0,0.0,0.0,0.0,2293,7248
2020-10-06 21:00:00,5580.0,979.163078930203,0.0,0.0,0.0,0.0,0.0,0.0,0.0,0.0,2273,6559
2020-10-06 22:00:00,5580.0,1211.1630789302028,0.0,0.0,0.0,0.0,0.0,0.0,0.0,0.0,2145,6791
2020-10-06 23:00:00,1664.1630789302026,3554.9999999999995,0.0,0.0,0.0,0.0,0.0,0.0,0.0,0.0,3709,5219
2020-01-29 00:00:00,5580.0,1176.508736842796,0.0,58.5,85.5,3939.6543420874054,0.0,0.0,0.0,0.0,1354,10840
2020-01-29 01:00:00,5580.0,1701.0000000000005,0.0,58.5,85.5,295.43394884545614,0.0,0.0,0.0,0.0,2540,9390
2020-01-29 02:00:00,5580.0,1701.0000000000005,0.0,58.5,85.5,2060.1630789302008,0.0,0.0,0.0,0.0,2186,9485
2020-01-29 03:00:00,5580.0,573.9999999999998,0.0,58.5,85.5,3800.1630789302017,0.0,0.0,0.0,0.0,1161,10098
2020-01-29 04:00:00,5580.0,1262.0000000000005,0.0,58.5,85.5,3022.1630789302,0.0,0.0,0.0,0.0,1192,10008
2020-01-29 05:00:00,5580.0,1479.5999999999995,0.0,58.5,85.5,3384.5630789302018,0.0,0.0,0.0,0.0,1159,10588
2020-01-29 06:00:00,5580.0,1479.6000000000004,0.0,58.5,85.5,4109.5630789301995,0.0,0.0,0.0,0.0,1654,11313
2020-01-29 07:00:00,5580.0,1262.0000000000005,2160.0,58.5,85.5,2948.1630789302,0.0,0.0,0.0,0.0,1934,12094
2020-01-29 08:00:00,5580.0,1262.0000000000005,2160.0,58.5,85.5,2694.1630789302,0.0,0.0,0.0,0.0,2464,11840
2020-01-29 09:00:00,5580.0,1262.0000000000005,2160.0,58.5,85.5,2756.1630789302,0.0,0.0,0.0,0.0,2499,11902
2020-01-29 10:00:00,5580.0,573.9999999999998,2160.0,58.5,85.5,2496.1630789302017,0.0,0.0,0.0,0.0,3453,10954
2020-01-29 11:00:00,5580.0,574.0,2160.0,58.5,85.5,2301.163078930199,0.0,0.0,0.0,0.0,3713,10759
2020-01-29 12:00:00,5580.0,1701.0,2160.0,58.5,85.5,911.1630789302014,0.0,0.0,0.0,0.0,3937,10496
2020-01-29 13:00:00,5580.0,876.0000000000005,2160.0,58.5,85.5,1210.1630789301992,0.0,0.0,0.0,0.0,4086,9970
2020-01-29 14:00:00,5580.0,875.9999999999993,2160.0,58.5,85.5,869.1630789302016,0.0,0.0,0.0,0.0,4074,9629
2020-01-29 15:00:00,5580.0,1471.1630789301998,2160.0,58.5,85.5,0.0,0.0,0.0,0.0,0.0,3969,9355
2020-01-29 16:00:00,5580.0,1559.1630789302008,2160.0,58.5,85.5,0.0,0.0,0.0,0.0,0.0,3709,9443
2020-01-29 17:00:00,5580.0,2132.1630789302,2160.0,58.5,85.5,0.0,0.0,0.0,0.0,0.0,3384,10016
2020-01-29 18:00:00,5580.0,2221.2,2160.0,58.5,85.5,999.9630789302004,0.0,0.0,0.0,0.0,2829,11105
2020-01-29 19:00:00,5580.0,1866.6000000000001,2160.0,58.5,85.5,899.5630789302012,0.0,0.0,0.0,0.0,3191,10650
2020-01-29 20:00:00,5580.0,705.6000000000014,2160.0,58.5,85.5,1610.5630789301993,0.0,0.0,0.0,0.0,2791,10200
2020-01-29 21:00:00,5580.0,705.5999999999993,2160.0,58.5,85.5,901.5630789302016,0.0,0.0,0.0,0.0,2777,9491
2020-01-29 22:00:00,5580.0,705.6,2160.0,58.5,85.5,1899.5630789302008,0.0,0.0,0.0,0.0,1983,10489
2020-01-29 23:00:00,5580.0,1404.1630789302012,2160.0,58.5,85.5,0.0,0.0,0.0,0.0,0.0,3299,9288
2020-01-30 00:00:00,5580.0,1583.1630789302008,2160.0,58.5,85.5,0.0,0.0,0.0,0.0,0.0,2539,9467
2020-01-30 01:00:00,5580.0,1783.163078930201,2160.0,58.5,85.5,0.0,0.0,0.0,0.0,0.0,1944,9667
2020-01-30 02:00:00,5580.0,1807.1630789302008,2160.0,58.5,85.5,0.0,0.0,0.0,0.0,0.0,1569,9691
2020-01-30 03:00:00,5580.0,1346.1630789302008,2160.0,58.5,85.5,0.0,0.0,0.0,0.0,0.0,1517,9230
2020-01-30 04:00:00,5580.0,1147.163078930201,2160.0,58.5,85.5,0.0,0.0,0.0,0.0,0.0,1503,9031
2020-01-30 05:00:00,5580.0,1351.1630789302008,2160.0,58.5,85.5,0.0,0.0,0.0,0.0,0.0,1447,9235
2020-01-30 06:00:00,5580.0,1742.163078930201,2160.0,58.5,85.5,0.0,0.0,0.0,0.0,0.0,1421,9626
2020-01-30 07:00:00,5580.0,1901.163078930201,2160.0,58.5,85.5,0.0,0.0,0.0,0.0,0.0,1661,9785
2020-01-30 08:00:00,5580.0,2007.1630789302005,2160.0,58.5,85.5,0.0,0.0,0.0,0.0,0.0,2055,9891
2020-01-30 09:00:00,5580.0,1933.163078930201,2160.0,58.5,85.5,0.0,0.0,0.0,0.0,0.0,2604,9817
2020-01-30 10:00:00,5580.0,1479.5999999999992,2160.0,58.5,85.5,45.56307893020194,0.0,0.0,0.0,0.0,3152,9409
2020-01-30 11:00:00,5580.0,1091.1630789302023,2160.0,58.5,85.5,0.0,0.0,0.0,0.0,0.0,3719,8975
2020-01-30 12:00:00,5580.0,773.9999999999999,2160.0,58.5,85.5,196.16307893020192,0.0,0.0,0.0,0.0,4055,8854
2020-01-30 13:00:00,5580.0,346.1630789302008,2160.0,58.5,85.5,0.0,0.0,0.0,0.0,0.0,4189,8230
2020-01-30 14:00:00,5580.0,150.99999999999974,2160.0,58.5,85.5,0.0,344.83692106979765,0.0,0.0,0.0,4279,7690
2020-01-30 15:00:00,5580.0,-2.728484105318785e-13,2160.0,58.5,85.5,0.0,425.83692106979606,0.0,0.0,0.0,4165,7458
2020-01-30 16:00:00,5580.0,136.99999999999994,2160.0,58.5,85.5,0.0,386.8369210697972,0.0,0.0,0.0,3891,7634
2020-01-30 17:00:00,5580.0,366.16307893020064,2160.0,58.5,85.5,0.0,0.0,0.0,0.0,0.0,3672,8250
2020-01-30 18:00:00,5580.0,1648.1630789302014,2160.0,58.5,85.5,0.0,0.0,0.0,0.0,0.0,3230,9532
2020-01-30 19:00:00,5580.0,2221.1999999999994,2160.0,58.5,85.5,0.0,0.0,60.963078930200936,0.0,0.0,2674,10166
2020-01-30 20:00:00,5580.0,1866.6000000000004,2160.0,58.5,85.5,0.0,0.0,428.5630789302009,0.0,0.0,2035,10179
2020-01-30 21:00:00,5580.0,1751.1630789302017,2160.0,58.5,85.5,0.0,0.0,0.0,0.0,0.0,1992,9635
2020-01-30 22:00:00,5580.0,1676.163078930201,2160.0,58.5,85.5,0.0,0.0,0.0,0.0,0.0,2466,9560
2020-01-30 23:00:00,5580.0,1898.9999999999998,2160.0,58.5,85.5,0.0,0.0,221.1630789302017,0.0,0.0,2358,10004
2020-01-31 00:00:00,5580.0,1458.1630789302012,2160.0,58.5,85.5,0.0,0.0,0.0,0.0,0.0,2682,9342
2020-01-31 01:00:00,5580.0,1512.0000000000002,2160.0,58.5,85.5,0.0,0.0,28.16307893020075,0.0,0.0,2301,9424
2020-01-31 02:00:00,5580.0,1512.0000000000005,2160.0,58.5,85.5,0.0,0.0,15.163078930201664,0.0,0.0,1998,9411
2020-01-31 03:00:00,5580.0,1219.1630789302003,2160.0,58.5,85.5,0.0,0.0,0.0,0.0,0.0,1756,9103
2020-01-31 04:00:00,5580.0,1115.1630789302017,2160.0,58.5,85.5,0.0,0.0,0.0,0.0,0.0,1568,8999
2020-01-31 05:00:00,5580.0,738.0000000000001,2160.0,58.5,85.5,0.0,0.0,65.16307893020075,0.0,0.0,1895,8687
2020-01-31 06:00:00,5580.0,387.0,2160.0,58.5,85.5,63.20848010436446,0.0,48.954598825836456,0.0,0.0,2357,8383
2020-01-31 07:00:00,5580.0,-2.728484105318785e-13,2160.0,58.5,85.5,109.16307893020186,0.0,0.0,0.0,0.0,2919,7993
2020-01-31 08:00:00,5580.0,3.637978807091713e-13,2160.0,58.5,85.5,0.0,217.83692106979993,0.0,0.0,0.0,3636,7666
2020-01-31 09:00:00,5580.0,-2.728484105318785e-13,2160.0,58.5,85.5,1153.7853881278515,0.0,163.37769080234995,0.0,0.0,2665,9201
2020-01-31 10:00:00,5580.0,0.0,2160.0,58.5,85.5,0.0,197.83692106979913,0.0,0.0,0.0,4570,7686
2020-01-31 11:00:00,5580.0,-2.728484105318785e-13,2160.0,58.5,85.5,614.7853881278525,0.0,148.37769080234935,0.0,0.0,3867,8647
2020-01-31 12:00:00,5580.0,3.637978807091713e-13,2160.0,58.5,85.5,0.0,464.8369210697999,0.0,0.0,0.0,5376,7419
2020-01-31 13:00:00,5580.0,-2.728484105318785e-13,2160.0,58.5,85.5,0.0,1030.8369210697963,0.0,0.0,0.0,5317,6853
2020-01-31 14:00:00,5580.0,0.0,1804.1630789302026,0.0,0.0,0.0,1200.0,0.0,0.0,0.0,5435,6184
2020-01-31 15:00:00,5580.0,0.0,1677.1630789302026,0.0,0.0,0.0,1200.0,0.0,0.0,0.0,5285,6057
2020-01-31 16:00:00,5580.0,-2.728484105318785e-13,1845.1630789302037,0.0,0.0,0.0,1200.0,0.0,0.0,0.0,5117,6225
2020-01-31 17:00:00,5580.0,0.0,2160.0,58.5,85.5,0.0,582.8369210697991,0.0,0.0,0.0,4553,7301
2020-01-31 18:00:00,5580.0,2221.2,2160.0,58.5,85.5,0.0,0.0,254.96307893020185,0.0,0.0,2512,10360
2020-01-31 19:00:00,5580.0,2221.2000000000003,2160.0,58.5,85.5,0.0,0.0,1009.9630789302,0.0,0.0,2041,11115
2020-01-31 20:00:00,5580.0,1024.1630789302014,2160.0,58.5,85.5,0.0,0.0,0.0,0.0,0.0,3707,8908
2020-01-31 21:00:00,5580.0,1717.1630789302005,2160.0,58.5,85.5,0.0,0.0,0.0,0.0,0.0,2351,9601
2020-01-31 22:00:00,5580.0,2608.2,2160.0,58.5,85.5,0.0,0.0,135.96307893020196,0.0,0.0,1575,10628
2020-01-31 23:00:00,5580.0,2608.2000000000003,2160.0,58.5,85.5,0.0,0.0,361.9630789302004,0.0,0.0,1575,10854
2020-02-01 00:00:00,5580.0,1350.1630789302003,2160.0,58.5,85.5,0.0,0.0,0.0,0.0,0.0,2905,9234
2020-02-01 01:00:00,5580.0,2601.1630789302017,2160.0,58.5,85.5,0.0,0.0,0.0,0.0,0.0,1464,10485
2020-02-01 02:00:00,5580.0,1635.1630789302008,2160.0,58.5,85.5,0.0,0.0,0.0,0.0,0.0,2216,9519
2020-02-01 03:00:00,5580.0,1451.1630789302014,2160.0,58.5,85.5,0.0,0.0,0.0,0.0,0.0,1974,9335
2020-02-01 04:00:00,5580.0,2013.1630789302005,2160.0,58.5,85.5,0.0,0.0,0.0,0.0,0.0,1352,9897
2020-02-01 05:00:00,5580.0,1774.1630789302014,2160.0,58.5,85.5,0.0,0.0,0.0,0.0,0.0,2184,9658
2020-02-01 06:00:00,5580.0,2586.1630789302008,2160.0,58.5,85.5,0.0,0.0,0.0,0.0,0.0,2604,10470
2020-02-01 07:00:00,5580.0,2608.2,2160.0,58.5,85.5,906.9630789302014,0.0,1200.0,0.0,0.0,1468,12599
2020-02-01 08:00:00,5580.0,2608.2,2160.0,58.5,85.5,0.0,0.0,41.96307893020139,0.0,0.0,3745,10534
2020-02-01 09:00:00,5580.0,2608.2000000000003,2160.0,58.5,85.5,54.963078930200105,0.0,1200.0,0.0,0.0,2588,11747
2020-02-01 10:00:00,5580.0,1510.1630789302014,2160.0,58.5,85.5,0.0,0.0,0.0,0.0,0.0,4915,9394
2020-02-01 11:00:00,5580.0,1252.1630789302023,2160.0,58.5,85.5,0.0,0.0,0.0,0.0,0.0,5231,9136
2020-02-01 12:00:00,5580.0,1025.1630789302012,2160.0,58.5,85.5,0.0,0.0,0.0,0.0,0.0,5394,8909
2020-02-01 13:00:00,5580.0,1866.6000000000001,2160.0,58.5,85.5,95.49540117415911,0.0,54.06767775604112,0.0,0.0,4083,9900
2020-02-01 14:00:00,5580.0,1541.1630789302014,2160.0,58.5,85.5,0.0,0.0,0.0,0.0,0.0,4232,9425
2020-02-01 15:00:00,5580.0,151.00000000000045,2160.0,58.5,85.5,0.0,227.83692106979743,0.0,0.0,0.0,5530,7807
2020-02-01 16:00:00,5580.0,151.00000000000003,2160.0,58.5,85.5,0.0,105.83692106979674,0.0,0.0,0.0,5360,7929
2020-02-01 17:00:00,5580.0,580.1630789302005,2160.0,58.5,85.5,0.0,0.0,0.0,0.0,0.0,5183,8464
2020-02-01 18:00:00,5580.0,1128.5999999999997,2160.0,58.5,85.5,2279.307697325505,0.0,250.25538160469563,0.0,0.0,2953,11542
2020-02-01 19:00:00,5580.0,2608.2,2160.0,58.5,85.5,1464.9630789302014,0.0,0.0,0.0,0.0,2407,11957
2020-02-01 20:00:00,5580.0,1821.1630789302008,2160.0,58.5,85.5,0.0,0.0,0.0,0.0,0.0,3705,9705
2020-02-01 21:00:00,5580.0,2608.2,2160.0,58.5,85.5,525.9630789302018,0.0,0.0,0.0,0.0,1592,11018
2020-02-01 22:00:00,5580.0,1623.1630789302005,2160.0,58.5,85.5,0.0,0.0,0.0,0.0,0.0,3270,9507
2020-02-01 23:00:00,5580.0,1777.1630789302014,2160.0,58.5,85.5,0.0,0.0,0.0,0.0,0.0,3215,9661
2020-02-02 00:00:00,5580.0,2608.2,2160.0,58.5,85.5,516.963078930202,0.0,0.0,0.0,0.0,1444,11009
2020-02-02 01:00:00,5580.0,1640.1630789302017,2160.0,58.5,85.5,0.0,0.0,0.0,0.0,0.0,2646,9524
2020-02-02 02:00:00,5580.0,1673.1630789302017,2160.0,58.5,85.5,0.0,0.0,0.0,0.0,0.0,2360,9557
2020-02-02 03:00:00,5580.0,2245.1630789302017,2160.0,58.5,85.5,0.0,0.0,0.0,0.0,0.0,1364,10129
2020-02-02 04:00:00,5580.0,1605.1630789302014,2160.0,58.5,85.5,0.0,0.0,0.0,0.0,0.0,1923,9489
2020-02-02 05:00:00,5580.0,1894.1630789302017,2160.0,58.5,85.5,0.0,0.0,0.0,0.0,0.0,2173,9778
2020-02-02 06:00:00,5580.0,2608.2,2160.0,58.5,85.5,74.96307893020177,0.0,0.0,0.0,0.0,2589,10567
2020-02-02 07:00:00,5580.0,2608.2,2160.0,58.5,85.5,341.96307893020236,0.0,0.0,0.0,0.0,3318,10834
2020-02-02 08:00:00,5580.0,2608.2,2160.0,58.5,85.5,1856.9630789302016,0.0,0.0,0.0,0.0,1997,12349
2020-02-02 09:00:00,5580.0,2031.1630789302028,2160.0,58.5,85.5,0.0,0.0,0.0,0.0,0.0,4435,9915
2020-02-02 10:00:00,5580.0,1532.1630789302017,2160.0,58.5,85.5,0.0,0.0,0.0,0.0,0.0,4841,9416
2020-02-02 11:00:00,5580.0,1125.0000000000005,2160.0,58.5,85.5,1925.1630789302012,0.0,0.0,0.0,0.0,3341,10934
2020-02-02 12:00:00,5580.0,774.0000000000003,2160.0,58.5,85.5,1987.1630789302012,0.0,0.0,0.0,0.0,3533,10645
2020-02-02 13:00:00,5580.0,0.0,2160.0,58.5,85.5,622.1630789302006,0.0,0.0,0.0,0.0,5350,8506
2020-02-02 14:00:00,5580.0,-1.818989403545857e-13,2160.0,58.5,85.5,83.16307893020182,0.0,0.0,0.0,0.0,5555,7967
2020-02-02 15:00:00,5580.0,1483.2,2160.0,58.5,85.5,45.96307893020128,0.0,0.0,0.0,0.0,3787,9413
2020-02-02 16:00:00,5580.0,1827.1630789302017,2160.0,58.5,85.5,0.0,0.0,0.0,0.0,0.0,3417,9711
2020-02-02 17:00:00,5580.0,2471.1630789302017,2160.0,58.5,85.5,0.0,0.0,0.0,0.0,0.0,3047,10355
2020-02-02 18:00:00,5580.0,1907.1630789302017,2160.0,58.5,85.5,0.0,0.0,0.0,0.0,0.0,4473,9791
2020-02-02 19:00:00,5580.0,2608.2,2160.0,58.5,85.5,1505.9630789302018,0.0,0.0,0.0,0.0,2046,11998
2020-02-02 20:00:00,5580.0,1660.1630789302017,2160.0,58.5,85.5,0.0,0.0,0.0,0.0,0.0,3648,9544
2020-02-02 21:00:00,5580.0,1279.1630789302014,2160.0,58.5,85.5,0.0,0.0,0.0,0.0,0.0,3355,9163
2020-02-02 22:00:00,5580.0,2608.2,2160.0,58.5,85.5,637.9630789302017,0.0,0.0,0.0,0.0,1550,11130
2020-02-02 23:00:00,5580.0,2608.2,2160.0,58.5,85.5,978.9630789302016,0.0,0.0,0.0,0.0,1337,11471
2020-02-03 00:00:00,5580.0,1325.1630789302012,2160.0,58.5,85.5,0.0,0.0,0.0,0.0,0.0,3100,9209
2020-02-03 01:00:00,5580.0,2608.2,2160.0,58.5,85.5,302.96307893020065,0.0,0.0,0.0,0.0,1237,10795
2020-02-03 02:00:00,5580.0,2608.2,2160.0,58.5,85.5,0.0,0.0,0.0,0.0,0.0,1174,10610
2020-02-03 03:00:00,5580.0,1400.1630789302008,2160.0,58.5,85.5,0.0,0.0,0.0,0.0,0.0,2087,9284
2020-02-03 04:00:00,5580.0,1365.1630789302012,2160.0,58.5,85.5,0.0,0.0,0.0,0.0,0.0,2046,9249
2020-02-03 05:00:00,5580.0,1823.1630789302012,2160.0,58.5,85.5,0.0,0.0,0.0,0.0,0.0,2135,9707
2020-02-03 06:00:00,5580.0,2608.2000000000007,2160.0,58.5,85.5,17.96307893020048,0.0,0.0,0.0,0.0,2552,10510
2020-02-03 07:00:00,5580.0,2608.2,2160.0,58.5,85.5,2143.963078930203,0.0,0.0,0.0,0.0,1458,12636
2020-02-03 08:00:00,5580.0,2608.2000000000003,2160.0,58.5,85.5,1950.9630789302016,0.0,0.0,0.0,0.0,1907,12443
2020-02-03 09:00:00,5580.0,2193.1630789302017,2160.0,58.5,85.5,0.0,0.0,0.0,0.0,0.0,4352,10077
2020-02-03 10:00:00,5580.0,1669.1630789302012,2160.0,58.5,85.5,0.0,0.0,0.0,0.0,0.0,4808,9553
2020-02-03 11:00:00,5580.0,1204.1630789302012,2160.0,58.5,85.5,0.0,0.0,0.0,0.0,0.0,5296,9088
2020-02-03 12:00:00,5580.0,2608.2,2160.0,58.5,85.5,17.963078930201107,0.0,0.0,0.0,0.0,3774,10510
2020-02-03 13:00:00,5580.0,2058.1630789302017,2160.0,58.5,85.5,0.0,0.0,0.0,0.0,0.0,3992,9942
2020-02-03 14:00:00,5580.0,1479.6000000000004,2160.0,58.5,85.5,149.5630789302014,0.0,0.0,0.0,0.0,4086,9513
2020-02-03 15:00:00,5580.0,1416.1630789302021,2160.0,58.5,85.5,0.0,0.0,0.0,0.0,0.0,4032,9300
2020-02-03 16:00:00,5580.0,271.99999999999994,2160.0,58.5,85.5,0.0,43.83692106979854,0.0,0.0,0.0,5244,8112
2020-02-03 17:00:00,5580.0,1092.5999999999997,2160.0,58.5,85.5,999.6853881278528,0.0,32.87769080234891,0.0,0.0,3711,10009
2020-02-03 18:00:00,5580.0,1834.2000000000007,2160.0,58.5,85.5,15.963078930200473,0.0,0.0,0.0,0.0,4891,9734
2020-02-03 19:00:00,5580.0,1834.200000000001,2160.0,58.5,85.5,1847.963078930201,0.0,0.0,0.0,0.0,2807,11566
2020-02-03 20:00:00,5580.0,1646.163078930201,2160.0,58.5,85.5,0.0,0.0,0.0,0.0,0.0,3926,9530
2020-02-03 21:00:00,5580.0,1113.163078930202,2160.0,58.5,85.5,0.0,0.0,0.0,0.0,0.0,3721,8997
2020-02-03 22:00:00,5580.0,1458.1630789302021,2160.0,58.5,85.5,0.0,0.0,0.0,0.0,0.0,3509,9342
2020-02-03 23:00:00,5580.0,2253.6,2160.0,58.5,85.5,1159.5630789302013,0.0,0.0,0.0,0.0,1658,11297
2020-02-04 00:00:00,5580.0,1512.0000000000007,2160.0,58.5,85.5,109.16307893020196,0.0,0.0,0.0,0.0,2930,9505
2020-02-04 01:00:00,5580.0,1479.1630789302014,2160.0,58.5,85.5,0.0,0.0,0.0,0.0,0.0,2772,9363
2020-02-04 02:00:00,5580.0,1512.0,2160.0,58.5,85.5,0.1630789302015152,0.0,0.0,0.0,0.0,2468,9396
2020-02-04 03:00:00,5580.0,1411.1630789302014,2160.0,58.5,85.5,0.0,0.0,0.0,0.0,0.0,2128,9295
2020-02-04 04:00:00,5580.0,2082.1630789302017,2160.0,58.5,85.5,0.0,0.0,0.0,0.0,0.0,1347,9966
2020-02-04 05:00:00,5580.0,2584.1630789302017,2160.0,58.5,85.5,0.0,0.0,0.0,0.0,0.0,1357,10468
2020-02-04 06:00:00,5580.0,2608.2,2160.0,58.5,85.5,1143.963078930202,0.0,0.0,0.0,0.0,1370,11636
2020-02-04 07:00:00,5580.0,2608.2,2160.0,58.5,85.5,1939.9630789302016,0.0,0.0,0.0,0.0,1554,12432
2020-02-04 08:00:00,5580.0,2608.2,2160.0,58.5,85.5,1679.9630789302018,0.0,0.0,0.0,0.0,2038,12172
2020-02-04 09:00:00,5580.0,2608.2,2160.0,58.5,85.5,976.9630789302016,0.0,0.0,0.0,0.0,2796,11469
2020-02-04 10:00:00,5580.0,2221.2000000000003,2160.0,58.5,85.5,571.9630789302012,0.0,0.0,0.0,0.0,3538,10677
2020-02-04 11:00:00,5580.0,2221.2,2160.0,58.5,85.5,65.96307893020148,0.0,0.0,0.0,0.0,4085,10171
2020-02-04 12:00:00,5580.0,986.1630789302014,2160.0,58.5,85.5,0.0,0.0,0.0,0.0,0.0,5322,8870
2020-02-04 13:00:00,5580.0,1447.2,2160.0,58.5,85.5,130.96307893020222,0.0,0.0,0.0,0.0,4442,9462
2020-02-04 14:00:00,5580.0,1298.1630789302017,2160.0,58.5,85.5,0.0,0.0,0.0,0.0,0.0,4427,9182
2020-02-04 15:00:00,5580.0,409.00000000000006,2160.0,58.5,85.5,0.0,97.83692106979768,0.0,0.0,0.0,5130,8195
2020-02-04 16:00:00,5580.0,1334.1630789302021,2160.0,58.5,85.5,0.0,0.0,0.0,0.0,0.0,4061,9218
2020-02-04 17:00:00,5580.0,2199.1630789302017,2160.0,58.5,85.5,0.0,0.0,0.0,0.0,0.0,3505,10083
2020-02-04 18:00:00,5580.0,2221.2000000000003,2160.0,58.5,85.5,1230.585388127853,0.0,73.37769080234827,0.0,0.0,3061,11409
2020-02-04 19:00:00,5580.0,2608.2,2160.0,58.5,85.5,1305.9630789302018,0.0,0.0,0.0,0.0,2441,11798
2020-02-04 20:00:00,5580.0,1936.1630789302014,2160.0,58.5,85.5,0.0,0.0,0.0,0.0,0.0,3557,9820
2020-02-04 21:00:00,5580.0,2608.1999999999994,2160.0,58.5,85.5,355.9630789302021,0.0,0.0,0.0,0.0,1838,10848
2020-02-04 22:00:00,5580.0,2608.2,2160.0,58.5,85.5,737.963078930202,0.0,0.0,0.0,0.0,1619,11230
2020-02-04 23:00:00,5580.0,3554.9999999999995,707.1630789302017,0.0,0.0,0.0,0.0,0.0,0.0,0.0,3138,9842
2020-10-07 00:00:00,3600.0,1013.0000000000002,0.0,0.0,0.0,1576.1630789302026,0.0,0.0,0.0,0.0,1972,6189
2020-10-07 01:00:00,3600.0,1013.0000000000002,0.0,0.0,0.0,1279.1630789302026,0.0,0.0,0.0,0.0,1877,5892
2020-10-07 02:00:00,3600.0,1012.9999999999999,0.0,0.0,0.0,1011.1630789302028,0.0,0.0,0.0,0.0,1850,5624
2020-10-07 03:00:00,3600.0,-2.0463630789890888e-13,0.0,0.0,0.0,1663.1630789302026,0.0,0.0,0.0,0.0,1856,5263
2020-10-07 04:00:00,3600.0,4.3200998334214094e-13,0.0,0.0,0.0,1761.1630789302026,0.0,0.0,0.0,0.0,1702,5361
2020-10-07 05:00:00,3600.0,-2.0463630789890883e-13,0.0,0.0,0.0,2112.1630789302035,0.0,0.0,0.0,0.0,1714,5712
2020-10-07 06:00:00,3600.0,7.048583938740194e-13,0.0,0.0,0.0,1769.163078930202,0.0,0.0,0.0,0.0,3086,5369
2020-10-07 07:00:00,3600.0,3.637978807091713e-13,0.0,0.0,0.0,2676.1630789302026,0.0,0.0,0.0,0.0,3079,6276
2020-10-07 08:00:00,3600.0,2.5011104298755534e-13,0.0,0.0,0.0,2513.1630789302026,0.0,0.0,0.0,0.0,3524,6113
2020-10-07 09:00:00,3600.0,2.685851541173179e-13,0.0,0.0,0.0,3455.1630789302026,0.0,0.0,0.0,0.0,2846,7055
2020-10-07 10:00:00,3600.0,-2.0463630789890888e-13,0.0,0.0,0.0,1628.1630789302026,0.0,0.0,0.0,0.0,4793,5228
2020-10-07 11:00:00,3600.0,7.048583938740194e-13,0.0,0.0,0.0,2601.163078930202,0.0,0.0,0.0,0.0,3968,6201
2020-10-07 12:00:00,3600.0,-2.0463630789890888e-13,0.0,0.0,0.0,1901.1630789302023,0.0,0.0,0.0,0.0,4717,5501
2020-10-07 13:00:00,3600.0,2.5011104298755534e-13,0.0,0.0,0.0,1922.1630789302023,0.0,0.0,0.0,0.0,4540,5522
2020-10-07 14:00:00,3600.0,-2.0463630789890888e-13,0.0,0.0,0.0,1848.1630789302023,0.0,0.0,0.0,0.0,4547,5448
2020-10-07 15:00:00,3600.0,2.5011104298755534e-13,0.0,0.0,0.0,1738.1630789302026,0.0,0.0,0.0,0.0,4410,5338
2020-10-07 16:00:00,3600.0,-2.0463630789890888e-13,0.0,0.0,0.0,1850.1630789302023,0.0,0.0,0.0,0.0,4077,5450
2020-10-07 17:00:00,3600.0,2.5011104298755534e-13,0.0,0.0,0.0,2155.1630789302026,0.0,0.0,0.0,0.0,3635,5755
2020-10-07 18:00:00,3600.0,2.5011104298755534e-13,0.0,0.0,0.0,3057.1630789302026,0.0,0.0,0.0,0.0,2925,6657
2020-10-07 19:00:00,3600.0,-2.0463630789890888e-13,0.0,0.0,0.0,2787.1630789302035,0.0,0.0,0.0,0.0,3509,6387
2020-10-07 20:00:00,3600.0,2.5011104298755534e-13,0.0,0.0,0.0,4068.1630789302026,0.0,0.0,0.0,0.0,1653,7668
2020-10-07 21:00:00,3600.0,-2.0463630789890888e-13,0.0,0.0,0.0,2053.1630789302026,0.0,0.0,0.0,0.0,2944,5653
2020-10-07 22:00:00,3600.0,2.5011104298755534e-13,0.0,0.0,0.0,3471.1630789302026,0.0,0.0,0.0,0.0,1606,7071
2020-10-07 23:00:00,5580.0,-2.0463630789890888e-13,0.0,0.0,0.0,1567.1630789302037,0.0,0.0,0.0,0.0,1566,7147
2020-10-08 00:00:00,5580.0,6.821210263296964e-14,0.0,0.0,0.0,0.0,279.836921069797,0.0,0.0,0.0,2671,5300
2020-10-08 01:00:00,5580.0,-2.0463630789890888e-13,0.0,0.0,0.0,0.0,636.8369210697977,0.0,0.0,0.0,2622,4943
2020-10-08 02:00:00,5580.0,-1.13686837721616e-14,0.0,0.0,0.0,0.0,1080.8369210697972,0.0,0.0,0.0,2765,4499
2020-10-08 03:00:00,5580.0,-2.27373675443232e-14,0.0,0.0,0.0,0.0,441.8369210697979,0.0,0.0,0.0,1757,5138
2020-10-08 04:00:00,5580.0,-2.046363078989089e-13,0.0,0.0,0.0,0.0,617.8369210697979,0.0,0.0,0.0,1856,4962
2020-10-08 05:00:00,5580.0,5.229594535194337e-13,0.0,0.0,0.0,0.0,246.8369210697983,0.0,0.0,0.0,1875,5333
2020-10-08 06:00:00,5580.0,-2.046363078989089e-13,0.0,0.0,0.0,0.0,0.0,789.1630789302035,0.0,0.0,1871,6369
2020-10-08 07:00:00,5580.0,3.410605131648481e-13,0.0,0.0,0.0,470.16307893020166,0.0,1200.0,0.0,0.0,1901,7250
2020-10-08 08:00:00,5580.0,-4.774847184307872e-13,0.0,0.0,0.0,102.31001304631764,0.0,488.85306588388585,0.0,0.0,3249,6171
2020-10-08 09:00:00,5580.0,6.821210263296964e-14,0.0,0.0,0.0,1203.163078930202,0.0,0.0,0.0,0.0,2873,6783
2020-10-08 10:00:00,5580.0,-4.774847184307872e-13,0.0,0.0,0.0,541.1630789302035,0.0,0.0,0.0,0.0,3617,6121
2020-10-08 11:00:00,5580.0,6.821210263296964e-14,0.0,0.0,0.0,142.16307893020303,0.0,0.0,0.0,0.0,4120,5722
2020-10-08 12:00:00,5580.0,1.591615728102624e-13,0.0,0.0,0.0,0.0,220.83692106979743,0.0,0.0,0.0,4515,5359
2020-10-08 13:00:00,5580.0,-4.774847184307872e-13,0.0,0.0,0.0,0.0,580.8369210697974,0.0,0.0,0.0,4649,4999
2020-10-08 14:00:00,5580.0,6.821210263296964e-14,0.0,0.0,0.0,0.0,736.836921069797,0.0,0.0,0.0,4635,4843
2020-10-08 15:00:00,5580.0,-2.046363078989089e-13,0.0,0.0,0.0,0.0,790.8369210697974,0.0,0.0,0.0,4391,4789
2020-10-08 16:00:00,5580.0,1.591615728102624e-13,0.0,0.0,0.0,0.0,580.8369210697974,0.0,0.0,0.0,3931,4999
2020-10-08 17:00:00,5580.0,-4.774847184307872e-13,0.0,0.0,0.0,0.0,111.83692106979744,0.0,0.0,0.0,3390,5468
2020-10-08 18:00:00,5580.0,6.821210263296964e-14,0.0,0.0,0.0,0.0,0.0,766.163078930203,0.0,0.0,2729,6346
2020-10-08 19:00:00,5580.0,-2.046363078989089e-13,0.0,0.0,0.0,495.1630789302035,0.0,1200.0,0.0,0.0,2101,7275
2020-10-08 20:00:00,5580.0,-2.27373675443232e-14,0.0,0.0,0.0,1112.810013046317,0.0,300.35306588388494,0.0,0.0,1877,6993
2020-10-08 21:00:00,5580.0,1.591615728102624e-13,0.0,0.0,0.0,861.1630789302026,0.0,0.0,0.0,0.0,1806,6441
2020-10-08 22:00:00,5580.0,6.821210263296964e-14,0.0,0.0,0.0,1149.163078930203,0.0,0.0,0.0,0.0,1674,6729
2020-10-08 23:00:00,5580.0,8.86757334228605e-13,0.0,0.0,0.0,1314.1630789302017,0.0,0.0,0.0,0.0,1585,6894
2020-10-09 00:00:00,4245.163078930203,6.821210263296964e-14,0.0,0.0,0.0,0.0,0.0,0.0,0.0,0.0,3517,4245
2020-10-09 01:00:00,4060.1630789302026,6.821210263296964e-14,0.0,0.0,0.0,0.0,0.0,0.0,0.0,0.0,3249,4060
2020-10-09 02:00:00,3949.1630789302026,6.821210263296964e-14,0.0,0.0,0.0,0.0,0.0,0.0,0.0,0.0,3011,3949
2020-10-09 03:00:00,5053.163078930202,3.410605131648481e-13,0.0,0.0,0.0,0.0,0.0,0.0,0.0,0.0,1479,5053
2020-10-09 04:00:00,4916.163078930203,6.821210263296964e-14,0.0,0.0,0.0,0.0,0.0,0.0,0.0,0.0,1430,4916
2020-10-09 05:00:00,3094.163078930202,3.410605131648481e-13,0.0,0.0,0.0,0.0,0.0,0.0,0.0,0.0,3335,3094
2020-10-09 06:00:00,4814.163078930203,6.821210263296964e-14,0.0,0.0,0.0,0.0,0.0,0.0,0.0,0.0,1939,4814
2020-10-09 07:00:00,3250.1630789302017,-2.046363078989089e-13,0.0,0.0,0.0,0.0,0.0,0.0,0.0,0.0,3810,3250
2020-10-09 08:00:00,3395.1630789302026,6.821210263296964e-14,0.0,0.0,0.0,0.0,0.0,0.0,0.0,0.0,4126,3395
2020-10-09 09:00:00,4847.163078930203,-6.821210263296964e-14,0.0,0.0,0.0,0.0,0.0,0.0,0.0,0.0,3203,4847
2020-10-09 10:00:00,2866.1630789302026,1.5916157281026248e-13,0.0,0.0,0.0,0.0,0.0,0.0,0.0,0.0,5391,2866
2020-10-09 11:00:00,2989.1630789302017,-6.821210263296964e-14,0.0,0.0,0.0,0.0,0.0,0.0,0.0,0.0,5469,2989
2020-10-09 12:00:00,5108.163078930203,-2.27373675443232e-14,0.0,0.0,0.0,0.0,0.0,0.0,0.0,0.0,3688,5108
2020-10-09 13:00:00,4663.1630789302035,-2.046363078989089e-13,0.0,0.0,0.0,0.0,0.0,0.0,0.0,0.0,3779,4663
2020-10-09 14:00:00,3253.1630789302026,-2.27373675443232e-14,0.0,0.0,0.0,0.0,0.0,0.0,0.0,0.0,4908,3253
2020-10-09 15:00:00,3350.1630789302026,-2.27373675443232e-14,0.0,0.0,0.0,0.0,0.0,0.0,0.0,0.0,4505,3350
2020-10-09 16:00:00,3444.163078930369,-1.6718786355340852e-10,0.0,0.0,0.0,0.0,0.0,0.0,0.0,0.0,4212,3444
2020-10-09 17:00:00,3670.163078930202,4.3200998334214094e-13,0.0,0.0,0.0,0.0,0.0,0.0,0.0,0.0,3955,3670
2020-10-09 18:00:00,4626.380517503814,-1.0027179087046536e-11,0.0,0.0,0.0,0.0,1036.2174385736023,0.0,0.0,0.0,4237,3590
2020-10-09 19:00:00,5580.0,1.5916157281026248e-13,0.0,0.0,0.0,0.0,0.0,777.1630789302017,0.0,0.0,1927,6357
2020-10-09 20:00:00,4077.1630789302026,-6.821210263296964e-14,0.0,0.0,0.0,0.0,0.0,0.0,0.0,0.0,3965,4077
2020-10-09 21:00:00,3677.1630789302026,2.2737367544323214e-14,0.0,0.0,0.0,0.0,0.0,0.0,0.0,0.0,3917,3677
2020-10-09 22:00:00,4021.1630789302026,-6.821210263296964e-14,0.0,0.0,0.0,0.0,0.0,0.0,0.0,0.0,3835,4021
2020-10-09 23:00:00,4339.163078930202,1.5916157281026248e-13,0.0,0.0,0.0,0.0,0.0,0.0,0.0,0.0,3750,4339
2020-10-10 00:00:00,3855.163078930202,1.5916157281026248e-13,0.0,0.0,0.0,0.0,0.0,0.0,0.0,0.0,3659,3855
2020-10-10 01:00:00,5572.163078930203,-6.821210263296964e-14,0.0,0.0,0.0,0.0,0.0,0.0,0.0,0.0,1512,5572
2020-10-10 02:00:00,3392.163078930202,6.821210263296964e-14,0.0,0.0,0.0,0.0,0.0,0.0,0.0,0.0,3304,3392
2020-10-10 03:00:00,4753.163078930203,6.821210263296964e-14,0.0,0.0,0.0,0.0,0.0,0.0,0.0,0.0,1490,4753
2020-10-10 04:00:00,4489.163078930203,-1.1368683772161608e-13,0.0,0.0,0.0,0.0,0.0,0.0,0.0,0.0,1520,4489
2020-10-10 05:00:00,2523.1630789302017,-6.821210263296964e-14,0.0,0.0,0.0,0.0,0.0,0.0,0.0,0.0,3443,2523
2020-10-10 06:00:00,4151.163078930202,3.410605131648481e-13,0.0,0.0,0.0,0.0,0.0,0.0,0.0,0.0,1956,4151
2020-10-10 07:00:00,3540.1630789302017,-2.046363078989089e-13,0.0,0.0,0.0,0.0,0.0,0.0,0.0,0.0,2679,3540
2020-10-10 08:00:00,3499.1630789302017,1.5916157281026248e-13,0.0,0.0,0.0,0.0,0.0,0.0,0.0,0.0,3082,3499
2020-10-10 09:00:00,2491.163078930202,1.5916157281026248e-13,0.0,0.0,0.0,0.0,0.0,0.0,0.0,0.0,4678,2491
2020-10-10 10:00:00,4399.163078930203,-6.821210263296964e-14,0.0,0.0,0.0,0.0,0.0,0.0,0.0,0.0,3194,4399
2020-10-10 11:00:00,2622.305936073057,6.821210263296964e-14,0.0,0.0,0.0,0.0,46.14285714285446,0.0,0.0,0.0,5364,2576
2020-10-10 12:00:00,4552.163078930203,-6.821210263296964e-14,0.0,0.0,0.0,0.0,0.0,0.0,0.0,0.0,3788,4552
2020-10-10 13:00:00,5150.163078930203,1.5916157281026248e-13,0.0,0.0,0.0,0.0,1200.0,0.0,0.0,0.0,3966,3950
2020-10-10 14:00:00,2697.1630789302017,-6.821210263296964e-14,0.0,0.0,0.0,0.0,0.0,0.0,0.0,0.0,4820,2697
2020-10-10 15:00:00,3470.1630789302017,1.5916157281026248e-13,0.0,0.0,0.0,0.0,0.0,0.0,0.0,0.0,3739,3470
2020-10-10 16:00:00,3582.1630789302017,-6.821210263296964e-14,0.0,0.0,0.0,0.0,0.0,0.0,0.0,0.0,3449,3582
2020-10-10 17:00:00,4046.163078930202,1.5916157281026248e-13,0.0,0.0,0.0,0.0,0.0,0.0,0.0,0.0,3013,4046
2020-10-10 18:00:00,4485.163078930202,1.5916157281026248e-13,0.0,0.0,0.0,0.0,1200.0,0.0,0.0,0.0,4140,3285
2020-10-10 19:00:00,5245.163078930203,-6.821210263296964e-14,0.0,0.0,0.0,0.0,1200.0,0.0,0.0,0.0,4074,4045
2020-10-10 20:00:00,5580.0,-5.400124791776762e-13,0.0,0.0,0.0,0.0,0.0,765.1630789302026,0.0,0.0,1671,6345
2020-10-10 21:00:00,5580.0,-2.046363078989089e-13,0.0,0.0,0.0,0.0,0.0,296.1630789302026,0.0,0.0,1681,5876
2020-10-10 22:00:00,5580.0,1.5916157281026248e-13,0.0,0.0,0.0,0.0,0.0,399.16307893020144,0.0,0.0,1752,5979
2020-10-10 23:00:00,5580.0,-6.821210263296964e-14,0.0,0.0,0.0,0.0,0.0,584.1630789302028,0.0,0.0,1725,6164
2020-10-11 00:00:00,5580.0,1.5916157281026248e-13,0.0,0.0,0.0,0.0,0.0,40.16307893020212,0.0,0.0,1718,5620
2020-10-11 01:00:00,4889.1630789302035,-7.50333128962666e-13,0.0,0.0,0.0,0.0,1200.0,0.0,0.0,0.0,3308,3689
2020-10-11 02:00:00,5580.0,-3.8653524825349464e-13,0.0,0.0,0.0,0.0,702.8369210697979,0.0,0.0,0.0,1832,4877
2020-10-11 03:00:00,5580.0,7.048583938740194e-13,0.0,0.0,0.0,0.0,1096.8369210697992,0.0,0.0,0.0,1874,4483
2020-10-11 04:00:00,4892.1630789302035,-4.774847184307872e-13,0.0,0.0,0.0,0.0,1200.0,0.0,0.0,0.0,2670,3692
2020-10-11 05:00:00,5580.0,-3.8653524825349464e-13,0.0,0.0,0.0,0.0,489.8369210697979,0.0,0.0,0.0,1797,5090
2020-10-11 06:00:00,5580.0,-7.50333128962666e-13,0.0,0.0,0.0,0.0,0.0,703.1630789302035,0.0,0.0,1775,6283
2020-10-11 07:00:00,5580.0,7.048583938740194e-13,0.0,0.0,0.0,0.0,0.0,1038.1630789302026,0.0,0.0,2403,6618
2020-10-11 08:00:00,5580.0,-7.50333128962666e-13,0.0,0.0,0.0,0.0,0.0,964.1630789302036,0.0,0.0,2809,6544
2020-10-11 09:00:00,5580.0,6.821210263296964e-14,0.0,0.0,0.0,0.0,0.0,1195.163078930203,0.0,0.0,2868,6775
2020-10-11 10:00:00,5580.0,-7.50333128962666e-13,0.0,0.0,0.0,554.8905740378409,0.0,266.2725048923626,0.0,0.0,3322,6401
2020-10-11 11:00:00,5580.0,-3.8653524825349464e-13,0.0,0.0,0.0,0.0,910.836921069798,0.0,0.0,0.0,5187,4669
2020-10-11 12:00:00,5580.0,7.048583938740194e-13,0.0,0.0,0.0,0.0,797.8369210697992,0.0,0.0,0.0,5105,4782
2020-10-11 13:00:00,5580.0,-7.50333128962666e-13,0.0,0.0,0.0,0.0,0.0,115.16307893020348,0.0,0.0,4028,5695
2020-10-11 14:00:00,5580.0,-3.8653524825349464e-13,0.0,0.0,0.0,0.0,0.0,9.163078930202118,0.0,0.0,3972,5589
2020-10-11 15:00:00,5580.0,-7.50333128962666e-13,0.0,0.0,0.0,0.0,657.8369210697965,0.0,0.0,0.0,4357,4922
2020-10-11 16:00:00,5580.0,7.048583938740194e-13,0.0,0.0,0.0,0.0,625.8369210697992,0.0,0.0,0.0,4114,4954
2020-10-11 17:00:00,5580.0,-7.50333128962666e-13,0.0,0.0,0.0,0.0,0.0,235.16307893020348,0.0,0.0,3169,5815
2020-10-11 18:00:00,5580.0,6.821210263296964e-14,0.0,0.0,0.0,89.16307893020303,0.0,1200.0,0.0,0.0,2490,6869
2020-10-11 19:00:00,5580.0,-4.774847184307872e-13,0.0,0.0,0.0,0.0,0.0,349.1630789302035,0.0,0.0,3921,5929
2020-10-11 20:00:00,5580.0,6.821210263296964e-14,0.0,0.0,0.0,1622.554631441621,0.0,335.608447488582,0.0,0.0,1711,7538
2020-10-11 21:00:00,5580.0,6.821210263296964e-14,0.0,0.0,0.0,0.0,503.8369210697979,0.0,0.0,0.0,3483,5076
2020-10-11 22:00:00,5580.0,-4.774847184307872e-13,0.0,0.0,0.0,0.0,325.8369210697965,0.0,0.0,0.0,3416,5254
2020-10-11 23:00:00,5580.0,-1.3642420526593928e-13,0.0,0.0,0.0,0.0,241.83692106979765,0.0,0.0,0.0,3424,5338
2020-10-12 00:00:00,5580.0,3.41060513164848e-13,0.0,0.0,0.0,364.5300065231577,0.0,803.633072407044,0.0,0.0,1471,6748
2020-10-12 01:00:00,5580.0,-5.684341886080802e-13,0.0,0.0,0.0,853.1630789302035,0.0,0.0,0.0,0.0,1398,6433
2020-10-12 02:00:00,5580.0,-4.774847184307872e-13,0.0,0.0,0.0,605.1630789302035,0.0,0.0,0.0,0.0,1376,6185
2020-10-12 03:00:00,5580.0,6.821210263296964e-14,0.0,0.0,0.0,0.0,1017.836921069797,0.0,0.0,0.0,2654,4562
2020-10-12 04:00:00,5580.0,3.41060513164848e-13,0.0,0.0,0.0,0.0,1004.8369210697974,0.0,0.0,0.0,2622,4575
2020-10-12 05:00:00,5580.0,-2.046363078989089e-13,0.0,0.0,0.0,0.0,1033.836921069798,0.0,0.0,0.0,3126,4546
2020-10-12 06:00:00,5580.0,-9.322320693172516e-13,0.0,0.0,0.0,0.0,0.0,146.16307893020348,0.0,0.0,3107,5726
2020-10-12 07:00:00,5580.0,3.41060513164848e-13,0.0,0.0,0.0,719.1630789302017,0.0,1200.0,0.0,0.0,2330,7499
2020-10-12 08:00:00,5580.0,6.821210263296964e-14,0.0,0.0,0.0,0.0,0.0,774.1630789302044,0.0,0.0,3692,6354
2020-10-12 09:00:00,5580.0,-4.774847184307872e-13,0.0,0.0,0.0,1646.1061643835674,0.0,172.0569145466361,0.0,0.0,2767,7398
2020-10-12 10:00:00,5580.0,-6.821210263296964e-14,0.0,0.0,0.0,1279.1630789302037,0.0,0.0,0.0,0.0,3259,6859
2020-10-12 11:00:00,5580.0,-4.774847184307872e-13,0.0,0.0,0.0,909.1630789302036,0.0,0.0,0.0,0.0,3665,6489
2020-10-12 12:00:00,5580.0,6.821210263296964e-14,0.0,0.0,0.0,651.1630789302044,0.0,0.0,0.0,0.0,3851,6231
2020-10-12 13:00:00,5580.0,-4.774847184307872e-13,0.0,0.0,0.0,250.16307893020348,0.0,0.0,0.0,0.0,4028,5830
2020-10-12 14:00:00,5580.0,6.821210263296964e-14,0.0,0.0,0.0,0.0,448.836921069797,0.0,0.0,0.0,4560,5131
2020-10-12 15:00:00,5580.0,6.821210263296964e-14,0.0,0.0,0.0,0.0,168.83692106979697,0.0,0.0,0.0,3995,5411
2020-10-12 16:00:00,5580.0,-4.774847184307872e-13,0.0,0.0,0.0,0.0,358.8369210697965,0.0,0.0,0.0,3959,5221
2020-10-12 17:00:00,5580.0,6.821210263296964e-14,0.0,0.0,0.0,0.0,0.0,147.16307893020303,0.0,0.0,3369,5727
2020-10-12 18:00:00,5580.0,-4.774847184307872e-13,0.0,0.0,0.0,0.0,70.83692106979652,0.0,0.0,0.0,3987,5509
2020-10-12 19:00:00,5580.0,6.821210263296964e-14,0.0,0.0,0.0,1399.8153946510167,0.0,638.3476842791872,0.0,0.0,2404,7618
2020-10-12 20:00:00,5580.0,-4.774847184307872e-13,0.0,0.0,0.0,1459.1630789302037,0.0,0.0,0.0,0.0,2306,7039
2020-10-12 21:00:00,5580.0,6.821210263296964e-14,0.0,0.0,0.0,846.1630789302044,0.0,0.0,0.0,0.0,2247,6426
2020-10-12 22:00:00,5580.0,6.821210263296964e-14,0.0,0.0,0.0,1002.1630789302044,0.0,0.0,0.0,0.0,2192,6582
2020-10-12 23:00:00,5580.0,6.821210263296964e-14,0.0,0.0,0.0,0.0,654.836921069797,0.0,0.0,0.0,3951,4925
2020-10-13 00:00:00,5580.0,0.0,0.0,0.0,0.0,0.0,0.0,471.1630789302026,0.0,0.0,2156,6051
2020-10-13 01:00:00,5580.0,-5.456968210637569e-13,0.0,0.0,0.0,374.1984670580583,0.0,19.964611872145156,0.0,0.0,1839,5974
2020-10-13 02:00:00,5580.0,0.0,0.0,0.0,0.0,0.0,950.8369210697974,0.0,0.0,0.0,2905,4629
2020-10-13 03:00:00,5580.0,-5.456968210637569e-13,0.0,0.0,0.0,0.0,29.836921069796517,0.0,0.0,0.0,1628,5550
2020-10-13 04:00:00,5580.0,0.0,0.0,0.0,0.0,0.0,1029.8369210697974,0.0,0.0,0.0,2595,4550
2020-10-13 05:00:00,5580.0,-2.728484105318785e-13,0.0,0.0,0.0,0.0,846.8369210697965,0.0,0.0,0.0,2869,4733
2020-10-13 06:00:00,5580.0,2.728484105318785e-13,0.0,0.0,0.0,299.163078930203,0.0,1200.0,0.0,0.0,1670,7079
2020-10-13 07:00:00,5580.0,-9.09494701772928e-14,0.0,0.0,0.0,1407.1523157208103,0.0,943.0107632093908,0.0,0.0,1803,7930
2020-10-13 08:00:00,5580.0,-9.09494701772928e-14,0.0,0.0,0.0,1959.163078930203,0.0,0.0,0.0,0.0,2409,7539
2020-10-13 09:00:00,5580.0,2.728484105318785e-13,0.0,0.0,0.0,1219.163078930203,0.0,0.0,0.0,0.0,3279,6799
2020-10-13 10:00:00,5580.0,-2.728484105318784e-13,0.0,0.0,0.0,468.1630789302035,0.0,0.0,0.0,0.0,4004,6048
2020-10-13 11:00:00,5542.163078930203,-9.09494701772928e-14,0.0,0.0,0.0,0.0,0.0,0.0,0.0,0.0,4570,5542
2020-10-13 12:00:00,5580.0,-5.456968210637569e-13,0.0,0.0,0.0,0.0,607.8369210697961,0.0,0.0,0.0,5087,4972
2020-10-13 13:00:00,4541.163078930203,0.0,0.0,0.0,0.0,0.0,0.0,0.0,0.0,0.0,5307,4541
2020-10-13 14:00:00,5580.0,-5.456968210637569e-13,0.0,0.0,0.0,0.0,1094.836921069796,0.0,0.0,0.0,5201,4485
2020-10-13 15:00:00,5536.163078930203,0.0,0.0,0.0,0.0,0.0,1200.0,0.0,0.0,0.0,5070,4336
2020-10-13 16:00:00,5580.0,-9.09494701772928e-14,0.0,0.0,0.0,0.0,1075.8369210697983,0.0,0.0,0.0,4674,4504
2020-10-13 17:00:00,5580.0,0.0,0.0,0.0,0.0,0.0,606.8369210697974,0.0,0.0,0.0,4110,4973
2020-10-13 18:00:00,5580.0,6.366462912410498e-13,0.0,0.0,0.0,27.641552511421423,0.0,36.52152641878047,0.0,0.0,3789,5644
2020-10-13 19:00:00,5580.0,-2.728484105318784e-13,0.0,0.0,0.0,167.16307893020348,0.0,1200.0,0.0,0.0,2909,6947
2020-10-13 20:00:00,5580.0,-1.818989403545857e-13,0.0,0.0,0.0,0.0,0.0,992.1630789302033,0.0,0.0,2624,6572
2020-10-13 21:00:00,5580.0,-2.728484105318785e-13,0.0,0.0,0.0,0.0,0.0,476.1630789302035,0.0,0.0,2482,6056
2020-10-13 22:00:00,5580.0,-1.818989403545857e-13,0.0,0.0,0.0,0.0,0.0,734.1630789302033,0.0,0.0,2323,6314
2020-10-13 23:00:00,1620.0,3554.999999999999,0.0,0.0,0.0,23.163078930202573,0.0,0.0,0.0,0.0,3542,5198
2020-10-14 00:00:00,1620.0,1012.9999999999999,0.0,0.0,0.0,3104.163078930202,0.0,0.0,0.0,0.0,2333,5737
2020-10-14 01:00:00,1620.0,1012.9999999999999,0.0,0.0,0.0,2905.163078930202,0.0,0.0,0.0,0.0,2136,5538
2020-10-14 02:00:00,1620.0,1012.9999999999999,0.0,0.0,0.0,2070.163078930202,0.0,0.0,0.0,0.0,2690,4703
2020-10-14 03:00:00,1620.0,-2.728484105318785e-13,0.0,0.0,0.0,3391.163078930203,0.0,0.0,0.0,0.0,2022,5011
2020-10-14 04:00:00,1620.0,9.094947017729285e-14,0.0,0.0,0.0,3405.163078930202,0.0,0.0,0.0,0.0,1961,5025
2020-10-14 05:00:00,1620.0,-2.728484105318785e-13,0.0,0.0,0.0,3827.163078930202,0.0,0.0,0.0,0.0,1965,5447
2020-10-14 06:00:00,1620.0,9.094947017729285e-14,0.0,0.0,0.0,4902.163078930203,0.0,0.0,0.0,0.0,2006,6522
2020-10-14 07:00:00,1620.0,0.0,420.0,0.0,0.0,4754.1630789302035,0.0,0.0,0.0,0.0,2698,6794
2020-10-14 08:00:00,1620.0,9.094947017729285e-14,420.0,0.0,0.0,5037.163078930203,0.0,0.0,0.0,0.0,2671,7077
2020-10-14 09:00:00,1620.0,9.094947017729285e-14,1080.0,0.0,0.0,3524.1630789302017,0.0,0.0,0.0,0.0,3714,6224
2020-10-14 10:00:00,1620.0,-2.728484105318785e-13,1080.0,0.0,0.0,2845.163078930202,0.0,0.0,0.0,0.0,4424,5545
2020-10-14 11:00:00,1620.0,9.094947017729285e-14,1080.0,0.0,0.0,2256.163078930202,0.0,0.0,0.0,0.0,5120,4956
2020-10-14 12:00:00,1620.0,-2.728484105318785e-13,1080.0,0.0,0.0,1818.163078930203,0.0,0.0,0.0,0.0,5531,4518
2020-10-14 13:00:00,1620.0,-2.728484105318785e-13,420.0,0.0,0.0,2257.1630789302026,0.0,0.0,0.0,0.0,5561,4297
2020-10-14 14:00:00,1620.0,-2.728484105318785e-13,1620.0,0.0,0.0,1068.1630789302026,0.0,0.0,0.0,0.0,5402,4308
2020-10-14 15:00:00,1620.0,-2.728484105318785e-13,1080.0,0.0,0.0,1540.1630789302026,0.0,0.0,0.0,0.0,5201,4240
2020-10-14 16:00:00,1620.0,-2.728484105318785e-13,630.0,0.0,0.0,2250.163078930203,0.0,0.0,0.0,0.0,4723,4500
2020-10-14 17:00:00,1620.0,9.094947017729285e-14,1620.0,0.0,0.0,1796.163078930202,0.0,0.0,0.0,0.0,4095,5036
2020-10-14 18:00:00,1620.0,9.094947017729285e-14,630.0,0.0,0.0,3952.1630789302017,0.0,0.0,0.0,0.0,3259,6202
2020-10-14 19:00:00,1620.0,-2.728484105318785e-13,710.8300717547118,0.0,0.0,5009.333007175491,0.0,0.0,0.0,0.0,2518,7340
2020-10-14 20:00:00,1620.0,9.094947017729285e-14,1620.0,0.0,0.0,3766.1630789302026,0.0,0.0,0.0,0.0,2186,7006
2020-10-14 21:00:00,1620.0,-2.728484105318785e-13,420.0,0.0,0.0,4338.163078930203,0.0,0.0,0.0,0.0,2148,6378
2020-10-14 22:00:00,1620.0,9.094947017729285e-14,540.0,0.0,0.0,4257.163078930203,0.0,0.0,0.0,0.0,2209,6417
2020-10-14 23:00:00,5580.0,-2.728484105318785e-13,540.0,0.0,0.0,398.1630789302022,0.0,0.0,0.0,0.0,2202,6518
2020-10-15 00:00:00,5580.0,0.0,0.0,0.0,0.0,347.1630789302022,0.0,0.0,0.0,0.0,2168,5927
2020-10-15 01:00:00,5580.0,-4.092726157978177e-13,0.0,0.0,0.0,0.0,137.83692106979697,0.0,0.0,0.0,2257,5442
2020-10-15 02:00:00,5580.0,2.728484105318785e-13,0.0,0.0,0.0,0.0,204.83692106979788,0.0,0.0,0.0,2047,5375
2020-10-15 03:00:00,5580.0,9.094947017729285e-14,0.0,0.0,0.0,0.0,520.8369210697986,0.0,0.0,0.0,1990,5059
2020-10-15 04:00:00,5580.0,-5.456968210637569e-13,0.0,0.0,0.0,0.0,566.8369210697965,0.0,0.0,0.0,1977,5013
2020-10-15 05:00:00,5580.0,0.0,0.0,0.0,0.0,0.0,84.83692106979743,0.0,0.0,0.0,1888,5495
2020-10-15 06:00:00,5580.0,-5.456968210637569e-13,0.0,0.0,0.0,0.0,0.0,819.1630789302035,0.0,0.0,2053,6399
2020-10-15 07:00:00,5580.0,0.0,0.0,0.0,0.0,1342.9377038486653,0.0,317.2253750815371,0.0,0.0,2191,7240
2020-10-15 08:00:00,5580.0,-1.0913936421275138e-12,0.0,0.0,0.0,1480.1630789302037,0.0,0.0,0.0,0.0,2610,7060
2020-10-15 09:00:00,5580.0,0.0,0.0,0.0,0.0,821.1630789302021,0.0,0.0,0.0,0.0,3508,6401
2020-10-15 10:00:00,5580.0,2.728484105318785e-13,0.0,0.0,0.0,257.16307893020235,0.0,0.0,0.0,0.0,4139,5837
2020-10-15 11:00:00,5580.0,1.8189894035458566e-13,0.0,0.0,0.0,0.0,166.83692106979834,0.0,0.0,0.0,4637,5413
2020-10-15 12:00:00,5580.0,9.094947017729285e-14,0.0,0.0,0.0,0.0,439.83692106979856,0.0,0.0,0.0,4916,5140
2020-10-15 13:00:00,5580.0,-2.728484105318785e-13,0.0,0.0,0.0,0.0,956.8369210697974,0.0,0.0,0.0,5190,4623
2020-10-15 14:00:00,5505.163078930202,8.185452315956353e-13,0.0,0.0,0.0,0.0,1200.0,0.0,0.0,0.0,5311,4305
2020-10-15 15:00:00,5203.1630789302035,-1.0913936421275138e-12,0.0,0.0,0.0,0.0,1200.0,0.0,0.0,0.0,5312,4003
2020-10-15 16:00:00,4105.786692759298,-9.09494701772928e-14,0.0,0.0,0.0,0.0,90.62361382909631,0.0,0.0,0.0,5040,4015
2020-10-15 17:00:00,5580.0,-1.3642420526593924e-12,0.0,0.0,0.0,0.0,953.8369210697956,0.0,0.0,0.0,4346,4626
2020-10-15 18:00:00,5580.0,-6.366462912410498e-13,0.0,0.0,0.0,0.0,0.0,50.16307893020257,0.0,0.0,3558,5630
2020-10-15 19:00:00,5580.0,-1.3642420526593924e-12,0.0,0.0,0.0,0.0,0.0,1078.1630789302044,0.0,0.0,2896,6658
2020-10-15 20:00:00,5580.0,9.094947017729285e-14,0.0,0.0,0.0,0.0,0.0,849.1630789302022,0.0,0.0,2551,6429
2020-10-15 21:00:00,5580.0,8.185452315956353e-13,0.0,0.0,0.0,0.0,0.0,554.1630789302017,0.0,0.0,2281,6134
2020-10-15 22:00:00,5580.0,-2.728484105318785e-13,0.0,0.0,0.0,0.0,0.0,772.1630789302026,0.0,0.0,2213,6352
2020-10-15 23:00:00,5580.0,8.185452315956353e-13,0.0,0.0,0.0,0.0,0.0,452.16307893020166,0.0,0.0,2626,6032
2020-10-16 00:00:00,5353.163078930202,2.728484105318785e-13,0.0,0.0,0.0,0.0,0.0,0.0,0.0,0.0,2598,5353
2020-10-16 01:00:00,4994.163078930203,2.728484105318785e-13,0.0,0.0,0.0,0.0,0.0,0.0,0.0,0.0,2492,4994
2020-10-16 02:00:00,4678.163078930203,2.728484105318785e-13,0.0,0.0,0.0,0.0,0.0,0.0,0.0,0.0,2450,4678
2020-10-16 03:00:00,4152.163078930203,9.09494701772929e-14,0.0,0.0,0.0,0.0,0.0,0.0,0.0,0.0,2543,4152
2020-10-16 04:00:00,4000.163078930202,-4.092726157978177e-13,0.0,0.0,0.0,0.0,0.0,0.0,0.0,0.0,2509,4000
2020-10-16 05:00:00,3966.1630789302017,9.094947017729285e-14,0.0,0.0,0.0,0.0,0.0,0.0,0.0,0.0,2613,3966
2020-10-16 06:00:00,3419.1630789302017,9.094947017729285e-14,0.0,0.0,0.0,0.0,0.0,0.0,0.0,0.0,3473,3419
2020-10-16 07:00:00,4511.1630789302035,-4.092726157978177e-13,0.0,0.0,0.0,0.0,0.0,0.0,0.0,0.0,2721,4511
2020-10-16 08:00:00,3915.1630789302017,2.728484105318785e-13,0.0,0.0,0.0,0.0,0.0,0.0,0.0,0.0,3809,3915
2020-10-16 09:00:00,3875.163078930203,-8.185452315956353e-13,0.0,0.0,0.0,0.0,0.0,0.0,0.0,0.0,4415,3875
2020-10-16 10:00:00,4290.163078930203,9.09494701772929e-14,0.0,0.0,0.0,0.0,0.0,0.0,0.0,0.0,4215,4290
2020-10-16 11:00:00,3735.163078930202,-4.092726157978177e-13,0.0,0.0,0.0,0.0,0.0,0.0,0.0,0.0,4978,3735
2020-10-16 12:00:00,4159.163078930202,9.094947017729285e-14,0.0,0.0,0.0,0.0,0.0,0.0,0.0,0.0,4898,4159
2020-10-16 13:00:00,3563.1630789302035,-5.456968210637569e-13,0.0,0.0,0.0,0.0,0.0,0.0,0.0,0.0,5149,3563
2020-10-16 14:00:00,2992.163078930201,0.0,0.0,0.0,0.0,0.0,0.0,0.0,0.0,0.0,5402,2992
2020-10-16 15:00:00,2523.1630789302017,0.0,0.0,0.0,0.0,0.0,0.0,0.0,0.0,0.0,5517,2523
2020-10-16 16:00:00,2910.163078930202,-4.092726157978177e-13,0.0,0.0,0.0,0.0,0.0,0.0,0.0,0.0,4883,2910
2020-10-16 17:00:00,3285.1630789302017,9.094947017729285e-14,0.0,0.0,0.0,0.0,0.0,0.0,0.0,0.0,4443,3285
2020-10-16 18:00:00,3744.163078930202,-4.092726157978177e-13,0.0,0.0,0.0,0.0,0.0,0.0,0.0,0.0,4223,3744
2020-10-16 19:00:00,4685.1630789302035,9.094947017729285e-14,0.0,0.0,0.0,0.0,0.0,0.0,0.0,0.0,3915,4685
2020-10-16 20:00:00,4675.1630789302035,-4.092726157978177e-13,0.0,0.0,0.0,0.0,0.0,0.0,0.0,0.0,3583,4675
2020-10-16 21:00:00,5272.713850837137,9.094947017729285e-14,0.0,0.0,0.0,0.0,21.55077190693555,0.0,0.0,0.0,2553,5251
2020-10-16 22:00:00,5580.0,2.728484105318785e-13,0.0,0.0,0.0,0.0,0.0,16.163078930201664,0.0,0.0,2487,5596
2020-10-16 23:00:00,4978.163078930202,9.094947017729285e-14,0.0,0.0,0.0,0.0,0.0,0.0,0.0,0.0,3369,4978
2020-10-17 00:00:00,4252.163078930202,9.094947017729285e-14,0.0,0.0,0.0,0.0,0.0,0.0,0.0,0.0,3554,4252
2020-10-17 01:00:00,5033.163078930202,-3.5811353882309053e-13,0.0,0.0,0.0,0.0,0.0,0.0,0.0,0.0,2338,5033
2020-10-17 02:00:00,4056.1630789302017,2.728484105318785e-13,0.0,0.0,0.0,0.0,0.0,0.0,0.0,0.0,2915,4056
2020-10-17 03:00:00,4210.163078930202,0.0,0.0,0.0,0.0,0.0,0.0,0.0,0.0,0.0,2286,4210
2020-10-17 04:00:00,3751.1630789302017,2.728484105318785e-13,0.0,0.0,0.0,0.0,0.0,0.0,0.0,0.0,2515,3751
2020-10-17 05:00:00,3232.1630789302026,0.0,0.0,0.0,0.0,0.0,0.0,0.0,0.0,0.0,2992,3232
2020-10-17 06:00:00,4098.163078930202,9.094947017729285e-14,0.0,0.0,0.0,0.0,0.0,0.0,0.0,0.0,2268,4098
2020-10-17 07:00:00,2945.163078930203,-4.092726157978177e-13,0.0,0.0,0.0,0.0,0.0,0.0,0.0,0.0,3542,2945
2020-10-17 08:00:00,3843.1630789302017,2.728484105318785e-13,0.0,0.0,0.0,0.0,0.0,0.0,0.0,0.0,3012,3843
2020-10-17 09:00:00,2854.1630789302017,2.728484105318785e-13,0.0,0.0,0.0,0.0,0.0,0.0,0.0,0.0,4632,2854
2020-10-17 10:00:00,2720.163078930203,-4.092726157978177e-13,0.0,0.0,0.0,0.0,0.0,0.0,0.0,0.0,5216,2720
2020-10-17 11:00:00,2970.1630789302017,9.094947017729285e-14,0.0,0.0,0.0,0.0,0.0,0.0,0.0,0.0,5364,2970
2020-10-17 12:00:00,3886.163078930203,-4.092726157978177e-13,0.0,0.0,0.0,0.0,0.0,0.0,0.0,0.0,4876,3886
2020-10-17 13:00:00,2795.163078930202,9.094947017729285e-14,0.0,0.0,0.0,0.0,0.0,0.0,0.0,0.0,5558,2795
2020-10-17 14:00:00,2589.1630789302026,-2.728484105318785e-13,0.0,0.0,0.0,0.0,0.0,0.0,0.0,0.0,5331,2589
2020-10-17 15:00:00,2184.1630789302017,2.728484105318785e-13,0.0,0.0,0.0,0.0,0.0,0.0,0.0,0.0,5381,2184
2020-10-17 16:00:00,2025.1630789302023,-2.728484105318785e-13,0.0,0.0,0.0,0.0,0.0,0.0,0.0,0.0,5356,2025
2020-10-17 17:00:00,2293.163078930202,9.094947017729285e-14,0.0,0.0,0.0,0.0,0.0,0.0,0.0,0.0,5142,2293
2020-10-17 18:00:00,2832.163078930202,9.094947017729285e-14,0.0,0.0,0.0,0.0,0.0,0.0,0.0,0.0,4999,2832
2020-10-17 19:00:00,4389.163078930203,-2.728484105318785e-13,0.0,0.0,0.0,0.0,0.0,0.0,0.0,0.0,4298,4389
2020-10-17 20:00:00,3819.1630789302017,2.728484105318785e-13,0.0,0.0,0.0,0.0,0.0,0.0,0.0,0.0,4617,3819
2020-10-17 21:00:00,4264.1630789302035,-6.821210263296961e-13,0.0,0.0,0.0,0.0,0.0,0.0,0.0,0.0,3685,4264
2020-10-17 22:00:00,3681.1630789302017,2.728484105318785e-13,0.0,0.0,0.0,0.0,0.0,0.0,0.0,0.0,4434,3681
2020-10-17 23:00:00,4520.163078930203,-2.728484105318785e-13,0.0,0.0,0.0,0.0,0.0,0.0,0.0,0.0,3796,4520
2020-10-18 00:00:00,5086.1630789302035,0.0,0.0,0.0,0.0,0.0,0.0,0.0,0.0,0.0,2735,5086
2020-10-18 01:00:00,3595.163078930201,0.0,0.0,0.0,0.0,0.0,0.0,0.0,0.0,0.0,3860,3595
2020-10-18 02:00:00,3556.163078930202,1.818989403545857e-13,0.0,0.0,0.0,0.0,0.0,0.0,0.0,0.0,3600,3556
2020-10-18 03:00:00,5580.0,1.818989403545857e-13,0.0,0.0,0.0,0.0,785.8369210697974,0.0,0.0,0.0,1991,4794
2020-10-18 04:00:00,4757.163078930202,8.185452315956354e-13,0.0,0.0,0.0,0.0,0.0,0.0,0.0,0.0,2020,4757
2020-10-18 05:00:00,4813.311806914549,1.818989403545857e-13,0.0,0.0,0.0,0.0,1068.1487279843475,0.0,0.0,0.0,3568,3745
2020-10-18 06:00:00,5580.0,0.0,0.0,0.0,0.0,0.0,0.0,858.163078930203,0.0,0.0,2048,6438
2020-10-18 07:00:00,5580.0,1.818989403545857e-13,0.0,0.0,0.0,0.0,0.0,337.1630789302026,0.0,0.0,3585,5917
2020-10-18 08:00:00,5580.0,0.0,0.0,0.0,0.0,0.0,0.0,195.16307893020303,0.0,0.0,4014,5775
2020-10-18 09:00:00,5580.0,0.0,0.0,0.0,0.0,0.0,207.83692106979652,0.0,0.0,0.0,4662,5372
2020-10-18 10:00:00,5001.54359643401,1.0913936421275138e-12,0.0,0.0,0.0,0.0,252.38051750380873,0.0,0.0,0.0,5370,4749
2020-10-18 11:00:00,5580.0,0.0,0.0,0.0,0.0,0.0,0.0,345.16307893020394,0.0,0.0,4338,5925
2020-10-18 12:00:00,5548.1630789302035,0.0,0.0,0.0,0.0,0.0,0.0,0.0,0.0,0.0,4748,5548
2020-10-18 13:00:00,4775.163078930202,1.0913936421275138e-12,0.0,0.0,0.0,0.0,0.0,0.0,0.0,0.0,5342,4775
2020-10-18 14:00:00,4684.1630789302035,0.0,0.0,0.0,0.0,0.0,0.0,0.0,0.0,0.0,5242,4684
2020-10-18 15:00:00,4270.163078930202,1.0913936421275138e-12,0.0,0.0,0.0,0.0,0.0,0.0,0.0,0.0,5377,4270
2020-10-18 16:00:00,4200.1630789302035,0.0,0.0,0.0,0.0,0.0,0.0,0.0,0.0,0.0,5246,4200
2020-10-18 17:00:00,5580.0,1.0913936421275138e-12,0.0,0.0,0.0,0.0,1179.836921069798,0.0,0.0,0.0,4982,4400
2020-10-18 18:00:00,5413.326157860405,1.818989403545857e-13,0.0,0.0,0.0,0.0,420.1630789302021,0.0,0.0,0.0,4777,4993
2020-10-18 19:00:00,5580.0,1.0913936421275138e-12,0.0,0.0,0.0,106.16307893020294,0.0,1200.0,0.0,0.0,3492,6886
2020-10-18 20:00:00,5193.1630789302035,0.0,0.0,0.0,0.0,0.0,0.0,0.0,0.0,0.0,4398,5193
2020-10-18 21:00:00,5580.0,0.0,0.0,0.0,0.0,0.0,1053.836921069797,0.0,0.0,0.0,4334,4526
2020-10-18 22:00:00,4886.163078930202,1.0913936421275138e-12,0.0,0.0,0.0,0.0,0.0,0.0,0.0,0.0,4061,4886
2020-10-18 23:00:00,5580.0,-1.932676241267473e-13,0.0,0.0,0.0,0.0,384.8369210697968,0.0,0.0,0.0,3856,5195
2020-10-19 00:00:00,5580.0,2.728484105318785e-13,0.0,0.0,0.0,0.0,893.8369210697983,0.0,0.0,0.0,3795,4686
2020-10-19 01:00:00,5221.732333115896,0.0,0.0,0.0,0.0,0.0,674.5692541856939,0.0,0.0,0.0,3530,4547
2020-10-19 02:00:00,5580.0,2.728484105318785e-13,0.0,0.0,0.0,0.0,1179.836921069798,0.0,0.0,0.0,3382,4400
2020-10-19 03:00:00,4142.163078930202,2.728484105318785e-13,0.0,0.0,0.0,0.0,0.0,0.0,0.0,0.0,3271,4142
2020-10-19 04:00:00,5325.163078930202,2.728484105318785e-13,0.0,0.0,0.0,0.0,1200.0,0.0,0.0,0.0,3234,4125
2020-10-19 05:00:00,5580.0,2.728484105318785e-13,0.0,0.0,0.0,0.0,996.836921069798,0.0,0.0,0.0,3229,4583
2020-10-19 06:00:00,5580.0,0.0,0.0,0.0,0.0,0.0,0.0,1108.1630789302026,0.0,0.0,2243,6688
2020-10-19 07:00:00,5580.0,2.728484105318785e-13,0.0,0.0,0.0,1225.1630789302037,0.0,1200.0,0.0,0.0,1939,8005
2020-10-19 08:00:00,5580.0,2.728484105318785e-13,0.0,0.0,0.0,0.0,0.0,840.1630789302026,0.0,0.0,3780,6420
2020-10-19 09:00:00,5580.0,2.728484105318785e-13,0.0,0.0,0.0,0.0,0.0,232.1630789302017,0.0,0.0,4546,5812
2020-10-19 10:00:00,5580.0,-1.546140993013978e-12,0.0,0.0,0.0,0.0,0.0,1032.1630789302026,0.0,0.0,3777,6612
2020-10-19 11:00:00,5580.0,2.728484105318785e-13,0.0,0.0,0.0,0.0,0.0,375.16307893020166,0.0,0.0,4476,5955
2020-10-19 12:00:00,4966.163078930202,2.728484105318785e-13,0.0,0.0,0.0,0.0,0.0,0.0,0.0,0.0,5389,4966
2020-10-19 13:00:00,4796.163078930203,-2.728484105318784e-13,0.0,0.0,0.0,0.0,0.0,0.0,0.0,0.0,5342,4796
2020-10-19 14:00:00,4535.163078930203,-8.185452315956353e-13,0.0,0.0,0.0,0.0,0.0,0.0,0.0,0.0,5409,4535
2020-10-19 15:00:00,4800.311806914548,-1.546140993013978e-12,0.0,0.0,0.0,0.0,548.1487279843441,0.0,0.0,0.0,5403,4252
2020-10-19 16:00:00,5393.163078930202,2.728484105318785e-13,0.0,0.0,0.0,0.0,1200.0,0.0,0.0,0.0,5259,4193
2020-10-19 17:00:00,4472.163078930203,-8.185452315956353e-13,0.0,0.0,0.0,0.0,0.0,0.0,0.0,0.0,4926,4472
2020-10-19 18:00:00,5580.0,2.728484105318785e-13,0.0,0.0,0.0,0.0,85.83692106979834,0.0,0.0,0.0,4353,5494
2020-10-19 19:00:00,5580.0,-1.546140993013978e-12,0.0,0.0,0.0,0.0,0.0,256.1630789302026,0.0,0.0,4554,5836
2020-10-19 20:00:00,5580.0,-2.728484105318784e-13,0.0,0.0,0.0,0.0,0.0,679.1630789302017,0.0,0.0,3395,6259
2020-10-19 21:00:00,5053.163078930203,-8.185452315956353e-13,0.0,0.0,0.0,0.0,0.0,0.0,0.0,0.0,3946,5053
2020-10-19 22:00:00,5580.0,-8.185452315956353e-13,0.0,0.0,0.0,0.0,0.0,440.1630789302026,0.0,0.0,3085,6020
2020-10-19 23:00:00,4875.163078930203,-8.185452315956353e-13,0.0,0.0,0.0,0.0,0.0,0.0,0.0,0.0,4351,4875
2020-10-20 00:00:00,5527.1630789302035,0.0,0.0,0.0,0.0,0.0,0.0,0.0,0.0,0.0,3042,5527
2020-10-20 01:00:00,4441.163078930202,1.0913936421275138e-12,0.0,0.0,0.0,0.0,0.0,0.0,0.0,0.0,3739,4441
2020-10-20 02:00:00,4599.76103500761,0.0,0.0,0.0,0.0,0.0,37.59795607740822,0.0,0.0,0.0,3337,4562
2020-10-20 03:00:00,4207.163078930202,1.0913936421275138e-12,0.0,0.0,0.0,0.0,0.0,0.0,0.0,0.0,3338,4207
2020-10-20 04:00:00,5214.163078930203,0.0,0.0,0.0,0.0,0.0,1200.0,0.0,0.0,0.0,3498,4014
2020-10-20 05:00:00,4415.163078930202,-2.728484105318784e-13,0.0,0.0,0.0,0.0,0.0,0.0,0.0,0.0,3582,4415
2020-10-20 06:00:00,5580.0,0.0,0.0,0.0,0.0,0.0,670.8369210697974,0.0,0.0,0.0,4241,4909
2020-10-20 07:00:00,5580.0,0.0,0.0,0.0,0.0,0.0,0.0,709.1630789302021,0.0,0.0,3895,6289
2020-10-20 08:00:00,5580.0,0.0,0.0,0.0,0.0,0.0,0.0,722.1630789302021,0.0,0.0,4122,6302
2020-10-20 09:00:00,5024.163078930203,1.818989403545857e-13,0.0,0.0,0.0,0.0,0.0,0.0,0.0,0.0,5498,5024
2020-10-20 10:00:00,5246.163078930202,0.0,0.0,0.0,0.0,0.0,0.0,0.0,0.0,0.0,5217,5246
2020-10-20 11:00:00,4712.163078930203,-3.637978807091712e-13,0.0,0.0,0.0,0.0,0.0,0.0,0.0,0.0,5741,4712
2020-10-20 12:00:00,4310.163078930202,0.0,0.0,0.0,0.0,0.0,0.0,0.0,0.0,0.0,6033,4310
2020-10-20 13:00:00,3702.1630789302026,0.0,0.0,0.0,0.0,0.0,0.0,0.0,0.0,0.0,6401,3702
2020-10-20 14:00:00,3300.1630789302017,6.821210263296964e-14,0.0,0.0,0.0,0.0,0.0,0.0,0.0,0.0,6604,3300
2020-10-20 15:00:00,3236.163078930202,2.728484105318785e-13,0.0,0.0,0.0,0.0,0.0,0.0,0.0,0.0,6376,3236
2020-10-20 16:00:00,3474.4748858447465,-8.185452315956353e-13,0.0,0.0,0.0,0.0,339.31180691454364,0.0,0.0,0.0,6273,3135
2020-10-20 17:00:00,3186.1630789302026,6.821210263296964e-14,0.0,0.0,0.0,0.0,0.0,0.0,0.0,0.0,6175,3186
2020-10-20 18:00:00,5580.0,6.366462912410498e-13,0.0,0.0,0.0,0.0,1095.8369210697983,0.0,0.0,0.0,5354,4484
2020-10-20 19:00:00,5580.0,2.728484105318785e-13,0.0,0.0,0.0,0.0,0.0,364.1630789302016,0.0,0.0,4451,5944
2020-10-20 20:00:00,5580.0,-8.185452315956353e-13,0.0,0.0,0.0,0.0,154.83692106979743,0.0,0.0,0.0,4240,5425
2020-10-20 21:00:00,5580.0,2.728484105318785e-13,0.0,0.0,0.0,0.0,0.0,189.16307893020164,0.0,0.0,3246,5769
2020-10-20 22:00:00,5580.0,2.728484105318785e-13,0.0,0.0,0.0,0.0,0.0,639.1630789302012,0.0,0.0,2909,6219
2020-10-20 23:00:00,3358.1630789302017,3555.0,0.0,0.0,0.0,0.0,0.0,0.0,0.0,0.0,2338,6913
2020-10-21 00:00:00,4156.163078930203,1012.9999999999999,0.0,0.0,0.0,0.0,0.0,0.0,0.0,0.0,3425,5169
2020-10-21 01:00:00,1560.0,1013.0000000000002,0.0,0.0,0.0,3452.1630789302026,0.0,0.0,0.0,0.0,2176,6025
2020-10-21 02:00:00,4770.0,1012.9999999999999,0.0,0.0,0.0,87.1630789302028,0.0,0.0,0.0,0.0,2043,5870
2020-10-21 03:00:00,4770.0,0.0,0.0,0.0,0.0,44.16307893020303,0.0,0.0,0.0,0.0,2735,4814
2020-10-21 04:00:00,4770.0,-9.09494701772928e-14,0.0,0.0,0.0,912.1630789302028,0.0,0.0,0.0,0.0,1824,5682
2020-10-21 05:00:00,4770.0,2.728484105318785e-13,0.0,0.0,0.0,1389.163078930203,0.0,0.0,0.0,0.0,1820,6159
2020-10-21 06:00:00,4770.0,0.0,0.0,0.0,0.0,2573.163078930203,0.0,0.0,0.0,0.0,1773,7343
2020-10-21 07:00:00,4770.0,1.818989403545857e-13,0.0,0.0,0.0,3540.163078930201,0.0,0.0,0.0,0.0,1825,8310
2020-10-21 08:00:00,4770.0,1.818989403545857e-13,0.0,0.0,0.0,2203.163078930203,0.0,0.0,0.0,0.0,3376,6973
2020-10-21 09:00:00,4770.0,-2.728484105318785e-13,0.0,0.0,0.0,2710.1630789302026,0.0,0.0,0.0,0.0,2956,7480
2020-10-21 10:00:00,4770.0,6.821210263296964e-14,0.0,0.0,0.0,2067.163078930203,0.0,0.0,0.0,0.0,3537,6837
2020-10-21 11:00:00,4770.0,1.818989403545857e-13,0.0,0.0,0.0,1532.163078930203,0.0,0.0,0.0,0.0,4065,6302
2020-10-21 12:00:00,4770.0,0.0,0.0,0.0,0.0,1119.163078930203,0.0,0.0,0.0,0.0,4371,5889
2020-10-21 13:00:00,4770.0,0.0,0.0,0.0,0.0,704.1630789302031,0.0,0.0,0.0,0.0,4561,5474
2020-10-21 14:00:00,4770.0,0.0,0.0,0.0,0.0,338.163078930203,0.0,0.0,0.0,0.0,4739,5108
2020-10-21 15:00:00,4770.0,7.958078640513125e-14,0.0,0.0,0.0,216.16307893020303,0.0,0.0,0.0,0.0,4572,4986
2020-10-21 16:00:00,4770.0,2.728484105318784e-13,0.0,0.0,0.0,159.16307893020257,0.0,0.0,0.0,0.0,4413,4929
2020-10-21 17:00:00,4770.0,1.818989403545857e-13,0.0,0.0,0.0,292.1630789302027,0.0,0.0,0.0,0.0,4201,5062
2020-10-21 18:00:00,4770.0,1.818989403545857e-13,0.0,0.0,0.0,1534.163078930203,0.0,0.0,0.0,0.0,3377,6304
2020-10-21 19:00:00,4770.0,6.821210263296964e-14,0.0,0.0,0.0,2588.163078930203,0.0,0.0,0.0,0.0,2808,7358
2020-10-21 20:00:00,4770.0,1.818989403545857e-13,0.0,0.0,0.0,2112.163078930203,0.0,0.0,0.0,0.0,2551,6882
2020-10-21 21:00:00,4770.0,2.728484105318785e-13,0.0,0.0,0.0,385.16307893020297,0.0,0.0,0.0,0.0,3642,5155
2020-10-21 22:00:00,4770.0,4.547473508864643e-14,0.0,0.0,0.0,1649.1630789302033,0.0,0.0,0.0,0.0,2491,6419
2020-10-21 23:00:00,5580.0,0.0,0.0,0.0,0.0,852.163078930203,0.0,0.0,0.0,0.0,2603,6432
2020-10-22 00:00:00,5580.0,1.818989403545857e-13,0.0,0.0,0.0,468.16307893020246,0.0,0.0,0.0,0.0,2356,6048
2020-10-22 01:00:00,5481.1630789302035,-2.728484105318785e-13,0.0,0.0,0.0,0.0,0.0,0.0,0.0,0.0,2520,5481
2020-10-22 02:00:00,4905.163078930203,1.818989403545857e-13,0.0,0.0,0.0,0.0,0.0,0.0,0.0,0.0,2783,4905
2020-10-22 03:00:00,4273.1630789302035,1.818989403545857e-13,0.0,0.0,0.0,0.0,0.0,0.0,0.0,0.0,3036,4273
2020-10-22 04:00:00,4020.1630789302017,-2.728484105318785e-13,0.0,0.0,0.0,0.0,0.0,0.0,0.0,0.0,3228,4020
2020-10-22 05:00:00,4168.163078930203,1.818989403545857e-13,0.0,0.0,0.0,0.0,0.0,0.0,0.0,0.0,3533,4168
2020-10-22 06:00:00,4759.1630789302035,-2.728484105318785e-13,0.0,0.0,0.0,0.0,0.0,0.0,0.0,0.0,4010,4759
2020-10-22 07:00:00,5427.1630789302035,1.818989403545857e-13,0.0,0.0,0.0,0.0,0.0,0.0,0.0,0.0,4304,5427
2020-10-22 08:00:00,5580.0,-2.728484105318785e-13,0.0,0.0,0.0,210.16307893020348,0.0,0.0,0.0,0.0,4177,5790
2020-10-22 09:00:00,5491.163078930203,1.818989403545857e-13,0.0,0.0,0.0,0.0,0.0,0.0,0.0,0.0,4614,5491
2020-10-22 10:00:00,5231.1630789302035,-2.728484105318785e-13,0.0,0.0,0.0,0.0,0.0,0.0,0.0,0.0,4817,5231
2020-10-22 11:00:00,4856.163078930203,1.818989403545857e-13,0.0,0.0,0.0,0.0,0.0,0.0,0.0,0.0,5239,4856
2020-10-22 12:00:00,4913.1630789302035,1.818989403545857e-13,0.0,0.0,0.0,0.0,0.0,0.0,0.0,0.0,5174,4913
2020-10-22 13:00:00,3749.9262883234646,-2.728484105318785e-13,0.0,0.0,0.0,991.2367906067389,0.0,0.0,0.0,0.0,5107,4741
2020-10-22 14:00:00,4329.1630789302035,1.5916157281026248e-13,0.0,0.0,0.0,0.0,0.0,0.0,0.0,0.0,5299,4329
2020-10-22 15:00:00,3901.1630789302017,-2.728484105318785e-13,0.0,0.0,0.0,0.0,0.0,0.0,0.0,0.0,5428,3901
2020-10-22 16:00:00,3610.1630789302017,9.09494701772928e-14,0.0,0.0,0.0,0.0,0.0,0.0,0.0,0.0,5446,3610
2020-10-22 17:00:00,3560.1630789302017,-2.728484105318785e-13,0.0,0.0,0.0,0.0,0.0,0.0,0.0,0.0,5429,3560
2020-10-22 18:00:00,4128.163078930203,1.818989403545857e-13,0.0,0.0,0.0,0.0,0.0,0.0,0.0,0.0,5150,4128
2020-10-22 19:00:00,5497.1630789302035,-2.728484105318784e-13,0.0,0.0,0.0,0.0,0.0,0.0,0.0,0.0,4242,5497
2020-10-22 20:00:00,5472.163078930203,6.366462912410498e-13,0.0,0.0,0.0,0.0,0.0,0.0,0.0,0.0,3594,5472
2020-10-22 21:00:00,4858.163078930203,6.366462912410498e-13,0.0,0.0,0.0,0.0,0.0,0.0,0.0,0.0,3650,4858
2020-10-22 22:00:00,5151.1630789302035,-2.728484105318784e-13,0.0,0.0,0.0,0.0,0.0,0.0,0.0,0.0,3543,5151
2020-10-22 23:00:00,5580.0,1.818989403545857e-13,0.0,0.0,0.0,592.1630789302026,0.0,0.0,0.0,0.0,2662,6172
2020-10-23 00:00:00,5416.1630789302035,-2.728484105318785e-13,0.0,0.0,0.0,0.0,0.0,0.0,0.0,0.0,2715,5416
2020-10-23 01:00:00,3347.163078930202,1.818989403545857e-13,0.0,0.0,0.0,0.0,0.0,0.0,0.0,0.0,4321,3347
2020-10-23 02:00:00,3192.1630789302017,-2.728484105318785e-13,0.0,0.0,0.0,0.0,0.0,0.0,0.0,0.0,4097,3192
2020-10-23 03:00:00,4855.163078930203,1.818989403545857e-13,0.0,0.0,0.0,0.0,0.0,0.0,0.0,0.0,1993,4855
2020-10-23 04:00:00,4692.1630789302035,-2.728484105318785e-13,0.0,0.0,0.0,0.0,0.0,0.0,0.0,0.0,1969,4692
2020-10-23 05:00:00,2309.163078930202,1.818989403545857e-13,0.0,0.0,0.0,0.0,0.0,0.0,0.0,0.0,4427,2309
2020-10-23 06:00:00,2404.163078930202,1.818989403545857e-13,0.0,0.0,0.0,0.0,0.0,0.0,0.0,0.0,4668,2404
2020-10-23 07:00:00,2651.1630789302017,-2.728484105318785e-13,0.0,0.0,0.0,0.0,0.0,0.0,0.0,0.0,4761,2651
2020-10-23 08:00:00,3699.1630789302017,1.818989403545857e-13,0.0,0.0,0.0,0.0,0.0,0.0,0.0,0.0,4155,3699
2020-10-23 09:00:00,3978.1630789302017,-2.728484105318785e-13,0.0,0.0,0.0,0.0,0.0,0.0,0.0,0.0,4363,3978
2020-10-23 10:00:00,4146.163078930203,6.366462912410498e-13,0.0,0.0,0.0,0.0,0.0,0.0,0.0,0.0,4342,4146
2020-10-23 11:00:00,4301.163078930203,-2.728484105318784e-13,0.0,0.0,0.0,0.0,0.0,0.0,0.0,0.0,4360,4301
2020-10-23 12:00:00,4434.163078930203,1.818989403545857e-13,0.0,0.0,0.0,0.0,0.0,0.0,0.0,0.0,4574,4434
2020-10-23 13:00:00,3781.1630789302017,-2.728484105318785e-13,0.0,0.0,0.0,0.0,0.0,0.0,0.0,0.0,4895,3781
2020-10-23 14:00:00,1815.1630789302017,6.366462912410498e-13,0.0,0.0,0.0,0.0,0.0,0.0,0.0,0.0,6563,1815
2020-10-23 15:00:00,1944.1630789302017,6.366462912410498e-13,0.0,0.0,0.0,0.0,0.0,0.0,0.0,0.0,6123,1944
2020-10-23 16:00:00,1913.163078930202,-2.728484105318784e-13,0.0,0.0,0.0,0.0,0.0,0.0,0.0,0.0,5923,1913
2020-10-23 17:00:00,2900.163078930202,1.818989403545857e-13,0.0,0.0,0.0,0.0,0.0,0.0,0.0,0.0,4881,2900
2020-10-23 18:00:00,2545.163078930202,-2.728484105318785e-13,0.0,0.0,0.0,0.0,0.0,0.0,0.0,0.0,5512,2545
2020-10-23 19:00:00,3600.0,1.818989403545857e-13,0.0,0.0,0.0,996.1630789302033,0.0,0.0,0.0,0.0,4028,4596
2020-10-23 20:00:00,2974.1630789302017,-2.728484105318784e-13,0.0,0.0,0.0,0.0,0.0,0.0,0.0,0.0,5167,2974
2020-10-23 21:00:00,3600.0,1.818989403545857e-13,0.0,0.0,0.0,729.1630789302026,0.0,0.0,0.0,0.0,3386,4329
2020-10-23 22:00:00,3600.0,0.0,0.0,0.0,0.0,814.1630789302033,0.0,0.0,0.0,0.0,3605,4414
2020-10-23 23:00:00,3600.0,0.0,0.0,0.0,0.0,925.1630789302023,0.0,0.0,0.0,0.0,3764,4525
2020-10-24 00:00:00,1620.0,0.0,0.0,0.0,0.0,2878.1630789302026,0.0,0.0,0.0,0.0,3266,4498
2020-10-24 01:00:00,1620.0,-2.728484105318784e-13,0.0,0.0,0.0,2741.1630789302026,0.0,0.0,0.0,0.0,2973,4361
2020-10-24 02:00:00,1620.0,1.818989403545857e-13,0.0,0.0,0.0,2582.1630789302026,0.0,0.0,0.0,0.0,2755,4202
2020-10-24 03:00:00,1521.1630789302021,-2.728484105318785e-13,0.0,0.0,0.0,0.0,0.0,0.0,0.0,0.0,4954,1521
2020-10-24 04:00:00,1620.0,1.818989403545857e-13,0.0,0.0,0.0,2230.163078930202,0.0,0.0,0.0,0.0,2378,3850
2020-10-24 05:00:00,739.1630789302021,-2.728484105318785e-13,0.0,0.0,0.0,0.0,0.0,0.0,0.0,0.0,5465,739
2020-10-24 06:00:00,1620.0,1.818989403545857e-13,0.0,0.0,0.0,828.1630789302021,0.0,0.0,0.0,0.0,3900,2448
2020-10-24 07:00:00,1620.0,-2.728484105318785e-13,0.0,0.0,0.0,275.16307893020206,0.0,0.0,0.0,0.0,4619,1895
2020-10-24 08:00:00,600.0,1.818989403545857e-13,0.0,0.0,0.0,1296.163078930202,0.0,0.0,0.0,0.0,4925,1896
2020-10-24 09:00:00,1620.0,1.818989403545857e-13,0.0,0.0,0.0,822.1630789302022,0.0,0.0,0.0,0.0,4920,2442
2020-10-24 10:00:00,457.16307893020206,-2.728484105318785e-13,0.0,0.0,0.0,0.0,0.0,0.0,0.0,0.0,7275,457
2020-10-24 11:00:00,810.0,5.45696821063757e-13,0.0,0.0,0.0,2582.1630789302017,0.0,0.0,0.0,0.0,4648,3392
2020-10-24 12:00:00,810.0,0.0,0.0,0.0,0.0,482.1630789302015,0.0,0.0,0.0,0.0,7127,1292
2020-10-24 13:00:00,810.0,0.0,0.0,0.0,0.0,295.1630789302023,0.0,0.0,0.0,0.0,6890,1105
2020-10-24 14:00:00,1980.0,0.0,0.0,0.0,0.0,1418.1630789302014,0.0,0.0,0.0,0.0,4207,3398
2020-10-24 15:00:00,1156.1630789302017,6.366462912410498e-13,0.0,0.0,0.0,0.0,0.0,0.0,0.0,0.0,6139,1156
2020-10-24 16:00:00,1980.0,-2.728484105318785e-13,0.0,0.0,0.0,885.1630789302017,0.0,0.0,0.0,0.0,4258,2865
2020-10-24 17:00:00,2790.0,6.366462912410498e-13,0.0,0.0,0.0,165.16307893020175,0.0,0.0,0.0,0.0,4225,2955
2020-10-24 18:00:00,1370.1630789302017,6.366462912410498e-13,0.0,0.0,0.0,0.0,0.0,0.0,0.0,0.0,6225,1370
2020-10-24 19:00:00,2790.0,-2.728484105318785e-13,0.0,0.0,0.0,1733.1630789302026,0.0,0.0,0.0,0.0,3891,4523
2020-10-24 20:00:00,2174.1630789302017,5.45696821063757e-13,0.0,0.0,0.0,0.0,0.0,0.0,0.0,0.0,5951,2174
2020-10-24 21:00:00,2790.0,-2.728484105318785e-13,0.0,0.0,0.0,1548.1630789302026,0.0,0.0,0.0,0.0,3363,4338
2020-10-24 22:00:00,2790.0,1.818989403545857e-13,0.0,0.0,0.0,1553.1630789302033,0.0,0.0,0.0,0.0,3621,4343
2020-10-24 23:00:00,2790.0,-2.728484105318785e-13,0.0,0.0,0.0,1584.1630789302026,0.0,0.0,0.0,0.0,3796,4374
2020-10-25 00:00:00,4770.0,0.0,0.0,0.0,0.0,705.1630789302028,0.0,0.0,0.0,0.0,2161,5475
2020-10-25 01:00:00,4770.0,-2.728484105318785e-13,0.0,0.0,0.0,642.163078930203,0.0,0.0,0.0,0.0,1876,5412
2020-10-25 02:00:00,3547.1630789302026,1.818989403545857e-13,0.0,0.0,0.0,0.0,0.0,0.0,0.0,0.0,3437,3547
2020-10-25 03:00:00,4114.1630789302035,1.818989403545857e-13,0.0,0.0,0.0,0.0,0.0,0.0,0.0,0.0,2517,4114
2020-10-25 04:00:00,2799.163078930202,-2.728484105318785e-13,0.0,0.0,0.0,0.0,0.0,0.0,0.0,0.0,3845,2799
2020-10-25 05:00:00,4639.163078930203,0.0,0.0,0.0,0.0,0.0,0.0,0.0,0.0,0.0,2515,4639
2020-10-25 06:00:00,4411.163078930202,0.0,0.0,0.0,0.0,0.0,0.0,0.0,0.0,0.0,3736,4411
2020-10-25 07:00:00,4438.1630789302035,1.818989403545857e-13,0.0,0.0,0.0,0.0,0.0,0.0,0.0,0.0,4614,4438
2020-10-25 08:00:00,4770.0,-1.3642420526593924e-12,0.0,0.0,0.0,744.1630789302039,0.0,0.0,0.0,0.0,4032,5514
2020-10-25 09:00:00,4770.0,0.0,0.0,0.0,0.0,61.16307893020296,0.0,0.0,0.0,0.0,5018,4831
2020-10-25 10:00:00,2580.163078930202,0.0,0.0,0.0,0.0,0.0,0.0,0.0,0.0,0.0,7384,2580
2020-10-25 11:00:00,2813.1630789302017,0.0,0.0,0.0,0.0,0.0,0.0,0.0,0.0,0.0,7297,2813
2020-10-25 12:00:00,3261.163078930203,1.818989403545857e-13,0.0,0.0,0.0,0.0,0.0,0.0,0.0,0.0,6861,3261
2020-10-25 13:00:00,2746.1630789302017,2.728484105318785e-13,0.0,0.0,0.0,0.0,0.0,0.0,0.0,0.0,7201,2746
2020-10-25 14:00:00,2510.1630789302017,1.818989403545857e-13,0.0,0.0,0.0,0.0,0.0,0.0,0.0,0.0,7249,2510
2020-10-25 15:00:00,2197.163078930202,0.0,0.0,0.0,0.0,0.0,0.0,0.0,0.0,0.0,7255,2197
2020-10-25 16:00:00,2251.163078930202,2.728484105318785e-13,0.0,0.0,0.0,0.0,0.0,0.0,0.0,0.0,6967,2251
2020-10-25 17:00:00,2452.163078930202,-2.728484105318785e-13,0.0,0.0,0.0,0.0,0.0,0.0,0.0,0.0,6661,2452
2020-10-25 18:00:00,3455.1630789302026,1.818989403545857e-13,0.0,0.0,0.0,0.0,0.0,0.0,0.0,0.0,6123,3455
2020-10-25 19:00:00,4671.1630789302035,-2.728484105318785e-13,0.0,0.0,0.0,0.0,0.0,0.0,0.0,0.0,5524,4671
2020-10-25 20:00:00,4286.163078930203,1.818989403545857e-13,0.0,0.0,0.0,0.0,0.0,0.0,0.0,0.0,5103,4286
2020-10-25 21:00:00,3630.163078930203,1.818989403545857e-13,0.0,0.0,0.0,0.0,0.0,0.0,0.0,0.0,5071,3630
2020-10-25 22:00:00,3892.163078930202,-2.728484105318785e-13,0.0,0.0,0.0,0.0,0.0,0.0,0.0,0.0,4977,3892
2020-10-25 23:00:00,3366.1630789302026,1.818989403545857e-13,0.0,0.0,0.0,0.0,0.0,0.0,0.0,0.0,5657,3366
2020-10-26 00:00:00,3903.163078930202,-2.728484105318785e-13,0.0,0.0,0.0,0.0,0.0,0.0,0.0,0.0,4586,3903
2020-10-26 01:00:00,3627.1630789302026,1.818989403545857e-13,0.0,0.0,0.0,0.0,0.0,0.0,0.0,0.0,4478,3627
2020-10-26 02:00:00,3317.163078930202,-2.728484105318785e-13,0.0,0.0,0.0,0.0,0.0,0.0,0.0,0.0,4490,3317
2020-10-26 03:00:00,2776.1630789302026,0.0,0.0,0.0,0.0,0.0,0.0,0.0,0.0,0.0,4652,2776
2020-10-26 04:00:00,2645.1630789302017,-2.728484105318785e-13,0.0,0.0,0.0,0.0,0.0,0.0,0.0,0.0,4736,2645
2020-10-26 05:00:00,3125.1630789302026,1.818989403545857e-13,0.0,0.0,0.0,0.0,0.0,0.0,0.0,0.0,4700,3125
2020-10-26 06:00:00,4065.1630789302026,1.818989403545857e-13,0.0,0.0,0.0,0.0,0.0,0.0,0.0,0.0,4700,4065
2020-10-26 07:00:00,4574.163078930202,-2.728484105318785e-13,0.0,0.0,0.0,0.0,0.0,0.0,0.0,0.0,5085,4574
2020-10-26 08:00:00,4772.1630789302035,-2.728484105318785e-13,0.0,0.0,0.0,0.0,0.0,0.0,0.0,0.0,5327,4772
2020-10-26 09:00:00,4623.1630789302035,-1.3642420526593924e-12,0.0,0.0,0.0,0.0,0.0,0.0,0.0,0.0,5728,4623
2020-10-26 10:00:00,4207.163078930204,-1.1823431123048065e-12,0.0,0.0,0.0,0.0,0.0,0.0,0.0,0.0,6197,4207
2020-10-26 11:00:00,3917.1630789302017,-2.728484105318784e-13,0.0,0.0,0.0,0.0,0.0,0.0,0.0,0.0,6592,3917
2020-10-26 12:00:00,3303.1630789302026,0.0,0.0,0.0,0.0,0.0,0.0,0.0,0.0,0.0,7163,3303
2020-10-26 13:00:00,2985.1630789302017,-2.728484105318784e-13,0.0,0.0,0.0,0.0,0.0,0.0,0.0,0.0,7255,2985
2020-10-26 14:00:00,2552.1630789302035,-8.185452315956353e-13,0.0,0.0,0.0,0.0,0.0,0.0,0.0,0.0,7486,2552
2020-10-26 15:00:00,2437.1630789302026,-2.728484105318785e-13,0.0,0.0,0.0,0.0,0.0,0.0,0.0,0.0,7281,2437
2020-10-26 16:00:00,2593.1630789302017,0.0,0.0,0.0,0.0,0.0,0.0,0.0,0.0,0.0,6911,2593
2020-10-26 17:00:00,3065.1630789302026,0.0,0.0,0.0,0.0,0.0,0.0,0.0,0.0,0.0,6398,3065
2020-10-26 18:00:00,4531.163078930202,0.0,0.0,0.0,0.0,0.0,0.0,0.0,0.0,0.0,5491,4531
2020-10-26 19:00:00,5580.0,-1.1823431123048065e-12,0.0,0.0,0.0,574.1630789302026,0.0,0.0,0.0,0.0,4477,6154
2020-10-26 20:00:00,5580.0,0.0,0.0,0.0,0.0,187.16307893020203,0.0,0.0,0.0,0.0,4012,5767
2020-10-26 21:00:00,5151.163078930203,2.728484105318785e-13,0.0,0.0,0.0,0.0,0.0,0.0,0.0,0.0,3923,5151
2020-10-26 22:00:00,5389.1630789302035,-8.185452315956353e-13,0.0,0.0,0.0,0.0,0.0,0.0,0.0,0.0,3858,5389
2020-10-26 23:00:00,5580.0,8.185452315956353e-13,0.0,0.0,0.0,61.1630789302012,0.0,0.0,0.0,0.0,3733,5641
2020-10-27 00:00:00,5077.1630789302035,0.0,0.0,0.0,0.0,0.0,0.0,0.0,0.0,0.0,3631,5077
2020-10-27 01:00:00,4602.1630789302035,0.0,0.0,0.0,0.0,0.0,0.0,0.0,0.0,0.0,3719,4602
2020-10-27 02:00:00,4519.163078930203,0.0,0.0,0.0,0.0,0.0,0.0,0.0,0.0,0.0,3502,4519
2020-10-27 03:00:00,4414.163078930203,-2.728484105318784e-13,0.0,0.0,0.0,0.0,0.0,0.0,0.0,0.0,3223,4414
2020-10-27 04:00:00,4673.163078930203,2.728484105318785e-13,0.0,0.0,0.0,0.0,0.0,0.0,0.0,0.0,2919,4673
2020-10-27 05:00:00,5282.1630789302035,2.728484105318785e-13,0.0,0.0,0.0,0.0,0.0,0.0,0.0,0.0,2770,5282
2020-10-27 06:00:00,5580.0,2.728484105318785e-13,0.0,0.0,0.0,738.1630789302023,0.0,0.0,0.0,0.0,2684,6318
2020-10-27 07:00:00,5580.0,2.728484105318785e-13,0.0,0.0,0.0,580.1630789302023,0.0,0.0,0.0,0.0,3735,6160
2020-10-27 08:00:00,5580.0,0.0,0.0,0.0,0.0,1289.1630789302023,0.0,0.0,0.0,0.0,3438,6869
2020-10-27 09:00:00,5580.0,0.0,0.0,0.0,0.0,755.1630789302028,0.0,0.0,0.0,0.0,4189,6335
2020-10-27 10:00:00,5580.0,0.0,0.0,0.0,0.0,192.1630789302033,0.0,0.0,0.0,0.0,4771,5772
2020-10-27 11:00:00,5453.163078930203,2.728484105318785e-13,0.0,0.0,0.0,0.0,0.0,0.0,0.0,0.0,5166,5453
2020-10-27 12:00:00,5213.1630789302035,-2.728484105318784e-13,0.0,0.0,0.0,0.0,0.0,0.0,0.0,0.0,5346,5213
2020-10-27 13:00:00,4764.163078930203,4.547473508864642e-13,0.0,0.0,0.0,0.0,0.0,0.0,0.0,0.0,5559,4764
2020-10-27 14:00:00,4701.1630789302035,0.0,0.0,0.0,0.0,0.0,0.0,0.0,0.0,0.0,5395,4701
2020-10-27 15:00:00,4575.163078930203,1.818989403545857e-13,0.0,0.0,0.0,0.0,0.0,0.0,0.0,0.0,5189,4575
2020-10-27 16:00:00,4799.1630789302035,-2.728484105318785e-13,0.0,0.0,0.0,0.0,0.0,0.0,0.0,0.0,4738,4799
2020-10-27 17:00:00,5341.163078930203,2.728484105318785e-13,0.0,0.0,0.0,0.0,0.0,0.0,0.0,0.0,4130,5341
2020-10-27 18:00:00,5580.0,0.0,0.0,0.0,0.0,1076.1630789302028,0.0,0.0,0.0,0.0,3362,6656
2020-10-27 19:00:00,5580.0,-2.728484105318785e-13,0.0,0.0,0.0,2360.163078930202,0.0,0.0,0.0,0.0,2655,7940
2020-10-27 20:00:00,5580.0,2.728484105318785e-13,0.0,0.0,0.0,2228.1630789302008,0.0,0.0,0.0,0.0,1971,7808
2020-10-27 21:00:00,5580.0,-3.4106051316484814e-14,0.0,0.0,0.0,1762.163078930202,0.0,0.0,0.0,0.0,1775,7342
2020-10-27 22:00:00,5580.0,2.728484105318785e-13,0.0,0.0,0.0,1991.163078930201,0.0,0.0,0.0,0.0,1729,7571
2020-10-27 23:00:00,3150.0,3555.0,0.0,0.0,0.0,18.16307893020266,0.0,0.0,0.0,0.0,2709,6723
2020-10-28 00:00:00,3150.0,1701.0000000000005,0.0,0.0,0.0,1471.1630789302026,0.0,0.0,0.0,0.0,2450,6322
2020-10-28 01:00:00,3150.0,1884.9047619046812,0.0,0.0,0.0,873.2583170255214,0.0,0.0,0.0,0.0,2485,5908
2020-10-28 02:00:00,3150.0,1701.0000000000005,0.0,0.0,0.0,795.1630789302026,0.0,0.0,0.0,0.0,2451,5646
2020-10-28 03:00:00,3150.0,-2.728484105318784e-13,0.0,0.0,0.0,2274.1630789302035,0.0,0.0,0.0,0.0,2296,5424
2020-10-28 04:00:00,3150.0,1.818989403545857e-13,0.0,0.0,0.0,2393.1630789302026,0.0,0.0,0.0,0.0,2141,5543
2020-10-28 05:00:00,3150.0,-2.728484105318785e-13,0.0,0.0,0.0,2704.1630789302035,0.0,0.0,0.0,0.0,2304,5854
2020-10-28 06:00:00,3150.0,1.818989403545857e-13,0.0,0.0,0.0,3665.1630789302026,0.0,0.0,0.0,0.0,2315,6815
2020-10-28 07:00:00,3150.0,0.0,540.0,0.0,0.0,4516.163078930201,0.0,0.0,0.0,0.0,1840,8206
2020-10-28 08:00:00,3150.0,1.818989403545857e-13,540.0,0.0,0.0,3714.1630789302026,0.0,0.0,0.0,0.0,3057,7404
2020-10-28 09:00:00,3150.0,1.818989403545857e-13,1080.0,0.0,0.0,2790.1630789302026,0.0,0.0,0.0,0.0,3639,7020
2020-10-28 10:00:00,3150.0,-2.728484105318785e-13,1080.0,0.0,0.0,2423.1630789302035,0.0,0.0,0.0,0.0,3980,6653
2020-10-28 11:00:00,3150.0,1.7280399333685636e-12,1080.0,0.0,0.0,1741.1630789302017,0.0,0.0,0.0,0.0,4703,5971
2020-10-28 12:00:00,3150.0,-2.728484105318785e-13,1080.0,0.0,0.0,1323.1630789302037,0.0,0.0,0.0,0.0,5023,5553
2020-10-28 13:00:00,3150.0,1.9539925233402763e-13,1080.0,0.0,0.0,977.1630789302026,0.0,0.0,0.0,0.0,5110,5207
2020-10-28 14:00:00,3150.0,-2.728484105318785e-13,1080.0,0.0,0.0,639.1630789302035,0.0,0.0,0.0,0.0,5209,4869
2020-10-28 15:00:00,3150.0,1.818989403545857e-13,540.0,0.0,0.0,953.1630789302023,0.0,0.0,0.0,0.0,5101,4643
2020-10-28 16:00:00,3150.0,-2.728484105318785e-13,540.0,0.0,0.0,1102.1630789302037,0.0,0.0,0.0,0.0,4730,4792
2020-10-28 17:00:00,3150.0,1.9539925233402763e-13,0.0,0.0,0.0,2107.1630789302026,0.0,0.0,0.0,0.0,4231,5257
2020-10-28 18:00:00,3150.0,1.818989403545857e-13,0.0,0.0,0.0,3350.1630789302026,0.0,0.0,0.0,0.0,3578,6500
2020-10-28 19:00:00,3150.0,-2.7284841053187856e-13,0.0,0.0,0.0,4484.1630789302035,0.0,0.0,0.0,0.0,3013,7634
2020-10-28 20:00:00,3150.0,1.818989403545857e-13,0.0,0.0,0.0,3940.1630789302026,0.0,0.0,0.0,0.0,2750,7090
2020-10-28 21:00:00,3150.0,-2.7284841053187856e-13,0.0,0.0,0.0,3352.1630789302035,0.0,0.0,0.0,0.0,2683,6502
2020-10-28 22:00:00,3150.0,1.3464784842653893e-13,0.0,0.0,0.0,3461.1630789302026,0.0,0.0,0.0,0.0,2754,6611
2020-10-28 23:00:00,5580.0,-2.728484105318784e-13,0.0,0.0,0.0,1186.1630789302037,0.0,0.0,0.0,0.0,2726,6766
2020-10-29 00:00:00,5580.0,0.0,0.0,0.0,0.0,1253.1630789302026,0.0,0.0,0.0,0.0,2084,6833
2020-10-29 01:00:00,5580.0,2.728484105318785e-13,0.0,0.0,0.0,580.1630789302017,0.0,0.0,0.0,0.0,2347,6160
2020-10-29 02:00:00,5580.0,9.09494701772928e-14,0.0,0.0,0.0,719.1630789302026,0.0,0.0,0.0,0.0,1910,6299
2020-10-29 03:00:00,5580.0,0.0,0.0,0.0,0.0,317.16307893020166,0.0,0.0,0.0,0.0,1928,5897
2020-10-29 04:00:00,5580.0,0.0,0.0,0.0,0.0,279.16307893020166,0.0,0.0,0.0,0.0,1900,5859
2020-10-29 05:00:00,5580.0,0.0,0.0,0.0,0.0,609.1630789302025,0.0,0.0,0.0,0.0,2008,6189
2020-10-29 06:00:00,5580.0,0.0,0.0,0.0,0.0,1411.1630789302017,0.0,0.0,0.0,0.0,2094,6991
2020-10-29 07:00:00,5580.0,0.0,0.0,0.0,0.0,2083.1630789302017,0.0,0.0,0.0,0.0,2321,7663
2020-10-29 08:00:00,5580.0,0.0,0.0,0.0,0.0,2027.1630789302017,0.0,0.0,0.0,0.0,2839,7607
2020-10-29 09:00:00,5580.0,0.0,0.0,0.0,0.0,1387.1630789302026,0.0,0.0,0.0,0.0,3697,6967
2020-10-29 10:00:00,5580.0,0.0,0.0,0.0,0.0,768.1630789302017,0.0,0.0,0.0,0.0,4320,6348
2020-10-29 11:00:00,5580.0,9.09494701772928e-14,0.0,0.0,0.0,378.1630789302026,0.0,0.0,0.0,0.0,4743,5958
2020-10-29 12:00:00,5580.0,9.09494701772928e-14,0.0,0.0,0.0,160.16307893020257,0.0,0.0,0.0,0.0,4925,5740
2020-10-29 13:00:00,5580.0,-2.728484105318785e-13,0.0,0.0,0.0,0.0,386.8369210697979,0.0,0.0,0.0,5180,5193
2020-10-29 14:00:00,5580.0,0.0,0.0,0.0,0.0,0.0,1051.8369210697974,0.0,0.0,0.0,5549,4528
2020-10-29 15:00:00,5314.163078930203,0.0,0.0,0.0,0.0,0.0,1200.0,0.0,0.0,0.0,5585,4114
2020-10-29 16:00:00,5388.163078930203,1.1368683772161564e-14,0.0,0.0,0.0,0.0,1200.0,0.0,0.0,0.0,5255,4188
2020-10-29 17:00:00,5580.0,0.0,0.0,0.0,0.0,0.0,815.8369210697983,0.0,0.0,0.0,4663,4764
2020-10-29 18:00:00,5580.0,0.0,0.0,0.0,0.0,0.0,0.0,613.1630789302025,0.0,0.0,3807,6193
2020-10-29 19:00:00,5580.0,0.0,0.0,0.0,0.0,741.1630789302026,0.0,1200.0,0.0,0.0,2932,7521
2020-10-29 20:00:00,5580.0,0.0,0.0,0.0,0.0,659.1630789302025,0.0,1200.0,0.0,0.0,2297,7439
2020-10-29 21:00:00,5580.0,0.0,0.0,0.0,0.0,989.4430854533588,0.0,477.7199934768428,0.0,0.0,2146,7047
2020-10-29 22:00:00,5580.0,2.728484105318785e-13,0.0,0.0,0.0,1465.1630789302017,0.0,0.0,0.0,0.0,2368,7045
2020-10-29 23:00:00,5580.0,0.0,0.0,0.0,0.0,1745.1630789302026,0.0,0.0,0.0,0.0,2258,7325
2020-10-30 00:00:00,5580.0,-2.728484105318785e-13,0.0,0.0,0.0,496.1630789302035,0.0,0.0,0.0,0.0,2839,6076
2020-10-30 01:00:00,5580.0,1.818989403545857e-13,0.0,0.0,0.0,183.16307893020144,0.0,0.0,0.0,0.0,2740,5763
2020-10-30 02:00:00,5580.0,-2.728484105318785e-13,0.0,0.0,0.0,95.16307893020348,0.0,0.0,0.0,0.0,2484,5675
2020-10-30 03:00:00,5580.0,1.818989403545857e-13,0.0,0.0,0.0,62.16307893020246,0.0,0.0,0.0,0.0,2076,5642
2020-10-30 04:00:00,5580.0,-2.728484105318785e-13,0.0,0.0,0.0,33.16307893020348,0.0,0.0,0.0,0.0,1961,5613
2020-10-30 05:00:00,5580.0,1.818989403545857e-13,0.0,0.0,0.0,0.0,445.8369210697974,0.0,0.0,0.0,2616,5134
2020-10-30 06:00:00,5580.0,1.818989403545857e-13,0.0,0.0,0.0,0.0,5.836921069798564,0.0,0.0,0.0,2622,5574
2020-10-30 07:00:00,5580.0,-2.728484105318785e-13,0.0,0.0,0.0,0.0,0.0,239.16307893020348,0.0,0.0,2836,5819
2020-10-30 08:00:00,5580.0,1.818989403545857e-13,0.0,0.0,0.0,111.57077625570896,0.0,99.59230267449352,0.0,0.0,3318,5791
2020-10-30 09:00:00,5580.0,-2.728484105318785e-13,0.0,0.0,0.0,78.16307893020348,0.0,0.0,0.0,0.0,3882,5658
2020-10-30 10:00:00,5580.0,1.818989403545857e-13,0.0,0.0,0.0,1.1630789302014364,0.0,0.0,0.0,0.0,3981,5581
2020-10-30 11:00:00,5580.0,-2.728484105318785e-13,0.0,0.0,0.0,0.0,520.8369210697965,0.0,0.0,0.0,4506,5059
2020-10-30 12:00:00,5580.0,1.818989403545857e-13,0.0,0.0,0.0,0.0,523.8369210697974,0.0,0.0,0.0,4654,5056
2020-10-30 13:00:00,5580.0,-2.728484105318785e-13,0.0,0.0,0.0,0.0,434.8369210697965,0.0,0.0,0.0,4089,5145
2020-10-30 14:00:00,5580.0,1.818989403545857e-13,0.0,0.0,0.0,0.0,617.8369210697974,0.0,0.0,0.0,3832,4962
2020-10-30 15:00:00,5580.0,1.818989403545857e-13,0.0,0.0,0.0,0.0,882.8369210697986,0.0,0.0,0.0,3724,4697
2020-10-30 16:00:00,5536.163078930203,0.0,0.0,0.0,0.0,0.0,1200.0,0.0,0.0,0.0,3924,4336
2020-10-30 17:00:00,5580.0,1.818989403545857e-13,0.0,0.0,0.0,0.0,424.83692106979714,0.0,0.0,0.0,3266,5155
2020-10-30 18:00:00,5580.0,0.0,0.0,0.0,0.0,0.0,238.83692106979652,0.0,0.0,0.0,3800,5341
2020-10-30 19:00:00,5580.0,0.0,0.0,0.0,0.0,699.9215590345791,0.0,362.2415198956232,0.0,0.0,3314,6642
2020-10-30 20:00:00,5580.0,0.0,0.0,0.0,0.0,0.0,0.0,963.1630789302036,0.0,0.0,2962,6543
2020-10-30 21:00:00,5580.0,1.818989403545857e-13,0.0,0.0,0.0,0.0,0.0,493.16307893020246,0.0,0.0,3021,6073
2020-10-30 22:00:00,5580.0,-2.216893335571513e-13,0.0,0.0,0.0,0.0,0.0,820.1630789302033,0.0,0.0,3058,6400
2020-10-30 23:00:00,5580.0,1.818989403545857e-13,0.0,0.0,0.0,0.0,0.0,994.1630789302023,0.0,0.0,3180,6574
2020-10-31 00:00:00,5580.0,3.637978807091713e-13,0.0,0.0,0.0,1453.1630789302012,0.0,0.0,0.0,0.0,2243,7033
2020-10-31 01:00:00,5580.0,-2.728484105318785e-13,0.0,0.0,0.0,845.1630789302035,0.0,0.0,0.0,0.0,2492,6425
2020-10-31 02:00:00,5256.163078930203,-2.728484105318785e-13,0.0,0.0,0.0,0.0,0.0,0.0,0.0,0.0,2776,5256
2020-10-31 03:00:00,4960.163078930204,-1.0913936421275138e-12,0.0,0.0,0.0,0.0,0.0,0.0,0.0,0.0,2919,4960
2020-10-31 04:00:00,5144.163078930202,2.1600499167107045e-13,0.0,0.0,0.0,0.0,0.0,0.0,0.0,0.0,2732,5144
2020-10-31 05:00:00,5154.1630789302035,-2.387423592153936e-13,0.0,0.0,0.0,0.0,0.0,0.0,0.0,0.0,2921,5154
2020-10-31 06:00:00,5409.163078930202,2.728484105318785e-13,0.0,0.0,0.0,0.0,0.0,0.0,0.0,0.0,3010,5409
2020-10-31 07:00:00,5355.1630789302035,-2.728484105318784e-13,0.0,0.0,0.0,0.0,0.0,0.0,0.0,0.0,3194,5355
2020-10-31 08:00:00,5257.047184170474,0.0,0.0,0.0,0.0,0.0,14.88410524027131,0.0,0.0,0.0,3779,5242
2020-10-31 09:00:00,5535.163078930202,3.637978807091713e-13,0.0,0.0,0.0,0.0,0.0,0.0,0.0,0.0,3809,5535
2020-10-31 10:00:00,5580.0,-2.728484105318784e-13,0.0,0.0,0.0,0.0,0.0,11.163078930203485,0.0,0.0,3845,5591
2020-10-31 11:00:00,5466.163078930202,6.366462912410498e-13,0.0,0.0,0.0,0.0,0.0,0.0,0.0,0.0,4083,5466
2020-10-31 12:00:00,5207.1630789302035,-2.728484105318784e-13,0.0,0.0,0.0,0.0,0.0,0.0,0.0,0.0,4556,5207
2020-10-31 13:00:00,5580.0,2.273736754432321e-13,0.0,0.0,0.0,0.0,1138.8369210697977,0.0,0.0,0.0,4764,4441
2020-10-31 14:00:00,3949.341595999133,-2.728484105318785e-13,0.0,0.0,0.0,0.0,203.1785170689303,0.0,0.0,0.0,5001,3746
2020-10-31 15:00:00,4558.163078930202,6.366462912410498e-13,0.0,0.0,0.0,0.0,1200.0,0.0,0.0,0.0,5108,3358
2020-10-31 16:00:00,4676.163078930203,-2.728484105318785e-13,0.0,0.0,0.0,0.0,1200.0,0.0,0.0,0.0,4979,3476
2020-10-31 17:00:00,5580.0,0.0,0.0,0.0,0.0,0.0,902.8369210697974,0.0,0.0,0.0,4488,4677
2020-10-31 18:00:00,5580.0,3.637978807091713e-13,0.0,0.0,0.0,0.0,0.0,468.1630789302012,0.0,0.0,4086,6048
2020-10-31 19:00:00,5580.0,0.0,0.0,0.0,0.0,0.0,0.0,827.1630789302035,0.0,0.0,3856,6407
2020-10-31 20:00:00,5580.0,0.0,0.0,0.0,0.0,0.0,0.0,326.1630789302026,0.0,0.0,3874,5906
2020-10-31 21:00:00,5580.0,-8.185452315956353e-13,0.0,0.0,0.0,0.0,392.8369210697965,0.0,0.0,0.0,4147,5187
2020-10-31 22:00:00,5580.0,3.637978807091713e-13,0.0,0.0,0.0,0.0,534.8369210697988,0.0,0.0,0.0,4553,5045
2020-10-31 23:00:00,5580.0,-8.185452315956353e-13,0.0,0.0,0.0,0.0,248.83692106979652,0.0,0.0,0.0,4472,5331
2020-11-01 00:00:00,5580.0,0.0,0.0,0.0,0.0,0.0,622.8369210697974,0.0,0.0,0.0,4409,4957
2020-11-01 01:00:00,5580.0,0.0,0.0,0.0,0.0,0.0,1167.8369210697983,0.0,0.0,0.0,4660,4412
2020-11-01 02:00:00,5528.163078930202,0.0,0.0,0.0,0.0,0.0,1200.0,0.0,0.0,0.0,4458,4328
2020-11-01 03:00:00,5365.163078930203,0.0,0.0,0.0,0.0,0.0,1200.0,0.0,0.0,0.0,4268,4165
2020-11-01 04:00:00,5580.0,0.0,0.0,0.0,0.0,0.0,1172.8369210697983,0.0,0.0,0.0,4062,4407
2020-11-01 05:00:00,5580.0,0.0,0.0,0.0,0.0,0.0,158.83692106979743,0.0,0.0,0.0,3639,5421
2020-11-01 06:00:00,5580.0,-8.185452315956353e-13,0.0,0.0,0.0,0.0,0.0,783.1630789302021,0.0,0.0,3649,6363
2020-11-01 07:00:00,5580.0,-9.09494701772928e-14,0.0,0.0,0.0,355.1630789302035,0.0,1200.0,0.0,0.0,3482,7135
2020-11-01 08:00:00,5580.0,-8.185452315956353e-13,0.0,0.0,0.0,341.1630789302021,0.0,1200.0,0.0,0.0,3858,7121
2020-11-01 09:00:00,5580.0,-8.185452315956353e-13,0.0,0.0,0.0,0.0,0.0,1082.1630789302023,0.0,0.0,4387,6662
2020-11-01 10:00:00,5580.0,-8.185452315956353e-13,0.0,0.0,0.0,0.0,0.0,395.1630789302021,0.0,0.0,5025,5975
2020-11-01 11:00:00,5580.0,-8.185452315956353e-13,0.0,0.0,0.0,0.0,0.0,15.163078930202118,0.0,0.0,5447,5595
2020-11-01 12:00:00,5580.0,2.728484105318785e-13,0.0,0.0,0.0,0.0,442.83692106979834,0.0,0.0,0.0,5898,5137
2020-11-01 13:00:00,5580.0,-8.185452315956353e-13,0.0,0.0,0.0,0.0,998.836921069798,0.0,0.0,0.0,6177,4581
2020-11-01 14:00:00,5387.163078930203,-1.0004441719502211e-12,0.0,0.0,0.0,0.0,1200.0,0.0,0.0,0.0,6331,4187
2020-11-01 15:00:00,5261.163078930203,-8.185452315956353e-13,0.0,0.0,0.0,0.0,1200.0,0.0,0.0,0.0,6183,4061
2020-11-01 16:00:00,5580.0,2.728484105318785e-13,0.0,0.0,0.0,0.0,1190.8369210697983,0.0,0.0,0.0,5799,4389
2020-11-01 17:00:00,5580.0,-5.456968210637568e-13,0.0,0.0,0.0,0.0,128.83692106979743,0.0,0.0,0.0,5183,5451
2020-11-01 18:00:00,5580.0,-1.5916157281026248e-13,0.0,0.0,0.0,709.1630789302038,0.0,1200.0,0.0,0.0,4106,7489
2020-11-01 19:00:00,5580.0,0.0,0.0,0.0,0.0,712.1630789302035,0.0,1200.0,0.0,0.0,3745,7492
2020-11-01 20:00:00,5580.0,0.0,0.0,0.0,0.0,66.16307893020257,0.0,1200.0,0.0,0.0,3466,6846
2020-11-01 21:00:00,5580.0,0.0,0.0,0.0,0.0,0.0,0.0,570.1630789302012,0.0,0.0,3562,6150
2020-11-01 22:00:00,5580.0,0.0,0.0,0.0,0.0,0.0,0.0,792.1630789302017,0.0,0.0,3505,6372
2020-11-01 23:00:00,5580.0,0.0,0.0,0.0,0.0,0.0,0.0,585.1630789302026,0.0,0.0,3826,6165
2020-11-02 00:00:00,5580.0,0.0,0.0,0.0,0.0,0.0,0.0,534.1630789302026,0.0,0.0,3174,6114
2020-11-02 01:00:00,5547.1630789302035,2.728484105318785e-13,0.0,0.0,0.0,0.0,0.0,0.0,0.0,0.0,3334,5547
2020-11-02 02:00:00,5188.1630789302035,-2.728484105318784e-13,0.0,0.0,0.0,0.0,0.0,0.0,0.0,0.0,3357,5188
2020-11-02 03:00:00,4572.163078930202,-9.09494701772928e-14,0.0,0.0,0.0,0.0,0.0,0.0,0.0,0.0,3558,4572
2020-11-02 04:00:00,4372.163078930203,0.0,0.0,0.0,0.0,0.0,0.0,0.0,0.0,0.0,3657,4372
2020-11-02 05:00:00,4527.163078930202,0.0,0.0,0.0,0.0,0.0,0.0,0.0,0.0,0.0,3804,4527
2020-11-02 06:00:00,4769.163078930203,0.0,0.0,0.0,0.0,0.0,0.0,0.0,0.0,0.0,4144,4769
2020-11-02 07:00:00,4708.163078930203,0.0,0.0,0.0,0.0,0.0,0.0,0.0,0.0,0.0,4581,4708
2020-11-02 08:00:00,4580.163078930202,0.0,0.0,0.0,0.0,0.0,0.0,0.0,0.0,0.0,5109,4580
2020-11-02 09:00:00,4125.163078930203,0.0,0.0,0.0,0.0,0.0,0.0,0.0,0.0,0.0,5797,4125
2020-11-02 10:00:00,3495.1630789302017,0.0,0.0,0.0,0.0,0.0,0.0,0.0,0.0,0.0,6387,3495
2020-11-02 11:00:00,3131.1630789302017,0.0,0.0,0.0,0.0,0.0,0.0,0.0,0.0,0.0,6770,3131
2020-11-02 12:00:00,3043.163078930201,0.0,0.0,0.0,0.0,0.0,0.0,0.0,0.0,0.0,7021,3043
2020-11-02 13:00:00,2271.1630789302017,0.0,0.0,0.0,0.0,0.0,0.0,0.0,0.0,0.0,7370,2271
2020-11-02 14:00:00,2084.163078930202,-9.09494701772928e-14,0.0,0.0,0.0,0.0,0.0,0.0,0.0,0.0,7200,2084
2020-11-02 15:00:00,1860.0,-2.5011104298755534e-13,0.0,0.0,0.0,0.0,90.83692106979744,0.0,0.0,0.0,7213,1769
2020-11-02 16:00:00,1860.0,-2.728484105318785e-13,0.0,0.0,0.0,0.0,134.83692106979834,0.0,0.0,0.0,7149,1725
2020-11-02 17:00:00,2755.1630789302026,2.728484105318785e-13,0.0,0.0,0.0,0.0,0.0,0.0,0.0,0.0,6612,2755
2020-11-02 18:00:00,4194.1630789302035,-2.728484105318785e-13,0.0,0.0,0.0,0.0,0.0,0.0,0.0,0.0,5899,4194
2020-11-02 19:00:00,4783.163078930203,-1.818989403545857e-13,0.0,0.0,0.0,0.0,0.0,0.0,0.0,0.0,5082,4783
2020-11-02 20:00:00,5043.163078930203,0.0,0.0,0.0,0.0,0.0,0.0,0.0,0.0,0.0,4248,5043
2020-11-02 21:00:00,5083.1630789302035,0.0,0.0,0.0,0.0,0.0,0.0,0.0,0.0,0.0,3836,5083
2020-11-02 22:00:00,5276.1630789302035,-1.1368683772161605e-13,0.0,0.0,0.0,0.0,0.0,0.0,0.0,0.0,3945,5276
2020-11-02 23:00:00,5565.1630789302035,0.0,0.0,0.0,0.0,0.0,0.0,0.0,0.0,0.0,3889,5565
2020-11-03 00:00:00,4841.163078930203,0.0,0.0,0.0,0.0,0.0,0.0,0.0,0.0,0.0,4026,4841
2020-11-03 01:00:00,4315.163078930202,0.0,0.0,0.0,0.0,0.0,0.0,0.0,0.0,0.0,4176,4315
2020-11-03 02:00:00,4047.1630789302026,-2.728484105318785e-13,0.0,0.0,0.0,0.0,0.0,0.0,0.0,0.0,4067,4047
2020-11-03 03:00:00,3836.1630789302026,0.0,0.0,0.0,0.0,0.0,0.0,0.0,0.0,0.0,3805,3836
2020-11-03 04:00:00,3761.1630789302026,-2.2168933355715128e-13,0.0,0.0,0.0,0.0,0.0,0.0,0.0,0.0,3668,3761
2020-11-03 05:00:00,3737.1630789302026,0.0,0.0,0.0,0.0,0.0,0.0,0.0,0.0,0.0,3759,3737
2020-11-03 06:00:00,4207.163078930203,-1.818989403545857e-13,0.0,0.0,0.0,0.0,0.0,0.0,0.0,0.0,3501,4207
2020-11-03 07:00:00,3626.163078930202,2.728484105318785e-13,0.0,0.0,0.0,0.0,0.0,0.0,0.0,0.0,4132,3626
2020-11-03 08:00:00,3558.1630789302026,-1.818989403545857e-13,0.0,0.0,0.0,0.0,0.0,0.0,0.0,0.0,4498,3558
2020-11-03 09:00:00,3643.1630789302026,-6.821210263296964e-14,0.0,0.0,0.0,0.0,0.0,0.0,0.0,0.0,4687,3643
2020-11-03 10:00:00,3685.1630789302026,-6.821210263296964e-14,0.0,0.0,0.0,0.0,0.0,0.0,0.0,0.0,4759,3685
2020-11-03 11:00:00,4373.163078930202,2.728484105318785e-13,0.0,0.0,0.0,0.0,0.0,0.0,0.0,0.0,4221,4373
2020-11-03 12:00:00,3956.1630789302026,-2.728484105318785e-13,0.0,0.0,0.0,0.0,0.0,0.0,0.0,0.0,4967,3956
2020-11-03 13:00:00,3802.1630789302026,-2.0463630789890893e-13,0.0,0.0,0.0,0.0,0.0,0.0,0.0,0.0,4606,3802
2020-11-03 14:00:00,3271.1630789302026,-2.728484105318785e-13,0.0,0.0,0.0,0.0,0.0,0.0,0.0,0.0,4709,3271
2020-11-03 15:00:00,3311.1630789302026,-2.728484105318785e-13,0.0,0.0,0.0,0.0,0.0,0.0,0.0,0.0,4389,3311
2020-11-03 16:00:00,3588.1630789302026,-1.2505552149377767e-13,0.0,0.0,0.0,0.0,0.0,0.0,0.0,0.0,4058,3588
2020-11-03 17:00:00,4559.637964774951,-2.728484105318785e-13,0.0,0.0,0.0,0.0,328.4748858447483,0.0,0.0,0.0,4010,4231
2020-11-03 18:00:00,5580.0,-2.728484105318785e-13,0.0,0.0,0.0,0.0,0.0,138.16307893020257,0.0,0.0,3394,5718
2020-11-03 19:00:00,5580.0,-2.728484105318785e-13,0.0,0.0,0.0,0.0,679.8369210697983,0.0,0.0,0.0,4197,4900
2020-11-03 20:00:00,5055.163078930203,0.0,0.0,0.0,0.0,0.0,0.0,0.0,0.0,0.0,3704,5055
2020-11-03 21:00:00,4410.0,2.728484105318785e-13,0.0,0.0,0.0,0.0,0.0,396.16307893020166,0.0,0.0,3658,4806
2020-11-03 22:00:00,4410.0,-1.818989403545857e-13,0.0,0.0,0.0,0.0,0.0,391.1630789302026,0.0,0.0,3969,4801
2020-11-03 23:00:00,1324.1630789302023,3554.9999999999995,0.0,0.0,0.0,0.0,0.0,0.0,0.0,0.0,4139,4879
2020-11-04 00:00:00,1620.0,1013.0000000000002,0.0,0.0,0.0,1864.1630789302037,0.0,0.0,0.0,0.0,3907,4497
2020-11-04 01:00:00,1620.0,1013.0000000000002,0.0,0.0,0.0,1396.1630789302017,0.0,0.0,0.0,0.0,4062,4029
2020-11-04 02:00:00,1620.0,1013.0000000000002,0.0,0.0,0.0,1252.1630789302017,0.0,0.0,0.0,0.0,3906,3885
2020-11-04 03:00:00,1620.0,2.728484105318785e-13,0.0,0.0,0.0,2114.1630789302008,0.0,0.0,0.0,0.0,3704,3734
2020-11-04 04:00:00,1620.0,2.728484105318785e-13,0.0,0.0,0.0,2222.1630789302026,0.0,0.0,0.0,0.0,3638,3842
2020-11-04 05:00:00,1620.0,2.728484105318785e-13,0.0,0.0,0.0,2806.1630789302026,0.0,0.0,0.0,0.0,3630,4426
2020-11-04 06:00:00,1620.0,2.728484105318785e-13,0.0,0.0,0.0,3683.1630789302026,0.0,0.0,0.0,0.0,3710,5303
2020-11-04 07:00:00,1620.0,-1.818989403545857e-13,210.0,0.0,0.0,3976.163078930204,0.0,0.0,0.0,0.0,3836,5806
2020-11-04 08:00:00,1620.0,2.728484105318785e-13,540.0,0.0,0.0,3655.1630789302026,0.0,0.0,0.0,0.0,4265,5815
2020-11-04 09:00:00,1620.0,2.728484105318785e-13,210.0,0.0,0.0,4125.163078930203,0.0,0.0,0.0,0.0,4264,5955
2020-11-04 10:00:00,1620.0,0.0,1620.0,0.0,0.0,2311.1630789302035,0.0,0.0,0.0,0.0,4632,5551
2020-11-04 11:00:00,1620.0,0.0,630.0,0.0,0.0,3134.163078930203,0.0,0.0,0.0,0.0,4853,5384
2020-11-04 12:00:00,1620.0,-2.728484105318785e-13,1397.1785714285522,0.0,0.0,2044.9845075016508,0.0,0.0,0.0,0.0,5184,5062
2020-11-04 13:00:00,1620.0,0.0,2160.0,0.0,0.0,864.1630789302028,0.0,0.0,0.0,0.0,5365,4644
2020-11-04 14:00:00,1620.0,2.728484105318785e-13,2160.0,0.0,0.0,200.1630789302008,0.0,0.0,0.0,0.0,5827,3980
2020-11-04 15:00:00,1620.0,0.0,630.0,0.0,0.0,1413.163078930202,0.0,0.0,0.0,0.0,5889,3663
2020-11-04 16:00:00,1620.0,2.728484105318785e-13,1620.0,0.0,0.0,182.1630789302008,0.0,0.0,0.0,0.0,5995,3422
2020-11-04 17:00:00,1620.0,0.0,630.0,0.0,0.0,1865.1630789302028,0.0,0.0,0.0,0.0,5642,4115
2020-11-04 18:00:00,1620.0,0.0,630.0,0.0,0.0,3815.163078930203,0.0,0.0,0.0,0.0,4624,6065
2020-11-04 19:00:00,1620.0,0.0,1080.0,0.0,0.0,3979.163078930203,0.0,0.0,0.0,0.0,3766,6679
2020-11-04 20:00:00,1620.0,2.728484105318785e-13,210.0,0.0,0.0,4689.1630789302035,0.0,0.0,0.0,0.0,3114,6519
2020-11-04 21:00:00,1620.0,-2.7284841053187856e-13,540.0,0.0,0.0,4067.163078930203,0.0,0.0,0.0,0.0,2857,6227
2020-11-04 22:00:00,1620.0,-2.2737367544323216e-13,210.0,0.0,0.0,4674.1630789302035,0.0,0.0,0.0,0.0,2785,6504
2020-11-04 23:00:00,5580.0,2.728484105318785e-13,540.0,0.0,0.0,498.1630789302026,0.0,0.0,0.0,0.0,2821,6618
2020-11-05 00:00:00,5580.0,0.0,540.0,0.0,0.0,23.163078930201824,0.0,0.0,0.0,0.0,2780,6143
2020-11-05 01:00:00,5580.0,0.0,0.0,0.0,0.0,196.1630789302021,0.0,0.0,0.0,0.0,2741,5776
2020-11-05 02:00:00,5580.0,0.0,0.0,0.0,0.0,66.16307893020193,0.0,0.0,0.0,0.0,2561,5646
2020-11-05 03:00:00,5580.0,0.0,0.0,0.0,0.0,0.0,99.83692106979812,0.0,0.0,0.0,2367,5480
2020-11-05 04:00:00,5580.0,1.0913936421275138e-12,0.0,0.0,0.0,0.0,67.83692106979879,0.0,0.0,0.0,2295,5512
2020-11-05 05:00:00,5580.0,0.0,0.0,0.0,0.0,339.4076973255042,0.0,125.75538160469767,0.0,0.0,2227,6045
2020-11-05 06:00:00,5580.0,0.0,0.0,0.0,0.0,1455.163078930204,0.0,0.0,0.0,0.0,2211,7035
2020-11-05 07:00:00,5580.0,0.0,0.0,0.0,0.0,1957.1630789302037,0.0,0.0,0.0,0.0,2315,7537
2020-11-05 08:00:00,5580.0,1.0913936421275138e-12,0.0,0.0,0.0,1685.163078930203,0.0,0.0,0.0,0.0,2827,7265
2020-11-05 09:00:00,5580.0,0.0,0.0,0.0,0.0,1194.163078930202,0.0,0.0,0.0,0.0,3390,6774
2020-11-05 10:00:00,5580.0,-2.728484105318784e-13,0.0,0.0,0.0,837.1630789302019,0.0,0.0,0.0,0.0,3712,6417
2020-11-05 11:00:00,5580.0,0.0,0.0,0.0,0.0,820.1630789302019,0.0,0.0,0.0,0.0,3821,6400
2020-11-05 12:00:00,5580.0,0.0,0.0,0.0,0.0,618.1630789302019,0.0,0.0,0.0,0.0,4079,6198
2020-11-05 13:00:00,5580.0,1.0913936421275138e-12,0.0,0.0,0.0,239.16307893020115,0.0,0.0,0.0,0.0,4152,5819
2020-11-05 14:00:00,5580.0,0.0,0.0,0.0,0.0,0.0,108.83692106979788,0.0,0.0,0.0,4269,5471
2020-11-05 15:00:00,5580.0,-2.728484105318784e-13,0.0,0.0,0.0,0.0,396.83692106979834,0.0,0.0,0.0,4304,5183
2020-11-05 16:00:00,5580.0,8.185452315956353e-13,0.0,0.0,0.0,0.0,502.8369210697993,0.0,0.0,0.0,4236,5077
2020-11-05 17:00:00,5580.0,1.0913936421275138e-12,0.0,0.0,0.0,0.0,0.0,97.1630789302012,0.0,0.0,4038,5677
2020-11-05 18:00:00,5580.0,0.0,0.0,0.0,0.0,524.9430854533564,0.0,659.2199934768454,0.0,0.0,3549,6764
2020-11-05 19:00:00,5580.0,0.0,0.0,0.0,0.0,1641.163078930204,0.0,0.0,0.0,0.0,2861,7221
2020-11-05 20:00:00,5580.0,8.185452315956353e-13,0.0,0.0,0.0,1402.163078930201,0.0,0.0,0.0,0.0,2414,6982
2020-11-05 21:00:00,5580.0,0.0,0.0,0.0,0.0,1163.163078930202,0.0,0.0,0.0,0.0,2186,6743
2020-11-05 22:00:00,5580.0,1.0913936421275138e-12,0.0,0.0,0.0,1236.1630789302012,0.0,0.0,0.0,0.0,2328,6816
2020-11-05 23:00:00,5580.0,0.0,0.0,0.0,0.0,1070.1630789302017,0.0,0.0,0.0,0.0,2614,6650
2020-11-06 00:00:00,5353.1630789302035,5.456968210637569e-13,0.0,0.0,0.0,0.0,0.0,0.0,0.0,0.0,3123,5353
2020-11-06 01:00:00,4609.163078930203,3.637978807091713e-13,0.0,0.0,0.0,0.0,0.0,0.0,0.0,0.0,3437,4609
2020-11-06 02:00:00,4560.1630789302035,5.456968210637569e-13,0.0,0.0,0.0,0.0,0.0,0.0,0.0,0.0,3130,4560
2020-11-06 03:00:00,4531.163078930203,0.0,0.0,0.0,0.0,0.0,0.0,0.0,0.0,0.0,2734,4531
2020-11-06 04:00:00,4983.163078930204,-2.728484105318785e-13,0.0,0.0,0.0,0.0,0.0,0.0,0.0,0.0,2158,4983
2020-11-06 05:00:00,4477.163078930203,-4.5474735088646414e-14,0.0,0.0,0.0,0.0,0.0,0.0,0.0,0.0,2901,4477
2020-11-06 06:00:00,4795.713850837141,0.0,0.0,0.0,0.0,0.0,169.55077190693797,0.0,0.0,0.0,3291,4626
2020-11-06 07:00:00,4494.163078930204,0.0,0.0,0.0,0.0,0.0,0.0,0.0,0.0,0.0,3791,4494
2020-11-06 08:00:00,5580.0,0.0,0.0,0.0,0.0,0.0,0.0,127.16307893020348,0.0,0.0,3070,5707
2020-11-06 09:00:00,4591.163078930204,-2.728484105318785e-13,0.0,0.0,0.0,0.0,0.0,0.0,0.0,0.0,4590,4591
2020-11-06 10:00:00,5157.1630789302035,0.0,0.0,0.0,0.0,0.0,0.0,0.0,0.0,0.0,4165,5157
2020-11-06 11:00:00,4860.163078930204,0.0,0.0,0.0,0.0,0.0,0.0,0.0,0.0,0.0,4647,4860
2020-11-06 12:00:00,4852.1630789302035,0.0,0.0,0.0,0.0,0.0,0.0,0.0,0.0,0.0,4932,4852
2020-11-06 13:00:00,4446.163078930204,-2.728484105318785e-13,0.0,0.0,0.0,0.0,0.0,0.0,0.0,0.0,4983,4446
2020-11-06 14:00:00,4159.163078930203,-2.273736754432321e-13,0.0,0.0,0.0,0.0,0.0,0.0,0.0,0.0,4965,4159
2020-11-06 15:00:00,3760.1630789302017,3.637978807091713e-13,0.0,0.0,0.0,0.0,0.0,0.0,0.0,0.0,5069,3760
2020-11-06 16:00:00,4237.380517503807,5.456968210637569e-13,0.0,0.0,0.0,0.0,572.2174385736058,0.0,0.0,0.0,5030,3665
2020-11-06 17:00:00,4469.1630789302035,3.637978807091713e-13,0.0,0.0,0.0,0.0,0.0,0.0,0.0,0.0,4618,4469
2020-11-06 18:00:00,5580.0,-2.728484105318785e-13,0.0,0.0,0.0,0.0,0.0,429.1630789302044,0.0,0.0,3669,6009
2020-11-06 19:00:00,5580.0,0.0,0.0,0.0,0.0,0.0,262.8369210697965,0.0,0.0,0.0,4156,5317
2020-11-06 20:00:00,5580.0,0.0,0.0,0.0,0.0,0.0,429.83692106979606,0.0,0.0,0.0,3701,5150
2020-11-06 21:00:00,5580.0,0.0,0.0,0.0,0.0,0.0,764.8369210697965,0.0,0.0,0.0,3582,4815
2020-11-06 22:00:00,5580.0,5.456968210637569e-13,0.0,0.0,0.0,0.0,853.8369210697965,0.0,0.0,0.0,3955,4726
2020-11-06 23:00:00,5580.0,3.637978807091713e-13,0.0,0.0,0.0,0.0,857.8369210697974,0.0,0.0,0.0,4200,4722
2020-11-07 00:00:00,5580.0,1.818989403545857e-13,0.0,0.0,0.0,0.0,263.8369210697973,0.0,0.0,0.0,3008,5316
2020-11-07 01:00:00,5580.0,5.456968210637569e-13,0.0,0.0,0.0,0.0,822.8369210697974,0.0,0.0,0.0,3172,4757
2020-11-07 02:00:00,5391.86170906729,-3.637978807091713e-13,0.0,0.0,0.0,0.0,1189.6986301370864,0.0,0.0,0.0,3333,4202
2020-11-07 03:00:00,3596.1630789302008,5.456968210637569e-13,0.0,0.0,0.0,0.0,0.0,0.0,0.0,0.0,3460,3596
2020-11-07 04:00:00,3316.1630789302017,3.637978807091713e-13,0.0,0.0,0.0,0.0,0.0,0.0,0.0,0.0,3510,3316
2020-11-07 05:00:00,3473.1630789302008,5.456968210637569e-13,0.0,0.0,0.0,0.0,0.0,0.0,0.0,0.0,3377,3473
2020-11-07 06:00:00,3826.1630789302026,-3.637978807091713e-13,0.0,0.0,0.0,0.0,0.0,0.0,0.0,0.0,3216,3826
2020-11-07 07:00:00,3472.1630789302008,5.456968210637569e-13,0.0,0.0,0.0,0.0,0.0,0.0,0.0,0.0,3637,3472
2020-11-07 08:00:00,3227.1630789302026,-3.637978807091713e-13,0.0,0.0,0.0,0.0,0.0,0.0,0.0,0.0,4269,3227
2020-11-07 09:00:00,3266.1630789302017,0.0,0.0,0.0,0.0,0.0,0.0,0.0,0.0,0.0,4667,3266
2020-11-07 10:00:00,3177.1630789302008,5.456968210637569e-13,0.0,0.0,0.0,0.0,0.0,0.0,0.0,0.0,5039,3177
2020-11-07 11:00:00,3052.1630789302026,-3.637978807091713e-13,0.0,0.0,0.0,0.0,0.0,0.0,0.0,0.0,5439,3052
2020-11-07 12:00:00,3386.1630789302003,1.0913936421275138e-12,0.0,0.0,0.0,0.0,0.0,0.0,0.0,0.0,5518,3386
2020-11-07 13:00:00,2856.1630789302017,0.0,0.0,0.0,0.0,0.0,0.0,0.0,0.0,0.0,5588,2856
2020-11-07 14:00:00,3453.1630789302003,1.0913936421275138e-12,0.0,0.0,0.0,0.0,1200.0,0.0,0.0,0.0,5792,2253
2020-11-07 15:00:00,3379.1630789302017,0.0,0.0,0.0,0.0,0.0,1200.0,0.0,0.0,0.0,5604,2179
2020-11-07 16:00:00,3601.1630789302008,5.456968210637569e-13,0.0,0.0,0.0,0.0,1200.0,0.0,0.0,0.0,5322,2401
2020-11-07 17:00:00,4561.163078930203,-3.637978807091713e-13,0.0,0.0,0.0,0.0,1200.0,0.0,0.0,0.0,4901,3361
2020-11-07 18:00:00,5580.0,0.0,0.0,0.0,0.0,0.0,538.836921069797,0.0,0.0,0.0,3966,5041
2020-11-07 19:00:00,5580.0,5.456968210637569e-13,0.0,0.0,0.0,0.0,0.0,226.16307893020257,0.0,0.0,3182,5806
2020-11-07 20:00:00,5580.0,0.0,0.0,0.0,0.0,0.0,0.0,136.16307893020323,0.0,0.0,2820,5716
2020-11-07 21:00:00,5580.0,5.456968210637569e-13,0.0,0.0,0.0,0.0,156.83692106979743,0.0,0.0,0.0,2702,5423
2020-11-07 22:00:00,5580.0,-3.637978807091713e-13,0.0,0.0,0.0,0.0,0.0,209.16307893020348,0.0,0.0,2613,5789
2020-11-07 23:00:00,5580.0,5.456968210637569e-13,0.0,0.0,0.0,0.0,0.0,343.1630789302026,0.0,0.0,2729,5923
2020-11-08 00:00:00,5580.0,-3.637978807091713e-13,0.0,0.0,0.0,0.0,828.8369210697958,0.0,0.0,0.0,3414,4751
2020-11-08 01:00:00,5580.0,-5.456968210637569e-13,0.0,0.0,0.0,0.0,820.8369210697965,0.0,0.0,0.0,3080,4759
2020-11-08 02:00:00,5580.0,-5.456968210637569e-13,0.0,0.0,0.0,0.0,818.8369210697956,0.0,0.0,0.0,2793,4761
2020-11-08 03:00:00,5580.0,0.0,0.0,0.0,0.0,0.0,809.836921069797,0.0,0.0,0.0,2424,4770
2020-11-08 04:00:00,5580.0,-5.456968210637569e-13,0.0,0.0,0.0,0.0,624.8369210697965,0.0,0.0,0.0,2250,4955
2020-11-08 05:00:00,5580.0,0.0,0.0,0.0,0.0,0.0,447.8369210697965,0.0,0.0,0.0,2670,5132
2020-11-08 06:00:00,5580.0,0.0,0.0,0.0,0.0,0.0,286.8369210697965,0.0,0.0,0.0,3726,5293
2020-11-08 07:00:00,5580.0,0.0,0.0,0.0,0.0,0.0,0.0,164.16307893020394,0.0,0.0,4116,5744
2020-11-08 08:00:00,5580.0,0.0,0.0,0.0,0.0,0.0,55.83692106979606,0.0,0.0,0.0,4623,5524
2020-11-08 09:00:00,5580.0,0.0,0.0,0.0,0.0,0.0,464.83692106979663,0.0,0.0,0.0,5190,5115
2020-11-08 10:00:00,5580.0,0.0,0.0,0.0,0.0,0.0,828.8369210697956,0.0,0.0,0.0,5568,4751
2020-11-08 11:00:00,5580.0,7.673861546209085e-14,0.0,0.0,0.0,0.0,829.8369210697965,0.0,0.0,0.0,5679,4750
2020-11-08 12:00:00,5580.0,0.0,0.0,0.0,0.0,0.0,868.8369210697965,0.0,0.0,0.0,5766,4711
2020-11-08 13:00:00,5580.0,0.0,0.0,0.0,0.0,0.0,951.8369210697964,0.0,0.0,0.0,5637,4628
2020-11-08 14:00:00,5580.0,0.0,0.0,0.0,0.0,0.0,962.8369210697964,0.0,0.0,0.0,5486,4617
2020-11-08 15:00:00,5580.0,-2.728484105318785e-13,0.0,0.0,0.0,0.0,929.836921069796,0.0,0.0,0.0,5228,4650
2020-11-08 16:00:00,5567.163078930203,0.0,0.0,0.0,0.0,0.0,1200.0,0.0,0.0,0.0,5424,4367
2020-11-08 17:00:00,5580.0,0.0,0.0,0.0,0.0,0.0,606.8369210697961,0.0,0.0,0.0,5234,4973
2020-11-08 18:00:00,5580.0,0.0,0.0,0.0,0.0,0.0,0.0,96.16307893020394,0.0,0.0,5277,5676
2020-11-08 19:00:00,5580.0,5.456968210637569e-13,0.0,0.0,0.0,0.0,129.83692106979743,0.0,0.0,0.0,5384,5450
2020-11-08 20:00:00,5580.0,0.0,0.0,0.0,0.0,0.0,373.83692106979606,0.0,0.0,0.0,4832,5206
2020-11-08 21:00:00,5580.0,0.0,0.0,0.0,0.0,0.0,763.8369210697961,0.0,0.0,0.0,4564,4816
2020-11-08 22:00:00,5580.0,0.0,0.0,0.0,0.0,0.0,726.8369210697961,0.0,0.0,0.0,4726,4853
2020-11-08 23:00:00,5580.0,0.0,0.0,0.0,0.0,0.0,707.836921069797,0.0,0.0,0.0,4841,4872
2020-11-09 00:00:00,5580.0,0.0,0.0,0.0,0.0,0.0,239.83692106979743,0.0,0.0,0.0,3865,5340
2020-11-09 01:00:00,5580.0,-3.637978807091713e-13,0.0,0.0,0.0,0.0,350.8369210697965,0.0,0.0,0.0,3618,5229
2020-11-09 02:00:00,5580.0,0.0,0.0,0.0,0.0,0.0,561.8369210697974,0.0,0.0,0.0,3548,5018
2020-11-09 03:00:00,5580.0,-5.456968210637569e-13,0.0,0.0,0.0,0.0,886.8369210697966,0.0,0.0,0.0,3531,4693
2020-11-09 04:00:00,5580.0,0.0,0.0,0.0,0.0,0.0,1087.8369210697963,0.0,0.0,0.0,3738,4492
2020-11-09 05:00:00,5580.0,0.0,0.0,0.0,0.0,0.0,409.8369210697956,0.0,0.0,0.0,3613,5170
2020-11-09 06:00:00,5580.0,0.0,0.0,0.0,0.0,0.0,0.0,705.1630789302044,0.0,0.0,3691,6285
2020-11-09 07:00:00,5580.0,0.0,0.0,0.0,0.0,116.16307893020328,0.0,1200.0,0.0,0.0,3950,6896
2020-11-09 08:00:00,5580.0,-3.637978807091713e-13,0.0,0.0,0.0,124.16307893020398,0.0,1200.0,0.0,0.0,4183,6904
2020-11-09 09:00:00,5580.0,-5.456968210637569e-13,0.0,0.0,0.0,0.0,0.0,967.1630789302036,0.0,0.0,4661,6547
2020-11-09 10:00:00,5580.0,0.0,0.0,0.0,0.0,0.0,0.0,770.1630789302039,0.0,0.0,4847,6350
2020-11-09 11:00:00,5580.0,-5.456968210637569e-13,0.0,0.0,0.0,0.0,0.0,1049.1630789302037,0.0,0.0,4647,6629
2020-11-09 12:00:00,5580.0,0.0,0.0,0.0,0.0,0.0,0.0,890.1630789302038,0.0,0.0,4800,6470
2020-11-09 13:00:00,5580.0,-5.456968210637569e-13,0.0,0.0,0.0,0.0,0.0,648.1630789302035,0.0,0.0,4788,6228
2020-11-09 14:00:00,5580.0,0.0,0.0,0.0,0.0,0.0,0.0,288.1630789302044,0.0,0.0,4982,5868
2020-11-09 15:00:00,5580.0,0.0,0.0,0.0,0.0,0.0,113.8369210697956,0.0,0.0,0.0,5186,5466
2020-11-09 16:00:00,5580.0,0.0,0.0,0.0,0.0,0.0,348.8369210697969,0.0,0.0,0.0,5408,5231
2020-11-09 17:00:00,5580.0,0.0,0.0,0.0,0.0,0.0,0.0,297.16307893020394,0.0,0.0,5266,5877
2020-11-09 18:00:00,5580.0,-5.456968210637569e-13,0.0,0.0,0.0,420.16307893020183,0.0,1200.0,0.0,0.0,4678,7200
2020-11-09 19:00:00,5580.0,0.0,0.0,0.0,0.0,1021.163078930202,0.0,1200.0,0.0,0.0,4051,7801
2020-11-09 20:00:00,5580.0,0.0,0.0,0.0,0.0,774.1630789302017,0.0,1200.0,0.0,0.0,3351,7554
2020-11-09 21:00:00,5580.0,0.0,0.0,0.0,0.0,166.16307893020422,0.0,1200.0,0.0,0.0,3170,6946
2020-11-09 22:00:00,5580.0,0.0,0.0,0.0,0.0,53.16307893020394,0.0,1200.0,0.0,0.0,3427,6833
2020-11-09 23:00:00,5580.0,-3.637978807091713e-13,0.0,0.0,0.0,0.0,0.0,1173.1630789302037,0.0,0.0,3618,6753
2020-11-10 00:00:00,5580.0,-3.637978807091713e-13,0.0,0.0,0.0,0.0,576.8369210697979,0.0,0.0,0.0,4735,5003
2020-11-10 01:00:00,5580.0,5.456968210637569e-13,0.0,0.0,0.0,0.0,596.8369210697983,0.0,0.0,0.0,4386,4983
2020-11-10 02:00:00,5580.0,-3.637978807091713e-13,0.0,0.0,0.0,0.0,570.8369210697979,0.0,0.0,0.0,4060,5009
2020-11-10 03:00:00,5580.0,1.0913936421275138e-12,0.0,0.0,0.0,0.0,519.8369210697974,0.0,0.0,0.0,3638,5060
2020-11-10 04:00:00,5580.0,0.0,0.0,0.0,0.0,0.0,424.836921069797,0.0,0.0,0.0,3518,5155
2020-11-10 05:00:00,5580.0,1.0913936421275138e-12,0.0,0.0,0.0,0.0,164.83692106979788,0.0,0.0,0.0,3791,5415
2020-11-10 06:00:00,5580.0,0.0,0.0,0.0,0.0,0.0,0.0,598.163078930203,0.0,0.0,4185,6178
2020-11-10 07:00:00,5580.0,0.0,0.0,0.0,0.0,0.0,0.0,892.163078930203,0.0,0.0,4706,6472
2020-11-10 08:00:00,5580.0,-3.637978807091713e-13,0.0,0.0,0.0,0.0,0.0,523.1630789302028,0.0,0.0,5218,6103
2020-11-10 09:00:00,5580.0,0.0,0.0,0.0,0.0,0.0,0.0,221.16307893020303,0.0,0.0,5555,5801
2020-11-10 10:00:00,5580.0,1.0913936421275138e-12,0.0,0.0,0.0,0.0,0.0,137.16307893020212,0.0,0.0,5587,5717
2020-11-10 11:00:00,5580.0,0.0,0.0,0.0,0.0,0.0,0.0,1012.163078930203,0.0,0.0,4755,6592
2020-11-10 12:00:00,5580.0,1.0913936421275138e-12,0.0,0.0,0.0,0.0,0.0,27.163078930202573,0.0,0.0,5713,5607
2020-11-10 13:00:00,5580.0,-3.637978807091713e-13,0.0,0.0,0.0,0.0,0.0,80.16307893020235,0.0,0.0,5413,5660
2020-11-10 14:00:00,5580.0,5.456968210637569e-13,0.0,0.0,0.0,0.0,0.0,222.1630789302017,0.0,0.0,5097,5802
2020-11-10 15:00:00,5580.0,0.0,0.0,0.0,0.0,0.0,0.0,404.163078930203,0.0,0.0,4723,5984
2020-11-10 16:00:00,5580.0,0.0,0.0,0.0,0.0,0.0,0.0,423.163078930203,0.0,0.0,4704,6003
2020-11-10 17:00:00,5580.0,0.0,0.0,0.0,0.0,0.0,0.0,862.163078930203,0.0,0.0,4748,6442
2020-11-10 18:00:00,5580.0,0.0,0.0,0.0,0.0,76.16307893020273,0.0,1200.0,0.0,0.0,5063,6856
2020-11-10 19:00:00,5580.0,5.456968210637569e-13,0.0,0.0,0.0,0.0,0.0,1040.1630789302017,0.0,0.0,5115,6620
2020-11-10 20:00:00,5580.0,0.0,0.0,0.0,0.0,0.0,0.0,511.163078930203,0.0,0.0,4703,6091
2020-11-10 21:00:00,5580.0,0.0,0.0,0.0,0.0,0.0,0.0,108.16307893020256,0.0,0.0,4367,5688
2020-11-10 22:00:00,5440.163078930202,1.818989403545856e-13,0.0,0.0,0.0,0.0,0.0,0.0,0.0,0.0,4747,5440
2020-11-10 23:00:00,1823.1630789302026,3555.0,0.0,0.0,0.0,0.0,0.0,0.0,0.0,0.0,4906,5378
2020-11-11 00:00:00,1980.0,1013.0,0.0,0.0,0.0,2020.1630789302037,0.0,0.0,0.0,0.0,4628,5013
2020-11-11 01:00:00,1980.0,1013.0,0.0,0.0,0.0,3914.163078930203,0.0,0.0,0.0,0.0,2356,6907
2020-11-11 02:00:00,1980.0,1012.9999999999999,0.0,0.0,0.0,3581.1630789302035,0.0,0.0,0.0,0.0,2377,6574
2020-11-11 03:00:00,1980.0,0.0,0.0,0.0,0.0,4011.163078930203,0.0,0.0,0.0,0.0,2575,5991
2020-11-11 04:00:00,1980.0,-1.2732925824820995e-12,0.0,0.0,0.0,3292.1630789302035,0.0,0.0,0.0,0.0,3257,5272
2020-11-11 05:00:00,1980.0,-1.0913936421275138e-12,0.0,0.0,0.0,4284.1630789302035,0.0,0.0,0.0,0.0,2785,6264
2020-11-11 06:00:00,1980.0,-1.0913936421275138e-12,0.0,0.0,0.0,4240.1630789302035,0.0,0.0,0.0,0.0,3982,6220
2020-11-11 07:00:00,1980.0,1.818989403545857e-13,2160.0,0.0,0.0,2395.163078930203,0.0,0.0,0.0,0.0,4492,6535
2020-11-11 08:00:00,1980.0,0.0,2160.0,0.0,0.0,3310.1630789302035,0.0,0.0,0.0,0.0,3751,7450
2020-11-11 09:00:00,1980.0,0.0,2160.0,0.0,0.0,3025.1630789302035,0.0,0.0,0.0,0.0,4099,7165
2020-11-11 10:00:00,1980.0,-2.728484105318785e-13,2160.0,0.0,0.0,1799.1630789302028,0.0,0.0,0.0,0.0,5275,5939
2020-11-11 11:00:00,1980.0,0.0,2160.0,0.0,0.0,1750.1630789302033,0.0,0.0,0.0,0.0,5367,5890
2020-11-11 12:00:00,1980.0,0.0,2160.0,0.0,0.0,1574.1630789302037,0.0,0.0,0.0,0.0,5525,5714
2020-11-11 13:00:00,1980.0,0.0,2160.0,0.0,0.0,2336.163078930203,0.0,0.0,0.0,0.0,4495,6476
2020-11-11 14:00:00,1980.0,-2.728484105318785e-13,2160.0,0.0,0.0,1825.1630789302028,0.0,0.0,0.0,0.0,4800,5965
2020-11-11 15:00:00,1980.0,0.0,2160.0,0.0,0.0,2044.1630789302033,0.0,0.0,0.0,0.0,4336,6184
2020-11-11 16:00:00,1980.0,-2.728484105318785e-13,2160.0,0.0,0.0,1946.163078930203,0.0,0.0,0.0,0.0,4374,6086
2020-11-11 17:00:00,1980.0,0.0,2160.0,0.0,0.0,2773.1630789302035,0.0,0.0,0.0,0.0,4011,6913
2020-11-11 18:00:00,1980.0,-4.547473508864643e-14,2160.0,0.0,0.0,3949.1630789302026,0.0,0.0,0.0,0.0,3563,8089
2020-11-11 19:00:00,1980.0,0.0,2160.0,0.0,0.0,4186.163078930202,0.0,0.0,0.0,0.0,3081,8326
2020-11-11 20:00:00,1980.0,-5.456968210637569e-13,2160.0,0.0,0.0,2524.1630789302026,0.0,0.0,0.0,0.0,3871,6664
2020-11-11 21:00:00,1980.0,-2.728484105318785e-13,2160.0,0.0,0.0,3444.163078930203,0.0,0.0,0.0,0.0,2285,7584
2020-11-11 22:00:00,1980.0,-1.2732925824820995e-12,2160.0,0.0,0.0,3812.163078930203,0.0,0.0,0.0,0.0,2052,7952
2020-11-11 23:00:00,5580.0,-8.185452315956353e-13,2160.0,0.0,0.0,513.1630789302008,0.0,0.0,0.0,0.0,1852,8253
2020-11-12 00:00:00,5580.0,0.0,887.5979560774065,0.0,0.0,0.0,308.43487714720334,0.0,0.0,0.0,3300,6159
2020-11-12 01:00:00,5580.0,0.0,1620.0,0.0,0.0,0.0,0.0,230.16307893020075,0.0,0.0,1605,7430
2020-11-12 02:00:00,5580.0,0.0,1620.0,0.0,0.0,0.0,0.0,1.163078930201756,0.0,0.0,1479,7201
2020-11-12 03:00:00,5580.0,1.3642420526593928e-13,630.0,0.0,0.0,0.0,797.8369210697965,0.0,0.0,0.0,2816,5412
2020-11-12 04:00:00,5580.0,0.0,1046.163078930203,0.0,0.0,0.0,0.0,0.0,0.0,0.0,1455,6626
2020-11-12 05:00:00,5580.0,0.0,1271.1630789302017,0.0,0.0,0.0,0.0,0.0,0.0,0.0,1443,6851
2020-11-12 06:00:00,5580.0,1.3642420526593928e-13,1620.0,0.0,0.0,0.0,0.0,64.16307893020075,0.0,0.0,1538,7264
2020-11-12 07:00:00,5580.0,-4.547473508864643e-14,1620.0,0.0,0.0,0.0,0.0,149.16307893020166,0.0,0.0,1837,7349
2020-11-12 08:00:00,5580.0,0.0,1518.1630789302005,0.0,0.0,0.0,0.0,0.0,0.0,0.0,2492,7098
2020-11-12 09:00:00,5580.0,9.094947017729285e-14,1080.0,0.0,0.0,0.0,0.0,41.16307893020348,0.0,0.0,3230,6701
2020-11-12 10:00:00,5580.0,1.3642420526593928e-13,475.16307893020263,0.0,0.0,0.0,0.0,0.0,0.0,0.0,3943,6055
2020-11-12 11:00:00,5580.0,2.2737367544323226e-14,0.0,0.0,0.0,0.0,0.0,87.16307893020348,0.0,0.0,4411,5667
2020-11-12 12:00:00,5580.0,0.0,0.0,0.0,0.0,0.0,0.0,109.16307893020348,0.0,0.0,4645,5689
2020-11-12 13:00:00,5580.0,1.3642420526593928e-13,0.0,0.0,0.0,0.0,605.8369210697974,0.0,0.0,0.0,4954,4974
2020-11-12 14:00:00,5580.0,1.3642420526593928e-13,0.0,0.0,0.0,0.0,1096.8369210697974,0.0,0.0,0.0,5108,4483
2020-11-12 15:00:00,5380.163078930203,1.3642420526593928e-13,0.0,0.0,0.0,0.0,1200.0,0.0,0.0,0.0,5102,4180
2020-11-12 16:00:00,5428.163078930203,1.3642420526593928e-13,0.0,0.0,0.0,0.0,1200.0,0.0,0.0,0.0,4949,4228
2020-11-12 17:00:00,5580.0,1.3642420526593928e-13,0.0,0.0,0.0,0.0,551.8369210697975,0.0,0.0,0.0,4701,5028
2020-11-12 18:00:00,5580.0,1.3642420526593928e-13,540.0,0.0,0.0,0.0,0.0,245.16307893020348,0.0,0.0,3912,6365
2020-11-12 19:00:00,5580.0,0.0,540.0,0.0,0.0,0.0,0.0,902.1630789302008,0.0,0.0,3111,7022
2020-11-12 20:00:00,5580.0,5.456968210637569e-13,540.0,0.0,0.0,0.0,0.0,138.16307893020348,0.0,0.0,3211,6258
2020-11-12 21:00:00,5580.0,-4.547473508864643e-14,540.0,0.0,0.0,0.0,0.0,500.1630789302035,0.0,0.0,2347,6620
2020-11-12 22:00:00,5580.0,1.0231815394945445e-13,210.0,0.0,0.0,0.0,137.83692106979737,0.0,0.0,0.0,3678,5652
2020-11-12 23:00:00,5580.0,-3.1832314562052496e-13,292.16307893020354,0.0,0.0,0.0,0.0,0.0,0.0,0.0,3790,5872
2020-11-13 00:00:00,5580.0,1.3642420526593928e-13,540.0,0.0,0.0,0.0,0.0,720.1630789302017,0.0,0.0,2345,6840
2020-11-13 01:00:00,5580.0,1.3642420526593928e-13,210.0,0.0,0.0,0.0,158.83692106979697,0.0,0.0,0.0,3170,5631
2020-11-13 02:00:00,5580.0,1.3642420526593928e-13,0.0,0.0,0.0,0.0,51.83692106979652,0.0,0.0,0.0,2918,5528
2020-11-13 03:00:00,5580.0,1.3642420526593928e-13,0.0,0.0,0.0,0.0,272.836921069797,0.0,0.0,0.0,2658,5307
2020-11-13 04:00:00,5580.0,-5.456968210637569e-13,0.0,0.0,0.0,0.0,0.0,150.16307893020348,0.0,0.0,2034,5730
2020-11-13 05:00:00,5580.0,-5.45696821063757e-13,0.0,0.0,0.0,0.0,974.8369210697964,0.0,0.0,0.0,3236,4605
2020-11-13 06:00:00,5070.163078930202,4.547473508864643e-14,0.0,0.0,0.0,0.0,1200.0,0.0,0.0,0.0,4214,3870
2020-11-13 07:00:00,4663.163078930202,0.0,0.0,0.0,0.0,0.0,1200.0,0.0,0.0,0.0,4795,3463
2020-11-13 08:00:00,4573.163078930203,-3.637978807091713e-13,0.0,0.0,0.0,0.0,1200.0,0.0,0.0,0.0,5296,3373
2020-11-13 09:00:00,5580.0,-8.185452315956353e-13,0.0,0.0,0.0,0.0,0.0,182.1630789302044,0.0,0.0,3387,5762
2020-11-13 10:00:00,5580.0,5.456968210637569e-13,0.0,0.0,0.0,0.0,0.0,190.16307893020257,0.0,0.0,3668,5770
2020-11-13 11:00:00,5580.0,1.3642420526593928e-13,0.0,0.0,0.0,0.0,1169.8369210697963,0.0,0.0,0.0,5264,4410
2020-11-13 12:00:00,5580.0,1.3642420526593928e-13,0.0,0.0,0.0,0.0,0.0,99.16307893020304,0.0,0.0,4290,5679
2020-11-13 13:00:00,5420.163078930202,5.456968210637569e-13,0.0,0.0,0.0,0.0,1200.0,0.0,0.0,0.0,5256,4220
2020-11-13 14:00:00,5271.163078930202,1.3642420526593928e-13,0.0,0.0,0.0,0.0,1200.0,0.0,0.0,0.0,4976,4071
2020-11-13 15:00:00,5580.0,1.3642420526593928e-13,0.0,0.0,0.0,0.0,914.8369210697967,0.0,0.0,0.0,4154,4665
2020-11-13 16:00:00,5580.0,-1.3642420526593923e-13,0.0,0.0,0.0,0.0,1140.836921069797,0.0,0.0,0.0,4385,4439
2020-11-13 17:00:00,5580.0,1.3642420526593928e-13,0.0,0.0,0.0,0.0,425.83692106979686,0.0,0.0,0.0,4325,5154
2020-11-13 18:00:00,5580.0,5.456968210637569e-13,0.0,0.0,0.0,0.0,0.0,180.16307893020257,0.0,0.0,4452,5760
2020-11-13 19:00:00,5580.0,1.3642420526593928e-13,0.0,0.0,0.0,0.0,0.0,361.163078930203,0.0,0.0,4408,5941
2020-11-13 20:00:00,5580.0,5.456968210637569e-13,540.0,0.0,0.0,210.16307893020075,0.0,1200.0,0.0,0.0,2336,7530
2020-11-13 21:00:00,5580.0,5.456968210637569e-13,210.0,0.0,0.0,0.0,270.8369210697965,0.0,0.0,0.0,3819,5519
2020-11-13 22:00:00,5580.0,-5.456968210637569e-13,1080.0,0.0,0.0,0.0,0.0,862.1630789302017,0.0,0.0,2127,7522
2020-11-13 23:00:00,5580.0,1.3642420526593928e-13,1080.0,0.0,0.0,0.0,0.0,1184.1630789302014,0.0,0.0,2105,7844
2020-11-14 00:00:00,5580.0,1.3642420526593928e-13,1080.0,0.0,0.0,0.0,0.0,1049.1630789302008,0.0,0.0,2012,7709
2020-11-14 01:00:00,5580.0,-5.456968210637569e-13,610.1630789302039,0.0,0.0,0.0,0.0,0.0,0.0,0.0,3140,6190
2020-11-14 02:00:00,5580.0,1.4551915228366853e-12,556.1630789302014,0.0,0.0,0.0,0.0,0.0,0.0,0.0,2830,6136
2020-11-14 03:00:00,5580.0,1.3642420526593928e-13,447.16307893020337,0.0,0.0,0.0,0.0,0.0,0.0,0.0,2438,6027
2020-11-14 04:00:00,5580.0,1.3642420526593928e-13,540.0,0.0,0.0,0.0,0.0,143.16307893020257,0.0,0.0,1977,6263
2020-11-14 05:00:00,5580.0,-1.3642420526593923e-13,210.0,0.0,0.0,0.0,270.8369210697965,0.0,0.0,0.0,2779,5519
2020-11-14 06:00:00,5580.0,1.3642420526593928e-13,540.0,0.0,0.0,0.0,0.0,313.1630789302026,0.0,0.0,2066,6433
2020-11-14 07:00:00,5580.0,-5.456968210637569e-13,540.0,0.0,0.0,0.0,0.0,354.1630789302035,0.0,0.0,2140,6474
2020-11-14 08:00:00,5580.0,1.4551915228366853e-12,540.0,0.0,0.0,0.0,0.0,381.16307893020166,0.0,0.0,2465,6501
2020-11-14 09:00:00,5580.0,1.3642420526593928e-13,520.1630789302026,0.0,0.0,0.0,0.0,0.0,0.0,0.0,3325,6100
2020-11-14 10:00:00,5580.0,-1.3642420526593923e-13,540.0,0.0,0.0,0.0,0.0,390.1630789302035,0.0,0.0,3207,6510
2020-11-14 11:00:00,5580.0,1.3642420526593928e-13,540.0,0.0,0.0,0.0,0.0,584.1630789302026,0.0,0.0,3235,6704
2020-11-14 12:00:00,5580.0,-1.3642420526593923e-13,0.0,0.0,0.0,0.0,826.8369210697965,0.0,0.0,0.0,5472,4753
2020-11-14 13:00:00,5580.0,1.3642420526593928e-13,0.0,0.0,0.0,0.0,1116.8369210697974,0.0,0.0,0.0,5252,4463
2020-11-14 14:00:00,5293.163078930202,0.0,0.0,0.0,0.0,0.0,1200.0,0.0,0.0,0.0,5171,4093
2020-11-14 15:00:00,5382.163078930202,1.4551915228366853e-12,0.0,0.0,0.0,0.0,1200.0,0.0,0.0,0.0,4809,4182
2020-11-14 16:00:00,5580.0,-1.3642420526593923e-13,0.0,0.0,0.0,0.0,1191.8369210697963,0.0,0.0,0.0,4555,4388
2020-11-14 17:00:00,5580.0,1.3642420526593928e-13,0.0,0.0,0.0,0.0,0.0,516.1630789302026,0.0,0.0,3451,6096
2020-11-14 18:00:00,5580.0,1.3642420526593928e-13,0.0,0.0,0.0,0.0,83.83692106979743,0.0,0.0,0.0,4769,5496
2020-11-14 19:00:00,5580.0,1.3642420526593928e-13,0.0,0.0,0.0,0.0,0.0,209.16307893020348,0.0,0.0,4620,5789
2020-11-14 20:00:00,5580.0,1.3642420526593928e-13,0.0,0.0,0.0,859.163078930201,0.0,1200.0,0.0,0.0,2302,7639
2020-11-14 21:00:00,5580.0,1.3642420526593928e-13,0.0,0.0,0.0,0.0,142.83692106979652,0.0,0.0,0.0,4004,5437
2020-11-14 22:00:00,5580.0,1.3642420526593928e-13,0.0,0.0,0.0,1011.1630789302008,0.0,1200.0,0.0,0.0,1971,7791
2020-11-14 23:00:00,5580.0,1.3642420526593928e-13,0.0,0.0,0.0,0.0,0.0,14.163078930203485,0.0,0.0,4473,5594
2020-11-15 00:00:00,5580.0,1.3642420526593928e-13,0.0,0.0,0.0,0.0,0.0,46.16307893020257,0.0,0.0,4017,5626
2020-11-15 01:00:00,5580.0,1.3642420526593928e-13,210.0,0.0,0.0,0.0,77.83692106979834,0.0,0.0,0.0,3634,5712
2020-11-15 02:00:00,5580.0,-3.637978807091713e-13,1080.0,0.0,0.0,0.0,0.0,538.1630789302026,0.0,0.0,1868,7198
2020-11-15 03:00:00,5580.0,-3.637978807091713e-13,1080.0,0.0,0.0,0.0,0.0,196.16307893020257,0.0,0.0,1829,6856
2020-11-15 04:00:00,5580.0,1.3642420526593928e-13,420.0,0.0,0.0,0.0,238.83692106979856,0.0,0.0,0.0,2944,5761
2020-11-15 05:00:00,5580.0,1.3642420526593928e-13,1080.0,0.0,0.0,0.0,538.8369210697974,0.0,0.0,0.0,3227,6121
2020-11-15 06:00:00,5580.0,-5.456968210637569e-13,892.1630789302019,0.0,0.0,0.0,0.0,0.0,0.0,0.0,4084,6472
2020-11-15 07:00:00,5580.0,0.0,1039.1630789302021,0.0,0.0,0.0,0.0,0.0,0.0,0.0,4821,6619
2020-11-15 08:00:00,5580.0,1.3642420526593928e-13,757.1630789302017,0.0,0.0,0.0,0.0,0.0,0.0,0.0,5318,6337
2020-11-15 09:00:00,5580.0,-4.547473508864643e-14,1080.0,0.0,0.0,0.0,418.8369210697973,0.0,0.0,0.0,5478,6241
2020-11-15 10:00:00,5580.0,5.456968210637569e-13,0.0,0.0,0.0,0.0,0.0,221.16307893020075,0.0,0.0,5848,5801
2020-11-15 11:00:00,5580.0,1.3642420526593928e-13,0.0,0.0,0.0,0.0,0.0,217.16307893020257,0.0,0.0,5879,5797
2020-11-15 12:00:00,5580.0,-4.547473508864643e-14,0.0,0.0,0.0,0.0,0.0,222.16307893020257,0.0,0.0,5865,5802
2020-11-15 13:00:00,5580.0,1.3642420526593928e-13,0.0,0.0,0.0,0.0,0.0,154.16307893020144,0.0,0.0,5620,5734
2020-11-15 14:00:00,5580.0,-4.547473508864643e-14,210.0,0.0,0.0,0.0,118.83692106979744,0.0,0.0,0.0,5393,5671
2020-11-15 15:00:00,5580.0,1.3642420526593928e-13,540.0,0.0,0.0,0.0,180.83692106979856,0.0,0.0,0.0,4841,5939
2020-11-15 16:00:00,5580.0,1.6370904631912709e-12,540.0,0.0,0.0,0.0,422.83692106979834,0.0,0.0,0.0,5038,5697
2020-11-15 17:00:00,5580.0,1.3642420526593928e-13,1080.0,0.0,0.0,0.0,2.8369210697985636,0.0,0.0,0.0,4702,6657
2020-11-15 18:00:00,5580.0,-4.547473508864643e-14,1080.0,0.0,0.0,0.0,0.0,436.1630789302026,0.0,0.0,5008,7096
2020-11-15 19:00:00,5580.0,0.0,1080.0,0.0,0.0,0.0,0.0,306.16307893020166,0.0,0.0,5113,6966
2020-11-15 20:00:00,5580.0,-4.547473508864643e-14,1620.0,0.0,0.0,346.16307893020166,0.0,1200.0,0.0,0.0,2526,8746
2020-11-15 21:00:00,5580.0,3.637978807091713e-13,1620.0,0.0,0.0,0.0,0.0,962.1630789302026,0.0,0.0,2484,8162
2020-11-15 22:00:00,5580.0,1.3642420526593928e-13,1620.0,0.0,0.0,0.0,821.8369210697983,0.0,0.0,0.0,4469,6378
2020-11-15 23:00:00,5580.0,1.3642420526593928e-13,1620.0,0.0,0.0,179.40704500980974,0.0,1148.7560339203928,0.0,0.0,2457,8528
2020-11-16 00:00:00,5580.0,1.0913936421275138e-12,1620.0,0.0,0.0,0.0,735.8369210697983,0.0,0.0,0.0,4045,6464
2020-11-16 01:00:00,5580.0,0.0,1620.0,0.0,0.0,0.0,0.0,281.16307893020394,0.0,0.0,2697,7481
2020-11-16 02:00:00,5580.0,6.139089236967265e-13,1620.0,0.0,0.0,0.0,829.8369210697983,0.0,0.0,0.0,3564,6370
2020-11-16 03:00:00,5580.0,-1.818989403545857e-13,1620.0,0.0,0.0,0.0,810.8369210697978,0.0,0.0,0.0,3201,6389
2020-11-16 04:00:00,5580.0,0.0,1620.0,0.0,0.0,0.0,753.8369210697979,0.0,0.0,0.0,3158,6446
2020-11-16 05:00:00,5580.0,-1.818989403545857e-13,1620.0,0.0,0.0,0.0,590.8369210697978,0.0,0.0,0.0,3601,6609
2020-11-16 06:00:00,5580.0,-2.2737367544323216e-13,1080.0,0.0,0.0,0.0,0.0,478.1630789302037,0.0,0.0,4292,7138
2020-11-16 07:00:00,5580.0,0.0,1080.0,0.0,0.0,0.0,0.0,551.1630789302037,0.0,0.0,5131,7211
2020-11-16 08:00:00,5580.0,7.275957614183425e-13,1620.0,0.0,0.0,1114.1630789302017,0.0,1200.0,0.0,0.0,2936,9514
2020-11-16 09:00:00,5580.0,5.456968210637569e-13,1620.0,0.0,0.0,1845.7638617090704,0.0,280.39921722113104,0.0,0.0,3036,9326
2020-11-16 10:00:00,5580.0,-5.456968210637568e-13,1080.0,0.0,0.0,1956.163078930202,0.0,0.0,0.0,0.0,3547,8616
2020-11-16 11:00:00,5580.0,-2.728484105318785e-13,1080.0,0.0,0.0,0.0,395.83692106979834,0.0,0.0,0.0,5784,6264
2020-11-16 12:00:00,5580.0,-7.275957614183425e-13,552.1630789302021,0.0,0.0,0.0,0.0,0.0,0.0,0.0,5763,6132
2020-11-16 13:00:00,5580.0,-5.456968210637569e-13,987.8023483365782,0.0,0.0,0.0,533.639269406376,0.0,0.0,0.0,5517,6034
2020-11-16 14:00:00,5580.0,-5.456968210637568e-13,1080.0,0.0,0.0,0.0,609.8369210697982,0.0,0.0,0.0,5238,6050
2020-11-16 15:00:00,5580.0,-5.456968210637568e-13,1620.0,0.0,0.0,0.0,120.83692106979652,0.0,0.0,0.0,4011,7079
2020-11-16 16:00:00,5580.0,0.0,1620.0,0.0,0.0,0.0,0.0,128.1630789302037,0.0,0.0,3827,7328
2020-11-16 17:00:00,5580.0,0.0,1620.0,0.0,0.0,0.0,0.0,526.1630789302039,0.0,0.0,4154,7726
2020-11-16 18:00:00,5580.0,1.0913936421275138e-12,2160.0,0.0,0.0,0.0,0.0,467.16307893020166,0.0,0.0,4465,8207
2020-11-16 19:00:00,5580.0,0.0,2160.0,0.0,0.0,270.5397912589865,0.0,123.62328767121744,0.0,0.0,4537,8134
2020-11-16 20:00:00,5580.0,1.0913936421275138e-12,2160.0,0.0,0.0,31.163078930203255,0.0,0.0,0.0,0.0,4049,7771
2020-11-16 21:00:00,5580.0,0.0,2160.0,0.0,0.0,0.0,419.83692106979606,0.0,0.0,0.0,3858,7320
2020-11-16 22:00:00,5580.0,7.275957614183425e-13,2160.0,0.0,0.0,0.0,589.836921069797,0.0,0.0,0.0,4207,7150
2020-11-16 23:00:00,5580.0,0.0,2160.0,0.0,0.0,1158.9076973255071,0.0,757.2553816046948,0.0,0.0,1832,9656
2020-11-17 00:00:00,5580.0,0.0,2160.0,0.0,0.0,1491.1630789302017,0.0,0.0,0.0,0.0,1619,9231
2020-11-17 01:00:00,5580.0,0.0,2160.0,0.0,0.0,0.0,681.8369210697979,0.0,0.0,0.0,3465,7058
2020-11-17 02:00:00,5580.0,0.0,2160.0,0.0,0.0,0.0,788.8369210697983,0.0,0.0,0.0,3328,6951
2020-11-17 03:00:00,5580.0,0.0,2160.0,0.0,0.0,0.0,0.0,563.1630789302026,0.0,0.0,1622,8303
2020-11-17 04:00:00,5580.0,-1.1368683772161607e-14,2160.0,0.0,0.0,0.0,0.0,513.1630789302013,0.0,0.0,1675,8253
2020-11-17 05:00:00,5580.0,0.0,1604.1630789302021,0.0,0.0,0.0,0.0,0.0,0.0,0.0,3345,7184
2020-11-17 06:00:00,5580.0,0.0,2069.8082191780777,0.0,0.0,0.0,128.6451402478768,0.0,0.0,0.0,4224,7521
2020-11-17 07:00:00,5580.0,3.637978807091713e-13,2160.0,0.0,0.0,0.0,0.0,123.16307893020075,0.0,0.0,4787,7863
2020-11-17 08:00:00,5580.0,3.637978807091713e-13,1894.1630789302008,0.0,0.0,0.0,0.0,0.0,0.0,0.0,5279,7474
2020-11-17 09:00:00,5580.0,3.637978807091713e-13,2160.0,0.0,0.0,0.0,780.8369210697994,0.0,0.0,0.0,5729,6959
2020-11-17 10:00:00,5580.0,0.0,1228.163078930204,0.0,0.0,0.0,0.0,0.0,0.0,0.0,5716,6808
2020-11-17 11:00:00,5580.0,1.818989403545857e-13,2160.0,0.0,0.0,0.0,1017.8369210697977,0.0,0.0,0.0,5727,6722
2020-11-17 12:00:00,5580.0,0.0,2160.0,0.0,0.0,0.0,930.8369210697956,0.0,0.0,0.0,5551,6809
2020-11-17 13:00:00,5580.0,0.0,2160.0,0.0,0.0,0.0,0.0,169.16307893020166,0.0,0.0,4111,7909
2020-11-17 14:00:00,5580.0,0.0,2160.0,0.0,0.0,0.0,882.8369210697979,0.0,0.0,0.0,4923,6857
2020-11-17 15:00:00,5580.0,0.0,2160.0,0.0,0.0,0.0,598.8369210697995,0.0,0.0,0.0,4479,7141
2020-11-17 16:00:00,5580.0,0.0,1771.848227875619,0.0,0.0,0.0,153.6851489454178,0.0,0.0,0.0,4471,7198
2020-11-17 17:00:00,5580.0,0.0,2160.0,0.0,0.0,0.0,0.0,384.16307893020166,0.0,0.0,4293,8124
2020-11-17 18:00:00,5580.0,0.0,2160.0,0.0,0.0,0.0,0.0,1135.1630789302017,0.0,0.0,4244,8875
2020-11-17 19:00:00,5580.0,0.0,2160.0,0.0,0.0,1028.163078930202,0.0,1200.0,0.0,0.0,2918,9968
2020-11-17 20:00:00,5580.0,0.0,2160.0,0.0,0.0,0.0,0.0,385.1630789302007,0.0,0.0,3801,8125
2020-11-17 21:00:00,5580.0,0.0,1907.1630789302023,0.0,0.0,0.0,0.0,0.0,0.0,0.0,3743,7487
2020-11-17 22:00:00,5580.0,5.456968210637569e-13,1595.1630789302008,0.0,0.0,0.0,0.0,0.0,0.0,0.0,4191,7175
2020-11-17 23:00:00,3536.1630789302026,3555.0,0.0,0.0,0.0,0.0,0.0,0.0,0.0,0.0,4370,7091
2020-11-18 00:00:00,3600.0,1700.9999999995457,0.0,58.5,85.5,2621.1630789306573,0.0,0.0,0.0,0.0,2732,8066
2020-11-18 01:00:00,3600.0,1701.0000000000007,0.0,58.5,85.5,2682.1630789302026,0.0,0.0,0.0,0.0,2320,8127
2020-11-18 02:00:00,3600.0,1701.0,0.0,58.5,85.5,1705.163078930203,0.0,0.0,0.0,0.0,3027,7150
2020-11-18 03:00:00,3600.0,0.0,0.0,58.5,85.5,3274.1630789302017,0.0,0.0,0.0,0.0,2780,7018
2020-11-18 04:00:00,3600.0,0.0,0.0,58.5,85.5,4029.163078930205,0.0,0.0,0.0,0.0,2004,7773
2020-11-18 05:00:00,3600.0,-2.728484105318785e-13,0.0,58.5,85.5,3780.163078930202,0.0,0.0,0.0,0.0,2839,7524
2020-11-18 06:00:00,3600.0,1.818989403545857e-13,0.0,58.5,85.5,4668.163078930202,0.0,0.0,0.0,0.0,3154,8412
2020-11-18 07:00:00,3600.0,437.0000000000002,2160.0,58.5,85.5,2513.1630789302035,0.0,0.0,0.0,0.0,3626,8854
2020-11-18 08:00:00,3600.0,437.0000000000002,2160.0,58.5,85.5,3086.1630789302035,0.0,0.0,0.0,0.0,3182,9427
2020-11-18 09:00:00,3600.0,437.0000000000002,2160.0,58.5,85.5,2167.1630789302035,0.0,0.0,0.0,0.0,4079,8508
2020-11-18 10:00:00,3600.0,436.9999999999998,2160.0,58.5,85.5,1570.1630789302017,0.0,0.0,0.0,0.0,4549,7911
2020-11-18 11:00:00,3600.0,151.0000000000001,2160.0,58.5,85.5,1503.1630789302008,0.0,0.0,0.0,0.0,4870,7558
2020-11-18 12:00:00,3600.0,151.00000000000017,2160.0,58.5,85.5,1128.1630789302017,0.0,0.0,0.0,0.0,5168,7183
2020-11-18 13:00:00,3600.0,150.99999999999974,2160.0,58.5,85.5,583.1630789302037,0.0,0.0,0.0,0.0,5421,6638
2020-11-18 14:00:00,3600.0,150.9999999999999,2160.0,58.5,85.5,134.16307893020348,0.0,0.0,0.0,0.0,5669,6189
2020-11-18 15:00:00,3600.0,-5.456968210637569e-13,2160.0,58.5,85.5,100.1630789302044,0.0,0.0,0.0,0.0,5694,6004
2020-11-18 16:00:00,3600.0,-5.456968210637569e-13,2160.0,58.5,85.5,548.1630789302035,0.0,0.0,0.0,0.0,5352,6452
2020-11-18 17:00:00,3600.0,0.0,2160.0,58.5,85.5,1740.1630789302023,0.0,0.0,0.0,0.0,4913,7644
2020-11-18 18:00:00,3600.0,0.0,2160.0,58.5,85.5,3460.163078930202,0.0,0.0,0.0,0.0,3927,9364
2020-11-18 19:00:00,3600.0,0.0,2160.0,58.5,85.5,3631.1630789302017,0.0,0.0,0.0,0.0,3525,9535
2020-11-18 20:00:00,3600.0,0.0,2160.0,58.5,85.5,3014.1630789302017,0.0,0.0,0.0,0.0,3253,8918
2020-11-18 21:00:00,3600.0,0.0,2160.0,58.5,85.5,2383.1630789302017,0.0,0.0,0.0,0.0,3218,8287
2020-11-18 22:00:00,3600.0,0.0,2160.0,58.5,85.5,2025.1630789302023,0.0,0.0,0.0,0.0,3718,7929
2020-11-18 23:00:00,5580.0,-2.728484105318785e-13,2160.0,58.5,85.5,860.1630789302017,0.0,0.0,0.0,0.0,3002,8744
2020-11-19 00:00:00,5580.0,1.3642420526593928e-13,2160.0,58.5,85.5,416.1630789302005,0.0,0.0,0.0,0.0,2877,8300
2020-11-19 01:00:00,5580.0,7.16227077646181e-13,2160.0,58.5,85.5,0.0,47.83692106979743,0.0,0.0,0.0,3016,7836
2020-11-19 02:00:00,5580.0,-4.547473508864643e-14,2160.0,58.5,85.5,0.0,384.8369210697959,0.0,0.0,0.0,3107,7499
2020-11-19 03:00:00,5580.0,1.3642420526593928e-13,2160.0,58.5,85.5,0.0,836.836921069797,0.0,0.0,0.0,3184,7047
2020-11-19 04:00:00,5580.0,1.3642420526593928e-13,2160.0,58.5,85.5,0.0,902.8369210697967,0.0,0.0,0.0,3248,6981
2020-11-19 05:00:00,5580.0,1.3642420526593928e-13,2160.0,58.5,85.5,0.0,298.836921069797,0.0,0.0,0.0,3233,7585
2020-11-19 06:00:00,5580.0,1.3642420526593928e-13,2160.0,58.5,85.5,0.0,0.0,908.163078930202,0.0,0.0,3215,8792
2020-11-19 07:00:00,5580.0,-4.547473508864643e-14,2160.0,58.5,85.5,665.9377038486664,0.0,945.225375081536,0.0,0.0,3430,9495
2020-11-19 08:00:00,5580.0,1.3642420526593928e-13,2160.0,58.5,85.5,1224.1630789302014,0.0,0.0,0.0,0.0,3966,9108
2020-11-19 09:00:00,5580.0,1.3642420526593928e-13,2160.0,58.5,85.5,814.1630789302005,0.0,0.0,0.0,0.0,4403,8698
2020-11-19 10:00:00,5580.0,1.2278178473934532e-12,2160.0,58.5,85.5,28.163078930202573,0.0,0.0,0.0,0.0,4998,7912
2020-11-19 11:00:00,5580.0,-4.547473508864643e-14,2160.0,58.5,85.5,0.0,312.83692106979606,0.0,0.0,0.0,5231,7571
2020-11-19 12:00:00,5580.0,-3.637978807091713e-13,2160.0,58.5,85.5,0.0,592.8369210697965,0.0,0.0,0.0,5383,7291
2020-11-19 13:00:00,5580.0,5.456968210637569e-13,2160.0,58.5,85.5,0.0,1074.8369210697974,0.0,0.0,0.0,5486,6809
2020-11-19 14:00:00,5580.0,5.45696821063757e-13,2033.1630789302026,0.0,0.0,0.0,1200.0,0.0,0.0,0.0,5598,6413
2020-11-19 15:00:00,5580.0,5.456968210637569e-13,1817.1630789302026,0.0,0.0,0.0,1200.0,0.0,0.0,0.0,5545,6197
2020-11-19 16:00:00,5580.0,5.45696821063757e-13,2103.1630789302026,0.0,0.0,0.0,1200.0,0.0,0.0,0.0,5260,6483
2020-11-19 17:00:00,5580.0,1.3642420526593928e-13,2160.0,58.5,85.5,0.0,20.836921069796745,0.0,0.0,0.0,4603,7863
2020-11-19 18:00:00,5580.0,1.3642420526593928e-13,2160.0,58.5,85.5,354.1630789302005,0.0,1200.0,0.0,0.0,3683,9438
2020-11-19 19:00:00,5580.0,1.2278178473934532e-12,2160.0,58.5,85.5,1386.1630789302008,0.0,1200.0,0.0,0.0,2573,10470
2020-11-19 20:00:00,5580.0,-3.637978807091713e-13,2160.0,58.5,85.5,1454.1630789302017,0.0,1200.0,0.0,0.0,1795,10538
2020-11-19 21:00:00,5580.0,1.3642420526593928e-13,2160.0,58.5,85.5,1687.1523157208107,0.0,601.0107632093905,0.0,0.0,1621,10172
2020-11-19 22:00:00,5580.0,1.3642420526593928e-13,2160.0,58.5,85.5,2172.1630789302017,0.0,0.0,0.0,0.0,2009,10056
2020-11-19 23:00:00,5580.0,1.3642420526593928e-13,2160.0,58.5,85.5,2116.163078930201,0.0,0.0,0.0,0.0,2214,10000
2020-11-20 00:00:00,5580.0,1.3642420526593928e-13,2160.0,58.5,85.5,1752.1630789302008,0.0,0.0,0.0,0.0,1821,9636
2020-11-20 01:00:00,5580.0,-4.547473508864643e-14,2160.0,58.5,85.5,1476.163078930202,0.0,0.0,0.0,0.0,1765,9360
2020-11-20 02:00:00,5580.0,286.0,2160.0,58.5,85.5,898.1630789302001,0.0,0.0,0.0,0.0,1787,9068
2020-11-20 03:00:00,5580.0,738.0000000000001,2160.0,58.5,85.5,3.163078930200072,0.0,0.0,0.0,0.0,1809,8625
2020-11-20 04:00:00,5580.0,590.1630789302003,2160.0,58.5,85.5,0.0,0.0,0.0,0.0,0.0,1849,8474
2020-11-20 05:00:00,5580.0,792.2985975215935,2160.0,58.5,85.5,62.8644814086083,0.0,0.0,0.0,0.0,1897,8739
2020-11-20 06:00:00,5580.0,387.0000000000001,2160.0,58.5,85.5,878.1630789302008,0.0,0.0,0.0,0.0,2067,9149
2020-11-20 07:00:00,5580.0,151.00000000000003,2160.0,58.5,85.5,1245.1630789302,0.0,0.0,0.0,0.0,2445,9280
2020-11-20 08:00:00,5580.0,-4.547473508864643e-14,2160.0,58.5,85.5,1222.163078930202,0.0,0.0,0.0,0.0,2976,9106
2020-11-20 09:00:00,5580.0,1.3642420526593928e-13,2160.0,58.5,85.5,1087.1630789302008,0.0,0.0,0.0,0.0,3369,8971
2020-11-20 10:00:00,5580.0,-4.547473508864643e-14,2160.0,58.5,85.5,627.1630789302017,0.0,0.0,0.0,0.0,3805,8511
2020-11-20 11:00:00,5580.0,1.3642420526593928e-13,2160.0,58.5,85.5,507.1630789302007,0.0,0.0,0.0,0.0,3941,8391
2020-11-20 12:00:00,5580.0,3.1832314562052496e-13,2160.0,58.5,85.5,480.1630789302001,0.0,0.0,0.0,0.0,4137,8364
2020-11-20 13:00:00,5580.0,0.0,2160.0,58.5,85.5,0.0,193.8369210697981,0.0,0.0,0.0,4324,7690
2020-11-20 14:00:00,5580.0,3.637978807091713e-13,2160.0,58.5,85.5,0.0,637.8369210697974,0.0,0.0,0.0,4330,7246
2020-11-20 15:00:00,5580.0,3.637978807091713e-13,2160.0,58.5,85.5,0.0,797.8369210697974,0.0,0.0,0.0,4245,7086
2020-11-20 16:00:00,5580.0,1.3642420526593928e-13,2160.0,58.5,85.5,0.0,540.8369210697981,0.0,0.0,0.0,3964,7343
2020-11-20 17:00:00,5580.0,1.3642420526593928e-13,2160.0,58.5,85.5,0.0,0.0,238.16307893020257,0.0,0.0,3821,8122
2020-11-20 18:00:00,5580.0,1.3642420526593928e-13,2160.0,58.5,85.5,92.16307893020075,0.0,1200.0,0.0,0.0,3255,9176
2020-11-20 19:00:00,5580.0,5.456968210637569e-13,2160.0,58.5,85.5,1335.56539465101,0.0,189.59768427919064,0.0,0.0,2801,9409
2020-11-20 20:00:00,5580.0,5.456968210637569e-13,2160.0,58.5,85.5,886.1630789301998,0.0,0.0,0.0,0.0,2706,8770
2020-11-20 21:00:00,5580.0,3.1832314562052496e-13,2160.0,58.5,85.5,350.1630789302001,0.0,0.0,0.0,0.0,2642,8234
2020-11-20 22:00:00,5580.0,1.3642420526593928e-13,2160.0,58.5,85.5,486.16307893019984,0.0,0.0,0.0,0.0,2781,8370
2020-11-20 23:00:00,5580.0,3.637978807091713e-13,2160.0,58.5,85.5,372.1630789302007,0.0,0.0,0.0,0.0,3101,8256
2020-11-21 00:00:00,5580.0,9.09494701772928e-14,2160.0,0.0,40.16307893020292,0.0,0.0,0.0,0.0,0.0,3074,7780
2020-11-21 01:00:00,5580.0,5.456968210637569e-13,1935.1630789302026,0.0,0.0,0.0,0.0,0.0,0.0,0.0,2972,7515
2020-11-21 02:00:00,5580.0,0.0,1435.163078930203,0.0,0.0,0.0,0.0,0.0,0.0,0.0,3088,7015
2020-11-21 03:00:00,5580.0,1.2278178473934532e-12,881.1630789302021,0.0,0.0,0.0,0.0,0.0,0.0,0.0,3107,6461
2020-11-21 04:00:00,5580.0,1.3642420526593928e-13,713.1630789302026,0.0,0.0,0.0,0.0,0.0,0.0,0.0,3002,6293
2020-11-21 05:00:00,5580.0,1.2278178473934532e-12,630.0,0.0,0.0,0.0,52.83692106979743,0.0,0.0,0.0,3190,6157
2020-11-21 06:00:00,5580.0,5.45696821063757e-13,696.1630789302026,0.0,0.0,0.0,0.0,0.0,0.0,0.0,3250,6276
2020-11-21 07:00:00,5580.0,1.3642420526593928e-13,558.1630789302039,0.0,0.0,0.0,0.0,0.0,0.0,0.0,3504,6138
2020-11-21 08:00:00,5580.0,-3.637978807091713e-13,297.1630789302037,0.0,0.0,0.0,0.0,0.0,0.0,0.0,4072,5877
2020-11-21 09:00:00,5580.0,5.45696821063757e-13,327.1630789302025,0.0,0.0,0.0,0.0,0.0,0.0,0.0,4437,5907
2020-11-21 10:00:00,5580.0,5.456968210637569e-13,0.0,0.0,0.0,0.0,30.836921069797427,0.0,0.0,0.0,5022,5549
2020-11-21 11:00:00,5580.0,-3.637978807091713e-13,0.0,0.0,0.0,0.0,8.836921069796517,0.0,0.0,0.0,5203,5571
2020-11-21 12:00:00,5580.0,5.456968210637569e-13,0.0,0.0,0.0,0.0,77.83692106979743,0.0,0.0,0.0,5605,5502
2020-11-21 13:00:00,5580.0,3.637978807091713e-13,0.0,0.0,0.0,0.0,893.8369210697971,0.0,0.0,0.0,5851,4686
2020-11-21 14:00:00,5299.163078930202,1.2278178473934532e-12,0.0,0.0,0.0,0.0,1200.0,0.0,0.0,0.0,5929,4099
2020-11-21 15:00:00,5169.163078930202,1.3642420526593928e-13,0.0,0.0,0.0,0.0,1200.0,0.0,0.0,0.0,5778,3969
2020-11-21 16:00:00,5448.163078930202,1.2278178473934532e-12,0.0,0.0,0.0,0.0,1200.0,0.0,0.0,0.0,5515,4248
2020-11-21 17:00:00,5580.0,1.3642420526593928e-13,0.0,0.0,0.0,0.0,87.83692106979674,0.0,0.0,0.0,4942,5492
2020-11-21 18:00:00,5580.0,1.3642420526593928e-13,1543.1630789302026,0.0,0.0,0.0,0.0,0.0,0.0,0.0,3958,7123
2020-11-21 19:00:00,5580.0,1.2278178473934532e-12,2029.1630789302021,0.0,0.0,0.0,0.0,0.0,0.0,0.0,3202,7609
2020-11-21 20:00:00,5580.0,-3.637978807091713e-13,2093.1630789302035,0.0,0.0,0.0,0.0,0.0,0.0,0.0,2677,7673
2020-11-21 21:00:00,5580.0,1.2278178473934532e-12,2085.163078930202,0.0,0.0,0.0,0.0,0.0,0.0,0.0,2205,7665
2020-11-21 22:00:00,5580.0,-3.637978807091713e-13,1940.1630789302037,0.0,0.0,0.0,0.0,0.0,0.0,0.0,2552,7520
2020-11-21 23:00:00,5580.0,5.456968210637569e-13,1986.1630789302026,0.0,0.0,0.0,0.0,0.0,0.0,0.0,2678,7566
2020-11-22 00:00:00,5580.0,-5.456968210637569e-13,991.1630789302036,0.0,0.0,0.0,0.0,0.0,0.0,0.0,3264,6571
2020-11-22 01:00:00,5580.0,-5.456968210637569e-13,1074.163078930203,0.0,0.0,0.0,0.0,0.0,0.0,0.0,2864,6654
2020-11-22 02:00:00,5580.0,-5.456968210637569e-13,1085.1630789302035,0.0,0.0,0.0,0.0,0.0,0.0,0.0,2561,6665
2020-11-22 03:00:00,5580.0,-5.456968210637569e-13,999.1630789302036,0.0,0.0,0.0,0.0,0.0,0.0,0.0,2226,6579
2020-11-22 04:00:00,5580.0,-5.456968210637569e-13,1027.163078930203,0.0,0.0,0.0,0.0,0.0,0.0,0.0,2193,6607
2020-11-22 05:00:00,5580.0,-5.456968210637569e-13,1419.1630789302035,0.0,0.0,0.0,0.0,0.0,0.0,0.0,2435,6999
2020-11-22 06:00:00,5580.0,0.0,1909.163078930203,0.0,0.0,0.0,0.0,0.0,0.0,0.0,3243,7489
2020-11-22 07:00:00,5580.0,-5.456968210637569e-13,2160.0,0.0,0.0,0.0,0.0,227.16307893020348,0.0,0.0,3779,7967
2020-11-22 08:00:00,5580.0,-5.456968210637569e-13,2160.0,0.0,0.0,0.0,0.0,21.163078930202573,0.0,0.0,4266,7761
2020-11-22 09:00:00,5580.0,-5.456968210637569e-13,2067.1630789302035,0.0,0.0,0.0,0.0,0.0,0.0,0.0,4555,7647
2020-11-22 10:00:00,5580.0,-5.456968210637569e-13,1912.163078930203,0.0,0.0,0.0,0.0,0.0,0.0,0.0,4694,7492
2020-11-22 11:00:00,5580.0,-5.456968210637569e-13,2160.0,0.0,56.16307893020178,0.0,0.0,1200.0,0.0,0.0,3251,8996
2020-11-22 12:00:00,5580.0,0.0,1406.1630789302028,0.0,0.0,0.0,0.0,0.0,0.0,0.0,5257,6986
2020-11-22 13:00:00,5580.0,-5.456968210637569e-13,1951.5620787127687,0.0,0.0,0.0,590.3989997825653,0.0,0.0,0.0,5067,6941
2020-11-22 14:00:00,5580.0,0.0,1283.163078930203,0.0,0.0,0.0,0.0,0.0,0.0,0.0,4901,6863
2020-11-22 15:00:00,5580.0,0.0,1394.163078930203,0.0,0.0,0.0,0.0,0.0,0.0,0.0,4584,6974
2020-11-22 16:00:00,5580.0,0.0,1730.1630789302028,0.0,0.0,0.0,0.0,0.0,0.0,0.0,4335,7310
2020-11-22 17:00:00,5580.0,0.0,2160.0,0.0,0.0,0.0,0.0,559.1630789302017,0.0,0.0,3983,8299
2020-11-22 18:00:00,5580.0,0.0,2160.0,58.5,85.5,588.1630789302001,0.0,1200.0,0.0,0.0,3247,9672
2020-11-22 19:00:00,5580.0,0.0,2160.0,0.0,0.0,0.0,0.0,515.1630789302017,0.0,0.0,4282,8255
2020-11-22 20:00:00,5580.0,0.0,2160.0,0.0,0.0,0.0,0.0,284.1630789302019,0.0,0.0,3721,8024
2020-11-22 21:00:00,5580.0,0.0,2114.1630789302026,0.0,0.0,0.0,0.0,0.0,0.0,0.0,3405,7694
2020-11-22 22:00:00,5580.0,0.0,1697.163078930203,0.0,0.0,0.0,0.0,0.0,0.0,0.0,3949,7277
2020-11-22 23:00:00,5580.0,0.0,1652.163078930203,0.0,0.0,0.0,0.0,0.0,0.0,0.0,4078,7232
2020-11-23 00:00:00,5580.0,1.2278178473934532e-12,1739.1630789302021,0.0,0.0,0.0,0.0,0.0,0.0,0.0,3475,7319
2020-11-23 01:00:00,5580.0,1.3642420526593928e-13,2160.0,0.0,0.0,0.0,416.836921069797,0.0,0.0,0.0,3086,7323
2020-11-23 02:00:00,5580.0,1.2278178473934532e-12,1983.1743857360375,0.0,0.0,0.0,238.01130680583583,0.0,0.0,0.0,2789,7325
2020-11-23 03:00:00,5580.0,1.3642420526593928e-13,1782.163078930203,0.0,0.0,0.0,0.0,0.0,0.0,0.0,2329,7362
2020-11-23 04:00:00,5580.0,1.2278178473934532e-12,2160.0,0.0,0.0,0.0,369.8369210697974,0.0,0.0,0.0,2258,7370
2020-11-23 05:00:00,5580.0,1.3642420526593928e-13,1933.163078930203,0.0,0.0,0.0,0.0,0.0,0.0,0.0,2639,7513
2020-11-23 06:00:00,5580.0,-3.637978807091713e-13,2160.0,0.0,0.0,0.0,0.0,107.16307893020348,0.0,0.0,3462,7847
2020-11-23 07:00:00,5580.0,5.456968210637569e-13,2160.0,0.0,0.0,0.0,0.0,171.16307893020297,0.0,0.0,4300,7911
2020-11-23 08:00:00,5580.0,1.3642420526593928e-13,2116.163078930203,0.0,0.0,0.0,0.0,0.0,0.0,0.0,4632,7696
2020-11-23 09:00:00,5580.0,5.456968210637569e-13,2160.0,0.0,0.0,0.0,191.83692106979743,0.0,0.0,0.0,4811,7548
2020-11-23 10:00:00,5580.0,-3.637978807091713e-13,2160.0,0.0,0.0,0.0,345.8369210697965,0.0,0.0,0.0,4850,7394
2020-11-23 11:00:00,5580.0,5.456968210637569e-13,2160.0,0.0,0.0,0.0,439.8369210697974,0.0,0.0,0.0,4924,7300
2020-11-23 12:00:00,5580.0,-3.637978807091713e-13,1615.1630789302037,0.0,0.0,0.0,0.0,0.0,0.0,0.0,4945,7195
2020-11-23 13:00:00,5580.0,0.0,1318.1630789302033,0.0,0.0,0.0,0.0,0.0,0.0,0.0,4949,6898
2020-11-23 14:00:00,5580.0,-3.637978807091713e-13,1296.1630789302037,0.0,0.0,0.0,0.0,0.0,0.0,0.0,4769,6876
2020-11-23 15:00:00,5580.0,-3.637978807091713e-13,2160.0,0.0,0.0,0.0,724.8369210697965,0.0,0.0,0.0,4450,7015
2020-11-23 16:00:00,5580.0,1.2278178473934532e-12,2160.0,0.0,0.0,0.0,457.8369210697974,0.0,0.0,0.0,4200,7282
2020-11-23 17:00:00,5580.0,-3.5242919693700965e-13,2160.0,0.0,0.0,0.0,0.0,243.1630789302035,0.0,0.0,4102,7983
2020-11-23 18:00:00,5580.0,0.0,2160.0,0.0,0.0,0.0,0.0,667.1630789302017,0.0,0.0,4155,8407
2020-11-23 19:00:00,5580.0,0.0,2160.0,58.5,85.5,115.1630789302012,0.0,1200.0,0.0,0.0,2984,9199
2020-11-23 20:00:00,5580.0,0.0,2130.1630789302035,0.0,0.0,0.0,0.0,0.0,0.0,0.0,3637,7710
2020-11-23 21:00:00,5580.0,1.3642420526593928e-13,1790.163078930203,0.0,0.0,0.0,0.0,0.0,0.0,0.0,3337,7370
2020-11-23 22:00:00,5580.0,-4.4337866711430256e-13,1508.1630789302035,0.0,0.0,0.0,0.0,0.0,0.0,0.0,3733,7088
2020-11-23 23:00:00,5580.0,0.0,1202.163078930203,0.0,0.0,0.0,0.0,0.0,0.0,0.0,4130,6782
2020-11-24 00:00:00,5580.0,0.0,1170.1630789302017,0.0,0.0,0.0,0.0,0.0,0.0,0.0,3522,6750
2020-11-24 01:00:00,5580.0,0.0,1135.1630789302026,0.0,0.0,0.0,0.0,0.0,0.0,0.0,3164,6715
2020-11-24 02:00:00,5580.0,0.0,1127.1630789302014,0.0,0.0,0.0,0.0,0.0,0.0,0.0,2864,6707
2020-11-24 03:00:00,5580.0,1.3642420526593928e-13,1162.1630789302026,0.0,0.0,0.0,0.0,0.0,0.0,0.0,2402,6742
2020-11-24 04:00:00,5580.0,1.3642420526593928e-13,1588.9312894107409,0.0,0.0,0.0,493.768210480539,0.0,0.0,0.0,2414,6675
2020-11-24 05:00:00,5580.0,1.3642420526593928e-13,2160.0,0.0,0.0,0.0,0.0,79.16307893020257,0.0,0.0,1800,7819
2020-11-24 06:00:00,5580.0,0.0,1841.1630789302017,0.0,0.0,0.0,0.0,0.0,0.0,0.0,3379,7421
2020-11-24 07:00:00,5580.0,0.0,2160.0,0.0,0.0,0.0,0.0,291.16307893020166,0.0,0.0,3703,8031
2020-11-24 08:00:00,5580.0,0.0,2038.1630789302021,0.0,0.0,0.0,0.0,0.0,0.0,0.0,4280,7618
2020-11-24 09:00:00,5580.0,3.637978807091713e-13,1649.1630789302017,0.0,0.0,0.0,0.0,0.0,0.0,0.0,4753,7229
2020-11-24 10:00:00,5580.0,1.3642420526593928e-13,1419.1630789302023,0.0,0.0,0.0,0.0,0.0,0.0,0.0,4948,6999
2020-11-24 11:00:00,5580.0,1.3642420526593928e-13,1478.1630789302017,0.0,0.0,0.0,0.0,0.0,0.0,0.0,4952,7058
2020-11-24 12:00:00,5580.0,1.3642420526593928e-13,1457.1630789302023,0.0,0.0,0.0,0.0,0.0,0.0,0.0,4958,7037
2020-11-24 13:00:00,5580.0,1.3642420526593928e-13,1476.1630789302017,0.0,0.0,0.0,0.0,0.0,0.0,0.0,4666,7056
2020-11-24 14:00:00,5580.0,1.3642420526593928e-13,1331.1630789302023,0.0,0.0,0.0,0.0,0.0,0.0,0.0,4593,6911
2020-11-24 15:00:00,5580.0,1.3642420526593928e-13,876.1630789302018,0.0,0.0,0.0,0.0,0.0,0.0,0.0,4788,6456
2020-11-24 16:00:00,5580.0,1.3642420526593928e-13,840.0,0.0,0.0,0.0,262.83692106979834,0.0,0.0,0.0,4998,6157
2020-11-24 17:00:00,5580.0,9.094947017729285e-14,1198.1630789302017,0.0,0.0,0.0,0.0,0.0,0.0,0.0,4848,6778
2020-11-24 18:00:00,5580.0,1.3642420526593928e-13,2083.1630789302017,0.0,0.0,0.0,0.0,0.0,0.0,0.0,4339,7663
2020-11-24 19:00:00,5580.0,1.3642420526593928e-13,2160.0,0.0,0.0,0.0,0.0,41.16307893020257,0.0,0.0,3821,7781
2020-11-24 20:00:00,5580.0,1.3642420526593928e-13,1452.198467058056,0.0,0.0,0.0,0.0,155.96461187214618,0.0,0.0,3588,7188
2020-11-24 21:00:00,5580.0,0.0,841.1630789302025,0.0,0.0,0.0,0.0,0.0,0.0,0.0,3710,6421
2020-11-24 22:00:00,5580.0,3.637978807091713e-13,857.1630789302016,0.0,0.0,0.0,0.0,0.0,0.0,0.0,3794,6437
2020-11-24 23:00:00,2790.0,3554.9999999999995,0.0,0.0,0.0,61.16307893020257,0.0,0.0,0.0,0.0,3913,6406
2020-11-25 00:00:00,2790.0,1012.9999999999995,0.0,0.0,0.0,2099.163078930203,0.0,0.0,0.0,0.0,3756,5902
2020-11-25 01:00:00,2790.0,1012.9999999999995,0.0,0.0,0.0,1896.163078930203,0.0,0.0,0.0,0.0,3543,5699
2020-11-25 02:00:00,2790.0,1012.9999999999995,0.0,0.0,0.0,1458.163078930203,0.0,0.0,0.0,0.0,3650,5261
2020-11-25 03:00:00,2790.0,1.3642420526593928e-13,0.0,0.0,0.0,1997.1630789302028,0.0,0.0,0.0,0.0,3684,4787
2020-11-25 04:00:00,2790.0,-4.547473508864643e-14,0.0,0.0,0.0,1926.1630789302033,0.0,0.0,0.0,0.0,3681,4716
2020-11-25 05:00:00,2790.0,1.3642420526593928e-13,0.0,0.0,0.0,2228.163078930203,0.0,0.0,0.0,0.0,3877,5018
2020-11-25 06:00:00,2790.0,7.275957614183425e-13,0.0,0.0,0.0,3323.1630789302026,0.0,0.0,0.0,0.0,3937,6113
2020-11-25 07:00:00,2790.0,7.275957614183425e-13,1620.0,0.0,0.0,2559.1630789302026,0.0,0.0,0.0,0.0,4008,6969
2020-11-25 08:00:00,2790.0,7.275957614183425e-13,1620.0,0.0,0.0,2638.1630789302026,0.0,0.0,0.0,0.0,4128,7048
2020-11-25 09:00:00,2790.0,1.3642420526593928e-13,1620.0,0.0,0.0,2360.1630789302026,0.0,0.0,0.0,0.0,4546,6770
2020-11-25 10:00:00,2790.0,1.3642420526593928e-13,1620.0,0.0,0.0,1888.1630789302028,0.0,0.0,0.0,0.0,5053,6298
2020-11-25 11:00:00,2790.0,-4.547473508864643e-14,2160.0,0.0,0.0,864.1630789302033,0.0,0.0,0.0,0.0,5654,5814
2020-11-25 12:00:00,2790.0,1.3642420526593928e-13,840.0,0.0,0.0,1884.163078930203,0.0,0.0,0.0,0.0,5979,5514
2020-11-25 13:00:00,2790.0,-4.547473508864643e-14,2160.0,0.0,0.0,216.16307893020303,0.0,0.0,0.0,0.0,6086,5166
2020-11-25 14:00:00,2790.0,1.3642420526593928e-13,2097.163078930203,0.0,0.0,0.0,0.0,0.0,0.0,0.0,6164,4887
2020-11-25 15:00:00,2790.0,1.3642420526593928e-13,840.0,0.0,0.0,987.1630789302028,0.0,0.0,0.0,0.0,6252,4617
2020-11-25 16:00:00,2790.0,1.3642420526593928e-13,1809.163078930203,0.0,0.0,0.0,0.0,0.0,0.0,0.0,6286,4599
2020-11-25 17:00:00,2790.0,-4.547473508864643e-14,2160.0,0.0,0.0,308.163078930203,0.0,0.0,0.0,0.0,6197,5258
2020-11-25 18:00:00,2790.0,1.3642420526593928e-13,2160.0,0.0,0.0,1310.163078930203,0.0,0.0,0.0,0.0,5657,6260
2020-11-25 19:00:00,2790.0,1.3642420526593928e-13,2160.0,0.0,0.0,1533.1630789302028,0.0,0.0,0.0,0.0,5061,6483
2020-11-25 20:00:00,2790.0,-4.547473508864643e-14,840.0,0.0,0.0,2344.1630789302035,0.0,0.0,0.0,0.0,4763,5974
2020-11-25 21:00:00,2790.0,1.3642420526593928e-13,2160.0,0.0,0.0,333.163078930203,0.0,0.0,0.0,0.0,4807,5283
2020-11-25 22:00:00,2790.0,-4.547473508864643e-14,840.0,0.0,0.0,1966.1630789302033,0.0,0.0,0.0,0.0,4620,5596
2020-11-25 23:00:00,5580.0,1.2278178473934532e-12,210.0,0.0,0.0,235.16307893020235,0.0,0.0,0.0,0.0,4316,6025
2020-11-26 00:00:00,5580.0,3.1832314562052496e-13,0.0,0.0,0.0,0.0,99.83692106979856,0.0,0.0,0.0,4290,5480
2020-11-26 01:00:00,5580.0,1.3642420526593928e-13,0.0,0.0,0.0,0.0,385.83692106979834,0.0,0.0,0.0,4204,5194
2020-11-26 02:00:00,5580.0,-4.547473508864643e-14,0.0,0.0,0.0,0.0,586.8369210697973,0.0,0.0,0.0,4088,4993
2020-11-26 03:00:00,5580.0,-4.547473508864643e-14,0.0,0.0,0.0,0.0,929.8369210697972,0.0,0.0,0.0,4044,4650
2020-11-26 04:00:00,5580.0,1.3642420526593928e-13,0.0,0.0,0.0,0.0,982.8369210697986,0.0,0.0,0.0,4072,4597
2020-11-26 05:00:00,5580.0,-4.547473508864643e-14,0.0,0.0,0.0,0.0,437.8369210697973,0.0,0.0,0.0,4049,5142
2020-11-26 06:00:00,5580.0,5.456968210637569e-13,0.0,0.0,0.0,0.0,0.0,490.1630789302011,0.0,0.0,4266,6070
2020-11-26 07:00:00,5580.0,3.637978807091713e-13,0.0,0.0,0.0,96.16307893020256,0.0,1200.0,0.0,0.0,4424,6876
2020-11-26 08:00:00,5580.0,-5.456968210637569e-13,0.0,0.0,0.0,732.0600130463126,0.0,877.103065883889,0.0,0.0,4289,7189
2020-11-26 09:00:00,5580.0,3.637978807091713e-13,0.0,0.0,0.0,1389.1630789302026,0.0,0.0,0.0,0.0,4610,6969
2020-11-26 10:00:00,5580.0,-5.456968210637569e-13,0.0,0.0,0.0,923.1630789302016,0.0,0.0,0.0,0.0,5047,6503
2020-11-26 11:00:00,5580.0,-1.818989403545857e-13,0.0,0.0,0.0,459.1630789302025,0.0,0.0,0.0,0.0,5535,6039
2020-11-26 12:00:00,5580.0,3.637978807091713e-13,0.0,0.0,0.0,227.16307893020257,0.0,0.0,0.0,0.0,5768,5807
2020-11-26 13:00:00,5580.0,-5.456968210637569e-13,0.0,0.0,0.0,0.0,263.83692106979834,0.0,0.0,0.0,5965,5316
2020-11-26 14:00:00,5580.0,3.637978807091713e-13,0.0,0.0,0.0,0.0,470.8369210697974,0.0,0.0,0.0,5956,5109
2020-11-26 15:00:00,5580.0,-1.3642420526593924e-12,0.0,0.0,0.0,0.0,699.8369210697965,0.0,0.0,0.0,5967,4880
2020-11-26 16:00:00,5580.0,-1.818989403545857e-13,0.0,0.0,0.0,0.0,391.83692106979754,0.0,0.0,0.0,5581,5188
2020-11-26 17:00:00,5580.0,-5.456968210637569e-13,0.0,0.0,0.0,0.0,0.0,161.16307893020166,0.0,0.0,5568,5741
2020-11-26 18:00:00,5580.0,-1.818989403545857e-13,0.0,0.0,0.0,0.0,0.0,932.1630789302023,0.0,0.0,5168,6512
2020-11-26 19:00:00,5580.0,-5.456968210637569e-13,0.0,0.0,0.0,692.7284735812134,0.0,276.43460534898827,0.0,0.0,4916,6549
2020-11-26 20:00:00,5580.0,1.818989403545857e-13,0.0,0.0,0.0,694.1630789302023,0.0,0.0,0.0,0.0,4447,6274
2020-11-26 21:00:00,5580.0,1.3642420526593928e-13,0.0,0.0,0.0,321.1630789302026,0.0,0.0,0.0,0.0,4233,5901
2020-11-26 22:00:00,5580.0,1.3642420526593928e-13,0.0,0.0,0.0,686.1630789302014,0.0,0.0,0.0,0.0,4099,6266
2020-11-26 23:00:00,5580.0,1.3642420526593928e-13,0.0,0.0,0.0,792.1630789302026,0.0,0.0,0.0,0.0,4143,6372
2020-11-27 00:00:00,5580.0,1.3642420526593928e-13,0.0,0.0,0.0,27.163078930202573,0.0,0.0,0.0,0.0,4222,5607
2020-11-27 01:00:00,5580.0,1.3642420526593928e-13,0.0,0.0,0.0,57.16307893020212,0.0,0.0,0.0,0.0,3743,5637
2020-11-27 02:00:00,5580.0,1.3642420526593928e-13,0.0,0.0,0.0,0.0,55.836921069797654,0.0,0.0,0.0,3464,5524
2020-11-27 03:00:00,5580.0,1.3642420526593928e-13,0.0,0.0,0.0,0.0,313.8369210697981,0.0,0.0,0.0,3241,5266
2020-11-27 04:00:00,5580.0,1.3642420526593928e-13,0.0,0.0,0.0,0.0,322.8369210697974,0.0,0.0,0.0,3044,5257
2020-11-27 05:00:00,5580.0,1.3642420526593928e-13,0.0,0.0,0.0,0.0,198.83692106979788,0.0,0.0,0.0,3045,5381
2020-11-27 06:00:00,5580.0,1.3642420526593928e-13,0.0,0.0,0.0,0.0,0.0,293.1630789302022,0.0,0.0,2897,5873
2020-11-27 07:00:00,5580.0,1.3642420526593928e-13,0.0,0.0,0.0,0.0,0.0,310.16307893020235,0.0,0.0,3192,5890
2020-11-27 08:00:00,5580.0,1.3642420526593928e-13,0.0,0.0,0.0,0.0,343.8369210697979,0.0,0.0,0.0,4179,5236
2020-11-27 09:00:00,5580.0,1.3642420526593928e-13,0.0,0.0,0.0,0.0,328.8369210697974,0.0,0.0,0.0,4505,5251
2020-11-27 10:00:00,5580.0,1.3642420526593928e-13,0.0,0.0,0.0,0.0,0.0,559.1630789302021,0.0,0.0,3703,6139
2020-11-27 11:00:00,5580.0,-1.3642420526593923e-13,0.0,0.0,0.0,0.0,458.8369210697979,0.0,0.0,0.0,4835,5121
2020-11-27 12:00:00,5580.0,3.1832314562052496e-13,0.0,0.0,0.0,238.50848010436937,0.0,354.6545988258316,0.0,0.0,4097,6173
2020-11-27 13:00:00,5580.0,-1.3642420526593923e-13,0.0,0.0,0.0,130.16307893020212,0.0,0.0,0.0,0.0,4108,5710
2020-11-27 14:00:00,5580.0,1.3642420526593928e-13,0.0,0.0,0.0,0.0,270.8369210697979,0.0,0.0,0.0,4170,5309
2020-11-27 15:00:00,5580.0,1.3642420526593928e-13,0.0,0.0,0.0,0.0,446.83692106979777,0.0,0.0,0.0,4128,5133
2020-11-27 16:00:00,5580.0,-1.3642420526593923e-13,0.0,0.0,0.0,0.0,568.8369210697981,0.0,0.0,0.0,4175,5011
2020-11-27 17:00:00,5580.0,1.3642420526593928e-13,210.0,0.0,0.0,0.0,54.83692106979788,0.0,0.0,0.0,4059,5735
2020-11-27 18:00:00,5580.0,-1.3642420526593923e-13,540.0,0.0,0.0,0.0,0.0,833.1630789302012,0.0,0.0,3244,6953
2020-11-27 19:00:00,5580.0,1.818989403545857e-13,369.16307893020195,0.0,0.0,0.0,0.0,0.0,0.0,0.0,4128,5949
2020-11-27 20:00:00,5580.0,1.3642420526593928e-13,318.16307893020206,0.0,0.0,0.0,0.0,0.0,0.0,0.0,3563,5898
2020-11-27 21:00:00,5580.0,3.1832314562052496e-13,210.0,0.0,0.0,0.0,55.83692106979902,0.0,0.0,0.0,3238,5734
2020-11-27 22:00:00,5580.0,-1.3642420526593923e-13,210.0,0.0,0.0,0.0,52.83692106979879,0.0,0.0,0.0,3620,5737
2020-11-27 23:00:00,5580.0,1.3642420526593928e-13,210.0,0.0,0.0,1386.810013046311,0.0,254.3530658838909,0.0,0.0,2287,7431
2020-11-28 00:00:00,5580.0,-1.818989403545857e-13,540.0,0.0,0.0,923.1630789302042,0.0,0.0,0.0,0.0,2253,7043
2020-11-28 01:00:00,5580.0,0.0,540.0,0.0,0.0,30.16307893020189,0.0,0.0,0.0,0.0,2761,6150
2020-11-28 02:00:00,5580.0,7.275957614183425e-13,0.0,0.0,0.0,489.16307893020166,0.0,0.0,0.0,0.0,2457,6069
2020-11-28 03:00:00,5580.0,0.0,0.0,0.0,0.0,158.16307893020212,0.0,0.0,0.0,0.0,2252,5738
2020-11-28 04:00:00,5580.0,-3.410605131648481e-13,0.0,0.0,0.0,0.0,176.836921069798,0.0,0.0,0.0,2357,5403
2020-11-28 05:00:00,5580.0,0.0,0.0,0.0,0.0,0.0,122.83692106979788,0.0,0.0,0.0,2318,5457
2020-11-28 06:00:00,5580.0,0.0,0.0,0.0,0.0,0.0,685.836921069799,0.0,0.0,0.0,3069,4894
2020-11-28 07:00:00,5394.163078930202,0.0,0.0,0.0,0.0,0.0,1200.0,0.0,0.0,0.0,3938,4194
2020-11-28 08:00:00,5212.163078930202,7.275957614183425e-13,0.0,0.0,0.0,0.0,1200.0,0.0,0.0,0.0,4445,4012
2020-11-28 09:00:00,5338.1630789302035,-1.818989403545857e-13,0.0,0.0,0.0,0.0,1200.0,0.0,0.0,0.0,4731,4138
2020-11-28 10:00:00,5580.0,0.0,0.0,0.0,0.0,0.0,1108.836921069798,0.0,0.0,0.0,4698,4471
2020-11-28 11:00:00,5580.0,0.0,0.0,0.0,0.0,0.0,1039.836921069798,0.0,0.0,0.0,4850,4540
2020-11-28 12:00:00,5580.0,1.0913936421275138e-12,0.0,0.0,0.0,0.0,765.8369210697983,0.0,0.0,0.0,4907,4814
2020-11-28 13:00:00,5580.0,-5.456968210637568e-13,0.0,0.0,0.0,0.0,1178.8369210697974,0.0,0.0,0.0,4737,4401
2020-11-28 14:00:00,5251.163078930203,-5.456968210637569e-13,0.0,0.0,0.0,0.0,1200.0,0.0,0.0,0.0,4614,4051
2020-11-28 15:00:00,4872.1630789302035,-7.275957614183425e-13,0.0,0.0,0.0,0.0,1200.0,0.0,0.0,0.0,4739,3672
2020-11-28 16:00:00,5002.163078930202,-5.456968210637569e-13,0.0,0.0,0.0,0.0,1200.0,0.0,0.0,0.0,4613,3802
2020-11-28 17:00:00,5580.0,-1.4551915228366853e-12,0.0,0.0,0.0,0.0,863.8369210697956,0.0,0.0,0.0,4463,4716
2020-11-28 18:00:00,5580.0,0.0,0.0,0.0,0.0,0.0,0.0,137.16307893020212,0.0,0.0,4115,5717
2020-11-28 19:00:00,5580.0,1.0913936421275138e-12,0.0,0.0,0.0,0.0,0.0,1136.1630789302014,0.0,0.0,3355,6716
2020-11-28 20:00:00,5580.0,0.0,210.0,0.0,0.0,0.0,0.0,588.1630789302019,0.0,0.0,3350,6378
2020-11-28 21:00:00,5580.0,1.0913936421275138e-12,210.0,0.0,0.0,0.0,0.0,408.16307893020166,0.0,0.0,3055,6198
2020-11-28 22:00:00,5580.0,-5.456968210637568e-13,420.0,0.0,0.0,0.0,0.0,101.16307893020166,0.0,0.0,3464,6101
2020-11-28 23:00:00,5580.0,1.0913936421275138e-12,993.163078930203,0.0,0.0,0.0,0.0,1200.0,0.0,0.0,2080,7773
2020-11-29 00:00:00,5580.0,1.3642420526593928e-13,699.1630789302023,0.0,0.0,0.0,0.0,1200.0,0.0,0.0,2027,7479
2020-11-29 01:00:00,5580.0,-5.456968210637569e-13,630.0,0.0,0.0,0.0,0.0,338.1630789302021,0.0,0.0,2693,6548
2020-11-29 02:00:00,5580.0,3.637978807091713e-13,840.0,0.0,0.0,0.0,0.0,181.16307893020075,0.0,0.0,2397,6601
2020-11-29 03:00:00,5580.0,5.45696821063757e-13,840.0,0.0,0.0,0.0,0.0,179.16307893020166,0.0,0.0,2042,6599
2020-11-29 04:00:00,5580.0,0.0,840.0,0.0,0.0,0.0,0.0,275.16307893020166,0.0,0.0,1973,6695
2020-11-29 05:00:00,5580.0,3.637978807091713e-13,840.0,0.0,0.0,0.0,0.0,591.1630789302008,0.0,0.0,2306,7011
2020-11-29 06:00:00,5580.0,2.728484105318785e-13,901.1630789302012,0.0,0.0,0.0,0.0,1200.0,0.0,0.0,2920,7681
2020-11-29 07:00:00,5580.0,5.45696821063757e-13,2160.0,0.0,0.0,0.0,0.0,29.163078930201664,0.0,0.0,3782,7769
2020-11-29 08:00:00,5580.0,2.728484105318785e-13,2065.163078930201,0.0,0.0,0.0,0.0,1200.0,0.0,0.0,2832,8845
2020-11-29 09:00:00,5580.0,7.275957614183426e-13,845.2615786040358,0.0,0.0,0.0,0.0,643.9015003261657,0.0,0.0,4532,7069
2020-11-29 10:00:00,5580.0,-5.456968210637569e-13,1080.0,0.0,0.0,0.0,0.0,97.16307893020212,0.0,0.0,4615,6757
2020-11-29 11:00:00,5580.0,1.3642420526593928e-13,420.0,0.0,0.0,0.0,0.0,351.1630789302021,0.0,0.0,4902,6351
2020-11-29 12:00:00,5580.0,3.1832314562052496e-13,420.0,0.0,0.0,476.1630789302021,0.0,0.0,0.0,0.0,4684,6476
2020-11-29 13:00:00,5580.0,5.456968210637569e-13,355.16307893020115,0.0,0.0,0.0,0.0,0.0,0.0,0.0,4937,5935
2020-11-29 14:00:00,5580.0,5.456968210637569e-13,210.0,0.0,0.0,0.0,180.83692106979743,0.0,0.0,0.0,5050,5609
2020-11-29 15:00:00,5580.0,0.0,210.0,0.0,0.0,0.0,639.8369210697983,0.0,0.0,0.0,5354,5150
2020-11-29 16:00:00,5580.0,5.45696821063757e-13,210.0,0.0,0.0,0.0,204.8369210697983,0.0,0.0,0.0,4994,5585
2020-11-29 17:00:00,5580.0,1.3642420526593928e-13,1079.163078930202,0.0,0.0,0.0,0.0,0.0,0.0,0.0,4702,6659
2020-11-29 18:00:00,5580.0,1.3642420526593928e-13,1620.0,0.0,0.0,0.0,0.0,633.1630789302021,0.0,0.0,4205,7833
2020-11-29 19:00:00,5580.0,1.3642420526593928e-13,630.0,0.0,0.0,1461.1930854533582,0.0,135.96999347684346,0.0,0.0,4188,7807
2020-11-29 20:00:00,5580.0,1.3642420526593928e-13,1620.0,0.0,0.0,333.1630789302021,0.0,0.0,0.0,0.0,3623,7533
2020-11-29 21:00:00,5580.0,0.0,1288.878669275816,0.0,0.0,1685.284409654386,0.0,0.0,0.0,0.0,1932,8554
2020-11-29 22:00:00,5580.0,-5.456968210637569e-13,2160.0,0.0,0.0,1173.1630789302023,0.0,0.0,0.0,0.0,1788,8913
2020-11-29 23:00:00,5580.0,3.637978807091713e-13,2160.0,0.0,0.0,1474.1630789302014,0.0,0.0,0.0,0.0,1670,9214
2020-11-30 00:00:00,5580.0,0.0,1898.1630789302014,0.0,0.0,0.0,0.0,0.0,0.0,0.0,2874,7478
2020-11-30 01:00:00,5580.0,0.0,840.0,0.0,0.0,2027.163078930202,0.0,0.0,0.0,0.0,1624,8447
2020-11-30 02:00:00,5580.0,0.0,840.0,0.0,0.0,1832.163078930202,0.0,0.0,0.0,0.0,1546,8252
2020-11-30 03:00:00,5580.0,0.0,2160.0,0.0,0.0,84.16307893020125,0.0,0.0,0.0,0.0,1593,7824
2020-11-30 04:00:00,5580.0,0.0,1915.1630789302014,0.0,0.0,0.0,0.0,0.0,0.0,0.0,1917,7495
2020-11-30 05:00:00,5580.0,0.0,2135.163078930201,0.0,0.0,0.0,0.0,0.0,0.0,0.0,2264,7715
2020-11-30 06:00:00,5580.0,0.0,2160.0,0.0,0.0,412.16307893020195,0.0,0.0,0.0,0.0,3054,8152
2020-11-30 07:00:00,5580.0,-5.456968210637569e-13,840.0,0.0,0.0,3795.1630789302017,0.0,0.0,0.0,0.0,1896,10215
2020-11-30 08:00:00,5580.0,0.0,2160.0,0.0,0.0,167.16307893020127,0.0,0.0,0.0,0.0,4246,7907
2020-11-30 09:00:00,5580.0,0.0,1946.1630789302017,0.0,0.0,0.0,0.0,0.0,0.0,0.0,4474,7526
2020-11-30 10:00:00,5580.0,0.0,840.0,0.0,0.0,751.1630789302016,0.0,0.0,0.0,0.0,4540,7171
2020-11-30 11:00:00,5580.0,0.0,840.0,0.0,0.0,479.16307893020206,0.0,0.0,0.0,0.0,4660,6899
2020-11-30 12:00:00,5580.0,0.0,1736.1630789302021,0.0,0.0,0.0,0.0,0.0,0.0,0.0,4104,7316
2020-11-30 13:00:00,5580.0,0.0,1316.1630789302021,0.0,0.0,0.0,0.0,0.0,0.0,0.0,4202,6896
2020-11-30 14:00:00,5580.0,0.0,1136.163078930204,0.0,0.0,0.0,0.0,0.0,0.0,0.0,4195,6716
2020-11-30 15:00:00,5580.0,0.0,982.1630789302037,0.0,0.0,0.0,0.0,0.0,0.0,0.0,4245,6562
2020-11-30 16:00:00,5580.0,0.0,1352.1630789302021,0.0,0.0,0.0,0.0,0.0,0.0,0.0,3996,6932
2020-11-30 17:00:00,5580.0,0.0,2160.0,0.0,0.0,124.1630789302008,0.0,0.0,0.0,0.0,3858,7864
2020-11-30 18:00:00,5580.0,0.0,2160.0,0.0,0.0,580.163078930202,0.0,0.0,0.0,0.0,4048,8320
2020-11-30 19:00:00,5580.0,0.0,840.0,0.0,0.0,1815.163078930202,0.0,0.0,0.0,0.0,4022,8235
2020-11-30 20:00:00,5580.0,0.0,2160.0,0.0,0.0,173.16307893020138,0.0,0.0,0.0,0.0,3456,7913
2020-11-30 21:00:00,5580.0,0.0,1916.1630789302021,0.0,0.0,0.0,0.0,0.0,0.0,0.0,3174,7496
2020-11-30 22:00:00,5580.0,0.0,1844.163078930202,0.0,0.0,0.0,0.0,0.0,0.0,0.0,3427,7424
2020-11-30 23:00:00,5580.0,0.0,1880.1630789302021,0.0,0.0,0.0,0.0,0.0,0.0,0.0,3550,7460
2020-12-01 00:00:00,5580.0,3.8653524825349454e-13,2160.0,0.0,0.0,1592.1630789302012,0.0,0.0,0.0,0.0,1181,9332
2020-12-01 01:00:00,5580.0,1.3642420526593928e-13,840.0,0.0,0.0,1342.1630789302028,0.0,0.0,0.0,0.0,2481,7762
2020-12-01 02:00:00,5580.0,1.3642420526593928e-13,2160.0,0.0,0.0,58.16307893020308,0.0,0.0,0.0,0.0,2186,7798
2020-12-01 03:00:00,5580.0,1.3642420526593928e-13,1978.1630789302028,0.0,0.0,0.0,0.0,0.0,0.0,0.0,2054,7558
2020-12-01 04:00:00,5580.0,1.3642420526593928e-13,2057.1630789302035,0.0,0.0,0.0,0.0,0.0,0.0,0.0,1979,7637
2020-12-01 05:00:00,5580.0,1.3642420526593928e-13,840.0,0.0,0.0,1495.1630789302028,0.0,0.0,0.0,0.0,2286,7915
2020-12-01 06:00:00,5580.0,0.0,2160.0,0.0,0.0,671.1630789302013,0.0,0.0,0.0,0.0,3045,8411
2020-12-01 07:00:00,5580.0,0.0,840.0,0.0,0.0,2461.163078930201,0.0,0.0,0.0,0.0,3520,8881
2020-12-01 08:00:00,5580.0,1.3642420526593928e-13,2160.0,0.0,0.0,697.1630789302005,0.0,0.0,0.0,0.0,4050,8437
2020-12-01 09:00:00,5580.0,1.3642420526593928e-13,2160.0,0.0,0.0,176.16307893020308,0.0,0.0,0.0,0.0,4446,7916
2020-12-01 10:00:00,5580.0,1.3642420526593928e-13,2160.0,0.0,0.0,1045.163078930201,0.0,0.0,0.0,0.0,3314,8785
2020-12-01 11:00:00,5580.0,1.3642420526593928e-13,1695.163078930203,0.0,0.0,0.0,0.0,0.0,0.0,0.0,4648,7275
2020-12-01 12:00:00,5580.0,0.0,1453.1630789302026,0.0,0.0,0.0,0.0,0.0,0.0,0.0,4711,7033
2020-12-01 13:00:00,5580.0,1.3642420526593928e-13,1251.1630789302033,0.0,0.0,0.0,0.0,0.0,0.0,0.0,4576,6831
2020-12-01 14:00:00,5580.0,-2.728484105318785e-13,840.0,0.0,0.0,329.16307893020326,0.0,0.0,0.0,0.0,4440,6749
2020-12-01 15:00:00,5580.0,0.0,1316.163078930203,0.0,0.0,0.0,0.0,0.0,0.0,0.0,4157,6896
2020-12-01 16:00:00,5580.0,1.3642420526593928e-13,840.0,0.0,0.0,1091.163078930203,0.0,0.0,0.0,0.0,3671,7511
2020-12-01 17:00:00,5580.0,3.637978807091713e-13,2160.0,0.0,0.0,999.1630789302012,0.0,0.0,0.0,0.0,3253,8739
2020-12-01 18:00:00,5580.0,1.818989403545857e-13,2160.0,0.0,0.0,862.1630789302014,0.0,0.0,0.0,0.0,4061,8602
2020-12-01 19:00:00,5580.0,-5.456968210637569e-13,2160.0,0.0,0.0,847.1630789302019,0.0,0.0,0.0,0.0,3987,8587
2020-12-01 20:00:00,5580.0,5.456968210637569e-13,2160.0,0.0,0.0,479.16307893020104,0.0,0.0,0.0,0.0,3489,8219
2020-12-01 21:00:00,5580.0,-5.456968210637569e-13,2160.0,0.0,0.0,253.16307893020365,0.0,0.0,0.0,0.0,3021,7993
2020-12-01 22:00:00,5580.0,5.456968210637569e-13,2099.1630789302026,0.0,0.0,0.0,0.0,0.0,0.0,0.0,3517,7679
2020-12-01 23:00:00,5580.0,3555.0000000000005,370.16307893020195,0.0,0.0,0.0,0.0,0.0,0.0,0.0,1842,9505
2020-12-02 00:00:00,5580.0,1043.6218199607688,540.0,58.5,85.5,1860.5412589694329,0.0,0.0,0.0,0.0,1686,9168
2020-12-02 01:00:00,5580.0,1012.9999999999991,540.0,58.5,85.5,898.1630789302026,0.0,0.0,0.0,0.0,2414,8175
2020-12-02 02:00:00,5580.0,1012.9999999999999,540.0,58.5,85.5,1833.1630789302003,0.0,0.0,0.0,0.0,1224,9110
2020-12-02 03:00:00,5580.0,-5.456968210637569e-13,540.0,58.5,85.5,2007.1630789302017,0.0,0.0,0.0,0.0,1689,8271
2020-12-02 04:00:00,5580.0,-5.456968210637569e-13,540.0,58.5,85.5,2558.1630789302017,0.0,0.0,0.0,0.0,1140,8822
2020-12-02 05:00:00,5580.0,-5.456968210637569e-13,540.0,58.5,85.5,2721.1630789302017,0.0,0.0,0.0,0.0,1566,8985
2020-12-02 06:00:00,5580.0,-5.456968210637569e-13,540.0,58.5,85.5,4331.163078930202,0.0,0.0,0.0,0.0,1204,10595
2020-12-02 07:00:00,5580.0,0.0,2160.0,58.5,85.5,3317.163078930202,0.0,0.0,0.0,0.0,1548,11201
2020-12-02 08:00:00,5580.0,0.0,2160.0,58.5,85.5,2129.163078930202,0.0,0.0,0.0,0.0,2818,10013
2020-12-02 09:00:00,5580.0,-5.456968210637569e-13,2160.0,58.5,85.5,1492.1630789302026,0.0,0.0,0.0,0.0,3316,9376
2020-12-02 10:00:00,5580.0,-1.4495071809506045e-13,2160.0,58.5,85.5,1182.1630789302017,0.0,0.0,0.0,0.0,3347,9066
2020-12-02 11:00:00,5580.0,1.818989403545857e-13,2160.0,58.5,85.5,478.16307893020166,0.0,0.0,0.0,0.0,3843,8362
2020-12-02 12:00:00,5580.0,-1.3642420526593928e-13,2160.0,58.5,85.5,0.0,45.836921069798336,0.0,0.0,0.0,4169,7838
2020-12-02 13:00:00,5580.0,0.0,2160.0,0.0,0.0,0.0,353.8369210697988,0.0,0.0,0.0,4263,7386
2020-12-02 14:00:00,5580.0,-2.728484105318785e-13,2160.0,0.0,85.5,0.0,605.3369210697988,0.0,0.0,0.0,4184,7220
2020-12-02 15:00:00,5580.0,0.0,2160.0,0.0,0.0,0.0,303.8369210697988,0.0,0.0,0.0,3845,7436
2020-12-02 16:00:00,5580.0,-2.728484105318785e-13,2160.0,58.5,85.5,0.0,61.836921069798336,0.0,0.0,0.0,3604,7822
2020-12-02 17:00:00,5580.0,0.0,2160.0,58.5,85.5,0.0,0.0,764.1630789302021,0.0,0.0,3605,8648
2020-12-02 18:00:00,5580.0,0.0,2160.0,58.5,85.5,2120.312703848659,0.0,263.85037508154255,0.0,0.0,2644,10268
2020-12-02 19:00:00,5580.0,-2.728484105318785e-13,2160.0,58.5,85.5,2597.163078930201,0.0,0.0,0.0,0.0,2324,10481
2020-12-02 20:00:00,5580.0,1.818989403545857e-13,2160.0,58.5,85.5,2031.1630789302008,0.0,0.0,0.0,0.0,2006,9915
2020-12-02 21:00:00,5580.0,-2.728484105318785e-13,2160.0,58.5,85.5,1453.1630789302012,0.0,0.0,0.0,0.0,1890,9337
2020-12-02 22:00:00,5580.0,0.0,2160.0,58.5,85.5,1646.163078930202,0.0,0.0,0.0,0.0,1864,9530
2020-12-02 23:00:00,5580.0,-2.728484105318785e-13,2160.0,58.5,85.5,657.1630789302012,0.0,0.0,0.0,0.0,2984,8541
2020-12-03 00:00:00,5580.0,0.0,2160.0,58.5,85.5,1369.1630789302014,0.0,0.0,0.0,0.0,1711,9253
2020-12-03 01:00:00,5580.0,-2.728484105318785e-13,2160.0,58.5,85.5,1323.1630789302017,0.0,0.0,0.0,0.0,1470,9207
2020-12-03 02:00:00,5580.0,1.818989403545857e-13,2160.0,58.5,85.5,1073.163078930202,0.0,0.0,0.0,0.0,1448,8957
2020-12-03 03:00:00,5580.0,0.0,2160.0,58.5,85.5,608.1630789302014,0.0,0.0,0.0,0.0,1531,8492
2020-12-03 04:00:00,5580.0,-2.728484105318785e-13,2160.0,58.5,85.5,626.1630789302012,0.0,0.0,0.0,0.0,1505,8510
2020-12-03 05:00:00,5580.0,1.818989403545857e-13,2160.0,58.5,85.5,1143.1630789302008,0.0,0.0,0.0,0.0,1560,9027
2020-12-03 06:00:00,5580.0,-2.728484105318785e-13,2160.0,58.5,85.5,2315.163078930201,0.0,0.0,0.0,0.0,1659,10199
2020-12-03 07:00:00,5580.0,0.0,2160.0,58.5,85.5,2930.1630789302017,0.0,0.0,0.0,0.0,2036,10814
2020-12-03 08:00:00,5580.0,-2.728484105318785e-13,2160.0,58.5,85.5,2290.163078930201,0.0,0.0,0.0,0.0,2762,10174
2020-12-03 09:00:00,5580.0,0.0,2160.0,58.5,85.5,1155.1630789302014,0.0,0.0,0.0,0.0,3790,9039
2020-12-03 10:00:00,5580.0,-2.728484105318785e-13,2160.0,58.5,85.5,401.16307893020166,0.0,0.0,0.0,0.0,4304,8285
2020-12-03 11:00:00,5580.0,0.0,2160.0,58.5,85.5,0.0,57.83692106979879,0.0,0.0,0.0,4586,7826
2020-12-03 12:00:00,5580.0,0.0,2160.0,0.0,0.0,0.0,271.8369210697988,0.0,0.0,0.0,4756,7468
2020-12-03 13:00:00,5580.0,-2.728484105318785e-13,2160.0,0.0,85.5,0.0,842.3369210697988,0.0,0.0,0.0,4813,6983
2020-12-03 14:00:00,5580.0,-5.456968210637569e-13,2160.0,0.0,0.0,0.0,1078.8369210697956,0.0,0.0,0.0,4841,6661
2020-12-03 15:00:00,5580.0,-2.728484105318785e-13,2160.0,0.0,85.5,0.0,1051.3369210697988,0.0,0.0,0.0,4500,6774
2020-12-03 16:00:00,5580.0,0.0,2160.0,0.0,0.0,0.0,660.8369210697987,0.0,0.0,0.0,4205,7079
2020-12-03 17:00:00,5580.0,-2.728484105318785e-13,2160.0,58.5,85.5,0.0,0.0,314.1630789302012,0.0,0.0,3831,8198
2020-12-03 18:00:00,5580.0,0.0,2160.0,58.5,85.5,145.1630789302012,0.0,1200.0,0.0,0.0,3300,9229
2020-12-03 19:00:00,5580.0,-2.728484105318785e-13,2160.0,58.5,85.5,351.16307893020166,0.0,1200.0,0.0,0.0,3003,9435
2020-12-03 20:00:00,5580.0,0.0,2160.0,58.5,85.5,737.0600130463108,0.0,258.1030658838913,0.0,0.0,2818,8879
2020-12-03 21:00:00,5580.0,0.0,2160.0,58.5,85.5,492.1630789302012,0.0,0.0,0.0,0.0,2756,8376
2020-12-03 22:00:00,5580.0,-2.728484105318785e-13,2160.0,58.5,85.5,1053.1630789302012,0.0,0.0,0.0,0.0,2448,8937
2020-12-03 23:00:00,5580.0,0.0,2160.0,58.5,85.5,1116.1630789302017,0.0,0.0,0.0,0.0,2546,9000
2020-12-04 00:00:00,5580.0,1.3642420526593928e-13,2160.0,58.5,85.5,0.0,5.8369210697960625,0.0,0.0,0.0,3034,7878
2020-12-04 01:00:00,5580.0,-4.547473508864643e-14,2160.0,58.5,85.5,497.7853881278551,0.0,4.377690802347047,0.0,0.0,2161,8386
2020-12-04 02:00:00,5580.0,1.3642420526593928e-13,2160.0,58.5,85.5,14.163078930203936,0.0,0.0,0.0,0.0,2327,7898
2020-12-04 03:00:00,5580.0,-4.547473508864643e-14,2160.0,0.0,85.5,0.0,53.33692106979606,0.0,0.0,0.0,2000,7772
2020-12-04 04:00:00,5580.0,1.3642420526593928e-13,2160.0,0.0,85.5,0.0,174.33692106979674,0.0,0.0,0.0,1962,7651
2020-12-04 05:00:00,5580.0,1.3642420526593928e-13,2160.0,58.5,85.5,0.0,0.0,76.16307893020303,0.0,0.0,1855,7960
2020-12-04 06:00:00,5580.0,-4.547473508864643e-14,2160.0,58.5,85.5,369.57077625571054,0.0,94.59230267449158,0.0,0.0,1900,8348
2020-12-04 07:00:00,5580.0,1.3642420526593928e-13,2160.0,0.0,85.5,0.0,915.336921069796,0.0,0.0,0.0,3766,6910
2020-12-04 08:00:00,5580.0,-3.637978807091713e-13,2160.0,0.0,0.0,0.0,966.8369210697964,0.0,0.0,0.0,4310,6773
2020-12-04 09:00:00,5580.0,1.3642420526593928e-13,2160.0,58.5,85.5,295.16307893020394,0.0,0.0,0.0,0.0,3176,8179
2020-12-04 10:00:00,5580.0,1.3642420526593928e-13,1867.1630789302026,0.0,0.0,0.0,1200.0,0.0,0.0,0.0,5053,6247
2020-12-04 11:00:00,5580.0,1.2278178473934532e-12,2160.0,0.0,85.5,0.0,449.3369210697974,0.0,0.0,0.0,3887,7376
2020-12-04 12:00:00,5580.0,-4.547473508864643e-14,1585.163078930204,0.0,0.0,0.0,1200.0,0.0,0.0,0.0,5471,5965
2020-12-04 13:00:00,5580.0,1.3642420526593928e-13,1132.163078930203,0.0,0.0,0.0,1200.0,0.0,0.0,0.0,5425,5512
2020-12-04 14:00:00,5457.1630789302035,-4.547473508864643e-14,840.0,0.0,0.0,0.0,1200.0,0.0,0.0,0.0,5471,5097
2020-12-04 15:00:00,5580.0,-4.547473508864643e-14,2090.163078930204,0.0,0.0,0.0,1200.0,0.0,0.0,0.0,3911,6470
2020-12-04 16:00:00,5580.0,1.3642420526593928e-13,1047.163078930204,0.0,0.0,0.0,1200.0,0.0,0.0,0.0,5025,5427
2020-12-04 17:00:00,5580.0,-3.637978807091713e-13,2160.0,0.0,0.0,0.0,1081.8369210697963,0.0,0.0,0.0,4552,6658
2020-12-04 18:00:00,5580.0,1.3642420526593928e-13,2160.0,0.0,85.5,0.0,1009.336921069796,0.0,0.0,0.0,4827,6816
2020-12-04 19:00:00,5580.0,-4.547473508864643e-14,2160.0,0.0,0.0,0.0,590.836921069796,0.0,0.0,0.0,4413,7149
2020-12-04 20:00:00,5580.0,1.3642420526593928e-13,2160.0,0.0,85.5,0.0,849.3369210697961,0.0,0.0,0.0,3913,6976
2020-12-04 21:00:00,5580.0,-4.547473508864643e-14,2160.0,58.5,85.5,0.0,0.0,694.1630789302023,0.0,0.0,1794,8578
2020-12-04 22:00:00,5580.0,1.3642420526593928e-13,2160.0,0.0,0.0,0.0,734.8369210697967,0.0,0.0,0.0,3723,7005
2020-12-04 23:00:00,5580.0,1.3642420526593928e-13,2160.0,58.5,85.5,488.1630789302012,0.0,1200.0,0.0,0.0,1492,9572
2020-12-05 00:00:00,5580.0,1.3642420526593928e-13,2160.0,58.5,85.5,122.16307893020212,0.0,1200.0,0.0,0.0,1420,9206
2020-12-05 01:00:00,5580.0,-1.3642420526593923e-13,2160.0,58.5,85.5,103.6208414872849,0.0,913.5422374429164,0.0,0.0,1371,8901
2020-12-05 02:00:00,5580.0,4.547473508864642e-13,2160.0,0.0,0.0,0.0,396.83692106979834,0.0,0.0,0.0,2569,7343
2020-12-05 03:00:00,5580.0,-1.3642420526593923e-13,2160.0,0.0,0.0,0.0,553.8369210697988,0.0,0.0,0.0,2202,7186
2020-12-05 04:00:00,5580.0,1.3642420526593928e-13,2160.0,0.0,0.0,0.0,714.8369210697979,0.0,0.0,0.0,2110,7025
2020-12-05 05:00:00,5580.0,-1.3642420526593923e-13,2160.0,0.0,0.0,0.0,914.8369210697988,0.0,0.0,0.0,2349,6825
2020-12-05 06:00:00,5580.0,1.3642420526593928e-13,2160.0,58.5,85.5,0.0,0.0,25.16307893020121,0.0,0.0,1473,7909
2020-12-05 07:00:00,5580.0,-1.3642420526593923e-13,1344.1630789302021,0.0,0.0,0.0,1200.0,0.0,0.0,0.0,3888,5724
2020-12-05 08:00:00,5580.0,1.3642420526593928e-13,1209.1630789302021,0.0,0.0,0.0,1200.0,0.0,0.0,0.0,4400,5589
2020-12-05 09:00:00,5580.0,5.456968210637569e-13,1292.1630789302014,0.0,0.0,0.0,1200.0,0.0,0.0,0.0,4771,5672
2020-12-05 10:00:00,5580.0,5.456968210637569e-13,2160.0,0.0,0.0,0.0,406.83692106979834,0.0,0.0,0.0,3432,7333
2020-12-05 11:00:00,5580.0,5.456968210637569e-13,2160.0,0.0,0.0,0.0,517.8369210697983,0.0,0.0,0.0,3746,7222
2020-12-05 12:00:00,5580.0,5.456968210637569e-13,1528.1630789302014,0.0,0.0,0.0,1200.0,0.0,0.0,0.0,5374,5908
2020-12-05 13:00:00,5580.0,-5.45696821063757e-13,2160.0,0.0,0.0,0.0,795.8369210697975,0.0,0.0,0.0,3808,6944
2020-12-05 14:00:00,5580.0,-5.456968210637569e-13,2160.0,0.0,0.0,0.0,1042.836921069798,0.0,0.0,0.0,3631,6697
2020-12-05 15:00:00,5322.163078930202,-3.637978807091713e-13,840.0,0.0,0.0,0.0,1200.0,0.0,0.0,0.0,5196,4962
2020-12-05 16:00:00,5580.0,0.0,2160.0,0.0,0.0,0.0,691.8369210697983,0.0,0.0,0.0,3196,7048
2020-12-05 17:00:00,5580.0,-5.45696821063757e-13,2160.0,58.5,85.5,0.0,0.0,173.16307893020257,0.0,0.0,2961,8057
2020-12-05 18:00:00,5580.0,-5.45696821063757e-13,2160.0,58.5,85.5,126.16307893020256,0.0,1200.0,0.0,0.0,2365,9210
2020-12-05 19:00:00,5580.0,-5.456968210637569e-13,2160.0,0.0,0.0,0.0,691.8369210697979,0.0,0.0,0.0,4540,7048
2020-12-05 20:00:00,5580.0,-1.818989403545857e-13,2160.0,58.5,85.5,523.1630789302008,0.0,1200.0,0.0,0.0,1496,9607
2020-12-05 21:00:00,5580.0,-1.0913936421275138e-12,2160.0,0.0,0.0,0.0,1126.8369210697974,0.0,0.0,0.0,3929,6613
2020-12-05 22:00:00,5580.0,1.3642420526593928e-13,2160.0,0.0,0.0,0.0,850.8369210697979,0.0,0.0,0.0,3879,6889
2020-12-05 23:00:00,5580.0,-5.456968210637569e-13,2160.0,0.0,0.0,0.0,661.8369210697979,0.0,0.0,0.0,3911,7078
2020-12-06 00:00:00,5580.0,-1.0913936421275138e-12,2160.0,0.0,0.0,0.0,589.8369210697967,0.0,0.0,0.0,3477,7150
2020-12-06 01:00:00,5580.0,-5.456968210637569e-13,2160.0,0.0,0.0,0.0,411.8369210697974,0.0,0.0,0.0,3030,7328
2020-12-06 02:00:00,5580.0,0.0,2160.0,58.5,85.5,0.0,0.0,987.1630789302012,0.0,0.0,1239,8871
2020-12-06 03:00:00,5580.0,0.0,2160.0,58.5,85.5,0.0,0.0,596.1630789302012,0.0,0.0,1247,8480
2020-12-06 04:00:00,5580.0,0.0,2160.0,0.0,0.0,0.0,102.83692106979652,0.0,0.0,0.0,2098,7637
2020-12-06 05:00:00,5580.0,-2.387423592153936e-13,2160.0,58.5,85.5,115.1630789302011,0.0,1200.0,0.0,0.0,1183,9199
2020-12-06 06:00:00,5580.0,0.0,2160.0,58.5,85.5,0.0,0.0,741.1630789302017,0.0,0.0,3045,8625
2020-12-06 07:00:00,5580.0,0.0,2160.0,58.5,85.5,1987.1630789302012,0.0,1200.0,0.0,0.0,1648,11071
2020-12-06 08:00:00,5580.0,-5.456968210637569e-13,2160.0,58.5,85.5,0.0,0.0,766.1630789302012,0.0,0.0,4317,8650
2020-12-06 09:00:00,5580.0,-1.0913936421275138e-12,2160.0,58.5,85.5,0.0,0.0,414.1630789302012,0.0,0.0,4692,8298
2020-12-06 10:00:00,5580.0,-5.456968210637569e-13,2160.0,58.5,85.5,0.0,0.0,122.16307893020256,0.0,0.0,4931,8006
2020-12-06 11:00:00,5580.0,0.0,2160.0,58.5,85.5,375.1630789302012,0.0,1200.0,0.0,0.0,3548,9459
2020-12-06 12:00:00,5580.0,0.0,2160.0,0.0,0.0,0.0,138.83692106979697,0.0,0.0,0.0,5401,7601
2020-12-06 13:00:00,5580.0,0.0,2160.0,58.5,85.5,0.0,460.8369210697965,0.0,0.0,0.0,5328,7423
2020-12-06 14:00:00,5580.0,0.0,2160.0,0.0,0.0,0.0,617.8369210697981,0.0,0.0,0.0,5402,7122
2020-12-06 15:00:00,5580.0,0.0,2160.0,0.0,0.0,0.0,671.8369210697965,0.0,0.0,0.0,5263,7068
2020-12-06 16:00:00,5580.0,0.0,2160.0,0.0,0.0,0.0,484.836921069797,0.0,0.0,0.0,5074,7255
2020-12-06 17:00:00,5580.0,0.0,2160.0,58.5,85.5,174.16307893020348,0.0,0.0,0.0,0.0,4846,8058
2020-12-06 18:00:00,5580.0,0.0,2160.0,58.5,85.5,1860.1630789302012,0.0,1200.0,0.0,0.0,2305,10944
2020-12-06 19:00:00,5580.0,-5.456968210637569e-13,2160.0,58.5,85.5,1862.1630789302008,0.0,1200.0,0.0,0.0,2045,10946
2020-12-06 20:00:00,5580.0,-1.0913936421275138e-12,2160.0,58.5,85.5,1389.1630789302012,0.0,1200.0,0.0,0.0,1611,10473
2020-12-06 21:00:00,5580.0,-1.0913936421275138e-12,2160.0,0.0,0.0,0.0,32.83692106979697,0.0,0.0,0.0,3645,7707
2020-12-06 22:00:00,5580.0,-5.456968210637569e-13,2160.0,58.5,85.5,824.1630789302012,0.0,1200.0,0.0,0.0,1559,9908
2020-12-06 23:00:00,5580.0,-1.0913936421275138e-12,2160.0,0.0,0.0,0.0,223.83692106979652,0.0,0.0,0.0,4025,7516
2020-12-07 00:00:00,5580.0,2.728484105318785e-13,2160.0,58.5,85.5,706.1630789302008,0.0,1200.0,0.0,0.0,1211,9790
2020-12-07 01:00:00,5580.0,0.0,2160.0,58.5,85.5,435.16307893020166,0.0,1200.0,0.0,0.0,1127,9519
2020-12-07 02:00:00,5580.0,0.0,2160.0,58.5,85.5,112.16307893020075,0.0,1200.0,0.0,0.0,1136,9196
2020-12-07 03:00:00,5580.0,0.0,2160.0,0.0,0.0,0.0,65.83692106979743,0.0,0.0,0.0,2210,7674
2020-12-07 04:00:00,5580.0,0.0,2160.0,58.5,85.5,0.0,0.0,731.1630789302012,0.0,0.0,1183,8615
2020-12-07 05:00:00,5580.0,0.0,2160.0,58.5,85.5,14.163078930201664,0.0,1200.0,0.0,0.0,1219,9098
2020-12-07 06:00:00,5580.0,0.0,2160.0,58.5,85.5,0.0,0.0,560.1630789302017,0.0,0.0,3068,8444
2020-12-07 07:00:00,5580.0,2.728484105318785e-13,2160.0,58.5,85.5,601.1630789302008,0.0,0.0,0.0,0.0,3991,8485
2020-12-07 08:00:00,5580.0,-3.637978807091713e-13,2160.0,58.5,85.5,402.16307893020166,0.0,0.0,0.0,0.0,4349,8286
2020-12-07 09:00:00,5580.0,2.728484105318785e-13,2160.0,58.5,85.5,0.0,16.836921069799246,0.0,0.0,0.0,4731,7867
2020-12-07 10:00:00,5580.0,0.0,2160.0,0.0,0.0,0.0,125.83692106979744,0.0,0.0,0.0,4977,7614
2020-12-07 11:00:00,5580.0,0.0,2160.0,58.5,85.5,1427.1576973255042,0.0,107.0053816046975,0.0,0.0,3295,9418
2020-12-07 12:00:00,5580.0,0.0,2160.0,58.5,85.5,1515.1630789302017,0.0,0.0,0.0,0.0,3334,9399
2020-12-07 13:00:00,5580.0,0.0,2160.0,0.0,85.5,0.0,657.3369210697988,0.0,0.0,0.0,5299,7168
2020-12-07 14:00:00,5580.0,0.0,2160.0,0.0,0.0,0.0,878.8369210697974,0.0,0.0,0.0,5377,6861
2020-12-07 15:00:00,5580.0,0.0,2160.0,58.5,85.5,0.0,0.0,917.1630789302026,0.0,0.0,3237,8801
2020-12-07 16:00:00,5580.0,0.0,2160.0,58.5,85.5,0.0,924.8369210697984,0.0,0.0,0.0,5041,6959
2020-12-07 17:00:00,5580.0,0.0,2160.0,0.0,0.0,0.0,123.8369210697988,0.0,0.0,0.0,4887,7616
2020-12-07 18:00:00,5580.0,0.0,2160.0,58.5,85.5,0.0,0.0,15.163078930201664,0.0,0.0,4842,7899
2020-12-07 19:00:00,5580.0,-5.456968210637569e-13,2160.0,0.0,0.0,0.0,0.8369210697974268,0.0,0.0,0.0,4609,7739
2020-12-07 20:00:00,5580.0,2.728484105318785e-13,2160.0,58.5,85.5,303.225782778862,0.0,1006.9372961513388,0.0,0.0,2324,9194
2020-12-07 21:00:00,5580.0,-2.2737367544323216e-13,2160.0,58.5,85.5,831.1630789302021,0.0,0.0,0.0,0.0,2138,8715
2020-12-07 22:00:00,5580.0,-5.456968210637569e-13,2160.0,0.0,0.0,0.0,921.8369210697974,0.0,0.0,0.0,4119,6818
2020-12-07 23:00:00,5580.0,0.0,2160.0,0.0,85.5,0.0,861.3369210697986,0.0,0.0,0.0,4040,6964
2020-12-08 00:00:00,5580.0,-7.275957614183425e-13,2160.0,0.0,0.0,0.0,520.8369210697958,0.0,0.0,0.0,3186,7219
2020-12-08 01:00:00,5580.0,-8.185452315956353e-13,2160.0,58.5,85.5,542.1630789302021,0.0,0.0,0.0,0.0,1622,8426
2020-12-08 02:00:00,5580.0,0.0,2160.0,58.5,85.5,0.0,0.0,400.163078930201,0.0,0.0,1459,8284
2020-12-08 03:00:00,5580.0,-8.185452315956353e-13,2160.0,58.5,85.5,0.0,3.8369210697960625,0.0,0.0,0.0,1442,7880
2020-12-08 04:00:00,5580.0,-7.275957614183425e-13,2160.0,58.5,0.0,0.0,573.3369210697958,0.0,0.0,0.0,2043,7225
2020-12-08 05:00:00,5580.0,-8.185452315956353e-13,2160.0,58.5,0.0,0.0,254.3369210697961,0.0,0.0,0.0,2269,7544
2020-12-08 06:00:00,5580.0,-7.275957614183425e-13,2160.0,58.5,85.5,233.1630789302039,0.0,0.0,0.0,0.0,2942,8117
2020-12-08 07:00:00,5580.0,0.0,2160.0,58.5,85.5,2074.1630789302008,0.0,0.0,0.0,0.0,2136,9958
2020-12-08 08:00:00,5580.0,0.0,2160.0,58.5,85.5,2016.163078930202,0.0,0.0,0.0,0.0,2426,9900
2020-12-08 09:00:00,5580.0,-7.275957614183425e-13,2160.0,58.5,85.5,1480.163078930202,0.0,0.0,0.0,0.0,2956,9364
2020-12-08 10:00:00,5580.0,-8.185452315956353e-13,2160.0,58.5,85.5,0.0,561.8369210697961,0.0,0.0,0.0,5010,7322
2020-12-08 11:00:00,5580.0,0.0,2160.0,58.5,85.5,0.0,0.0,749.163078930201,0.0,0.0,3809,8633
2020-12-08 12:00:00,5580.0,-8.185452315956353e-13,2160.0,0.0,85.5,0.0,720.3369210697961,0.0,0.0,0.0,5352,7105
2020-12-08 13:00:00,5580.0,0.0,2160.0,58.5,85.5,0.0,0.0,452.1630789302021,0.0,0.0,3855,8336
2020-12-08 14:00:00,5580.0,-8.185452315956353e-13,2160.0,58.5,85.5,193.1630789302039,0.0,0.0,0.0,0.0,3876,8077
2020-12-08 15:00:00,5580.0,-7.275957614183425e-13,2160.0,58.5,85.5,0.0,0.0,48.16307893020394,0.0,0.0,3887,7932
2020-12-08 16:00:00,5580.0,0.0,2160.0,0.0,85.5,0.0,806.3369210697972,0.0,0.0,0.0,4819,7019
2020-12-08 17:00:00,5580.0,3.637978807091713e-13,2160.0,58.5,0.0,0.0,3.3369210697965173,0.0,0.0,0.0,4657,7795
2020-12-08 18:00:00,5580.0,-3.637978807091713e-13,2160.0,58.5,85.5,360.1630789302021,0.0,0.0,0.0,0.0,4564,8244
2020-12-08 19:00:00,5580.0,0.0,2160.0,58.5,85.5,305.45156555773633,0.0,1177.711513372465,0.0,0.0,3141,9367
2020-12-08 20:00:00,5580.0,0.0,2160.0,58.5,85.5,0.0,0.0,1093.163078930201,0.0,0.0,2748,8977
2020-12-08 21:00:00,5580.0,0.0,2160.0,58.5,85.5,456.16307893020166,0.0,0.0,0.0,0.0,2707,8340
2020-12-08 22:00:00,5580.0,9.09494701772928e-14,2160.0,58.5,85.5,474.1630789302019,0.0,0.0,0.0,0.0,2801,8358
2020-12-08 23:00:00,3747.1630789302017,3555.0000000000005,0.0,0.0,0.0,0.0,0.0,0.0,0.0,0.0,3948,7302
2020-12-09 00:00:00,4770.0,1701.0000000000005,0.0,58.5,85.5,1372.163078930202,0.0,0.0,0.0,0.0,2686,7987
2020-12-09 01:00:00,4770.0,1701.0000000000005,0.0,58.5,85.5,1576.163078930202,0.0,0.0,0.0,0.0,2150,8191
2020-12-09 02:00:00,4770.0,1077.1085434926486,0.0,58.5,85.5,1749.0545354375538,0.0,0.0,0.0,0.0,2327,7740
2020-12-09 03:00:00,4770.0,134.99999999999946,0.0,58.5,85.5,2442.1630789302026,0.0,0.0,0.0,0.0,2182,7491
2020-12-09 04:00:00,4770.0,135.00000000000014,0.0,58.5,85.5,2433.1630789302035,0.0,0.0,0.0,0.0,2167,7482
2020-12-09 05:00:00,4770.0,-1.3642420526593923e-13,0.0,58.5,85.5,3047.163078930203,0.0,0.0,0.0,0.0,2257,7961
2020-12-09 06:00:00,4770.0,3.1832314562052496e-13,0.0,58.5,85.5,4198.1630789302035,0.0,0.0,0.0,0.0,2358,9112
2020-12-09 07:00:00,4770.0,3.637978807091713e-13,2160.0,58.5,85.5,2784.163078930202,0.0,0.0,0.0,0.0,2639,9858
2020-12-09 08:00:00,4770.0,3.1832314562052496e-13,2160.0,58.5,85.5,2857.1630789302026,0.0,0.0,0.0,0.0,2775,9931
2020-12-09 09:00:00,4770.0,3.1832314562052496e-13,2160.0,58.5,85.5,2180.1630789302026,0.0,0.0,0.0,0.0,3429,9254
2020-12-09 10:00:00,4770.0,-1.3642420526593923e-13,2160.0,58.5,85.5,1445.163078930202,0.0,0.0,0.0,0.0,4092,8519
2020-12-09 11:00:00,4770.0,3.1832314562052496e-13,2160.0,58.5,85.5,1053.1630789302023,0.0,0.0,0.0,0.0,4542,8127
2020-12-09 12:00:00,4770.0,-1.3642420526593923e-13,2160.0,58.5,85.5,974.163078930202,0.0,0.0,0.0,0.0,4562,8048
2020-12-09 13:00:00,4770.0,151.00000000000054,2160.0,58.5,85.5,505.1630789302019,0.0,0.0,0.0,0.0,4582,7730
2020-12-09 14:00:00,4770.0,407.1630789302029,2160.0,58.5,85.5,0.0,0.0,0.0,0.0,0.0,4624,7481
2020-12-09 15:00:00,4770.0,302.00000000000017,2160.0,58.5,85.5,6.163078930202573,0.0,0.0,0.0,0.0,4569,7382
2020-12-09 16:00:00,4770.0,466.16307893020286,2160.0,58.5,85.5,0.0,0.0,0.0,0.0,0.0,4422,7540
2020-12-09 17:00:00,4770.0,576.0000000000003,2160.0,58.5,85.5,531.1630789302014,0.0,0.0,0.0,0.0,4381,8181
2020-12-09 18:00:00,4770.0,710.9999999999999,2160.0,58.5,85.5,886.1630789302026,0.0,0.0,0.0,0.0,4235,8671
2020-12-09 19:00:00,4770.0,710.9999999999997,2160.0,58.5,85.5,1441.163078930203,0.0,0.0,0.0,0.0,3543,9226
2020-12-09 20:00:00,4770.0,711.0000000000005,2160.0,58.5,85.5,971.1630789302026,0.0,0.0,0.0,0.0,3190,8756
2020-12-09 21:00:00,4770.0,710.9999999999999,2160.0,58.5,85.5,241.1630789302028,0.0,0.0,0.0,0.0,3208,8026
2020-12-09 22:00:00,4770.0,560.0000000000002,2160.0,58.5,85.5,436.16307893020144,0.0,0.0,0.0,0.0,3270,8070
2020-12-09 23:00:00,5580.0,349.1630789302018,2160.0,58.5,85.5,0.0,0.0,0.0,0.0,0.0,3176,8233
2020-12-10 00:00:00,5580.0,0.0,2160.0,58.5,85.5,0.0,105.83692106979696,0.0,0.0,0.0,3050,7778
2020-12-10 01:00:00,5580.0,-2.728484105318785e-13,2160.0,58.5,85.5,0.0,138.83692106979697,0.0,0.0,0.0,2661,7745
2020-12-10 02:00:00,5580.0,0.0,2160.0,58.5,85.5,0.0,223.83692106979697,0.0,0.0,0.0,2411,7660
2020-12-10 03:00:00,5580.0,1.818989403545857e-13,2160.0,58.5,85.5,0.0,592.836921069798,0.0,0.0,0.0,2320,7291
2020-12-10 04:00:00,5580.0,-2.728484105318785e-13,2160.0,58.5,85.5,0.0,648.836921069797,0.0,0.0,0.0,2277,7235
2020-12-10 05:00:00,5580.0,0.0,2160.0,58.5,85.5,0.0,26.836921069796972,0.0,0.0,0.0,2137,7857
2020-12-10 06:00:00,5580.0,659.0,2160.0,58.5,85.5,0.0,0.0,516.163078930201,0.0,0.0,2118,9059
2020-12-10 07:00:00,5580.0,711.0000000000001,2160.0,58.5,85.5,375.56001304631343,0.0,786.6030658838862,0.0,0.0,2392,9757
2020-12-10 08:00:00,5580.0,1163.0,2160.0,58.5,85.5,509.163078930201,0.0,0.0,0.0,0.0,2752,9556
2020-12-10 09:00:00,5580.0,939.1630789302001,2160.0,58.5,85.5,0.0,0.0,0.0,0.0,0.0,3485,8823
2020-12-10 10:00:00,5580.0,582.1630789302003,2160.0,58.5,85.5,0.0,0.0,0.0,0.0,0.0,3842,8466
2020-12-10 11:00:00,5580.0,-1.0913936421275138e-12,2160.0,58.5,85.5,362.1630789302019,0.0,0.0,0.0,0.0,4146,8246
2020-12-10 12:00:00,5580.0,-1.0913936421275138e-12,2160.0,58.5,85.5,276.1630789302044,0.0,0.0,0.0,0.0,4271,8160
2020-12-10 13:00:00,5580.0,0.0,2160.0,58.5,85.5,0.0,74.83692106979652,0.0,0.0,0.0,4301,7809
2020-12-10 14:00:00,5580.0,-1.0913936421275138e-12,2160.0,58.5,85.5,0.0,356.8369210697965,0.0,0.0,0.0,4335,7527
2020-12-10 15:00:00,5580.0,0.0,2160.0,58.5,85.5,0.0,412.8369210697965,0.0,0.0,0.0,4236,7471
2020-12-10 16:00:00,5580.0,1.818989403545857e-13,2160.0,58.5,85.5,0.0,211.8369210697981,0.0,0.0,0.0,3972,7672
2020-12-10 17:00:00,5580.0,738.0,2160.0,58.5,85.5,0.0,0.0,138.1630789302012,0.0,0.0,3457,8760
2020-12-10 18:00:00,5580.0,862.0000000000006,2160.0,58.5,85.5,72.06539465101218,0.0,654.0976842791895,0.0,0.0,2974,9472
2020-12-10 19:00:00,5580.0,1111.7582366338233,2160.0,58.5,85.5,799.404842296377,0.0,0.0,0.0,0.0,2451,9795
2020-12-10 20:00:00,5580.0,1677.1630789302008,2160.0,58.5,85.5,0.0,0.0,0.0,0.0,0.0,1970,9561
2020-12-10 21:00:00,5580.0,1111.7582366338238,2160.0,58.5,85.5,284.4048422963779,0.0,0.0,0.0,0.0,1663,9280
2020-12-10 22:00:00,5580.0,1490.163078930201,2160.0,58.5,85.5,0.0,0.0,0.0,0.0,0.0,1781,9374
2020-12-10 23:00:00,5580.0,1479.6000000000006,2160.0,58.5,85.5,51.56307893019971,0.0,0.0,0.0,0.0,1878,9415
2020-12-11 00:00:00,5580.0,1081.1630789302003,2160.0,58.5,85.5,0.0,0.0,0.0,0.0,0.0,1632,8965
2020-12-11 01:00:00,5580.0,244.16307893020223,2160.0,58.5,85.5,0.0,0.0,0.0,0.0,0.0,2036,8128
2020-12-11 02:00:00,5580.0,194.16307893020252,2160.0,58.5,85.5,0.0,0.0,0.0,0.0,0.0,1720,8078
2020-12-11 03:00:00,5580.0,1.3642420526593928e-13,2160.0,58.5,85.5,10.163078930202571,0.0,0.0,0.0,0.0,1419,7894
2020-12-11 04:00:00,5580.0,1.3642420526593928e-13,2160.0,58.5,85.5,0.0,193.83692106979743,0.0,0.0,0.0,1446,7690
2020-12-11 05:00:00,5580.0,-4.547473508864643e-14,2160.0,58.5,85.5,0.0,223.83692106979652,0.0,0.0,0.0,1640,7660
2020-12-11 06:00:00,5580.0,3.1832314562052496e-13,2160.0,58.5,85.5,0.0,0.0,155.1630789302019,0.0,0.0,1634,8039
2020-12-11 07:00:00,5580.0,1.3642420526593928e-13,2160.0,58.5,85.5,216.16307893020257,0.0,0.0,0.0,0.0,1974,8100
2020-12-11 08:00:00,5580.0,3.637978807091713e-13,2160.0,58.5,85.5,63.070776255709006,0.0,158.09230267449357,0.0,0.0,2409,8105
2020-12-11 09:00:00,5580.0,1.3642420526593928e-13,2160.0,58.5,85.5,2.1630789302025732,0.0,0.0,0.0,0.0,2954,7886
2020-12-11 10:00:00,5580.0,3.637978807091713e-13,2160.0,58.5,85.5,0.0,488.8369210697974,0.0,0.0,0.0,3569,7395
2020-12-11 11:00:00,5580.0,5.456968210637569e-13,2107.163078930201,0.0,0.0,0.0,1200.0,0.0,0.0,0.0,4641,6487
2020-12-11 12:00:00,5580.0,1.3642420526593928e-13,2160.0,58.5,85.5,0.0,817.8369210697974,0.0,0.0,0.0,4378,7066
2020-12-11 13:00:00,5580.0,5.456968210637569e-13,1812.1630789302012,0.0,0.0,0.0,1200.0,0.0,0.0,0.0,4822,6192
2020-12-11 14:00:00,5580.0,3.637978807091713e-13,1633.1630789302026,0.0,0.0,0.0,1200.0,0.0,0.0,0.0,4626,6013
2020-12-11 15:00:00,5580.0,3.637978807091713e-13,1505.1630789302026,0.0,0.0,0.0,1200.0,0.0,0.0,0.0,4557,5885
2020-12-11 16:00:00,5580.0,1.3642420526593928e-13,1466.1630789302017,0.0,0.0,0.0,1200.0,0.0,0.0,0.0,4490,5846
2020-12-11 17:00:00,5580.0,-4.547473508864643e-14,2160.0,58.5,85.5,0.0,1196.8369210697963,0.0,0.0,0.0,4210,6687
2020-12-11 18:00:00,5580.0,1.3642420526593928e-13,2160.0,58.5,85.5,0.0,570.8369210697974,0.0,0.0,0.0,3786,7313
2020-12-11 19:00:00,5580.0,3.1832314562052496e-13,2160.0,58.5,85.5,0.0,983.836921069798,0.0,0.0,0.0,4114,6900
2020-12-11 20:00:00,5580.0,1.3642420526593928e-13,2160.0,58.5,85.5,0.0,0.0,214.16307893020257,0.0,0.0,2347,8098
2020-12-11 21:00:00,5580.0,-4.547473508864643e-14,2160.0,58.5,85.5,0.0,77.83692106979652,0.0,0.0,0.0,2140,7806
2020-12-11 22:00:00,5580.0,1.3642420526593928e-13,2160.0,58.5,85.5,0.0,0.0,269.1630789302026,0.0,0.0,2058,8153
2020-12-11 23:00:00,5580.0,-4.547473508864643e-14,2160.0,58.5,85.5,0.0,755.8369210697964,0.0,0.0,0.0,3465,7128
2020-12-12 00:00:00,5580.0,5.002220859751106e-13,2160.0,58.5,85.5,0.0,750.8369210698002,0.0,0.0,0.0,3015,7133
2020-12-12 01:00:00,5580.0,-5.456968210637569e-13,2160.0,58.5,85.5,0.0,731.8369210697983,0.0,0.0,0.0,2579,7152
2020-12-12 02:00:00,5580.0,0.0,2160.0,58.5,85.5,0.0,232.83692106979925,0.0,0.0,0.0,1654,7651
2020-12-12 03:00:00,5580.0,-5.456968210637569e-13,2160.0,58.5,85.5,0.0,1036.8369210697983,0.0,0.0,0.0,1904,6847
2020-12-12 04:00:00,5580.0,1.4551915228366853e-12,2160.0,0.0,53.16307893020144,0.0,1200.0,0.0,0.0,0.0,1898,6593
2020-12-12 05:00:00,5580.0,-5.456968210637569e-13,1999.1630789302037,0.0,0.0,0.0,1200.0,0.0,0.0,0.0,2152,6379
2020-12-12 06:00:00,5580.0,1.4551915228366853e-12,1530.1630789302014,0.0,0.0,0.0,1200.0,0.0,0.0,0.0,2858,5910
2020-12-12 07:00:00,5580.0,-1.3642420526593923e-13,951.1630789302035,0.0,0.0,0.0,1200.0,0.0,0.0,0.0,3700,5331
2020-12-12 08:00:00,5580.0,1.4551915228366853e-12,1038.1630789302014,0.0,0.0,0.0,1200.0,0.0,0.0,0.0,4099,5418
2020-12-12 09:00:00,5580.0,5.002220859751106e-13,1292.1630789302017,0.0,0.0,0.0,1200.0,0.0,0.0,0.0,4392,5672
2020-12-12 10:00:00,5580.0,1.3642420526593928e-13,1565.1630789302035,0.0,0.0,0.0,1200.0,0.0,0.0,0.0,4540,5945
2020-12-12 11:00:00,5580.0,1.4551915228366853e-12,1702.1630789302014,0.0,0.0,0.0,1200.0,0.0,0.0,0.0,4720,6082
2020-12-12 12:00:00,5580.0,-5.456968210637569e-13,2014.1630789302035,0.0,0.0,0.0,1200.0,0.0,0.0,0.0,4801,6394
2020-12-12 13:00:00,5580.0,0.0,2160.0,58.5,85.5,0.0,857.8369210697992,0.0,0.0,0.0,3662,7026
2020-12-12 14:00:00,5580.0,-5.456968210637569e-13,1407.1630789302035,0.0,0.0,0.0,1200.0,0.0,0.0,0.0,4513,5787
2020-12-12 15:00:00,5580.0,1.4551915228366853e-12,2157.1630789302017,0.0,0.0,0.0,1200.0,0.0,0.0,0.0,3606,6537
2020-12-12 16:00:00,5580.0,-5.456968210637569e-13,1763.1630789302035,0.0,0.0,0.0,1200.0,0.0,0.0,0.0,4059,6143
2020-12-12 17:00:00,5580.0,0.0,2160.0,58.5,85.5,0.0,858.8369210697992,0.0,0.0,0.0,3945,7025
2020-12-12 18:00:00,5580.0,1.4551915228366853e-12,2160.0,58.5,85.5,0.0,0.0,1003.1630789301998,0.0,0.0,2555,8887
2020-12-12 19:00:00,5580.0,5.456968210637569e-13,2160.0,58.5,85.5,0.0,356.83692106979834,0.0,0.0,0.0,4010,7527
2020-12-12 20:00:00,5580.0,1.3642420526593928e-13,2160.0,58.5,85.5,0.0,260.83692106979925,0.0,0.0,0.0,3430,7623
2020-12-12 21:00:00,5580.0,-1.3642420526593926e-13,2160.0,58.5,85.5,0.0,549.8369210697983,0.0,0.0,0.0,3110,7334
2020-12-12 22:00:00,5580.0,1.3642420526593928e-13,2160.0,58.5,85.5,0.0,817.8369210698002,0.0,0.0,0.0,3517,7066
2020-12-12 23:00:00,5580.0,1.3642420526593928e-13,2160.0,58.5,85.5,49.163078930201664,0.0,1200.0,0.0,0.0,1688,9133
2020-12-13 00:00:00,5580.0,1.3642420526593928e-13,2160.0,58.5,85.5,0.0,373.83692106979834,0.0,0.0,0.0,2986,7510
2020-12-13 01:00:00,5580.0,1.3642420526593928e-13,2160.0,58.5,85.5,246.29585113979735,0.0,507.8672277904034,0.0,0.0,1592,8638
2020-12-13 02:00:00,5580.0,1.3642420526593928e-13,2160.0,58.5,85.5,634.1630789302017,0.0,0.0,0.0,0.0,1464,8518
2020-12-13 03:00:00,5580.0,1.3642420526593928e-13,2160.0,58.5,85.5,0.0,163.83692106979925,0.0,0.0,0.0,1883,7720
2020-12-13 04:00:00,5580.0,351.0,2160.0,58.5,85.5,22.16307893020075,0.0,0.0,0.0,0.0,1356,8257
2020-12-13 05:00:00,5580.0,501.16307893020127,2160.0,58.5,85.5,0.0,0.0,0.0,0.0,0.0,1898,8385
2020-12-13 06:00:00,5580.0,1129.1630789302005,2160.0,58.5,85.5,0.0,0.0,0.0,0.0,0.0,2608,9013
2020-12-13 07:00:00,5580.0,2608.2,2160.0,58.5,85.5,590.9630789302014,0.0,0.0,0.0,0.0,1646,11083
2020-12-13 08:00:00,5580.0,1224.1630789302012,2160.0,58.5,85.5,0.0,0.0,0.0,0.0,0.0,3976,9108
2020-12-13 09:00:00,5580.0,1075.1630789302021,2160.0,58.5,85.5,0.0,0.0,0.0,0.0,0.0,4308,8959
2020-12-13 10:00:00,5580.0,709.1630789302006,2160.0,58.5,85.5,0.0,0.0,0.0,0.0,0.0,4785,8593
2020-12-13 11:00:00,5580.0,707.1630789302014,2160.0,58.5,85.5,0.0,0.0,0.0,0.0,0.0,4977,8591
2020-12-13 12:00:00,5580.0,387.0,2160.0,58.5,85.5,251.1630789302017,0.0,0.0,0.0,0.0,5073,8522
2020-12-13 13:00:00,5580.0,387.0,2160.0,58.5,85.5,133.16307893020075,0.0,0.0,0.0,0.0,4949,8404
2020-12-13 14:00:00,5580.0,331.1630789302018,2160.0,58.5,85.5,0.0,0.0,0.0,0.0,0.0,4914,8215
2020-12-13 15:00:00,5580.0,387.0000000000001,2160.0,58.5,85.5,0.0,0.0,307.16307893020075,0.0,0.0,4379,8578
2020-12-13 16:00:00,5580.0,986.1630789302009,2160.0,58.5,85.5,0.0,0.0,0.0,0.0,0.0,4185,8870
2020-12-13 17:00:00,5580.0,1125.0000000000002,2160.0,58.5,85.5,874.1630789302008,0.0,1200.0,0.0,0.0,2715,11083
2020-12-13 18:00:00,5580.0,1866.5999999999995,2160.0,58.5,85.5,0.0,0.0,274.5630789302013,0.0,0.0,4208,10025
2020-12-13 19:00:00,5580.0,1866.6,2160.0,58.5,85.5,1127.563078930203,0.0,1200.0,0.0,0.0,2206,12078
2020-12-13 20:00:00,5580.0,1866.6,2160.0,58.5,85.5,0.0,0.0,9.563078930200843,0.0,0.0,3617,9760
2020-12-13 21:00:00,5580.0,1013.0000000000009,2160.0,58.5,85.5,403.16307893020166,0.0,1200.0,0.0,0.0,2060,10500
2020-12-13 22:00:00,5580.0,1103.1630789302008,2160.0,58.5,85.5,0.0,0.0,0.0,0.0,0.0,3728,8987
2020-12-13 23:00:00,5580.0,1156.1630789302023,2160.0,58.5,85.5,0.0,0.0,0.0,0.0,0.0,3779,9040
2020-12-14 00:00:00,5580.0,1204.789019577687,2160.0,58.5,85.5,0.0,0.0,244.37405935251445,0.0,0.0,2996,9333
2020-12-14 01:00:00,5580.0,2161.608816950437,2160.0,58.5,85.5,0.0,0.0,246.5542619797643,0.0,0.0,1761,10292
2020-12-14 02:00:00,5580.0,2017.5999999999997,2160.0,58.5,85.5,0.0,0.0,178.56307893020198,0.0,0.0,1751,10080
2020-12-14 03:00:00,5580.0,1593.163078930201,2160.0,58.5,85.5,0.0,0.0,0.0,0.0,0.0,1991,9477
2020-12-14 04:00:00,5580.0,1836.163078930202,2160.0,58.5,85.5,0.0,0.0,0.0,0.0,0.0,1732,9720
2020-12-14 05:00:00,5580.0,2002.163078930201,2160.0,58.5,85.5,0.0,0.0,0.0,0.0,0.0,2167,9886
2020-12-14 06:00:00,5580.0,2253.6,2160.0,58.5,85.5,169.56307893020107,0.0,1200.0,0.0,0.0,1863,11507
2020-12-14 07:00:00,5580.0,2253.6,2160.0,58.5,85.5,864.563078930202,0.0,1200.0,0.0,0.0,2240,12202
2020-12-14 08:00:00,5580.0,1204.7890195776868,2160.0,58.5,85.5,303.3740593525139,0.0,1200.0,0.0,0.0,4099,10592
2020-12-14 09:00:00,5580.0,1204.789019577687,2160.0,58.5,85.5,1511.3740593525145,0.0,1200.0,0.0,0.0,2928,11800
2020-12-14 10:00:00,5580.0,2194.163078930201,2160.0,58.5,85.5,0.0,0.0,0.0,0.0,0.0,4641,10078
2020-12-14 11:00:00,5580.0,1204.789019577687,2160.0,58.5,85.5,1078.3740593525145,0.0,1200.0,0.0,0.0,3427,11367
2020-12-14 12:00:00,5580.0,1798.163078930201,2160.0,58.5,85.5,0.0,0.0,0.0,0.0,0.0,5032,9682
2020-12-14 13:00:00,5580.0,2221.2,2160.0,58.5,85.5,0.0,0.0,434.96307893020185,0.0,0.0,3850,10540
2020-12-14 14:00:00,5580.0,1344.1630789302012,2160.0,58.5,85.5,0.0,0.0,0.0,0.0,0.0,4900,9228
2020-12-14 15:00:00,5580.0,1433.163078930201,2160.0,58.5,85.5,0.0,0.0,0.0,0.0,0.0,4681,9317
2020-12-14 16:00:00,5580.0,1690.163078930202,2160.0,58.5,85.5,0.0,0.0,1200.0,0.0,0.0,3315,10774
2020-12-14 17:00:00,5580.0,2608.2,2160.0,58.5,85.5,0.0,0.0,118.96307893020104,0.0,0.0,4247,10611
2020-12-14 18:00:00,5580.0,1204.789019577687,2160.0,58.5,85.5,717.3740593525145,0.0,1200.0,0.0,0.0,4318,11006
2020-12-14 19:00:00,5580.0,1920.9637186599227,2160.0,58.5,85.5,286.19936027027927,0.0,1200.0,0.0,0.0,4192,11291
2020-12-14 20:00:00,5580.0,1248.9999999999995,2160.0,58.5,85.5,1850.163078930202,0.0,1200.0,0.0,0.0,2384,12183
2020-12-14 21:00:00,5580.0,2106.9156078310743,2160.0,58.5,85.5,0.0,0.0,244.2474710991264,0.0,0.0,3500,10235
2020-12-14 22:00:00,5580.0,2071.163078930201,2160.0,58.5,85.5,0.0,0.0,0.0,0.0,0.0,3912,9955
2020-12-14 23:00:00,5580.0,2120.1630789302026,2160.0,58.5,85.5,0.0,0.0,0.0,0.0,0.0,3952,10004
2020-12-15 00:00:00,5580.0,2409.1630789302017,2160.0,58.5,85.5,0.0,0.0,0.0,0.0,0.0,3194,10293
2020-12-15 01:00:00,5580.0,2608.2000000000007,2160.0,58.5,85.5,10.963078930202414,0.0,0.0,0.0,0.0,2748,10503
2020-12-15 02:00:00,5580.0,2253.5999999999995,2160.0,58.5,85.5,402.5630789302022,0.0,0.0,0.0,0.0,2516,10540
2020-12-15 03:00:00,5580.0,2253.6000000000013,2160.0,58.5,85.5,0.0,0.0,171.5630789302022,0.0,0.0,2387,10309
2020-12-15 04:00:00,5580.0,2253.5999999999995,2160.0,58.5,85.5,0.0,0.0,115.5630789302022,0.0,0.0,2423,10253
2020-12-15 05:00:00,5580.0,2253.6000000000013,2160.0,58.5,85.5,0.0,0.0,801.5630789302022,0.0,0.0,2353,10939
2020-12-15 06:00:00,5580.0,2608.2000000000003,2160.0,58.5,85.5,0.0,0.0,1073.9630789302016,0.0,0.0,3040,11566
2020-12-15 07:00:00,5580.0,2608.2,2160.0,58.5,85.5,379.96307893020173,0.0,1200.0,0.0,0.0,3575,12072
2020-12-15 08:00:00,5580.0,2608.199999999999,2160.0,58.5,85.5,0.0,0.0,1196.963078930203,0.0,0.0,4101,11689
2020-12-15 09:00:00,5580.0,2608.2000000000003,2160.0,58.5,85.5,730.9630789302016,0.0,0.0,0.0,0.0,4475,11223
2020-12-15 10:00:00,5580.0,1866.600000000001,2160.0,58.5,85.5,3042.5630789302013,0.0,0.0,0.0,0.0,2773,12793
2020-12-15 11:00:00,5580.0,1176.9999999999993,2160.0,58.5,85.5,3532.1630789302003,0.0,0.0,0.0,0.0,2954,12593
2020-12-15 12:00:00,5580.0,1866.6,2160.0,58.5,85.5,2793.5630789302027,0.0,0.0,0.0,0.0,2869,12544
2020-12-15 13:00:00,5580.0,1866.6000000000004,2160.0,58.5,85.5,2270.5630789302018,0.0,0.0,0.0,0.0,3047,12021
2020-12-15 14:00:00,5580.0,2372.1630789302026,2160.0,58.5,85.5,0.0,0.0,0.0,0.0,0.0,4575,10256
2020-12-15 15:00:00,5580.0,2521.1630789302017,2160.0,58.5,85.5,0.0,0.0,0.0,0.0,0.0,4299,10405
2020-12-15 16:00:00,5580.0,2003.7211939645322,2160.0,58.5,85.5,926.4418849656691,0.0,0.0,0.0,0.0,4015,10814
2020-12-15 17:00:00,5580.0,2221.1999999999994,2160.0,58.5,85.5,1614.963078930202,0.0,0.0,0.0,0.0,3874,11720
2020-12-15 18:00:00,5580.0,1124.9999999999993,2160.0,58.5,85.5,4662.1630789302,0.0,0.0,0.0,0.0,2352,13671
2020-12-15 19:00:00,5580.0,1125.0000000000011,2160.0,58.5,85.5,4762.163078930202,0.0,0.0,0.0,0.0,2226,13771
2020-12-15 20:00:00,5580.0,1124.9999999999998,2160.0,58.5,85.5,2710.163078930202,0.0,0.0,0.0,0.0,3287,11719
2020-12-15 21:00:00,5580.0,1125.0000000000016,2160.0,58.5,85.5,2925.1630789302017,0.0,0.0,0.0,0.0,2251,11934
2020-12-15 22:00:00,5580.0,1124.9999999999995,2160.0,58.5,85.5,1790.1630789302026,0.0,0.0,0.0,0.0,3488,10799
2020-12-15 23:00:00,5580.0,3555.0,2160.0,58.5,85.5,233.16307893020257,0.0,0.0,0.0,0.0,2660,11672
2020-02-05 00:00:00,5580.0,1012.9999999999999,1080.0,58.5,85.5,0.0,0.0,0.0,0.0,0.0,2628,9920
2020-02-05 01:00:00,5580.0,1012.9999999999999,1080.0,58.5,85.5,0.0,0.0,0.0,0.0,0.0,1296,11000
2020-02-05 02:00:00,5580.0,1012.9999999999999,1080.0,58.5,85.5,0.0,0.0,0.0,0.0,0.0,2147,9924
2020-02-05 03:00:00,5580.0,-2.728484105318785e-13,1080.0,58.5,85.5,3078.163078930201,0.0,0.0,0.0,0.0,1776,9882
2020-02-05 04:00:00,5580.0,2.728484105318785e-13,1080.0,58.5,85.5,0.0,0.0,0.0,0.0,0.0,1139,10459
2020-02-05 05:00:00,5580.0,2.728484105318785e-13,1080.0,58.5,85.5,0.0,0.0,0.0,0.0,0.0,1083,11054
2020-02-05 06:00:00,5580.0,2.728484105318785e-13,1080.0,58.5,85.5,0.0,0.0,0.0,0.0,0.0,1133,12177
2020-02-05 07:00:00,5580.0,1.818989403545857e-13,2160.0,58.5,85.5,0.0,0.0,0.0,0.0,0.0,2038,12292
2020-02-05 08:00:00,5580.0,0.0,2160.0,58.5,85.5,0.0,0.0,0.0,0.0,0.0,2588,11959
2020-02-05 09:00:00,5580.0,1.818989403545857e-13,2160.0,58.5,85.5,0.0,0.0,0.0,0.0,0.0,3265,11317
2020-02-05 10:00:00,5580.0,-2.728484105318785e-13,2160.0,58.5,85.5,2939.1630789302017,0.0,0.0,0.0,0.0,3694,10823
2020-02-05 11:00:00,5580.0,0.0,2160.0,58.5,85.5,0.0,0.0,0.0,0.0,0.0,3552,10977
2020-02-05 12:00:00,5580.0,2.728484105318785e-13,2160.0,58.5,85.5,0.0,0.0,0.0,0.0,0.0,3755,10701
2020-02-05 13:00:00,5580.0,0.0,2160.0,58.5,85.5,0.0,0.0,0.0,0.0,0.0,4202,9881
2020-02-05 14:00:00,5580.0,2.728484105318785e-13,2160.0,58.5,85.5,0.0,0.0,0.0,0.0,0.0,3826,9899
2020-02-05 15:00:00,5580.0,2.2737367544323264e-14,2160.0,58.5,85.5,1440.1630789302014,0.0,0.0,0.0,0.0,4062,9324
2020-02-05 16:00:00,5580.0,-2.0463630789890893e-13,2160.0,58.5,85.5,0.0,0.0,0.0,0.0,0.0,3471,9803
2020-02-05 17:00:00,5580.0,2.27373675443232e-14,2160.0,58.5,85.5,0.0,0.0,0.0,0.0,0.0,3146,10413
2020-02-05 18:00:00,5580.0,1.818989403545857e-13,2160.0,58.5,85.5,0.0,0.0,0.0,0.0,0.0,2584,11813
2020-02-05 19:00:00,5580.0,-2.728484105318785e-13,2160.0,58.5,85.5,0.0,0.0,0.0,0.0,0.0,2212,12039
2020-02-05 20:00:00,5580.0,1.818989403545857e-13,2160.0,58.5,85.5,0.0,0.0,0.0,0.0,0.0,1996,11519
2020-02-05 21:00:00,5580.0,-2.0463630789890893e-13,2160.0,58.5,85.5,3061.163078930201,0.0,0.0,0.0,0.0,1959,10945
2020-02-05 22:00:00,5580.0,0.0,2160.0,58.5,85.5,0.0,0.0,0.0,0.0,0.0,3054,10083
2020-02-05 23:00:00,5580.0,-2.728484105318785e-13,2160.0,58.5,85.5,0.0,0.0,0.0,0.0,0.0,3049,10206
2020-02-06 00:00:00,5580.0,2.728484105318785e-13,2160.0,58.5,85.5,0.0,0.0,0.0,0.0,0.0,2603,10116
2020-02-06 01:00:00,5580.0,0.0,2160.0,58.5,85.5,2859.1630789302008,0.0,0.0,0.0,0.0,1642,10743
2020-02-06 02:00:00,5580.0,-1.818989403545857e-13,2160.0,58.5,85.5,2723.1630789302017,0.0,0.0,0.0,0.0,1479,10607
2020-02-06 03:00:00,5580.0,1.818989403545857e-13,2160.0,58.5,85.5,0.0,0.0,0.0,0.0,0.0,1414,10172
2020-02-06 04:00:00,5580.0,0.0,2160.0,58.5,85.5,0.0,0.0,0.0,0.0,0.0,1326,10050
2020-02-06 05:00:00,5580.0,-1.818989403545857e-13,2160.0,58.5,85.5,0.0,0.0,0.0,0.0,0.0,1476,10074
2020-02-06 06:00:00,5580.0,0.0,2160.0,58.5,85.5,0.0,0.0,0.0,0.0,0.0,1368,10522
2020-02-06 07:00:00,5580.0,-1.818989403545857e-13,2160.0,58.5,85.5,0.0,0.0,0.0,0.0,0.0,1612,10650
2020-02-06 08:00:00,5580.0,0.0,2160.0,58.5,85.5,0.0,0.0,0.0,0.0,0.0,2091,10647
2020-02-06 09:00:00,5580.0,1.818989403545857e-13,2160.0,58.5,85.5,0.0,0.0,0.0,0.0,0.0,2731,10435
2020-02-06 10:00:00,5580.0,0.0,2160.0,58.5,85.5,0.0,0.0,0.0,0.0,0.0,3232,9934
2020-02-06 11:00:00,5580.0,-1.818989403545857e-13,2160.0,58.5,85.5,0.0,0.0,0.0,0.0,0.0,3763,9416
2020-02-06 12:00:00,5580.0,1.818989403545857e-13,2160.0,58.5,85.5,0.0,0.0,0.0,0.0,0.0,4005,9331
2020-02-06 13:00:00,5580.0,0.0,2160.0,58.5,85.5,0.0,0.0,0.0,0.0,0.0,4270,8560
2020-02-06 14:00:00,5580.0,-1.818989403545857e-13,2160.0,58.5,85.5,0.0,0.0,0.0,0.0,0.0,4156,8242
2020-02-06 15:00:00,5580.0,0.0,2160.0,58.5,85.5,0.0,0.0,0.0,0.0,0.0,4140,7970
2020-02-06 16:00:00,5580.0,-1.818989403545857e-13,2160.0,58.5,85.5,174.16307893020166,0.0,0.0,0.0,0.0,4024,8058
2020-02-06 17:00:00,5580.0,0.0,2160.0,58.5,85.5,733.1630789302012,0.0,0.0,0.0,0.0,3870,8617
2020-02-06 18:00:00,5580.0,1.818989403545857e-13,2160.0,58.5,85.5,0.0,0.0,0.0,0.0,0.0,3577,9912
2020-02-06 19:00:00,5580.0,0.0,2160.0,58.5,85.5,0.0,0.0,0.0,0.0,0.0,3344,10190
2020-02-06 20:00:00,5580.0,-1.818989403545857e-13,2160.0,58.5,85.5,0.0,0.0,0.0,0.0,0.0,2940,10027
2020-02-06 21:00:00,5580.0,0.0,2160.0,58.5,85.5,0.0,0.0,0.0,0.0,0.0,2890,9538
2020-02-06 22:00:00,5580.0,0.0,2160.0,58.5,85.5,0.0,0.0,0.0,0.0,0.0,3122,9700
2020-02-06 23:00:00,5580.0,-1.818989403545857e-13,2160.0,58.5,85.5,0.0,0.0,0.0,0.0,0.0,2867,10289
2020-02-07 00:00:00,5580.0,0.0,2160.0,58.5,85.5,0.0,0.0,0.0,0.0,0.0,2713,10151
2020-02-07 01:00:00,5580.0,0.0,2160.0,58.5,85.5,0.0,0.0,0.0,0.0,0.0,2222,10397
2020-02-07 02:00:00,5580.0,0.0,2160.0,58.5,85.5,0.0,0.0,0.0,0.0,0.0,2041,10295
2020-02-07 03:00:00,5580.0,0.0,2160.0,58.5,85.5,2136.1630789302017,0.0,0.0,0.0,0.0,1794,10020
2020-02-07 04:00:00,5580.0,0.0,2160.0,58.5,85.5,0.0,0.0,0.0,0.0,0.0,1650,9902
2020-02-07 05:00:00,5580.0,-2.2737367544323226e-14,2160.0,58.5,85.5,0.0,0.0,0.0,0.0,0.0,1955,9654
2020-02-07 06:00:00,5580.0,0.0,2160.0,58.5,85.5,0.0,0.0,0.0,0.0,0.0,2084,9702
2020-02-07 07:00:00,5580.0,-4.263256414560601e-14,2160.0,58.5,85.5,0.0,0.0,0.0,0.0,0.0,1960,9982
2020-02-07 08:00:00,5580.0,-4.263256414560601e-14,2160.0,58.5,85.5,0.0,0.0,0.0,0.0,0.0,2256,10050
2020-02-07 09:00:00,5580.0,-4.263256414560601e-14,2160.0,58.5,85.5,0.0,0.0,0.0,0.0,0.0,2564,10241
2020-02-07 10:00:00,5580.0,-4.263256414560601e-14,2160.0,58.5,85.5,0.0,0.0,0.0,0.0,0.0,2927,10141
2020-02-07 11:00:00,5580.0,-2.728484105318785e-13,2160.0,58.5,85.5,0.0,0.0,0.0,0.0,0.0,4526,8687
2020-02-07 12:00:00,5580.0,0.0,2160.0,58.5,85.5,0.0,0.0,0.0,0.0,0.0,4756,8644
2020-02-07 13:00:00,5580.0,0.0,2160.0,58.5,85.5,1343.1630789302014,0.0,0.0,0.0,0.0,3494,9227
2020-02-07 14:00:00,5580.0,0.0,2160.0,58.5,85.5,0.0,0.0,0.0,0.0,0.0,3698,8390
2020-02-07 15:00:00,5580.0,6.366462912410498e-13,2160.0,58.5,85.5,0.0,1062.836921069798,0.0,0.0,0.0,4877,6821
2020-02-07 16:00:00,5580.0,-2.728484105318785e-13,2160.0,58.5,85.5,0.0,0.0,0.0,0.0,0.0,3500,8157
2020-02-07 17:00:00,5580.0,0.0,2160.0,58.5,85.5,0.0,0.0,0.0,0.0,0.0,3181,8920
2020-02-07 18:00:00,5580.0,0.0,2160.0,58.5,85.5,0.0,0.0,0.0,0.0,0.0,2708,10661
2020-02-07 19:00:00,5580.0,0.0,2160.0,58.5,85.5,0.0,0.0,0.0,0.0,0.0,3758,9991
2020-02-07 20:00:00,5580.0,0.0,2160.0,58.5,85.5,0.0,0.0,0.0,0.0,0.0,3474,9878
2020-02-07 21:00:00,5580.0,0.0,2160.0,58.5,85.5,0.0,0.0,0.0,0.0,0.0,2030,10795
2020-02-07 22:00:00,5580.0,-2.728484105318785e-13,2160.0,58.5,85.5,2482.035388127854,0.0,797.1276908023484,0.0,0.0,1972,11163
2020-02-07 23:00:00,5580.0,6.366462912410498e-13,2160.0,58.5,85.5,0.0,0.0,0.0,0.0,0.0,3179,10184
2020-02-08 00:00:00,5580.0,0.0,2160.0,58.5,85.5,0.0,0.0,0.0,0.0,0.0,2628,10498
2020-02-08 01:00:00,5580.0,0.0,2160.0,58.5,85.5,3470.163078930201,0.0,0.0,0.0,0.0,1633,11354
2020-02-08 02:00:00,5580.0,0.0,2160.0,58.5,85.5,2745.1630789302026,0.0,0.0,0.0,0.0,2202,10629
2020-02-08 03:00:00,5580.0,-2.728484105318785e-13,2160.0,58.5,85.5,0.0,0.0,0.0,0.0,0.0,1502,10929
2020-02-08 04:00:00,5580.0,0.0,2160.0,58.5,85.5,0.0,0.0,0.0,0.0,0.0,1830,10558
2020-02-08 05:00:00,5580.0,-2.728484105318785e-13,2160.0,58.5,85.5,0.0,0.0,0.0,0.0,0.0,1676,11353
2020-02-08 06:00:00,5580.0,2.728484105318785e-13,2160.0,58.5,85.5,4002.1630789302008,0.0,0.0,0.0,0.0,2375,11886
2020-02-08 07:00:00,5580.0,0.0,2160.0,58.5,85.5,0.0,0.0,0.0,0.0,0.0,1772,13489
2020-02-08 08:00:00,5580.0,0.0,2160.0,58.5,85.5,4154.163078930203,0.0,0.0,0.0,0.0,3424,12038
2020-02-08 09:00:00,5580.0,0.0,2160.0,58.5,85.5,4712.163078930203,0.0,0.0,0.0,0.0,2874,12596
2020-02-08 10:00:00,5580.0,0.0,2160.0,58.5,85.5,0.0,0.0,0.0,0.0,0.0,3262,12021
2020-02-08 11:00:00,5580.0,1.818989403545857e-13,2160.0,58.5,85.5,3747.1630789302017,0.0,0.0,0.0,0.0,3576,11631
2020-02-08 12:00:00,5580.0,-2.728484105318785e-13,2160.0,58.5,85.5,0.0,0.0,0.0,0.0,0.0,3884,11195
2020-02-08 13:00:00,5580.0,0.0,2160.0,58.5,85.5,0.0,0.0,0.0,0.0,0.0,4001,10706
2020-02-08 14:00:00,5580.0,-2.728484105318785e-13,2160.0,58.5,85.5,0.0,0.0,0.0,0.0,0.0,3966,10328
2020-02-08 15:00:00,5580.0,2.728484105318785e-13,2160.0,58.5,85.5,0.0,0.0,0.0,0.0,0.0,3874,10082
2020-02-08 16:00:00,5580.0,-2.728484105318785e-13,2160.0,58.5,85.5,0.0,0.0,0.0,0.0,0.0,3649,10226
2020-02-08 17:00:00,5580.0,0.0,2160.0,58.5,85.5,0.0,0.0,0.0,0.0,0.0,4400,9856
2020-02-08 18:00:00,5580.0,6.366462912410498e-13,2160.0,58.5,85.5,0.0,0.0,0.0,0.0,0.0,2678,12681
2020-02-08 19:00:00,5580.0,436.99999999999983,2160.0,58.5,85.5,0.0,0.0,0.0,0.0,0.0,3437,11897
2020-02-08 20:00:00,5580.0,1125.0,2160.0,58.5,85.5,0.0,0.0,0.0,0.0,0.0,3050,11474
2020-02-08 21:00:00,5580.0,436.99999999999955,2160.0,58.5,85.5,0.0,0.0,0.0,0.0,0.0,2842,10954
2020-02-08 22:00:00,5580.0,436.99999999999966,2160.0,58.5,85.5,0.0,0.0,0.0,0.0,0.0,1444,12572
2020-02-08 23:00:00,5580.0,1124.9999999999995,2160.0,58.5,85.5,0.0,0.0,0.0,0.0,0.0,1310,12817
2020-02-09 00:00:00,5580.0,559.9383959062301,2160.0,58.5,85.5,0.0,0.0,0.0,0.0,0.0,1282,12531
2020-02-09 01:00:00,5580.0,1125.0,2160.0,58.5,85.5,0.0,0.0,0.0,0.0,0.0,1152,12465
2020-02-09 02:00:00,5580.0,1125.0,2160.0,58.5,85.5,2533.1630789302017,0.0,0.0,0.0,0.0,1875,11542
2020-02-09 03:00:00,5580.0,1125.0,2160.0,58.5,85.5,2823.1630789302008,0.0,0.0,0.0,0.0,1181,11832
2020-02-09 04:00:00,5580.0,1125.0,2160.0,58.5,85.5,2719.1630789302017,0.0,0.0,0.0,0.0,1219,11728
2020-02-09 05:00:00,5580.0,1125.0000000000002,2160.0,58.5,85.5,0.0,0.0,0.0,0.0,0.0,1199,12315
2020-02-09 06:00:00,5580.0,1125.0,2160.0,58.5,85.5,3524.1630789302017,0.0,0.0,0.0,0.0,2192,12533
2020-02-09 07:00:00,5580.0,1125.000000000001,2160.0,58.5,85.5,0.0,0.0,0.0,0.0,0.0,2773,12934
2020-02-09 08:00:00,5580.0,1125.0,2160.0,58.5,85.5,0.0,0.0,0.0,0.0,0.0,3296,12662
2020-02-09 09:00:00,5580.0,1125.0,2160.0,58.5,85.5,0.0,0.0,0.0,0.0,0.0,2393,13589
2020-02-09 10:00:00,5580.0,1124.9999999999998,2160.0,58.5,85.5,0.0,0.0,0.0,0.0,0.0,2984,12848
2020-02-09 11:00:00,5580.0,1125.000000000001,2160.0,58.5,85.5,2232.1630789302008,0.0,0.0,0.0,0.0,4551,11241
2020-02-09 12:00:00,5580.0,1125.000000000001,2160.0,58.5,85.5,0.0,0.0,0.0,0.0,0.0,4786,10851
2020-02-09 13:00:00,5580.0,1124.9999999999998,2160.0,58.5,85.5,0.0,0.0,0.0,0.0,0.0,3798,11451
2020-02-09 14:00:00,5580.0,1125.000000000001,2160.0,58.5,85.5,0.0,0.0,0.0,0.0,0.0,3756,11100
2020-02-09 15:00:00,5580.0,1125.0,2160.0,58.5,85.5,0.0,0.0,0.0,0.0,0.0,3718,10806
2020-02-09 16:00:00,5580.0,2003.1630789302021,2160.0,58.5,85.5,0.0,0.0,0.0,0.0,0.0,4637,9887
2020-02-09 17:00:00,5580.0,2608.1999999999994,2160.0,58.5,85.5,0.0,0.0,0.0,0.0,0.0,3121,11817
2020-02-09 18:00:00,5580.0,2608.2000000000007,2160.0,58.5,85.5,0.0,0.0,0.0,0.0,0.0,4120,11926
2020-02-09 19:00:00,5580.0,2608.1999999999994,2160.0,58.5,85.5,0.0,0.0,0.0,0.0,0.0,1898,14024
2020-02-09 20:00:00,5580.0,2608.2000000000007,2160.0,58.5,85.5,2287.963078930201,0.0,0.0,0.0,0.0,2287,12780
2020-02-09 21:00:00,5580.0,2608.2000000000007,2160.0,58.5,85.5,2360.963078930201,0.0,0.0,0.0,0.0,1497,12853
2020-02-09 22:00:00,5580.0,2608.1999999999985,2160.0,58.5,85.5,0.0,0.0,0.0,0.0,0.0,1524,13010
2020-02-09 23:00:00,5580.0,2608.2,2160.0,58.5,85.5,0.0,0.0,0.0,0.0,0.0,3019,11622
2020-02-10 00:00:00,5580.0,2608.2,2160.0,58.5,85.5,0.0,0.0,0.0,0.0,0.0,2735,11443
2020-02-10 01:00:00,5580.0,2608.2,2160.0,58.5,85.5,2289.9630789302028,0.0,0.0,0.0,0.0,1199,12782
2020-02-10 02:00:00,5580.0,2608.2,2160.0,58.5,85.5,0.0,0.0,0.0,0.0,0.0,1132,12644
2020-02-10 03:00:00,5580.0,2608.2,2160.0,58.5,85.5,0.0,0.0,0.0,0.0,0.0,1142,12224
2020-02-10 04:00:00,5580.0,2608.2,2160.0,58.5,85.5,0.0,0.0,0.0,0.0,0.0,1160,12124
2020-02-10 05:00:00,5580.0,2608.2,2160.0,58.5,85.5,0.0,0.0,0.0,0.0,0.0,1791,12059
2020-02-10 06:00:00,5580.0,2608.2000000000003,2160.0,58.5,85.5,1370.90916503593,0.0,0.0,0.0,0.0,1245,13814
2020-02-10 07:00:00,5580.0,2608.2,2160.0,58.5,85.5,0.0,0.0,0.0,0.0,0.0,2712,13336
2020-02-10 08:00:00,5580.0,2608.2000000000003,2160.0,58.5,85.5,0.0,0.0,0.0,0.0,0.0,1862,14457
2020-02-10 09:00:00,5580.0,2608.2,2160.0,58.5,85.5,0.0,0.0,0.0,0.0,0.0,3943,12462
2020-02-10 10:00:00,5580.0,2608.2000000000003,2160.0,58.5,85.5,0.0,0.0,0.0,0.0,0.0,4350,11982
2020-02-10 11:00:00,5580.0,2608.2,2160.0,58.5,85.5,1217.9630789302014,0.0,0.0,0.0,0.0,4646,11710
2020-02-10 12:00:00,5580.0,2608.2,2160.0,58.5,85.5,0.0,0.0,0.0,0.0,0.0,3838,12447
2020-02-10 13:00:00,5580.0,2608.2,2160.0,58.5,85.5,0.0,0.0,0.0,0.0,0.0,4783,11159
2020-02-10 14:00:00,5580.0,2608.2,2160.0,58.5,85.5,0.0,0.0,0.0,0.0,0.0,4096,11453
2020-02-10 15:00:00,5580.0,2608.2000000000003,2160.0,58.5,85.5,0.0,0.0,0.0,0.0,0.0,4695,10501
2020-02-10 16:00:00,5580.0,2608.2,2160.0,58.5,85.5,0.0,0.0,0.0,0.0,0.0,3605,11540
2020-02-10 17:00:00,5580.0,2608.2000000000003,2160.0,58.5,85.5,0.0,0.0,0.0,0.0,0.0,4435,10970
2020-02-10 18:00:00,5580.0,2608.2,2160.0,58.5,85.5,3122.9630789302037,0.0,0.0,0.0,0.0,2739,13615
2020-02-10 19:00:00,5580.0,2608.2000000000003,2160.0,58.5,85.5,0.0,0.0,0.0,0.0,0.0,3639,12488
2020-02-10 20:00:00,5580.0,2608.2,2160.0,58.5,85.5,0.0,0.0,0.0,0.0,0.0,1792,13448
2020-02-10 21:00:00,5580.0,2608.2,2160.0,58.5,85.5,0.0,0.0,0.0,0.0,0.0,3127,11359
2020-02-10 22:00:00,5580.0,2608.2000000000003,2160.0,58.5,85.5,1089.9630789302014,0.0,0.0,0.0,0.0,3068,11582
2020-02-10 23:00:00,5580.0,2608.2,2160.0,58.5,85.5,0.0,0.0,0.0,0.0,0.0,2901,11848
2020-02-11 00:00:00,5580.0,2608.2000000000003,2160.0,58.5,85.5,954.9630789302,0.0,0.0,0.0,0.0,2835,11447
2020-02-11 01:00:00,5580.0,2608.2,2160.0,58.5,85.5,0.0,0.0,0.0,0.0,0.0,2455,11630
2020-02-11 02:00:00,5580.0,2608.2000000000003,2160.0,58.5,85.5,0.0,0.0,0.0,0.0,0.0,2157,11721
2020-02-11 03:00:00,5580.0,2608.2,2160.0,58.5,85.5,0.0,0.0,0.0,0.0,0.0,1066,12395
2020-02-11 04:00:00,5580.0,2608.2000000000003,2160.0,58.5,85.5,0.0,0.0,0.0,0.0,0.0,1064,12308
2020-02-11 05:00:00,5580.0,2608.2,2160.0,58.5,85.5,0.0,0.0,0.0,0.0,0.0,1782,12150
2020-02-11 06:00:00,5580.0,2608.2,2160.0,58.5,85.5,2525.9630789302,0.0,0.0,0.0,0.0,2111,13018
2020-02-11 07:00:00,5580.0,2608.2000000000003,2160.0,58.5,85.5,0.0,0.0,0.0,0.0,0.0,2681,13429
2020-02-11 08:00:00,5580.0,2608.2,2160.0,58.5,85.5,0.0,0.0,0.0,0.0,0.0,1718,14641
2020-02-11 09:00:00,5580.0,2608.2000000000003,2160.0,58.5,85.5,0.0,0.0,0.0,0.0,0.0,2400,14005
2020-02-11 10:00:00,5580.0,2608.2,2160.0,58.5,85.5,0.0,0.0,0.0,0.0,0.0,2953,13325
2020-02-11 11:00:00,5580.0,2608.2000000000003,2160.0,58.5,85.5,0.0,0.0,0.0,0.0,0.0,3328,12929
2020-02-11 12:00:00,5580.0,2608.2,2160.0,58.5,85.5,2107.9630789302,0.0,0.0,0.0,0.0,3508,12600
2020-02-11 13:00:00,5580.0,2608.2000000000003,2160.0,58.5,85.5,0.0,0.0,0.0,0.0,0.0,3615,12117
2020-02-11 14:00:00,5580.0,2608.2,2160.0,58.5,85.5,0.0,0.0,0.0,0.0,0.0,3574,11749
2020-02-11 15:00:00,5580.0,2359.1630789302008,2160.0,58.5,85.5,0.0,0.0,0.0,0.0,0.0,4719,10243
2020-02-11 16:00:00,5580.0,2464.163078930201,2160.0,58.5,85.5,0.0,0.0,0.0,0.0,0.0,4575,10348
2020-02-11 17:00:00,5580.0,2608.2000000000007,2160.0,58.5,85.5,0.0,0.0,0.0,0.0,0.0,2923,12327
2020-02-11 18:00:00,5580.0,2608.2000000000003,2160.0,58.5,85.5,0.0,0.0,0.0,0.0,0.0,3976,12312
2020-02-11 19:00:00,5580.0,2608.2,2160.0,58.5,85.5,0.0,0.0,0.0,0.0,0.0,3408,12708
2020-02-11 20:00:00,5580.0,2608.2000000000003,2160.0,58.5,85.5,0.0,0.0,0.0,0.0,0.0,3126,12192
2020-02-11 21:00:00,5580.0,2608.2,2160.0,58.5,85.5,0.0,0.0,0.0,0.0,0.0,3234,11391
2020-02-11 22:00:00,5580.0,2608.2,2160.0,58.5,85.5,1090.963078930201,0.0,0.0,0.0,0.0,3226,11583
2020-02-11 23:00:00,5580.0,3555.0,2160.0,58.5,85.5,0.0,0.0,0.0,0.0,0.0,3160,11751
2020-12-16 00:00:00,5580.0,1701.0,2160.0,58.5,85.5,1710.1630789302008,0.0,0.0,0.0,0.0,2552,11295
2020-12-16 01:00:00,5580.0,1701.0,2160.0,58.5,85.5,1632.1630789302008,0.0,0.0,0.0,0.0,2373,11217
2020-12-16 02:00:00,5580.0,1701.0,2160.0,58.5,85.5,1449.1630789302008,0.0,0.0,0.0,0.0,2328,11034
2020-12-16 03:00:00,5580.0,2145.038608228122,2160.0,58.5,85.5,538.124470702078,0.0,0.0,0.0,0.0,2394,10567
2020-12-16 04:00:00,5580.0,1413.0,2160.0,58.5,85.5,759.1630789302001,0.0,0.0,0.0,0.0,2834,10056
2020-12-16 05:00:00,5580.0,1413.0,2160.0,58.5,85.5,950.1630789302,0.0,0.0,0.0,0.0,3226,10247
2020-12-16 06:00:00,5580.0,1413.0000000000002,2160.0,58.5,85.5,1938.1630789302,0.0,0.0,0.0,0.0,3516,11235
2020-12-16 07:00:00,5580.0,436.9999999999999,2160.0,58.5,85.5,3339.1630789302003,0.0,0.0,0.0,0.0,4097,11660
2020-12-16 08:00:00,5580.0,1866.6,2160.0,58.5,85.5,1499.5630789302002,0.0,0.0,0.0,0.0,4639,11250
2020-12-16 09:00:00,5580.0,1263.678109590162,2160.0,58.5,85.5,1682.4849693400388,0.0,0.0,0.0,0.0,4936,10830
2020-12-16 10:00:00,5580.0,439.00000000000017,2160.0,58.5,85.5,2360.1630789302,0.0,0.0,0.0,0.0,4973,10683
2020-12-16 11:00:00,5580.0,741.6000000000003,2160.0,58.5,85.5,2362.5630789302013,0.0,0.0,0.0,0.0,4648,10988
2020-12-16 12:00:00,5580.0,354.60000000000053,2160.0,58.5,85.5,2680.5630789301995,0.0,0.0,0.0,0.0,4610,10919
2020-12-16 13:00:00,5580.0,3.637978807091713e-13,2160.0,58.5,85.5,2837.1630789302008,0.0,0.0,0.0,0.0,4464,10721
2020-12-16 14:00:00,5580.0,5.456968210637569e-13,2160.0,58.5,85.5,2450.1630789302,0.0,0.0,0.0,0.0,4537,10334
2020-12-16 15:00:00,5580.0,-4.547473508864643e-14,2160.0,58.5,85.5,2181.1630789302017,0.0,0.0,0.0,0.0,4623,10065
2020-12-16 16:00:00,5580.0,1.3642420526593928e-13,2160.0,58.5,85.5,2091.1630789302,0.0,0.0,0.0,0.0,4745,9975
2020-12-16 17:00:00,5580.0,-1.1368683772161605e-13,2160.0,58.5,85.5,2945.1630789302008,0.0,0.0,0.0,0.0,4570,10829
2020-12-16 18:00:00,5580.0,387.0000000000001,2160.0,58.5,85.5,3562.1630789302017,0.0,0.0,0.0,0.0,3975,11833
2020-12-16 19:00:00,5580.0,387.0,2160.0,58.5,85.5,3969.163078930202,0.0,0.0,0.0,0.0,3289,12240
2020-12-16 20:00:00,5580.0,387.0,2160.0,58.5,85.5,3530.1630789302017,0.0,0.0,0.0,0.0,2858,11801
2020-12-16 21:00:00,5580.0,387.0000000000001,2160.0,58.5,85.5,3026.1630789302008,0.0,0.0,0.0,0.0,2660,11297
2020-12-16 22:00:00,5580.0,387.0000000000001,2160.0,58.5,85.5,2938.1630789302017,0.0,0.0,0.0,0.0,2850,11209
2020-12-16 23:00:00,5580.0,1125.0000000000002,2160.0,58.5,85.5,2008.1630789302008,0.0,0.0,0.0,0.0,3090,11017
2020-12-17 00:00:00,5580.0,1512.0000000000002,2160.0,58.5,85.5,979.163078930201,0.0,0.0,0.0,0.0,3201,10375
2020-12-17 01:00:00,5580.0,1512.0000000000002,2160.0,58.5,85.5,615.1630789302019,0.0,0.0,0.0,0.0,3320,10011
2020-12-17 02:00:00,5580.0,1512.0000000000002,2160.0,58.5,85.5,300.163078930201,0.0,0.0,0.0,0.0,3399,9696
2020-12-17 03:00:00,5580.0,1338.1630789302012,2160.0,58.5,85.5,0.0,0.0,0.0,0.0,0.0,3468,9222
2020-12-17 04:00:00,5580.0,1125.0000000000002,2160.0,58.5,85.5,51.16307893020121,0.0,0.0,0.0,0.0,3569,9060
2020-12-17 05:00:00,5580.0,1409.1630789302017,2160.0,58.5,85.5,0.0,0.0,0.0,0.0,0.0,3911,9293
2020-12-17 06:00:00,5580.0,1866.6,2160.0,58.5,85.5,977.5630789302018,0.0,0.0,0.0,0.0,3716,10728
2020-12-17 07:00:00,5580.0,2221.2,2160.0,58.5,85.5,1138.9630789302014,0.0,0.0,0.0,0.0,4214,11244
2020-12-17 08:00:00,5580.0,2221.2,2160.0,58.5,85.5,821.9630789302018,0.0,0.0,0.0,0.0,4682,10927
2020-12-17 09:00:00,5580.0,1479.6,2160.0,58.5,85.5,700.5630789302018,0.0,0.0,0.0,0.0,5475,10064
2020-12-17 10:00:00,5580.0,1367.163078930202,2160.0,58.5,85.5,0.0,0.0,0.0,0.0,0.0,6139,9251
2020-12-17 11:00:00,5580.0,774.0000000000001,2160.0,58.5,85.5,128.16307893020144,0.0,0.0,0.0,0.0,6549,8786
2020-12-17 12:00:00,5580.0,387.00000000000074,2160.0,58.5,85.5,97.16307893020256,0.0,0.0,0.0,0.0,6828,8368
2020-12-17 13:00:00,5580.0,5.456968210637569e-13,2160.0,58.5,85.5,86.16307893020166,0.0,0.0,0.0,0.0,6857,7970
2020-12-17 14:00:00,5580.0,5.456968210637569e-13,2160.0,58.5,85.5,0.0,275.8369210697974,0.0,0.0,0.0,6899,7608
2020-12-17 15:00:00,5580.0,5.456968210637569e-13,2160.0,58.5,85.5,0.0,455.83692106979834,0.0,0.0,0.0,6891,7428
2020-12-17 16:00:00,5580.0,5.456968210637569e-13,2160.0,58.5,85.5,0.0,282.8369210697974,0.0,0.0,0.0,6695,7601
2020-12-17 17:00:00,5580.0,1031.1630789302014,2160.0,58.5,85.5,0.0,0.0,0.0,0.0,0.0,6051,8915
2020-12-17 18:00:00,5580.0,2231.163078930201,2160.0,58.5,85.5,0.0,0.0,0.0,0.0,0.0,5158,10115
2020-12-17 19:00:00,5580.0,2608.2,2160.0,58.5,85.5,0.0,0.0,193.96307893020196,0.0,0.0,4268,10686
2020-12-17 20:00:00,5580.0,2608.2,2160.0,58.5,85.5,0.0,0.0,270.9630789302013,0.0,0.0,3509,10763
2020-12-17 21:00:00,5580.0,2608.2,2160.0,58.5,85.5,0.0,0.0,37.96307893020105,0.0,0.0,3186,10530
2020-12-17 22:00:00,5580.0,2608.2,2160.0,58.5,85.5,212.9692433137616,0.0,257.9938356164406,0.0,0.0,2932,10963
2020-12-17 23:00:00,5580.0,2608.2,2160.0,58.5,85.5,769.9630789302016,0.0,0.0,0.0,0.0,2677,11262
2020-12-18 00:00:00,5580.0,2608.1999999999994,2160.0,58.5,85.5,215.96307893020096,0.0,0.0,0.0,0.0,2601,10708
2020-12-18 01:00:00,5580.0,2598.1630789302,2160.0,58.5,85.5,0.0,0.0,0.0,0.0,0.0,2518,10482
2020-12-18 02:00:00,5580.0,2514.1630789302008,2160.0,58.5,85.5,0.0,0.0,0.0,0.0,0.0,2282,10398
2020-12-18 03:00:00,5580.0,2265.1630789302,2160.0,58.5,85.5,0.0,0.0,0.0,0.0,0.0,2035,10149
2020-12-18 04:00:00,5580.0,2276.163078930201,2160.0,58.5,85.5,0.0,0.0,0.0,0.0,0.0,1814,10160
2020-12-18 05:00:00,5580.0,2486.1630789302,2160.0,58.5,85.5,0.0,0.0,0.0,0.0,0.0,1814,10370
2020-12-18 06:00:00,5580.0,2159.1630789302,2160.0,58.5,85.5,0.0,0.0,0.0,0.0,0.0,2511,10043
2020-12-18 07:00:00,5580.0,1765.163078930201,2160.0,58.5,85.5,0.0,0.0,0.0,0.0,0.0,3344,9649
2020-12-18 08:00:00,5580.0,738.0000000000005,2160.0,58.5,85.5,1114.1630789301992,0.0,0.0,0.0,0.0,3726,9736
2020-12-18 09:00:00,5580.0,738.0000000000001,2160.0,58.5,85.5,996.1630789302016,0.0,0.0,0.0,0.0,4129,9618
2020-12-18 10:00:00,5580.0,351.00000000000034,2160.0,58.5,85.5,1202.1630789301998,0.0,0.0,0.0,0.0,4283,9437
2020-12-18 11:00:00,5580.0,350.9999999999999,2160.0,58.5,85.5,1055.163078930201,0.0,0.0,0.0,0.0,4448,9290
2020-12-18 12:00:00,5580.0,351.00000000000034,2160.0,58.5,85.5,1136.1630789301998,0.0,0.0,0.0,0.0,4538,9371
2020-12-18 13:00:00,5580.0,350.99999999999943,2160.0,58.5,85.5,1315.1630789302008,0.0,0.0,0.0,0.0,3806,9550
2020-12-18 14:00:00,5580.0,351.00000000000017,2160.0,58.5,85.5,312.1630789302001,0.0,0.0,0.0,0.0,4309,8547
2020-12-18 15:00:00,5580.0,387.0000000000001,2160.0,58.5,85.5,247.16307893020075,0.0,0.0,0.0,0.0,4036,8518
2020-12-18 16:00:00,5580.0,774.0000000000001,2160.0,58.5,85.5,90.16307893020166,0.0,0.0,0.0,0.0,3794,8748
2020-12-18 17:00:00,5580.0,774.0000000000005,2160.0,58.5,85.5,906.1630789301992,0.0,0.0,0.0,0.0,3679,9564
2020-12-18 18:00:00,5580.0,774.0000000000001,2160.0,58.5,85.5,2360.1630789302017,0.0,0.0,0.0,0.0,2666,11018
2020-12-18 19:00:00,5580.0,1125.0000000000007,2160.0,58.5,85.5,2368.1630789302008,0.0,0.0,0.0,0.0,2180,11377
2020-12-18 20:00:00,5580.0,2028.1630789302008,2160.0,58.5,85.5,0.0,0.0,0.0,0.0,0.0,3193,9912
2020-12-18 21:00:00,5580.0,1979.1630789301996,2160.0,58.5,85.5,0.0,0.0,0.0,0.0,0.0,2820,9863
2020-12-18 22:00:00,5580.0,2608.2,2160.0,58.5,85.5,771.963078930201,0.0,0.0,0.0,0.0,1732,11264
2020-12-18 23:00:00,5580.0,2159.1630789302,2160.0,58.5,85.5,0.0,0.0,0.0,0.0,0.0,3262,10043
2020-12-19 00:00:00,5580.0,2067.1630789302,2160.0,58.5,85.5,0.0,0.0,0.0,0.0,0.0,2972,9951
2020-12-19 01:00:00,5580.0,2186.1630789302008,2160.0,58.5,85.5,0.0,0.0,0.0,0.0,0.0,2566,10070
2020-12-19 02:00:00,5580.0,2164.1630789302,2160.0,58.5,85.5,0.0,0.0,0.0,0.0,0.0,2264,10048
2020-12-19 03:00:00,5580.0,1972.163078930201,2160.0,58.5,85.5,0.0,0.0,0.0,0.0,0.0,1909,9856
2020-12-19 04:00:00,5580.0,1824.1630789301998,2160.0,58.5,85.5,0.0,0.0,0.0,0.0,0.0,1755,9708
2020-12-19 05:00:00,5580.0,1527.163078930201,2160.0,58.5,85.5,0.0,0.0,0.0,0.0,0.0,2106,9411
2020-12-19 06:00:00,5580.0,738.0000000000001,2160.0,58.5,85.5,235.16307893020095,0.0,0.0,0.0,0.0,2827,8857
2020-12-19 07:00:00,5580.0,351.0000000000001,2160.0,58.5,85.5,44.16307893020098,0.0,0.0,0.0,0.0,3603,8279
2020-12-19 08:00:00,5580.0,351.00000000000034,2160.0,58.5,85.5,4.163078930199845,0.0,0.0,0.0,0.0,3990,8239
2020-12-19 09:00:00,5580.0,248.16307893020257,2160.0,58.5,85.5,0.0,0.0,0.0,0.0,0.0,4525,8132
2020-12-19 10:00:00,5580.0,436.9999999999997,2160.0,58.5,85.5,0.0,37.83692106979902,0.0,0.0,0.0,4663,8283
2020-12-19 11:00:00,5580.0,1039.1630789301996,2160.0,58.5,85.5,0.0,0.0,0.0,0.0,0.0,4204,8923
2020-12-19 12:00:00,5580.0,626.163078930201,2160.0,58.5,85.5,0.0,0.0,0.0,0.0,0.0,4871,8510
2020-12-19 13:00:00,5580.0,302.0000000000001,2160.0,58.5,85.5,0.0,114.83692106979947,0.0,0.0,0.0,4755,8071
2020-12-19 14:00:00,5580.0,-1.3642420526593923e-13,2160.0,58.5,85.5,0.0,612.8369210697965,0.0,0.0,0.0,5026,7271
2020-12-19 15:00:00,5580.0,1.3642420526593928e-13,2160.0,58.5,85.5,0.0,737.8369210697973,0.0,0.0,0.0,4884,7146
2020-12-19 16:00:00,5580.0,-1.3642420526593923e-13,2160.0,58.5,85.5,0.0,725.8369210697972,0.0,0.0,0.0,4784,7158
2020-12-19 17:00:00,5580.0,229.16307893020206,2160.0,58.5,85.5,0.0,0.0,0.0,0.0,0.0,4484,8113
2020-12-19 18:00:00,5580.0,738.0000000000003,2160.0,58.5,85.5,0.0,0.0,198.16307893019984,0.0,0.0,4157,8820
2020-12-19 19:00:00,5580.0,951.1630789302004,2160.0,58.5,85.5,0.0,0.0,0.0,0.0,0.0,3934,8835
2020-12-19 20:00:00,5580.0,1119.1630789302003,2160.0,58.5,85.5,0.0,0.0,0.0,0.0,0.0,3381,9003
2020-12-19 21:00:00,5580.0,1009.1630789302011,2160.0,58.5,85.5,0.0,0.0,0.0,0.0,0.0,3046,8893
2020-12-19 22:00:00,5580.0,1413.1630789301998,2160.0,58.5,85.5,0.0,0.0,0.0,0.0,0.0,2717,9297
2020-12-19 23:00:00,5580.0,679.1630789302012,2160.0,58.5,85.5,0.0,0.0,0.0,0.0,0.0,3601,8563
2020-12-20 00:00:00,5580.0,1377.1630789302014,2160.0,58.5,85.5,0.0,0.0,0.0,0.0,0.0,2558,9261
2020-12-20 01:00:00,5580.0,741.5999999999995,2160.0,58.5,85.5,0.0,0.0,246.5630789302013,0.0,0.0,2650,8872
2020-12-20 02:00:00,5580.0,387.00000000000074,2160.0,58.5,85.5,0.0,0.0,319.16307893020166,0.0,0.0,2629,8590
2020-12-20 03:00:00,5580.0,223.16307893020334,2160.0,58.5,85.5,0.0,0.0,0.0,0.0,0.0,2660,8107
2020-12-20 04:00:00,5580.0,188.16307893020297,2160.0,58.5,85.5,0.0,0.0,0.0,0.0,0.0,2622,8072
2020-12-20 05:00:00,5580.0,606.1630789302016,2160.0,58.5,85.5,0.0,0.0,0.0,0.0,0.0,2806,8490
2020-12-20 06:00:00,5580.0,1622.1630789302014,2160.0,58.5,85.5,0.0,0.0,0.0,0.0,0.0,2990,9506
2020-12-20 07:00:00,5580.0,2253.6000000000004,2160.0,58.5,85.5,0.0,0.0,169.56307893020062,0.0,0.0,3238,10307
2020-12-20 08:00:00,5580.0,2253.5999999999995,2160.0,58.5,85.5,0.0,0.0,152.56307893020153,0.0,0.0,3590,10290
2020-12-20 09:00:00,5580.0,1467.1630789302008,2160.0,58.5,85.5,0.0,0.0,0.0,0.0,0.0,4617,9351
2020-12-20 10:00:00,5580.0,1611.1630789302008,2160.0,58.5,85.5,0.0,0.0,0.0,0.0,0.0,4463,9495
2020-12-20 11:00:00,5580.0,1714.163078930202,2160.0,58.5,85.5,0.0,0.0,0.0,0.0,0.0,4436,9598
2020-12-20 12:00:00,5580.0,1459.1630789302012,2160.0,58.5,85.5,0.0,0.0,0.0,0.0,0.0,4633,9343
2020-12-20 13:00:00,5580.0,940.1630789302012,2160.0,58.5,85.5,0.0,0.0,0.0,0.0,0.0,4868,8824
2020-12-20 14:00:00,5580.0,590.1630789302021,2160.0,58.5,85.5,0.0,0.0,0.0,0.0,0.0,4977,8474
2020-12-20 15:00:00,5580.0,452.99999999999983,2160.0,58.5,85.5,0.0,114.83692106979856,0.0,0.0,0.0,5039,8222
2020-12-20 16:00:00,5580.0,459.1630789302002,2160.0,58.5,85.5,0.0,0.0,0.0,0.0,0.0,4975,8343
2020-12-20 17:00:00,5580.0,1251.1630789302012,2160.0,58.5,85.5,0.0,0.0,0.0,0.0,0.0,4839,9135
2020-12-20 18:00:00,5580.0,2173.1630789302017,2160.0,58.5,85.5,0.0,0.0,0.0,0.0,0.0,4350,10057
2020-12-20 19:00:00,5580.0,2221.1999999999994,2160.0,58.5,85.5,251.9630789302014,0.0,0.0,0.0,0.0,3626,10357
2020-12-20 20:00:00,5580.0,2221.2000000000007,2160.0,58.5,85.5,54.92540769731579,0.0,40.03767123288469,0.0,0.0,3112,10200
2020-12-20 21:00:00,5580.0,2196.163078930201,2160.0,58.5,85.5,0.0,0.0,0.0,0.0,0.0,2614,10080
2020-12-20 22:00:00,5580.0,1464.1630789302012,2160.0,58.5,85.5,0.0,0.0,0.0,0.0,0.0,3461,9348
2020-12-20 23:00:00,5580.0,1609.1630789302012,2160.0,58.5,85.5,0.0,0.0,0.0,0.0,0.0,3368,9493
2020-12-21 00:00:00,5580.0,2077.163078930201,2160.0,58.5,85.5,0.0,0.0,0.0,0.0,0.0,2412,9961
2020-12-21 01:00:00,5580.0,1505.1630789301998,2160.0,58.5,85.5,0.0,0.0,0.0,0.0,0.0,2658,9389
2020-12-21 02:00:00,5580.0,1536.1630789302005,2160.0,58.5,85.5,0.0,0.0,0.0,0.0,0.0,2356,9420
2020-12-21 03:00:00,5580.0,1347.1630789301994,2160.0,58.5,85.5,0.0,0.0,0.0,0.0,0.0,2088,9231
2020-12-21 04:00:00,5580.0,1276.1630789302,2160.0,58.5,85.5,0.0,0.0,0.0,0.0,0.0,2047,9160
2020-12-21 05:00:00,5580.0,1607.1630789301992,2160.0,58.5,85.5,0.0,0.0,0.0,0.0,0.0,2201,9491
2020-12-21 06:00:00,5580.0,2058.1630789302,2160.0,58.5,85.5,0.0,0.0,0.0,0.0,0.0,2841,9942
2020-12-21 07:00:00,5580.0,2608.2,2160.0,58.5,85.5,0.0,0.0,631.9630789302013,0.0,0.0,2561,11124
2020-12-21 08:00:00,5580.0,1821.1630789301998,2160.0,58.5,85.5,0.0,0.0,0.0,0.0,0.0,4209,9705
2020-12-21 09:00:00,5580.0,1495.1630789302012,2160.0,58.5,85.5,0.0,0.0,0.0,0.0,0.0,4523,9379
2020-12-21 10:00:00,5580.0,1334.1630789301994,2160.0,58.5,85.5,0.0,0.0,0.0,0.0,0.0,4656,9218
2020-12-21 11:00:00,5580.0,1144.163078930201,2160.0,58.5,85.5,0.0,0.0,0.0,0.0,0.0,4895,9028
2020-12-21 12:00:00,5580.0,1033.1630789301994,2160.0,58.5,85.5,0.0,0.0,0.0,0.0,0.0,4944,8917
2020-12-21 13:00:00,5580.0,939.163078930201,2160.0,58.5,85.5,0.0,0.0,0.0,0.0,0.0,4769,8823
2020-12-21 14:00:00,5580.0,668.1630789301996,2160.0,58.5,85.5,0.0,0.0,0.0,0.0,0.0,4787,8552
2020-12-21 15:00:00,5580.0,522.1630789301983,2160.0,58.5,85.5,0.0,0.0,0.0,0.0,0.0,4701,8406
2020-12-21 16:00:00,5580.0,772.163078930201,2160.0,58.5,85.5,0.0,0.0,0.0,0.0,0.0,4413,8656
2020-12-21 17:00:00,5580.0,1470.1630789301994,2160.0,58.5,85.5,0.0,0.0,0.0,0.0,0.0,4225,9354
2020-12-21 18:00:00,5580.0,1852.1630789302012,2160.0,58.5,85.5,0.0,0.0,0.0,0.0,0.0,4117,9736
2020-12-21 19:00:00,5580.0,1640.1630789301992,2160.0,58.5,85.5,0.0,0.0,0.0,0.0,0.0,4056,9524
2020-12-21 20:00:00,5580.0,1466.163078930201,2160.0,58.5,85.5,0.0,0.0,0.0,0.0,0.0,3494,9350
2020-12-21 21:00:00,5580.0,1375.1630789301996,2160.0,58.5,85.5,0.0,0.0,0.0,0.0,0.0,2935,9259
2020-12-21 22:00:00,5580.0,1279.1630789301998,2160.0,58.5,85.5,0.0,0.0,0.0,0.0,0.0,3143,9163
2020-12-21 23:00:00,5580.0,2221.2000000000003,2160.0,58.5,85.5,457.9630789301991,0.0,0.0,0.0,0.0,1801,10563
2020-12-22 00:00:00,5580.0,1100.163078930201,2160.0,58.5,85.5,0.0,0.0,0.0,0.0,0.0,2794,8984
2020-12-22 01:00:00,5580.0,1180.1630789302014,2160.0,58.5,85.5,0.0,0.0,0.0,0.0,0.0,2373,9064
2020-12-22 02:00:00,5580.0,882.1630789302023,2160.0,58.5,85.5,0.0,0.0,0.0,0.0,0.0,2379,8766
2020-12-22 03:00:00,5580.0,764.1630789302012,2160.0,58.5,85.5,0.0,0.0,0.0,0.0,0.0,2032,8648
2020-12-22 04:00:00,5580.0,731.1630789302025,2160.0,58.5,85.5,0.0,0.0,0.0,0.0,0.0,1951,8615
2020-12-22 05:00:00,5580.0,950.1630789302017,2160.0,58.5,85.5,0.0,0.0,0.0,0.0,0.0,2210,8834
2020-12-22 06:00:00,5580.0,1351.163078930201,2160.0,58.5,85.5,0.0,0.0,0.0,0.0,0.0,2908,9235
2020-12-22 07:00:00,5580.0,1866.6000000000008,2160.0,58.5,85.5,1736.5630789302004,0.0,0.0,0.0,0.0,1570,11487
2020-12-22 08:00:00,5580.0,1512.0000000000007,2160.0,58.5,85.5,54.1630789302003,0.0,0.0,0.0,0.0,3860,9450
2020-12-22 09:00:00,5580.0,1228.1630789302005,2160.0,58.5,85.5,0.0,0.0,0.0,0.0,0.0,4230,9112
2020-12-22 10:00:00,5580.0,1125.1630789302017,2160.0,58.5,85.5,0.0,0.0,0.0,0.0,0.0,4349,9009
2020-12-22 11:00:00,5580.0,1088.1630789302003,2160.0,58.5,85.5,0.0,0.0,0.0,0.0,0.0,4495,8972
2020-12-22 12:00:00,5580.0,1479.6,2160.0,58.5,85.5,519.5630789302022,0.0,0.0,0.0,0.0,3580,9883
2020-12-22 13:00:00,5580.0,894.1630789302004,2160.0,58.5,85.5,0.0,0.0,0.0,0.0,0.0,4433,8778
2020-12-22 14:00:00,5580.0,802.1630789302021,2160.0,58.5,85.5,0.0,0.0,0.0,0.0,0.0,4305,8686
2020-12-22 15:00:00,5580.0,1310.163078930201,2160.0,58.5,85.5,0.0,0.0,0.0,0.0,0.0,3581,9194
2020-12-22 16:00:00,5580.0,1541.1630789302003,2160.0,58.5,85.5,0.0,0.0,0.0,0.0,0.0,3361,9425
2020-12-22 17:00:00,5580.0,1490.1630789302008,2160.0,58.5,85.5,0.0,0.0,0.0,0.0,0.0,3973,9374
2020-12-22 18:00:00,5580.0,1724.1630789302008,2160.0,58.5,85.5,0.0,0.0,0.0,0.0,0.0,4056,9608
2020-12-22 19:00:00,5580.0,1584.9626690048035,2160.0,58.5,85.5,24.200409925398617,0.0,0.0,0.0,0.0,3905,9493
2020-12-22 20:00:00,5580.0,1377.1630789302021,2160.0,58.5,85.5,0.0,0.0,0.0,0.0,0.0,3421,9261
2020-12-22 21:00:00,5580.0,996.1630789302018,2160.0,58.5,85.5,0.0,0.0,0.0,0.0,0.0,3140,8880
2020-12-22 22:00:00,5580.0,630.163078930202,2160.0,58.5,85.5,0.0,0.0,0.0,0.0,0.0,3633,8514
2020-12-22 23:00:00,4770.0,2426.4,0.0,0.0,0.0,1259.7630789302011,0.0,0.0,0.0,0.0,3775,8456
2020-12-23 00:00:00,4770.0,1479.6,0.0,58.5,85.5,2720.5630789302018,0.0,0.0,0.0,0.0,2544,9114
2020-12-23 01:00:00,4770.0,1479.6,0.0,58.5,85.5,2897.5630789302018,0.0,0.0,0.0,0.0,2042,9291
2020-12-23 02:00:00,4770.0,1479.5999999999995,0.0,58.5,85.5,2775.5630789302018,0.0,0.0,0.0,0.0,1897,9169
2020-12-23 03:00:00,4770.0,2608.2,0.0,58.5,85.5,1292.9630789302028,0.0,0.0,0.0,0.0,1820,8815
2020-12-23 04:00:00,4770.0,2608.2000000000003,0.0,58.5,85.5,1132.9630789302014,0.0,0.0,0.0,0.0,1902,8655
2020-12-23 05:00:00,4770.0,2608.2000000000003,0.0,58.5,85.5,1545.9630789302023,0.0,0.0,0.0,0.0,2003,9068
2020-12-23 06:00:00,4770.0,2608.199999999999,0.0,58.5,85.5,2541.963078930203,0.0,0.0,0.0,0.0,2149,10064
2020-12-23 07:00:00,4770.0,2372.2000000000003,2160.0,58.5,85.5,1285.9630789302012,0.0,0.0,0.0,0.0,2460,10732
2020-12-23 08:00:00,4770.0,1701.0,2160.0,58.5,85.5,1888.1630789302017,0.0,0.0,0.0,0.0,2834,10663
2020-12-23 09:00:00,4770.0,1701.0,2160.0,58.5,85.5,1559.1630789302017,0.0,0.0,0.0,0.0,3258,10334
2020-12-23 10:00:00,4770.0,1701.0,2160.0,58.5,85.5,1294.1630789302026,0.0,0.0,0.0,0.0,3576,10069
2020-12-23 11:00:00,4770.0,1701.0,2160.0,58.5,85.5,1206.1630789302017,0.0,0.0,0.0,0.0,3786,9981
2020-12-23 12:00:00,4770.0,1701.0,2160.0,58.5,85.5,1063.1630789302026,0.0,0.0,0.0,0.0,3928,9838
2020-12-23 13:00:00,4770.0,1701.0,2160.0,58.5,85.5,751.1630789302017,0.0,0.0,0.0,0.0,4023,9526
2020-12-23 14:00:00,4770.0,1700.9999999999998,2160.0,58.5,85.5,472.1630789302026,0.0,0.0,0.0,0.0,4094,9247
2020-12-23 15:00:00,4770.0,1259.738326941281,2160.0,58.5,85.5,801.4247519889212,0.0,0.0,0.0,0.0,4064,9135
2020-12-23 16:00:00,4770.0,1125.0000000000005,2160.0,58.5,85.5,1076.1630789302017,0.0,0.0,0.0,0.0,3967,9275
2020-12-23 17:00:00,4770.0,1125.0,2160.0,58.5,85.5,1985.163078930202,0.0,0.0,0.0,0.0,3657,10184
2020-12-23 18:00:00,4770.0,571.4299616479686,2160.0,58.5,85.5,3174.733117282233,0.0,0.0,0.0,0.0,3344,10820
2020-12-23 19:00:00,4770.0,437.0000000000001,2160.0,58.5,85.5,3530.1630789302026,0.0,0.0,0.0,0.0,3000,11041
2020-12-23 20:00:00,4770.0,-1.818989403545857e-13,2160.0,58.5,85.5,3555.1630789302026,0.0,0.0,0.0,0.0,2622,10629
2020-12-23 21:00:00,4770.0,2.728484105318785e-13,2160.0,58.5,85.5,2810.1630789302026,0.0,0.0,0.0,0.0,2617,9884
2020-12-23 22:00:00,4770.0,424.99999999999983,2160.0,58.5,85.5,2640.1630789302026,0.0,0.0,0.0,0.0,2514,10139
2020-12-23 23:00:00,5580.0,1483.1999999999998,2160.0,58.5,85.5,996.9630789302026,0.0,0.0,0.0,0.0,2389,10364
2020-12-24 00:00:00,5580.0,1923.163078930202,2160.0,58.5,85.5,0.0,0.0,0.0,0.0,0.0,2422,9807
2020-12-24 01:00:00,5580.0,1846.163078930201,2160.0,58.5,85.5,0.0,0.0,0.0,0.0,0.0,2184,9730
2020-12-24 02:00:00,5580.0,1412.9999999999995,2160.0,58.5,85.5,281.1630789302021,0.0,0.0,0.0,0.0,2091,9578
2020-12-24 03:00:00,5580.0,1412.9999999999995,2160.0,58.5,85.5,9.163078930202118,0.0,0.0,0.0,0.0,1940,9306
2020-12-24 04:00:00,5580.0,1536.1630789302014,2160.0,58.5,85.5,0.0,0.0,0.0,0.0,0.0,1747,9420
2020-12-24 05:00:00,5580.0,1479.6,2160.0,58.5,85.5,419.56307893020175,0.0,0.0,0.0,0.0,1864,9783
2020-12-24 06:00:00,5580.0,354.5999999999998,2160.0,58.5,85.5,2448.5630789302018,0.0,0.0,0.0,0.0,1995,10687
2020-12-24 07:00:00,5580.0,741.6000000000003,2160.0,58.5,85.5,2902.5630789302013,0.0,0.0,0.0,0.0,2077,11528
2020-12-24 08:00:00,5580.0,741.5999999999996,2160.0,58.5,85.5,2934.5630789302004,0.0,0.0,0.0,0.0,2319,11560
2020-12-24 09:00:00,5580.0,741.5999999999999,2160.0,58.5,85.5,2743.5630789302013,0.0,0.0,0.0,0.0,2574,11369
2020-12-24 10:00:00,5580.0,741.5999999999996,2160.0,58.5,85.5,2303.563078930202,0.0,0.0,0.0,0.0,3015,10929
2020-12-24 11:00:00,5580.0,1.818989403545857e-13,2160.0,58.5,85.5,2868.1630789302026,0.0,0.0,0.0,0.0,3187,10752
2020-12-24 12:00:00,5580.0,1.818989403545857e-13,2160.0,58.5,85.5,2876.1630789302026,0.0,0.0,0.0,0.0,3120,10760
2020-12-24 13:00:00,5580.0,1124.9999999999995,2160.0,58.5,85.5,1344.163078930202,0.0,0.0,0.0,0.0,3235,10353
2020-12-24 14:00:00,5580.0,1125.0000000000005,2160.0,58.5,85.5,1319.163078930202,0.0,0.0,0.0,0.0,3039,10328
2020-12-24 15:00:00,5580.0,1124.9999999999995,2160.0,58.5,85.5,1068.163078930202,0.0,0.0,0.0,0.0,3081,10077
2020-12-24 16:00:00,5580.0,1125.0000000000005,2160.0,58.5,85.5,1032.163078930202,0.0,0.0,0.0,0.0,3143,10041
2020-12-24 17:00:00,5580.0,1124.9999999999995,2160.0,58.5,85.5,1746.163078930202,0.0,0.0,0.0,0.0,3124,10755
2020-12-24 18:00:00,5580.0,1125.0,2160.0,58.5,85.5,2143.1630789302017,0.0,0.0,0.0,0.0,3068,11152
2020-12-24 19:00:00,5580.0,1124.9999999999995,2160.0,58.5,85.5,2082.163078930202,0.0,0.0,0.0,0.0,3039,11091
2020-12-24 20:00:00,5580.0,1899.0000000000005,2160.0,58.5,85.5,699.163078930201,0.0,0.0,0.0,0.0,2931,10482
2020-12-24 21:00:00,5580.0,1864.1630789302014,2160.0,58.5,85.5,0.0,0.0,0.0,0.0,0.0,3050,9748
2020-12-24 22:00:00,5580.0,2121.1630789302017,2160.0,58.5,85.5,0.0,0.0,0.0,0.0,0.0,3017,10005
2020-12-24 23:00:00,5580.0,2172.1630789302017,2160.0,58.5,85.5,0.0,0.0,0.0,0.0,0.0,3098,10056
2020-12-25 00:00:00,5580.0,1561.1630789302017,2160.0,58.5,85.5,0.0,0.0,0.0,0.0,0.0,3265,9445
2020-12-25 01:00:00,5580.0,1314.1630789302,2160.0,58.5,85.5,0.0,0.0,0.0,0.0,0.0,3204,9198
2020-12-25 02:00:00,5580.0,1219.1630789302003,2160.0,58.5,85.5,0.0,0.0,0.0,0.0,0.0,3000,9103
2020-12-25 03:00:00,5580.0,893.1630789302009,2160.0,58.5,85.5,0.0,0.0,0.0,0.0,0.0,2844,8777
2020-12-25 04:00:00,5580.0,710.1630789302013,2160.0,58.5,85.5,0.0,0.0,0.0,0.0,0.0,2855,8594
2020-12-25 05:00:00,5580.0,1006.1630789302012,2160.0,58.5,85.5,0.0,0.0,0.0,0.0,0.0,2785,8890
2020-12-25 06:00:00,5580.0,1300.1630789302005,2160.0,58.5,85.5,0.0,0.0,0.0,0.0,0.0,2897,9184
2020-12-25 07:00:00,5580.0,1184.1630789302008,2160.0,58.5,85.5,0.0,0.0,0.0,0.0,0.0,3461,9068
2020-12-25 08:00:00,5580.0,1539.1630789302003,2160.0,58.5,85.5,0.0,0.0,0.0,0.0,0.0,3564,9423
2020-12-25 09:00:00,5580.0,975.1630789302004,2160.0,58.5,85.5,0.0,0.0,0.0,0.0,0.0,4431,8859
2020-12-25 10:00:00,5580.0,1131.1630789302,2160.0,58.5,85.5,0.0,0.0,0.0,0.0,0.0,4292,9015
2020-12-25 11:00:00,5580.0,663.163078930201,2160.0,58.5,85.5,0.0,0.0,0.0,0.0,0.0,4818,8547
2020-12-25 12:00:00,5580.0,738.0000000000003,2160.0,58.5,85.5,74.16307893019984,0.0,0.0,0.0,0.0,4903,8696
2020-12-25 13:00:00,5580.0,611.1630789302012,2160.0,58.5,85.5,0.0,0.0,0.0,0.0,0.0,4610,8495
2020-12-25 14:00:00,5580.0,227.16307893020314,2160.0,58.5,85.5,0.0,0.0,0.0,0.0,0.0,4597,8111
2020-12-25 15:00:00,5580.0,0.0,2160.0,58.5,85.5,0.0,17.836921069796972,0.0,0.0,0.0,4714,7866
2020-12-25 16:00:00,5580.0,293.1630789302029,2160.0,58.5,85.5,0.0,0.0,0.0,0.0,0.0,4552,8177
2020-12-25 17:00:00,5580.0,1128.6000000000008,2160.0,58.5,85.5,179.18538812785357,0.0,13.377690802347727,0.0,0.0,4326,9205
2020-12-25 18:00:00,5580.0,2090.1630789302008,2160.0,58.5,85.5,0.0,0.0,0.0,0.0,0.0,4042,9974
2020-12-25 19:00:00,5580.0,2608.2,2160.0,58.5,85.5,420.96307893020014,0.0,0.0,0.0,0.0,3059,10913
2020-12-25 20:00:00,5580.0,2608.2,2160.0,58.5,85.5,283.96307893020105,0.0,0.0,0.0,0.0,2548,10776
2020-12-25 21:00:00,5580.0,2368.297203909101,2160.0,58.5,85.5,66.86587502109887,0.0,0.0,0.0,0.0,2323,10319
2020-12-25 22:00:00,5580.0,2608.2,2160.0,58.5,85.5,46.96307893020105,0.0,0.0,0.0,0.0,2363,10539
2020-12-25 23:00:00,5580.0,1701.0000000000005,2160.0,58.5,85.5,1127.1630789301998,0.0,0.0,0.0,0.0,2436,10712
2020-12-26 00:00:00,5580.0,1779.1630789302017,2160.0,58.5,85.5,0.0,0.0,0.0,0.0,0.0,2962,9663
2020-12-26 01:00:00,5580.0,1904.1630789302017,2160.0,58.5,85.5,0.0,0.0,0.0,0.0,0.0,2627,9788
2020-12-26 02:00:00,5580.0,1481.1630789302017,2160.0,58.5,85.5,0.0,0.0,0.0,0.0,0.0,2684,9365
2020-12-26 03:00:00,5580.0,931.1630789302017,2160.0,58.5,85.5,0.0,0.0,0.0,0.0,0.0,2559,8815
2020-12-26 04:00:00,5580.0,677.1630789302023,2160.0,58.5,85.5,0.0,0.0,0.0,0.0,0.0,2373,8561
2020-12-26 05:00:00,5580.0,706.1630789302017,2160.0,58.5,85.5,0.0,0.0,0.0,0.0,0.0,2240,8590
2020-12-26 06:00:00,5580.0,772.1630789302016,2160.0,58.5,85.5,0.0,0.0,0.0,0.0,0.0,2156,8656
2020-12-26 07:00:00,5580.0,-2.728484105318785e-13,2160.0,0.0,0.0,0.0,459.83692106979606,0.0,0.0,0.0,3478,7280
2020-12-26 08:00:00,5580.0,5.456968210637569e-13,2160.0,50.308762774529,85.5,0.0,1071.6456838443255,0.0,0.0,0.0,4017,6804
2020-12-26 09:00:00,5580.0,1.818989403545857e-13,2160.0,58.5,0.0,0.0,1097.336921069798,0.0,0.0,0.0,4348,6701
2020-12-26 10:00:00,5580.0,0.0,2160.0,0.0,0.0,0.0,869.8369210697963,0.0,0.0,0.0,4476,6870
2020-12-26 11:00:00,5580.0,6.366462912410498e-13,2160.0,0.0,0.0,0.0,852.8369210697967,0.0,0.0,0.0,4637,6887
2020-12-26 12:00:00,5580.0,-2.728484105318785e-13,2160.0,58.5,85.5,0.0,0.0,500.1630789302021,0.0,0.0,3394,8384
2020-12-26 13:00:00,5580.0,6.366462912410498e-13,2160.0,0.0,0.0,0.0,0.0,14.163078930203406,0.0,0.0,3517,7754
2020-12-26 14:00:00,5580.0,-2.728484105318785e-13,2160.0,0.0,0.0,0.0,561.8369210697963,0.0,0.0,0.0,3574,7178
2020-12-26 15:00:00,5580.0,1.3642420526593923e-13,2031.163078930202,0.0,0.0,0.0,1200.0,0.0,0.0,0.0,4066,6411
2020-12-26 16:00:00,5580.0,-5.456968210637569e-13,2160.0,0.0,0.0,0.0,495.8369210697965,0.0,0.0,0.0,3210,7244
2020-12-26 17:00:00,5580.0,5.456968210637569e-13,2160.0,0.0,0.0,0.0,208.83692106979652,0.0,0.0,0.0,3556,7531
2020-12-26 18:00:00,5580.0,5.456968210637569e-13,2160.0,0.0,0.0,0.0,222.83692106979652,0.0,0.0,0.0,3957,7517
2020-12-26 19:00:00,5580.0,-2.728484105318785e-13,2160.0,58.5,85.5,0.0,0.0,4.16307893020371,0.0,0.0,3571,7888
2020-12-26 20:00:00,5580.0,1.818989403545857e-13,2160.0,58.5,85.5,0.0,0.0,89.16307893020394,0.0,0.0,3227,7973
2020-12-26 21:00:00,5580.0,-5.456968210637569e-13,2160.0,58.5,85.5,0.0,0.0,41.16307893020348,0.0,0.0,2950,7925
2020-12-26 22:00:00,5580.0,5.456968210637569e-13,2160.0,58.5,85.5,0.0,0.0,119.16307893020348,0.0,0.0,3142,8003
2020-12-26 23:00:00,5580.0,-5.456968210637569e-13,2160.0,58.5,85.5,0.0,0.0,409.16307893020166,0.0,0.0,3074,8293
2020-12-27 00:00:00,5580.0,1.4551915228366853e-12,2160.0,58.5,85.5,982.1630789301998,0.0,1200.0,0.0,0.0,1333,10066
2020-12-27 01:00:00,5580.0,-2.728484105318785e-13,2160.0,58.5,85.5,0.0,0.0,885.1630789302018,0.0,0.0,2399,8769
2020-12-27 02:00:00,5580.0,1.4551915228366853e-12,2160.0,58.5,85.5,351.16307893019984,0.0,1200.0,0.0,0.0,1353,9435
2020-12-27 03:00:00,5580.0,1.4551915228366853e-12,2160.0,58.5,85.5,0.0,0.0,395.16307893019984,0.0,0.0,1845,8279
2020-12-27 04:00:00,5580.0,-5.456968210637569e-13,2160.0,58.5,85.5,0.0,0.0,423.16307893020166,0.0,0.0,1405,8307
2020-12-27 05:00:00,5580.0,0.0,2160.0,0.0,0.0,0.0,194.83692106979925,0.0,0.0,0.0,2083,7545
2020-12-27 06:00:00,5580.0,-5.456968210637569e-13,2160.0,0.0,0.0,0.0,829.8369210697983,0.0,0.0,0.0,2767,6910
2020-12-27 07:00:00,5580.0,3.637978807091713e-13,1881.1630789302021,0.0,0.0,0.0,1200.0,0.0,0.0,0.0,3446,6261
2020-12-27 08:00:00,5580.0,-5.456968210637569e-13,2160.0,0.0,0.0,0.0,0.0,6.163078930201664,0.0,0.0,2142,7746
2020-12-27 09:00:00,5580.0,3.637978807091713e-13,1512.1630789302021,0.0,0.0,0.0,1200.0,0.0,0.0,0.0,4302,5892
2020-12-27 10:00:00,5580.0,-5.456968210637569e-13,1751.1630789302037,0.0,0.0,0.0,1200.0,0.0,0.0,0.0,4415,6131
2020-12-27 11:00:00,5580.0,1.3642420526593928e-13,1834.1630789302026,0.0,0.0,0.0,1200.0,0.0,0.0,0.0,4571,6214
2020-12-27 12:00:00,5580.0,0.0,2160.0,0.0,0.0,0.0,0.0,93.16307893020075,0.0,0.0,3270,7833
2020-12-27 13:00:00,5580.0,5.456968210637569e-13,1746.163078930203,0.0,0.0,0.0,1200.0,0.0,0.0,0.0,4488,6126
2020-12-27 14:00:00,5580.0,-3.637978807091713e-13,1369.163078930203,0.0,0.0,0.0,1200.0,0.0,0.0,0.0,4358,5749
2020-12-27 15:00:00,5580.0,5.456968210637569e-13,1449.163078930203,0.0,0.0,0.0,1200.0,0.0,0.0,0.0,4064,5829
2020-12-27 16:00:00,5580.0,1.3642420526593928e-13,2160.0,0.0,0.0,0.0,1190.8369210697974,0.0,0.0,0.0,3325,6549
2020-12-27 17:00:00,5580.0,1.3642420526593928e-13,2160.0,0.0,0.0,0.0,835.8369210697983,0.0,0.0,0.0,3597,6904
2020-12-27 18:00:00,5580.0,1.3642420526593928e-13,2160.0,0.0,0.0,0.0,685.8369210698002,0.0,0.0,0.0,3790,7054
2020-12-27 19:00:00,5580.0,0.0,2160.0,0.0,0.0,0.0,813.8369210697983,0.0,0.0,0.0,3746,6926
2020-12-27 20:00:00,5580.0,-3.637978807091713e-13,2160.0,0.0,0.0,0.0,450.8369210697993,0.0,0.0,0.0,3196,7289
2020-12-27 21:00:00,5580.0,1.3642420526593928e-13,2160.0,0.0,0.0,0.0,401.8369210697993,0.0,0.0,0.0,2860,7338
2020-12-27 22:00:00,5580.0,5.456968210637569e-13,2160.0,0.0,0.0,0.0,626.8369210697983,0.0,0.0,0.0,3335,7113
2020-12-27 23:00:00,5580.0,1.3642420526593928e-13,2160.0,0.0,0.0,0.0,371.8369210697993,0.0,0.0,0.0,3304,7368
2020-12-28 00:00:00,5580.0,0.0,2160.0,0.0,0.0,0.0,94.83692106979744,0.0,0.0,0.0,2809,7645
2020-12-28 01:00:00,5580.0,0.0,2160.0,0.0,0.0,0.0,0.0,49.16307893020212,0.0,0.0,2402,7789
2020-12-28 02:00:00,5580.0,0.0,2160.0,0.0,61.16307893020207,0.0,0.0,0.0,0.0,0.0,2108,7801
2020-12-28 03:00:00,5580.0,0.0,2160.0,0.0,0.0,0.0,0.0,585.1630789302008,0.0,0.0,1124,8325
2020-12-28 04:00:00,5580.0,0.0,2160.0,0.0,0.0,0.0,207.83692106979743,0.0,0.0,0.0,1795,7532
2020-12-28 05:00:00,5580.0,0.0,2160.0,0.0,0.0,0.0,190.83692106979788,0.0,0.0,0.0,2104,7549
2020-12-28 06:00:00,5580.0,0.0,2160.0,0.0,0.0,0.0,227.83692106979788,0.0,0.0,0.0,2789,7512
2020-12-28 07:00:00,5580.0,0.0,2160.0,0.0,0.0,0.0,85.83692106979788,0.0,0.0,0.0,3249,7654
2020-12-28 08:00:00,5580.0,0.0,2160.0,58.5,85.5,242.16307893020212,0.0,1200.0,0.0,0.0,2042,9326
2020-12-28 09:00:00,5580.0,0.0,2160.0,0.0,0.0,0.0,326.8369210697974,0.0,0.0,0.0,4267,7413
2020-12-28 10:00:00,5580.0,0.0,2160.0,0.0,0.0,0.0,232.83692106979788,0.0,0.0,0.0,4368,7507
2020-12-28 11:00:00,5580.0,0.0,2160.0,58.5,85.5,0.0,0.0,641.1630789302021,0.0,0.0,3536,8525
2020-12-28 12:00:00,5580.0,0.0,2160.0,0.0,0.0,0.0,0.0,632.1630789302008,0.0,0.0,3899,8372
2020-12-28 13:00:00,5580.0,-5.456968210637569e-13,2160.0,0.0,0.0,0.0,0.0,4.163078930201664,0.0,0.0,4201,7744
2020-12-28 14:00:00,5580.0,0.0,2160.0,0.0,0.0,0.0,430.836921069799,0.0,0.0,0.0,4352,7309
2020-12-28 15:00:00,5580.0,0.0,2160.0,0.0,0.0,0.0,761.836921069799,0.0,0.0,0.0,4437,6978
2020-12-28 16:00:00,5580.0,0.0,2160.0,0.0,0.0,0.0,569.8369210697979,0.0,0.0,0.0,4209,7170
2020-12-28 17:00:00,5580.0,0.0,2160.0,0.0,85.5,0.0,0.0,284.6630789302012,0.0,0.0,3883,8110
2020-12-28 18:00:00,5580.0,0.0,2160.0,58.5,85.5,0.0,0.0,1190.1630789302026,0.0,0.0,3306,9074
2020-12-28 19:00:00,5580.0,5.456968210637569e-13,2160.0,58.5,0.0,0.0,0.0,424.66307893020166,0.0,0.0,3899,8223
2020-12-28 20:00:00,5580.0,0.0,2160.0,58.5,85.5,0.0,0.0,323.16307893020166,0.0,0.0,3352,8207
2020-12-28 21:00:00,5580.0,0.0,2160.0,0.0,85.5,0.0,0.0,210.6630789302012,0.0,0.0,3023,8036
2020-12-28 22:00:00,5580.0,-1.588063014423824e-13,2160.0,0.0,0.0,0.0,0.0,111.16307893020178,0.0,0.0,3457,7851
2020-12-28 23:00:00,5580.0,0.0,2160.0,0.0,0.0,0.0,0.0,117.1630789302012,0.0,0.0,3580,7857
2020-12-29 00:00:00,5580.0,-4.547473508864642e-13,2160.0,0.0,0.0,0.0,0.0,439.163078930203,0.0,0.0,2883,8179
2020-12-29 01:00:00,5580.0,1.0913936421275138e-12,2160.0,58.5,85.5,0.0,0.0,949.1630789302014,0.0,0.0,1923,8833
2020-12-29 02:00:00,5580.0,0.0,2160.0,0.0,85.5,0.0,0.0,489.6630789302021,0.0,0.0,2167,8315
2020-12-29 03:00:00,5580.0,1.0913936421275138e-12,2160.0,58.5,85.5,0.0,0.0,316.16307893020166,0.0,0.0,1850,8200
2020-12-29 04:00:00,5580.0,-3.637978807091712e-13,2160.0,0.0,85.5,0.0,0.0,230.66307893020348,0.0,0.0,1873,8056
2020-12-29 05:00:00,5580.0,5.456968210637569e-13,2160.0,0.0,85.5,0.0,0.0,320.6630789302035,0.0,0.0,2122,8146
2020-12-29 06:00:00,5580.0,0.0,2160.0,0.0,0.0,0.0,0.0,434.1630789302028,0.0,0.0,2767,8174
2020-12-29 07:00:00,5580.0,-3.637978807091712e-13,2160.0,0.0,85.5,0.0,0.0,166.66307893020348,0.0,0.0,3581,7992
2020-12-29 08:00:00,5580.0,-1.818989403545857e-13,2160.0,58.5,85.5,59.16307893020212,0.0,1200.0,0.0,0.0,2899,9143
2020-12-29 09:00:00,5580.0,7.275957614183425e-13,2160.0,55.16307893020304,0.0,0.0,0.0,0.0,0.0,0.0,4553,7795
2020-12-29 10:00:00,5580.0,1.0913936421275138e-12,2160.0,0.0,85.5,0.0,0.0,758.6630789302014,0.0,0.0,3932,8584
2020-12-29 11:00:00,5580.0,0.0,2160.0,0.0,0.0,0.0,0.0,79.16307893020394,0.0,0.0,4844,7819
2020-12-29 12:00:00,5580.0,1.0913936421275138e-12,2160.0,58.5,85.5,0.0,0.0,7.163078930203483,0.0,0.0,4905,7891
2020-12-29 13:00:00,5580.0,0.0,2160.0,0.0,0.0,0.0,313.83692106979606,0.0,0.0,0.0,5023,7426
2020-12-29 14:00:00,5580.0,0.0,2160.0,0.0,0.0,0.0,702.8369210697963,0.0,0.0,0.0,5085,7037
2020-12-29 15:00:00,5580.0,-2.2737367544323216e-13,2160.0,0.0,0.0,0.0,829.8369210697963,0.0,0.0,0.0,5002,6910
2020-12-29 16:00:00,5580.0,-2.2737367544323216e-13,2160.0,0.0,0.0,0.0,866.8369210697963,0.0,0.0,0.0,4979,6873
2020-12-29 17:00:00,5580.0,-1.0913936421275138e-12,2160.0,37.663078930204264,85.5,0.0,0.0,0.0,0.0,0.0,4623,7863
2020-12-29 18:00:00,5580.0,-1.818989403545857e-13,2160.0,58.5,85.5,0.0,0.0,956.1630789302016,0.0,0.0,3997,8840
2020-12-29 19:00:00,5580.0,5.456968210637569e-13,2160.0,58.5,85.5,0.0,0.0,1039.1630789302017,0.0,0.0,3765,8923
2020-12-29 20:00:00,5580.0,-1.0913936421275138e-12,2160.0,58.5,85.5,0.0,0.0,902.1630789302022,0.0,0.0,3285,8786
2020-12-29 21:00:00,5580.0,5.456968210637569e-13,2160.0,58.5,85.5,0.0,0.0,594.1630789302014,0.0,0.0,3045,8478
2020-12-29 22:00:00,5580.0,-3.637978807091713e-13,2160.0,0.0,48.07778864969498,0.0,0.0,728.085290280507,0.0,0.0,3257,8516
2020-12-29 23:00:00,5166.163078930202,3555.0,0.0,0.0,0.0,0.0,0.0,0.0,0.0,0.0,3218,8721
2020-02-12 00:00:00,5580.0,1678.9694035849095,2160.0,58.5,85.5,3426.193675345292,0.0,0.0,0.0,0.0,1538,12989
2020-02-12 01:00:00,5580.0,1012.9999999999997,2160.0,58.5,85.5,0.0,0.0,0.0,0.0,0.0,1507,12843
2020-02-12 02:00:00,5580.0,1012.9999999999997,2160.0,58.5,85.5,3805.1630789302,0.0,0.0,0.0,0.0,1450,12702
2020-02-12 03:00:00,5580.0,437.0000000000001,2160.0,58.5,85.5,0.0,0.0,0.0,0.0,0.0,1740,12019
2020-02-12 04:00:00,5580.0,1125.0,2160.0,58.5,85.5,3073.163078930202,0.0,0.0,0.0,0.0,1611,12082
2020-02-12 05:00:00,5580.0,437.0000000000001,2160.0,58.5,85.5,4314.163078930202,0.0,0.0,0.0,0.0,1635,12635
2020-02-12 06:00:00,5580.0,1125.0,2160.0,58.5,85.5,0.0,0.0,0.0,0.0,0.0,1662,13822
2020-02-12 07:00:00,5580.0,1.818989403545857e-13,2160.0,58.5,85.5,0.0,0.0,0.0,0.0,0.0,1976,14534
2020-02-12 08:00:00,5580.0,8.185452315956353e-13,2160.0,58.5,85.5,6000.0,0.0,0.0,0.0,0.0,2574,14225
2020-02-12 09:00:00,5580.0,1.818989403545857e-13,2160.0,58.5,85.5,0.0,0.0,0.0,0.0,0.0,3296,13638
2020-02-12 10:00:00,5580.0,0.0,2160.0,58.5,85.5,0.0,0.0,0.0,0.0,0.0,3774,13053
2020-02-12 11:00:00,5580.0,1.818989403545857e-13,2160.0,58.5,85.5,0.0,0.0,0.0,0.0,0.0,3240,13534
2020-02-12 12:00:00,5580.0,0.0,2160.0,58.5,85.5,5180.163078930202,0.0,0.0,0.0,0.0,3530,13064
2020-02-12 13:00:00,5580.0,4.547473508864643e-14,2160.0,58.5,85.5,4228.163078930202,0.0,0.0,0.0,0.0,4027,12112
2020-02-12 14:00:00,5580.0,-2.728484105318784e-13,2160.0,58.5,85.5,3368.1630789302017,0.0,0.0,0.0,0.0,4400,11252
2020-02-12 15:00:00,5580.0,8.185452315956353e-13,2160.0,58.5,85.5,0.0,0.0,0.0,0.0,0.0,4682,10555
2020-02-12 16:00:00,5580.0,-2.728484105318784e-13,2160.0,58.5,85.5,2383.1630789302017,0.0,0.0,0.0,0.0,4881,10267
2020-02-12 17:00:00,5580.0,8.185452315956353e-13,2160.0,58.5,85.5,3065.1630789302008,0.0,0.0,0.0,0.0,4562,10949
2020-02-12 18:00:00,5580.0,1125.000000000001,2160.0,58.5,85.5,3520.1630789302008,0.0,0.0,0.0,0.0,3977,12529
2020-02-12 19:00:00,5580.0,1125.0,2160.0,58.5,85.5,0.0,0.0,0.0,0.0,0.0,3614,12807
2020-02-12 20:00:00,5580.0,1125.0,2160.0,58.5,85.5,0.0,0.0,0.0,0.0,0.0,3227,12446
2020-02-12 21:00:00,5580.0,1125.0,2160.0,58.5,85.5,0.0,0.0,0.0,0.0,0.0,3131,11893
2020-02-12 22:00:00,5580.0,1.818989403545857e-13,2160.0,58.5,85.5,4465.163078930202,0.0,0.0,0.0,0.0,2950,12349
2020-02-12 23:00:00,5580.0,2.728484105318785e-13,2160.0,58.5,85.5,0.0,0.0,0.0,0.0,0.0,2581,12855
2020-02-13 00:00:00,5580.0,1.1823431123048065e-12,2160.0,58.5,85.5,4740.1630789302,0.0,0.0,0.0,0.0,2341,12624
2020-02-13 01:00:00,5580.0,-8.185452315956354e-13,2160.0,58.5,85.5,0.0,0.0,0.0,0.0,0.0,2080,12640
2020-02-13 02:00:00,5580.0,2.273736754432321e-13,2160.0,58.5,85.5,0.0,0.0,0.0,0.0,0.0,1989,12461
2020-02-13 03:00:00,5580.0,1.818989403545857e-13,2160.0,58.5,85.5,2340.1720565977903,0.0,0.0,0.0,0.0,1153,12842
2020-02-13 04:00:00,5580.0,0.0,2160.0,58.5,85.5,0.0,0.0,0.0,0.0,0.0,1457,12308
2020-02-13 05:00:00,5580.0,1.818989403545857e-13,2160.0,58.5,85.5,0.0,0.0,0.0,0.0,0.0,1389,12579
2020-02-13 06:00:00,5580.0,-2.728484105318785e-13,2160.0,58.5,85.5,5095.163078930202,0.0,0.0,0.0,0.0,1350,12979
2020-02-13 07:00:00,5580.0,1.818989403545857e-13,2160.0,58.5,85.5,0.0,0.0,0.0,0.0,0.0,1435,13313
2020-02-13 08:00:00,5580.0,-2.728484105318785e-13,2160.0,58.5,85.5,0.0,0.0,0.0,0.0,0.0,2021,13210
2020-02-13 09:00:00,5580.0,1.1823431123048065e-12,2160.0,58.5,85.5,0.0,0.0,0.0,0.0,0.0,2574,13090
2020-02-13 10:00:00,5580.0,354.5999999999997,2160.0,58.5,85.5,0.0,0.0,0.0,0.0,0.0,3188,12460
2020-02-13 11:00:00,5580.0,2253.6000000000004,2160.0,58.5,85.5,0.0,0.0,0.0,0.0,0.0,3726,11900
2020-02-13 12:00:00,5580.0,1701.0000000000005,2160.0,58.5,85.5,1846.1630789301992,0.0,0.0,0.0,0.0,4248,11431
2020-02-13 13:00:00,5580.0,2608.1999999999994,2160.0,58.5,85.5,0.0,0.0,0.0,0.0,0.0,4479,10554
2020-02-13 14:00:00,5580.0,1895.4580998491067,2160.0,58.5,85.5,132.7049790810935,0.0,0.0,0.0,0.0,4481,9912
2020-02-13 15:00:00,5580.0,1695.1630789302012,2160.0,58.5,85.5,0.0,0.0,0.0,0.0,0.0,4355,9579
2020-02-13 16:00:00,5580.0,1769.1630789302008,2160.0,58.5,85.5,0.0,0.0,0.0,0.0,0.0,4141,9653
2020-02-13 17:00:00,5580.0,1834.1999999999998,2160.0,58.5,85.5,0.0,0.0,0.0,0.0,0.0,3817,10325
2020-02-13 18:00:00,5580.0,1834.2000000000003,2160.0,58.5,85.5,0.0,0.0,0.0,0.0,0.0,3397,11808
2020-02-13 19:00:00,5580.0,2608.2,2160.0,58.5,85.5,0.0,0.0,0.0,0.0,0.0,2499,12835
2020-02-13 20:00:00,5580.0,2608.2,2160.0,58.5,85.5,0.0,0.0,0.0,0.0,0.0,2948,11874
2020-02-13 21:00:00,5580.0,2608.2000000000003,2160.0,58.5,85.5,963.9630789301996,0.0,0.0,0.0,0.0,2896,11456
2020-02-13 22:00:00,5580.0,2608.1999999999994,2160.0,58.5,85.5,0.0,0.0,0.0,0.0,0.0,1940,12826
2020-02-13 23:00:00,5580.0,2608.2000000000003,2160.0,58.5,85.5,0.0,0.0,0.0,0.0,0.0,2805,12210
2020-02-14 00:00:00,5580.0,2608.2,2160.0,58.5,85.5,2209.9630789302023,0.0,0.0,0.0,0.0,1980,12702
2020-02-14 01:00:00,5580.0,2608.2000000000003,2160.0,58.5,85.5,0.0,0.0,0.0,0.0,0.0,2303,12161
2020-02-14 02:00:00,5580.0,2608.2,2160.0,58.5,85.5,0.0,0.0,0.0,0.0,0.0,2001,12166
2020-02-14 03:00:00,5580.0,2608.2000000000003,2160.0,58.5,85.5,0.0,0.0,0.0,0.0,0.0,1693,11902
2020-02-14 04:00:00,5580.0,2608.2,2160.0,58.5,85.5,0.0,0.0,0.0,0.0,0.0,1697,11560
2020-02-14 05:00:00,5580.0,2608.2,2160.0,58.5,85.5,0.0,0.0,0.0,0.0,0.0,1638,11619
2020-02-14 06:00:00,5580.0,2608.2000000000003,2160.0,58.5,85.5,701.9630789302007,0.0,0.0,0.0,0.0,2162,11194
2020-02-14 07:00:00,5580.0,2608.2,2160.0,58.5,85.5,0.0,0.0,0.0,0.0,0.0,2586,10869
2020-02-14 08:00:00,5580.0,2608.2000000000003,2160.0,58.5,85.5,0.0,0.0,0.0,0.0,0.0,3123,10682
2020-02-14 09:00:00,5580.0,2608.2,2160.0,58.5,85.5,854.9630789302018,0.0,0.0,0.0,0.0,2981,11347
2020-02-14 10:00:00,5580.0,2424.1630789302008,2160.0,58.5,85.5,0.0,0.0,0.0,0.0,0.0,4284,10308
2020-02-14 11:00:00,5580.0,2221.2,2160.0,58.5,85.5,0.0,0.0,0.0,0.0,0.0,4600,10162
2020-02-14 12:00:00,5580.0,2130.1630789302008,2160.0,58.5,85.5,0.0,0.0,0.0,0.0,0.0,4916,10014
2020-02-14 13:00:00,5580.0,1124.9999999999995,2160.0,58.5,85.5,0.0,0.0,0.0,0.0,0.0,4877,9285
2020-02-14 14:00:00,5580.0,387.0000000000008,2160.0,58.5,85.5,0.0,0.0,0.0,0.0,0.0,4919,8464
2020-02-14 15:00:00,5580.0,2.5011104298755534e-13,2160.0,58.5,85.5,112.16307893020324,0.0,0.0,0.0,0.0,4826,7996
2020-02-14 16:00:00,5580.0,0.0,2160.0,58.5,85.5,0.0,0.0,0.0,0.0,0.0,4655,7958
2020-02-14 17:00:00,5580.0,446.16307893020087,2160.0,58.5,85.5,0.0,0.0,0.0,0.0,0.0,4524,8330
2020-02-14 18:00:00,5580.0,2004.163078930202,2160.0,58.5,85.5,0.0,0.0,0.0,0.0,0.0,4147,9888
2020-02-14 19:00:00,5580.0,2509.163078930201,2160.0,58.5,85.5,0.0,0.0,0.0,0.0,0.0,3809,10393
2020-02-14 20:00:00,5580.0,2608.2,2160.0,58.5,85.5,456.96307893020185,0.0,0.0,0.0,0.0,2888,10949
2020-02-14 21:00:00,5580.0,1966.1630789302008,2160.0,58.5,85.5,0.0,0.0,0.0,0.0,0.0,3555,9850
2020-02-14 22:00:00,5580.0,1961.1630789302017,2160.0,58.5,85.5,0.0,0.0,0.0,0.0,0.0,3824,9845
2020-02-14 23:00:00,5580.0,2258.1630789302008,2160.0,58.5,85.5,0.0,0.0,0.0,0.0,0.0,3675,10142
2020-02-15 00:00:00,5580.0,2608.2000000000003,2160.0,58.5,85.5,0.0,0.0,0.0,0.0,0.0,2614,10873
2020-02-15 01:00:00,5580.0,2608.1999999999994,2160.0,58.5,85.5,0.0,0.0,0.0,0.0,0.0,2085,11224
2020-02-15 02:00:00,5580.0,2608.2000000000003,2160.0,58.5,85.5,757.9630789302012,0.0,0.0,0.0,0.0,1833,11250
2020-02-15 03:00:00,5580.0,2608.2,2160.0,58.5,85.5,418.96307893020173,0.0,0.0,0.0,0.0,1720,10911
2020-02-15 04:00:00,5580.0,2608.2000000000003,2160.0,58.5,85.5,0.0,0.0,0.0,0.0,0.0,1603,10918
2020-02-15 05:00:00,5580.0,2608.2000000000007,2160.0,58.5,85.5,997.9630789302004,0.0,0.0,0.0,0.0,1583,11490
2020-02-15 06:00:00,5580.0,2608.2000000000007,2160.0,58.5,85.5,2174.9630789302014,0.0,0.0,0.0,0.0,1540,12667
2020-02-15 07:00:00,5580.0,2608.2,2160.0,58.5,85.5,2864.9630789301996,0.0,0.0,0.0,0.0,1656,13357
2020-02-15 08:00:00,5580.0,2608.2,2160.0,58.5,85.5,2609.9630789302014,0.0,0.0,0.0,0.0,2113,13102
2020-02-15 09:00:00,5580.0,2608.2000000000003,2160.0,58.5,85.5,0.0,0.0,0.0,0.0,0.0,2638,12613
2020-02-15 10:00:00,5580.0,2608.2,2160.0,58.5,85.5,1347.9630789302018,0.0,0.0,0.0,0.0,3297,11840
2020-02-15 11:00:00,5580.0,2608.2000000000003,2160.0,58.5,85.5,965.9630789302012,0.0,0.0,0.0,0.0,3656,11458
2020-02-15 12:00:00,5580.0,2608.2,2160.0,58.5,85.5,0.0,0.0,0.0,0.0,0.0,3877,11154
2020-02-15 13:00:00,5580.0,2572.163078930201,2160.0,58.5,85.5,0.0,0.0,0.0,0.0,0.0,4232,10456
2020-02-15 14:00:00,5580.0,-4.092726157978177e-13,2160.0,58.5,85.5,0.0,0.0,0.0,0.0,0.0,4442,9830
2020-02-15 15:00:00,5580.0,2.728484105318785e-13,2160.0,58.5,85.5,0.0,0.0,0.0,0.0,0.0,4440,9377
2020-02-15 16:00:00,5580.0,-2.728484105318785e-13,2160.0,58.5,85.5,0.0,0.0,0.0,0.0,0.0,4470,9080
2020-02-15 17:00:00,5580.0,9.094947017729285e-14,2160.0,58.5,85.5,1411.163078930201,0.0,0.0,0.0,0.0,4288,9295
2020-02-15 18:00:00,5580.0,2608.2000000000003,2160.0,58.5,85.5,0.0,0.0,0.0,0.0,0.0,3776,10623
2020-02-15 19:00:00,5580.0,2608.1999999999994,2160.0,58.5,85.5,219.96307893020173,0.0,0.0,0.0,0.0,3305,10712
2020-02-15 20:00:00,5580.0,2444.163078930202,2160.0,58.5,85.5,0.0,0.0,0.0,0.0,0.0,2966,10328
2020-02-15 21:00:00,5580.0,1857.1630789302014,2160.0,58.5,85.5,0.0,0.0,0.0,0.0,0.0,2953,9741
2020-02-15 22:00:00,5580.0,2099.1630789302017,2160.0,58.5,85.5,0.0,0.0,0.0,0.0,0.0,2864,9983
2020-02-15 23:00:00,5580.0,2269.1630789302017,2160.0,58.5,85.5,0.0,0.0,0.0,0.0,0.0,2778,10153
2020-02-16 00:00:00,5580.0,1712.1630789302021,2160.0,58.5,85.5,0.0,0.0,0.0,0.0,0.0,2821,9596
2020-02-16 01:00:00,5580.0,1850.1630789302026,2160.0,58.5,85.5,0.0,0.0,0.0,0.0,0.0,2414,9734
2020-02-16 02:00:00,5580.0,1758.1630789302012,2160.0,58.5,85.5,0.0,0.0,0.0,0.0,0.0,2187,9642
2020-02-16 03:00:00,5580.0,1419.1630789302012,2160.0,58.5,85.5,0.0,0.0,0.0,0.0,0.0,2017,9303
2020-02-16 04:00:00,5580.0,1334.1630789302028,2160.0,58.5,85.5,0.0,0.0,0.0,0.0,0.0,1919,9218
2020-02-16 05:00:00,5580.0,1716.1630789302017,2160.0,58.5,85.5,0.0,0.0,0.0,0.0,0.0,1965,9600
2020-02-16 06:00:00,5580.0,2619.163078930202,2160.0,58.5,85.5,0.0,0.0,0.0,0.0,0.0,2127,10503
2020-02-16 07:00:00,5580.0,2847.1630789302017,2160.0,58.5,85.5,0.0,0.0,0.0,0.0,0.0,2692,10731
2020-02-16 08:00:00,5580.0,2486.1630789302026,2160.0,58.5,85.5,0.0,0.0,0.0,0.0,0.0,3321,10370
2020-02-16 09:00:00,5580.0,2273.1630789302017,2160.0,58.5,85.5,0.0,0.0,0.0,0.0,0.0,3627,10157
2020-02-16 10:00:00,5580.0,1891.1630789302026,2160.0,58.5,85.5,0.0,0.0,0.0,0.0,0.0,3952,9775
2020-02-16 11:00:00,5580.0,1317.163078930202,2160.0,58.5,85.5,0.0,0.0,0.0,0.0,0.0,4562,9201
2020-02-16 12:00:00,5580.0,985.1630789302011,2160.0,58.5,85.5,0.0,0.0,0.0,0.0,0.0,4812,8869
2020-02-16 13:00:00,5580.0,372.1630789302023,2160.0,58.5,85.5,0.0,0.0,0.0,0.0,0.0,5083,8256
2020-02-16 14:00:00,5580.0,12.163078930200951,2160.0,58.5,85.5,0.0,0.0,0.0,0.0,0.0,5081,7896
2020-02-16 15:00:00,5580.0,-2.728484105318785e-13,2160.0,58.5,85.5,0.0,364.8369210697974,0.0,0.0,0.0,5109,7519
2020-02-16 16:00:00,5580.0,9.094947017729285e-14,2160.0,58.5,85.5,0.0,261.83692106979925,0.0,0.0,0.0,4834,7622
2020-02-16 17:00:00,5580.0,178.16307893020246,2160.0,58.5,85.5,0.0,0.0,0.0,0.0,0.0,4582,8062
2020-02-16 18:00:00,5580.0,1512.0,2160.0,58.5,85.5,0.0,0.0,102.16307893020166,0.0,0.0,4162,9498
2020-02-16 19:00:00,5580.0,1576.483855185908,2160.0,58.5,85.5,0.0,0.0,93.67922374429476,0.0,0.0,3854,9554
2020-02-16 20:00:00,5580.0,1633.1630789302017,2160.0,58.5,85.5,0.0,0.0,0.0,0.0,0.0,3323,9517
2020-02-16 21:00:00,5580.0,1780.1630789302026,2160.0,58.5,85.5,0.0,0.0,0.0,0.0,0.0,2660,9664
2020-02-16 22:00:00,5580.0,1748.1630789302023,2160.0,58.5,85.5,0.0,0.0,0.0,0.0,0.0,2874,9632
2020-02-16 23:00:00,5580.0,2163.163078930203,2160.0,58.5,85.5,0.0,0.0,0.0,0.0,0.0,2618,10047
2020-02-17 00:00:00,5580.0,1683.1630789302023,2160.0,58.5,85.5,0.0,0.0,0.0,0.0,0.0,2675,9567
2020-02-17 01:00:00,5580.0,2091.1630789302026,2160.0,58.5,85.5,0.0,0.0,0.0,0.0,0.0,2044,9975
2020-02-17 02:00:00,5580.0,2062.163078930202,2160.0,58.5,85.5,0.0,0.0,0.0,0.0,0.0,1825,9946
2020-02-17 03:00:00,5580.0,1829.1630789302021,2160.0,58.5,85.5,0.0,0.0,0.0,0.0,0.0,1632,9713
2020-02-17 04:00:00,5580.0,1628.1630789302021,2160.0,58.5,85.5,0.0,0.0,0.0,0.0,0.0,1733,9512
2020-02-17 05:00:00,5580.0,2180.163078930202,2160.0,58.5,85.5,0.0,0.0,0.0,0.0,0.0,1674,10064
2020-02-17 06:00:00,5580.0,2986.163078930201,2160.0,58.5,85.5,0.0,0.0,0.0,0.0,0.0,1980,10870
2020-02-17 07:00:00,5580.0,3286.163078930202,2160.0,58.5,85.5,0.0,0.0,0.0,0.0,0.0,2499,11170
2020-02-17 08:00:00,5580.0,3402.0,2160.0,58.5,85.5,0.0,0.0,274.1630789302011,0.0,0.0,2373,11560
2020-02-17 09:00:00,5580.0,2991.163078930202,2160.0,58.5,85.5,0.0,0.0,0.0,0.0,0.0,3123,10875
2020-02-17 10:00:00,5580.0,2173.1630789302017,2160.0,58.5,85.5,0.0,0.0,0.0,0.0,0.0,3824,10057
2020-02-17 11:00:00,5580.0,1551.1630789302023,2160.0,58.5,85.5,0.0,0.0,0.0,0.0,0.0,4429,9435
2020-02-17 12:00:00,5580.0,1163.1630789302014,2160.0,58.5,85.5,0.0,0.0,0.0,0.0,0.0,4694,9047
2020-02-17 13:00:00,5580.0,583.1630789302025,2160.0,58.5,85.5,0.0,0.0,0.0,0.0,0.0,4880,8467
2020-02-17 14:00:00,5580.0,194.1630789302022,2160.0,58.5,85.5,0.0,0.0,0.0,0.0,0.0,4869,8078
2020-02-17 15:00:00,5580.0,1.818989403545857e-13,2160.0,58.5,85.5,0.0,75.8369210697982,0.0,0.0,0.0,4729,7808
2020-02-17 16:00:00,5580.0,-1.3642420526593928e-13,2160.0,58.5,85.5,0.0,151.83692106979788,0.0,0.0,0.0,4534,7732
2020-02-17 17:00:00,5580.0,197.16307893020135,2160.0,58.5,85.5,0.0,0.0,0.0,0.0,0.0,4226,8081
2020-02-17 18:00:00,5580.0,1326.1630789302021,2160.0,58.5,85.5,0.0,0.0,0.0,0.0,0.0,3963,9210
2020-02-17 19:00:00,5580.0,1814.1630789302017,2160.0,58.5,85.5,0.0,0.0,0.0,0.0,0.0,3500,9698
2020-02-17 20:00:00,5580.0,1505.1630789302021,2160.0,58.5,85.5,0.0,0.0,0.0,0.0,0.0,3093,9389
2020-02-17 21:00:00,5580.0,1057.1630789302017,2160.0,58.5,85.5,0.0,0.0,0.0,0.0,0.0,2892,8941
2020-02-17 22:00:00,5580.0,1323.1630789302017,2160.0,58.5,85.5,0.0,0.0,0.0,0.0,0.0,2803,9207
2020-02-17 23:00:00,5580.0,2344.407697325504,2160.0,58.5,85.5,0.0,0.0,170.75538160469705,0.0,0.0,1776,10399
2020-02-18 00:00:00,5580.0,1180.1630789302021,2160.0,58.5,85.5,0.0,0.0,0.0,0.0,0.0,2673,9064
2020-02-18 01:00:00,5580.0,1270.1630789302021,2160.0,58.5,85.5,0.0,0.0,0.0,0.0,0.0,2332,9154
2020-02-18 02:00:00,5580.0,1582.1630789302021,2160.0,58.5,85.5,0.0,0.0,0.0,0.0,0.0,1733,9466
2020-02-18 03:00:00,5580.0,1312.1630789302021,2160.0,58.5,85.5,0.0,0.0,0.0,0.0,0.0,1551,9196
2020-02-18 04:00:00,5580.0,1080.1630789302021,2160.0,58.5,85.5,0.0,0.0,0.0,0.0,0.0,1668,8964
2020-02-18 05:00:00,5580.0,1347.1630789302021,2160.0,58.5,85.5,0.0,0.0,0.0,0.0,0.0,1872,9231
2020-02-18 06:00:00,5580.0,2113.1630789302026,2160.0,58.5,85.5,0.0,0.0,0.0,0.0,0.0,2206,9997
2020-02-18 07:00:00,5580.0,2588.163078930422,2160.0,58.5,85.5,0.0,0.0,0.0,0.0,0.0,2516,10472
2020-02-18 08:00:00,5580.0,2521.163078930202,2160.0,58.5,85.5,0.0,0.0,0.0,0.0,0.0,2797,10405
2020-02-18 09:00:00,5580.0,1955.1630789302017,2160.0,58.5,85.5,0.0,0.0,0.0,0.0,0.0,3400,9839
2020-02-18 10:00:00,5580.0,1550.1630789302021,2160.0,58.5,85.5,0.0,0.0,0.0,0.0,0.0,3701,9434
2020-02-18 11:00:00,5580.0,1222.1630789302012,2160.0,58.5,85.5,0.0,0.0,0.0,0.0,0.0,4024,9106
2020-02-18 12:00:00,5580.0,758.1630789302021,2160.0,58.5,85.5,0.0,0.0,0.0,0.0,0.0,4380,8642
2020-02-18 13:00:00,5580.0,730.1630789302025,2160.0,58.5,85.5,0.0,0.0,0.0,0.0,0.0,4037,8614
2020-02-18 14:00:00,5580.0,162.16307893020198,2160.0,58.5,85.5,0.0,0.0,0.0,0.0,0.0,4247,8046
2020-02-18 15:00:00,5580.0,152.16307893020132,2160.0,58.5,85.5,0.0,0.0,0.0,0.0,0.0,3903,8036
2020-02-18 16:00:00,5580.0,0.0,2160.0,58.5,85.5,0.0,200.8369210697988,0.0,0.0,0.0,4081,7683
2020-02-18 17:00:00,5580.0,150.99999999999983,2160.0,58.5,85.5,0.0,19.83692106979925,0.0,0.0,0.0,3863,8015
2020-02-18 18:00:00,5580.0,2184.657697325504,2160.0,58.5,85.5,0.0,0.0,165.50538160469853,0.0,0.0,2569,10234
2020-02-18 19:00:00,5580.0,1773.163078930202,2160.0,58.5,85.5,0.0,0.0,0.0,0.0,0.0,3153,9657
2020-02-18 20:00:00,5580.0,1435.1630789302014,2160.0,58.5,85.5,0.0,0.0,0.0,0.0,0.0,2768,9319
2020-02-18 21:00:00,5580.0,831.1630789302019,2160.0,58.5,85.5,0.0,0.0,0.0,0.0,0.0,2719,8715
2020-02-18 22:00:00,5580.0,1097.1630789302021,2160.0,58.5,85.5,0.0,0.0,0.0,0.0,0.0,2635,8981
2020-02-18 23:00:00,5580.0,2462.3999999999996,0.0,0.0,0.0,0.0,0.0,0.0,0.0,0.0,2542,9263
2020-02-19 00:00:00,5580.0,589.9999999999998,0.0,0.0,0.0,2576.1630789302017,0.0,0.0,0.0,0.0,2567,8746
2020-02-19 01:00:00,5580.0,589.9999999999998,0.0,0.0,0.0,3532.1630789302017,0.0,0.0,0.0,0.0,1329,9702
2020-02-19 02:00:00,5580.0,589.9999999999998,0.0,0.0,0.0,2745.1630789302017,0.0,0.0,0.0,0.0,1854,8915
2020-02-19 03:00:00,5580.0,-1.3642420526593928e-13,0.0,0.0,0.0,3561.1630789302008,0.0,0.0,0.0,0.0,1200,9141
2020-02-19 04:00:00,5580.0,0.0,0.0,0.0,0.0,3222.1630789302017,0.0,0.0,0.0,0.0,1425,8802
2020-02-19 05:00:00,5580.0,9.09494701772928e-14,0.0,0.0,0.0,3576.163078930202,0.0,0.0,0.0,0.0,1544,9156
2020-02-19 06:00:00,5580.0,0.0,0.0,0.0,0.0,4405.163078930202,0.0,0.0,0.0,0.0,1761,9985
2020-02-19 07:00:00,5580.0,-1.818989403545857e-13,2160.0,0.0,0.0,3482.163078930202,0.0,0.0,0.0,0.0,1327,11222
2020-02-19 08:00:00,5580.0,0.0,2160.0,0.0,0.0,2310.163078930202,0.0,0.0,0.0,0.0,2720,10050
2020-02-19 09:00:00,5580.0,0.0,2160.0,0.0,0.0,1738.163078930202,0.0,0.0,0.0,0.0,3358,9478
2020-02-19 10:00:00,5580.0,-1.3642420526593928e-13,2160.0,0.0,0.0,1923.1630789302008,0.0,0.0,0.0,0.0,3052,9663
2020-02-19 11:00:00,5580.0,0.0,2160.0,0.0,0.0,1550.1630789302017,0.0,0.0,0.0,0.0,3382,9290
2020-02-19 12:00:00,5580.0,-1.3642420526593928e-13,2160.0,0.0,0.0,485.1630789302007,0.0,0.0,0.0,0.0,4382,8225
2020-02-19 13:00:00,5580.0,0.0,2160.0,0.0,0.0,636.1630789302012,0.0,0.0,0.0,0.0,3806,8376
2020-02-19 14:00:00,5580.0,-1.3642420526593928e-13,2160.0,0.0,0.0,295.16307893020075,0.0,0.0,0.0,0.0,3792,8035
2020-02-19 15:00:00,5580.0,0.0,2160.0,0.0,0.0,61.163078930201664,0.0,0.0,0.0,0.0,3668,7801
2020-02-19 16:00:00,5580.0,-1.3642420526593928e-13,2160.0,0.0,0.0,0.0,520.8369210697974,0.0,0.0,0.0,4039,7219
2020-02-19 17:00:00,5580.0,9.09494701772928e-14,2160.0,0.0,0.0,273.53538812785405,0.0,390.62769080234807,0.0,0.0,2970,8404
2020-02-19 18:00:00,5580.0,9.09494701772928e-14,2160.0,0.0,0.0,795.1630789302021,0.0,0.0,0.0,0.0,3652,8535
2020-02-19 19:00:00,5580.0,-2.728484105318785e-13,2160.0,0.0,0.0,1528.1630789302012,0.0,0.0,0.0,0.0,3046,9268
2020-02-19 20:00:00,5580.0,-2.2737367544323188e-14,2160.0,0.0,0.0,1336.163078930202,0.0,0.0,0.0,0.0,2603,9076
2020-02-19 21:00:00,5580.0,-1.3642420526593928e-13,2160.0,0.0,0.0,2150.163078930201,0.0,0.0,0.0,0.0,1202,9890
2020-02-19 22:00:00,5580.0,0.0,2160.0,0.0,0.0,1222.1630789302012,0.0,0.0,0.0,0.0,2411,8962
2020-02-19 23:00:00,5580.0,-1.3642420526593928e-13,2160.0,0.0,0.0,1469.1630789302008,0.0,0.0,0.0,0.0,2421,9209
2020-02-20 00:00:00,5580.0,3.410605131648481e-13,2160.0,0.0,0.0,1129.1630789302017,0.0,0.0,0.0,0.0,2273,8869
2020-02-20 01:00:00,5580.0,-3.410605131648481e-13,2160.0,0.0,0.0,935.1630789302012,0.0,0.0,0.0,0.0,2172,8675
2020-02-20 02:00:00,5580.0,3.410605131648481e-13,2160.0,0.0,0.0,1821.1630789302017,0.0,0.0,0.0,0.0,1013,9561
2020-02-20 03:00:00,5580.0,3.410605131648481e-13,2160.0,0.0,0.0,886.1630789302017,0.0,0.0,0.0,0.0,1488,8626
2020-02-20 04:00:00,5580.0,-3.410605131648481e-13,2160.0,0.0,0.0,862.1630789302012,0.0,0.0,0.0,0.0,1330,8602
2020-02-20 05:00:00,5580.0,3.410605131648481e-13,2160.0,0.0,0.0,1361.1630789302017,0.0,0.0,0.0,0.0,1014,9101
2020-02-20 06:00:00,5580.0,-2.046363078989089e-13,2160.0,0.0,0.0,1429.1630789302003,0.0,0.0,0.0,0.0,1348,9169
2020-02-20 07:00:00,5580.0,2.3305801732931284e-13,2160.0,0.0,0.0,1584.163078930202,0.0,0.0,0.0,0.0,1514,9324
2020-02-20 08:00:00,5580.0,-3.410605131648481e-13,2160.0,0.0,0.0,2020.1630789302012,0.0,0.0,0.0,0.0,1529,9760
2020-02-20 09:00:00,5580.0,1.5916157281026248e-13,2160.0,0.0,0.0,1367.163078930202,0.0,0.0,0.0,0.0,2620,9107
2020-02-20 10:00:00,5580.0,-3.410605131648481e-13,2160.0,0.0,0.0,1326.1630789302012,0.0,0.0,0.0,0.0,2714,9066
2020-02-20 11:00:00,5580.0,1.5916157281026248e-13,2160.0,0.0,0.0,622.1630789302012,0.0,0.0,0.0,0.0,3490,8362
2020-02-20 12:00:00,5580.0,1.5916157281026248e-13,2160.0,0.0,0.0,768.1630789302022,0.0,0.0,0.0,0.0,3536,8508
2020-02-20 13:00:00,5580.0,-3.410605131648481e-13,2160.0,0.0,0.0,64.16307893020303,0.0,0.0,0.0,0.0,3737,7804
2020-02-20 14:00:00,5580.0,1.5916157281026248e-13,2160.0,0.0,0.0,0.0,234.83692106979584,0.0,0.0,0.0,3571,7505
2020-02-20 15:00:00,5580.0,-3.410605131648481e-13,2160.0,0.0,0.0,0.0,621.836921069797,0.0,0.0,0.0,3632,7118
2020-02-20 16:00:00,5580.0,1.5916157281026248e-13,2160.0,0.0,0.0,0.0,305.836921069797,0.0,0.0,0.0,3103,7434
2020-02-20 17:00:00,5580.0,-3.410605131648481e-13,2160.0,0.0,0.0,0.0,454.836921069797,0.0,0.0,0.0,3357,7285
2020-02-20 18:00:00,5580.0,3.410605131648481e-13,2160.0,0.0,0.0,279.16307893020166,0.0,1200.0,0.0,0.0,2168,9219
2020-02-20 19:00:00,5580.0,-2.046363078989089e-13,2160.0,0.0,0.0,1172.1523157208103,0.0,13.010763209390008,0.0,0.0,2788,8925
2020-02-20 20:00:00,5580.0,3.410605131648481e-13,2160.0,0.0,0.0,743.1630789302017,0.0,0.0,0.0,0.0,2559,8483
2020-02-20 21:00:00,5580.0,3.410605131648481e-13,2160.0,0.0,0.0,287.1630789302035,0.0,0.0,0.0,0.0,2423,8027
2020-02-20 22:00:00,5580.0,-2.046363078989089e-13,2160.0,0.0,0.0,621.1630789302003,0.0,0.0,0.0,0.0,2434,8361
2020-02-20 23:00:00,5580.0,3.410605131648481e-13,2160.0,0.0,0.0,995.1630789302016,0.0,0.0,0.0,0.0,2375,8735
2020-02-21 00:00:00,5580.0,-2.046363078989089e-13,2160.0,0.0,0.0,1742.163078930202,0.0,0.0,0.0,0.0,1208,9482
2020-02-21 01:00:00,5580.0,7.048583938740194e-13,2160.0,0.0,0.0,656.1630789302021,0.0,0.0,0.0,0.0,1954,8396
2020-02-21 02:00:00,5580.0,3.4106051316484814e-13,2160.0,0.0,0.0,1206.163078930202,0.0,0.0,0.0,0.0,1018,8946
2020-02-21 03:00:00,5580.0,6.821210263296964e-14,2160.0,0.0,0.0,94.16307893020166,0.0,0.0,0.0,0.0,1535,7834
2020-02-21 04:00:00,5580.0,-6.821210263296964e-14,2160.0,0.0,0.0,246.1630789302017,0.0,0.0,0.0,0.0,1040,7986
2020-02-21 05:00:00,5580.0,-2.046363078989089e-13,2160.0,0.0,0.0,162.1630789302027,0.0,0.0,0.0,0.0,1068,7902
2020-02-21 06:00:00,5580.0,6.821210263296964e-14,2160.0,0.0,0.0,229.16307893020223,0.0,0.0,0.0,0.0,1095,7969
2020-02-21 07:00:00,5580.0,-6.821210263296964e-14,2160.0,0.0,0.0,87.16307893020166,0.0,0.0,0.0,0.0,1220,7827
2020-02-21 08:00:00,5580.0,6.821210263296964e-14,1780.1630789302026,0.0,0.0,0.0,0.0,0.0,0.0,0.0,1936,7360
2020-02-21 09:00:00,5580.0,-2.046363078989089e-13,210.0,0.0,0.0,0.0,119.83692106979788,0.0,0.0,0.0,3989,5670
2020-02-21 10:00:00,5580.0,6.821210263296964e-14,210.0,0.0,0.0,0.0,426.8369210697979,0.0,0.0,0.0,4558,5363
2020-02-21 11:00:00,5580.0,-2.0463630789890888e-13,210.0,0.0,0.0,0.0,595.8369210697979,0.0,0.0,0.0,4906,5194
2020-02-21 12:00:00,5580.0,6.821210263296964e-14,540.0,0.0,0.0,0.0,0.0,682.1630789302026,0.0,0.0,3585,6802
2020-02-21 13:00:00,5580.0,-6.821210263296964e-14,0.0,0.0,0.0,0.0,988.8369210697974,0.0,0.0,0.0,5174,4591
2020-02-21 14:00:00,5070.163078930202,6.821210263296964e-14,0.0,0.0,0.0,0.0,1200.0,0.0,0.0,0.0,5339,3870
2020-02-21 15:00:00,4814.163078930202,6.821210263296964e-14,0.0,0.0,0.0,0.0,1200.0,0.0,0.0,0.0,5221,3614
2020-02-21 16:00:00,4771.163078930202,6.821210263296964e-14,0.0,0.0,0.0,0.0,1200.0,0.0,0.0,0.0,5067,3571
2020-02-21 17:00:00,5580.0,6.821210263296964e-14,420.0,0.0,0.0,0.0,282.8369210697974,0.0,0.0,0.0,3079,5717
2020-02-21 18:00:00,5580.0,6.821210263296964e-14,1620.0,0.0,0.0,0.0,0.0,18.163078930202573,0.0,0.0,2535,7218
2020-02-21 19:00:00,5580.0,6.821210263296964e-14,971.0441400304449,0.0,0.0,0.0,207.88106110024333,0.0,0.0,0.0,3757,6343
2020-02-21 20:00:00,5580.0,6.821210263296964e-14,1620.0,0.0,0.0,0.0,0.0,609.1630789302026,0.0,0.0,1903,7809
2020-02-21 21:00:00,5580.0,6.821210263296964e-14,1791.1630789302023,0.0,0.0,0.0,0.0,0.0,0.0,0.0,1957,7371
2020-02-21 22:00:00,5580.0,6.821210263296964e-14,840.0,0.0,0.0,0.0,438.8369210697974,0.0,0.0,0.0,3637,5981
2020-02-21 23:00:00,5580.0,6.821210263296964e-14,2160.0,0.0,0.0,0.0,0.0,343.1630789302012,0.0,0.0,1823,8083
2020-02-22 00:00:00,5580.0,4.3200998334214094e-13,1048.1630789302021,0.0,0.0,0.0,0.0,0.0,0.0,0.0,2934,6628
2020-02-22 01:00:00,5580.0,6.821210263296964e-14,2160.0,0.0,0.0,0.0,0.0,174.16307893020348,0.0,0.0,1445,7914
2020-02-22 02:00:00,5580.0,4.3200998334214094e-13,2160.0,0.0,0.0,0.0,0.0,69.16307893020121,0.0,0.0,1320,7809
2020-02-22 03:00:00,5580.0,6.821210263296964e-14,2160.0,0.0,0.0,0.0,1028.8369210697963,0.0,0.0,0.0,2033,6711
2020-02-22 04:00:00,5580.0,2.5011104298755534e-13,1751.1630789302026,0.0,0.0,0.0,0.0,0.0,0.0,0.0,1400,7331
2020-02-22 05:00:00,5580.0,-2.0463630789890888e-13,2160.0,0.0,0.0,0.0,0.0,167.16307893020348,0.0,0.0,1405,7907
2020-02-22 06:00:00,5580.0,2.5011104298755534e-13,2160.0,0.0,0.0,110.16307893020075,0.0,1200.0,0.0,0.0,1424,9050
2020-02-22 07:00:00,5580.0,-2.0463630789890888e-13,2160.0,0.0,0.0,918.1630789302016,0.0,1200.0,0.0,0.0,1467,9858
2020-02-22 08:00:00,5580.0,4.3200998334214094e-13,2160.0,0.0,0.0,951.1630789301994,0.0,1200.0,0.0,0.0,1793,9891
2020-02-22 09:00:00,5580.0,4.3200998334214094e-13,2160.0,0.0,0.0,0.0,0.0,104.16307893020256,0.0,0.0,4006,7844
2020-02-22 10:00:00,5580.0,6.821210263296964e-14,2160.0,0.0,0.0,0.0,439.836921069797,0.0,0.0,0.0,4570,7300
2020-02-22 11:00:00,5580.0,4.3200998334214094e-13,2160.0,0.0,0.0,0.0,744.8369210697988,0.0,0.0,0.0,4971,6995
2020-02-22 12:00:00,5580.0,6.821210263296964e-14,2160.0,0.0,0.0,0.0,0.0,568.1630789302012,0.0,0.0,3669,8308
2020-02-22 13:00:00,5580.0,4.3200998334214094e-13,2160.0,0.0,0.0,0.0,0.0,88.16307893020121,0.0,0.0,3868,7828
2020-02-22 14:00:00,5580.0,6.821210263296964e-14,1018.4516199171983,0.0,0.0,0.0,632.2885409869949,0.0,0.0,0.0,5411,5966
2020-02-22 15:00:00,5580.0,4.3200998334214094e-13,840.0,0.0,0.0,0.0,841.8369210697979,0.0,0.0,0.0,5467,5578
2020-02-22 16:00:00,5580.0,-7.50333128962666e-13,2160.0,0.0,0.0,0.0,643.8369210697965,0.0,0.0,0.0,3752,7096
2020-02-22 17:00:00,5580.0,4.3200998334214094e-13,1464.163078930202,0.0,0.0,0.0,1200.0,0.0,0.0,0.0,5192,5844
2020-02-22 18:00:00,5580.0,4.3200998334214094e-13,2160.0,0.0,0.0,0.0,677.8369210697989,0.0,0.0,0.0,4923,7062
2020-02-22 19:00:00,5580.0,6.821210263296964e-14,2160.0,0.0,0.0,0.0,0.0,1105.1630789302012,0.0,0.0,3276,8845
2020-02-22 20:00:00,5580.0,4.3200998334214094e-13,2160.0,0.0,0.0,0.0,0.0,366.1630789302012,0.0,0.0,3205,8106
2020-02-22 21:00:00,5580.0,6.821210263296964e-14,2160.0,0.0,0.0,0.0,600.836921069797,0.0,0.0,0.0,3454,7139
2020-02-22 22:00:00,5580.0,-7.50333128962666e-13,2160.0,0.0,0.0,0.0,431.8369210697974,0.0,0.0,0.0,3521,7308
2020-02-22 23:00:00,5580.0,6.821210263296964e-14,2160.0,0.0,0.0,0.0,1028.836921069797,0.0,0.0,0.0,4316,6711
2020-02-23 00:00:00,5580.0,2.5011104298755534e-13,1387.1630789302021,0.0,0.0,0.0,0.0,0.0,0.0,0.0,3701,6967
2020-02-23 01:00:00,5580.0,6.821210263296964e-14,2160.0,0.0,0.0,0.0,449.83692106979674,0.0,0.0,0.0,3115,7290
2020-02-23 02:00:00,5580.0,2.5011104298755534e-13,2160.0,0.0,0.0,0.0,726.8369210697977,0.0,0.0,0.0,3154,7013
2020-02-23 03:00:00,5580.0,4.3200998334214094e-13,2160.0,0.0,0.0,0.0,1042.836921069798,0.0,0.0,0.0,3091,6697
2020-02-23 04:00:00,5580.0,6.139089236967266e-13,2160.0,0.0,0.0,0.0,986.8369210697972,0.0,0.0,0.0,3007,6753
2020-02-23 05:00:00,5580.0,4.3200998334214094e-13,2160.0,0.0,0.0,0.0,454.8369210697981,0.0,0.0,0.0,3014,7285
2020-02-23 06:00:00,5580.0,3.069544618483632e-13,2160.0,0.0,0.0,0.0,0.0,528.1630789302008,0.0,0.0,3182,8268
2020-02-23 07:00:00,5580.0,6.139089236967266e-13,2160.0,0.0,0.0,0.0,0.0,989.1630789302008,0.0,0.0,3542,8729
2020-02-23 08:00:00,5580.0,3.069544618483632e-13,2160.0,0.0,0.0,355.16307893020075,0.0,1200.0,0.0,0.0,3284,9295
2020-02-23 09:00:00,5580.0,6.139089236967266e-13,2160.0,0.0,0.0,0.0,0.0,1131.1630789302008,0.0,0.0,3759,8871
2020-02-23 10:00:00,5580.0,3.069544618483632e-13,2160.0,0.0,0.0,0.0,282.8369210697974,0.0,0.0,0.0,5042,7457
2020-02-23 11:00:00,5580.0,6.139089236967266e-13,2160.0,0.0,0.0,0.0,69.83692106979743,0.0,0.0,0.0,4796,7670
2020-02-23 12:00:00,5580.0,6.139089236967266e-13,2160.0,0.0,0.0,0.0,305.8369210697974,0.0,0.0,0.0,4855,7434
2020-02-23 13:00:00,5580.0,3.069544618483632e-13,2096.163078930203,0.0,0.0,0.0,1200.0,0.0,0.0,0.0,5421,6476
2020-02-23 14:00:00,5580.0,2.5011104298755534e-13,1502.1630789302021,0.0,0.0,0.0,1200.0,0.0,0.0,0.0,5672,5882
2020-02-23 15:00:00,5580.0,6.821210263296964e-14,1352.1630789302033,0.0,0.0,0.0,1200.0,0.0,0.0,0.0,5483,5732
2020-02-23 16:00:00,5580.0,7.048583938740194e-13,1415.163078930202,0.0,0.0,0.0,1200.0,0.0,0.0,0.0,5269,5795
2020-02-23 17:00:00,5580.0,6.139089236967266e-13,1803.1630789302026,0.0,0.0,0.0,1200.0,0.0,0.0,0.0,5089,6183
2020-02-23 18:00:00,5580.0,4.3200998334214094e-13,2160.0,0.0,0.0,0.0,0.0,98.16307893020188,0.0,0.0,4415,7838
2020-02-23 19:00:00,5580.0,6.139089236967266e-13,2160.0,0.0,0.0,0.0,0.0,977.163078930201,0.0,0.0,3990,8717
2020-02-23 20:00:00,5580.0,4.3200998334214094e-13,2160.0,0.0,0.0,0.0,0.0,478.1630789302001,0.0,0.0,3706,8218
2020-02-23 21:00:00,5580.0,4.3200998334214094e-13,2160.0,0.0,0.0,0.0,397.8369210697981,0.0,0.0,0.0,3894,7342
2020-02-23 22:00:00,5580.0,6.139089236967266e-13,2160.0,0.0,0.0,0.0,172.8369210697972,0.0,0.0,0.0,3913,7567
2020-02-23 23:00:00,5580.0,4.3200998334214094e-13,2160.0,0.0,0.0,0.0,0.0,230.1630789302019,0.0,0.0,3725,7970
2020-02-24 00:00:00,5580.0,6.821210263296964e-14,2160.0,0.0,0.0,0.0,31.83692106979788,0.0,0.0,0.0,3500,7708
2020-02-24 01:00:00,5580.0,4.3200998334214094e-13,2160.0,0.0,0.0,0.0,0.0,11.1630789302003,0.0,0.0,3200,7751
2020-02-24 02:00:00,5580.0,-3.410605131648482e-13,2160.0,0.0,0.0,0.0,197.836921069796,0.0,0.0,0.0,3162,7542
2020-02-24 03:00:00,5580.0,4.774847184307873e-13,2160.0,0.0,0.0,0.0,496.8369210697974,0.0,0.0,0.0,3061,7243
2020-02-24 04:00:00,5580.0,2.046363078989088e-13,2160.0,0.0,0.0,0.0,500.8369210697965,0.0,0.0,0.0,3008,7239
2020-02-24 05:00:00,5580.0,7.048583938740194e-13,2160.0,0.0,0.0,0.0,0.0,296.16307893020075,0.0,0.0,2723,8036
2020-02-24 06:00:00,5580.0,3.410605131648481e-13,2160.0,0.0,0.0,164.16307893020075,0.0,1200.0,0.0,0.0,2764,9104
2020-02-24 07:00:00,5580.0,6.821210263296964e-14,2160.0,0.0,0.0,907.163078930202,0.0,1200.0,0.0,0.0,2779,9847
2020-02-24 08:00:00,5580.0,2.5011104298755534e-13,2160.0,0.0,0.0,820.1630789302003,0.0,1200.0,0.0,0.0,3081,9760
2020-02-24 09:00:00,5580.0,6.821210263296964e-14,2160.0,0.0,0.0,163.16307893020158,0.0,1200.0,0.0,0.0,3738,9103
2020-02-24 10:00:00,5580.0,2.5011104298755534e-13,2160.0,0.0,0.0,0.0,0.0,263.1630789302003,0.0,0.0,4714,8003
2020-02-24 11:00:00,5580.0,-2.0463630789890888e-13,2160.0,0.0,0.0,0.0,0.0,11.163078930202118,0.0,0.0,4954,7751
2020-02-24 12:00:00,5580.0,4.3200998334214094e-13,2160.0,0.0,0.0,0.0,291.8369210697979,0.0,0.0,0.0,5118,7448
2020-02-24 13:00:00,5580.0,6.821210263296964e-14,2160.0,0.0,0.0,0.0,526.8369210697961,0.0,0.0,0.0,4989,7213
2020-02-24 14:00:00,5580.0,4.3200998334214094e-13,2160.0,0.0,0.0,0.0,1008.836921069798,0.0,0.0,0.0,5131,6731
2020-02-24 15:00:00,5580.0,7.048583938740194e-13,2015.1630789302026,0.0,0.0,0.0,1200.0,0.0,0.0,0.0,5114,6395
2020-02-24 16:00:00,5580.0,-7.503331289626659e-13,2017.1630789302042,0.0,0.0,0.0,1200.0,0.0,0.0,0.0,4906,6397
2020-02-24 17:00:00,5580.0,4.774847184307873e-13,2160.0,0.0,0.0,0.0,1066.8369210697974,0.0,0.0,0.0,4690,6673
2020-02-24 18:00:00,5580.0,2.046363078989088e-13,2160.0,0.0,0.0,0.0,0.0,381.16307893020166,0.0,0.0,4010,8121
2020-02-24 19:00:00,5580.0,3.410605131648481e-13,2160.0,0.0,0.0,0.0,0.0,690.1630789302008,0.0,0.0,3918,8430
2020-02-24 20:00:00,5580.0,3.410605131648481e-13,2160.0,0.0,0.0,0.0,0.0,949.1630789302026,0.0,0.0,2740,8689
2020-02-24 21:00:00,5580.0,4.3200998334214094e-13,2160.0,0.0,0.0,0.0,221.83692106979788,0.0,0.0,0.0,3188,7518
2020-02-24 22:00:00,5580.0,4.3200998334214094e-13,2160.0,0.0,0.0,0.0,0.0,4.1630789302002995,0.0,0.0,3128,7744
2020-02-24 23:00:00,5580.0,4.3200998334214094e-13,2160.0,0.0,0.0,0.0,0.0,365.1630789302003,0.0,0.0,2944,8105
2020-02-25 00:00:00,5580.0,6.821210263296964e-14,2160.0,0.0,0.0,0.0,0.0,586.1630789302012,0.0,0.0,2192,8326
2020-02-25 01:00:00,5580.0,6.821210263296964e-14,2160.0,0.0,0.0,0.0,0.0,29.16307893020121,0.0,0.0,2450,7769
2020-02-25 02:00:00,5580.0,6.821210263296964e-14,2160.0,0.0,0.0,0.0,0.0,358.1630789302012,0.0,0.0,1833,8098
2020-02-25 03:00:00,5580.0,6.821210263296964e-14,2160.0,0.0,0.0,0.0,0.0,15.163078930201207,0.0,0.0,1746,7755
2020-02-25 04:00:00,5580.0,6.821210263296964e-14,2160.0,0.0,0.0,0.0,7.836921069798791,0.0,0.0,0.0,1699,7732
2020-02-25 05:00:00,5580.0,6.821210263296964e-14,2160.0,0.0,0.0,0.0,0.0,516.1630789302012,0.0,0.0,1678,8256
2020-02-25 06:00:00,5580.0,6.821210263296964e-14,2160.0,0.0,0.0,0.0,0.0,1061.1630789302012,0.0,0.0,2264,8801
2020-02-25 07:00:00,5580.0,7.048583938740194e-13,2160.0,0.0,0.0,914.611382909437,0.0,565.5516960207656,0.0,0.0,2657,9220
2020-02-25 08:00:00,5580.0,6.821210263296964e-14,2160.0,0.0,0.0,1376.1630789302012,0.0,0.0,0.0,0.0,3073,9116
2020-02-25 09:00:00,5580.0,7.048583938740194e-13,2160.0,0.0,0.0,1755.1630789302026,0.0,0.0,0.0,0.0,2781,9495
2020-02-25 10:00:00,5580.0,-2.0463630789890883e-13,2160.0,0.0,0.0,955.1630789302008,0.0,0.0,0.0,0.0,3525,8695
2020-02-25 11:00:00,5580.0,7.048583938740194e-13,2160.0,0.0,0.0,574.1630789302017,0.0,0.0,0.0,0.0,3966,8314
2020-02-25 12:00:00,5580.0,3.410605131648481e-13,2160.0,0.0,0.0,140.1630789302008,0.0,0.0,0.0,0.0,4329,7880
2020-02-25 13:00:00,5580.0,6.821210263296964e-14,2160.0,0.0,0.0,0.0,469.836921069797,0.0,0.0,0.0,4593,7270
2020-02-25 14:00:00,5580.0,6.821210263296964e-14,2160.0,0.0,0.0,0.0,668.836921069797,0.0,0.0,0.0,4471,7071
2020-02-25 15:00:00,5580.0,6.821210263296964e-14,2160.0,0.0,0.0,0.0,979.836921069797,0.0,0.0,0.0,4408,6760
2020-02-25 16:00:00,5580.0,7.048583938740194e-13,2160.0,0.0,0.0,0.0,1050.8369210697963,0.0,0.0,0.0,4272,6689
2020-02-25 17:00:00,5580.0,-1.3642420526593928e-13,2160.0,0.0,0.0,0.0,865.8369210697962,0.0,0.0,0.0,4197,6874
2020-02-25 18:00:00,5580.0,1.3500311979441906e-13,2160.0,0.0,0.0,0.0,0.0,189.16307893020195,0.0,0.0,3982,7929
2020-02-25 19:00:00,5580.0,6.821210263296964e-14,2160.0,0.0,0.0,0.0,0.0,848.1630789302012,0.0,0.0,3478,8588
2020-02-25 20:00:00,5580.0,6.821210263296964e-14,2160.0,0.0,0.0,81.16307893020121,0.0,1200.0,0.0,0.0,2261,9021
2020-02-25 21:00:00,5580.0,-2.046363078989089e-13,2160.0,0.0,0.0,22.100782778867146,0.0,789.0622961513341,0.0,0.0,2105,8551
2020-02-25 22:00:00,5580.0,-2.046363078989089e-13,2160.0,0.0,0.0,136.16307893020212,0.0,0.0,0.0,0.0,2973,7876
2020-02-25 23:00:00,5580.0,3555.0,0.0,0.0,0.0,137.16307893020166,0.0,0.0,0.0,0.0,1764,9272
2020-02-26 00:00:00,5580.0,1012.9999999999998,0.0,0.0,0.0,2239.163078930201,0.0,0.0,0.0,0.0,1740,8832
2020-02-26 01:00:00,5580.0,1012.9999999999998,0.0,0.0,0.0,1402.1630789302017,0.0,0.0,0.0,0.0,2277,7995
2020-02-26 02:00:00,5580.0,1012.9999999999999,0.0,0.0,0.0,2142.1630789302017,0.0,0.0,0.0,0.0,1270,8735
2020-02-26 03:00:00,5580.0,-2.046363078989089e-13,0.0,0.0,0.0,2765.163078930201,0.0,0.0,0.0,0.0,1263,8345
2020-02-26 04:00:00,5580.0,3.410605131648481e-13,0.0,0.0,0.0,2662.1630789302017,0.0,0.0,0.0,0.0,1328,8242
2020-02-26 05:00:00,5580.0,-2.046363078989089e-13,0.0,0.0,0.0,3114.163078930201,0.0,0.0,0.0,0.0,1367,8694
2020-02-26 06:00:00,5580.0,1.3642420526593928e-13,0.0,0.0,0.0,4242.163078930202,0.0,0.0,0.0,0.0,1314,9822
2020-02-26 07:00:00,5580.0,6.821210263296964e-14,2160.0,0.0,0.0,2770.163078930201,0.0,0.0,0.0,0.0,1424,10510
2020-02-26 08:00:00,5580.0,6.821210263296964e-14,2160.0,0.0,0.0,2742.1630789302026,0.0,0.0,0.0,0.0,1776,10482
2020-02-26 09:00:00,5580.0,1.5916157281026248e-13,2160.0,0.0,0.0,1848.1630789302023,0.0,0.0,0.0,0.0,2769,9588
2020-02-26 10:00:00,5580.0,-6.821210263296964e-14,2160.0,0.0,0.0,1332.1630789302014,0.0,0.0,0.0,0.0,3176,9072
2020-02-26 11:00:00,5580.0,6.821210263296964e-14,2160.0,0.0,0.0,892.1630789302012,0.0,0.0,0.0,0.0,3636,8632
2020-02-26 12:00:00,5580.0,-6.821210263296964e-14,2160.0,0.0,0.0,549.1630789302019,0.0,0.0,0.0,0.0,3896,8289
2020-02-26 13:00:00,5580.0,1.5916157281026248e-13,2160.0,0.0,0.0,43.163078930204165,0.0,0.0,0.0,0.0,3989,7783
2020-02-26 14:00:00,5580.0,-6.821210263296964e-14,2160.0,0.0,0.0,0.0,331.8369210697981,0.0,0.0,0.0,3999,7408
2020-02-26 15:00:00,5580.0,1.5916157281026248e-13,2160.0,0.0,0.0,0.0,578.8369210697988,0.0,0.0,0.0,3876,7161
2020-02-26 16:00:00,5580.0,-6.821210263296964e-14,2160.0,0.0,0.0,0.0,617.8369210697988,0.0,0.0,0.0,3652,7122
2020-02-26 17:00:00,5580.0,1.5916157281026248e-13,2160.0,0.0,0.0,0.0,0.0,52.16307893020394,0.0,0.0,3092,7792
2020-02-26 18:00:00,5580.0,-8.441247700829992e-13,2160.0,0.0,0.0,403.9430854533598,0.0,1094.2199934768428,0.0,0.0,2392,9238
2020-02-26 19:00:00,5580.0,6.821210263296964e-14,2160.0,0.0,0.0,2268.163078930201,0.0,0.0,0.0,0.0,1898,10008
2020-02-26 20:00:00,5580.0,6.821210263296964e-14,2160.0,0.0,0.0,1772.1630789302012,0.0,0.0,0.0,0.0,1685,9512
2020-02-26 21:00:00,5580.0,6.821210263296964e-14,2160.0,0.0,0.0,472.16307893020166,0.0,0.0,0.0,0.0,2423,8212
2020-02-26 22:00:00,5580.0,6.821210263296964e-14,2160.0,0.0,0.0,785.1630789302026,0.0,0.0,0.0,0.0,2367,8525
2020-02-26 23:00:00,5580.0,6.821210263296964e-14,2160.0,0.0,0.0,1092.1630789302017,0.0,0.0,0.0,0.0,2248,8832
2020-02-27 00:00:00,5580.0,7.048583938740194e-13,2160.0,0.0,0.0,1384.1630789302017,0.0,0.0,0.0,0.0,1423,9124
2020-02-27 01:00:00,5580.0,-2.0463630789890883e-13,2160.0,0.0,0.0,564.1630789302008,0.0,0.0,0.0,0.0,1878,8304
2020-02-27 02:00:00,5580.0,6.821210263296964e-14,2160.0,0.0,0.0,904.1630789302016,0.0,0.0,0.0,0.0,1201,8644
2020-02-27 03:00:00,5580.0,6.821210263296964e-14,2160.0,0.0,0.0,332.16307893020166,0.0,0.0,0.0,0.0,1295,8072
2020-02-27 04:00:00,5580.0,-2.046363078989089e-13,2160.0,0.0,0.0,154.1630789302012,0.0,0.0,0.0,0.0,1269,7894
2020-02-27 05:00:00,5580.0,4.5474735088646414e-14,2160.0,0.0,0.0,350.163078930202,0.0,0.0,0.0,0.0,1234,8090
2020-02-27 06:00:00,5580.0,-2.0463630789890883e-13,2160.0,0.0,0.0,784.1630789302008,0.0,0.0,0.0,0.0,1208,8524
2020-02-27 07:00:00,5580.0,6.821210263296964e-14,2160.0,0.0,0.0,996.1630789302016,0.0,0.0,0.0,0.0,1280,8736
2020-02-27 08:00:00,5580.0,6.821210263296964e-14,2160.0,0.0,0.0,979.1630789302008,0.0,0.0,0.0,0.0,1772,8719
2020-02-27 09:00:00,5580.0,1.591615728102624e-13,2160.0,0.0,0.0,704.1630789302021,0.0,0.0,0.0,0.0,2407,8444
2020-02-27 10:00:00,5580.0,6.821210263296964e-14,2160.0,0.0,0.0,70.16307893020121,0.0,0.0,0.0,0.0,3074,7810
2020-02-27 11:00:00,5580.0,6.821210263296964e-14,2160.0,0.0,0.0,0.0,289.8369210697965,0.0,0.0,0.0,3512,7450
2020-02-27 12:00:00,5580.0,7.048583938740194e-13,2160.0,0.0,0.0,0.0,433.8369210697974,0.0,0.0,0.0,3850,7306
2020-02-27 13:00:00,5580.0,-6.821210263296964e-14,2160.0,0.0,0.0,0.0,1147.836921069797,0.0,0.0,0.0,4006,6592
2020-02-27 14:00:00,5580.0,1.591615728102624e-13,1686.163078930203,0.0,0.0,0.0,1200.0,0.0,0.0,0.0,4020,6066
2020-02-27 15:00:00,5580.0,-6.821210263296964e-14,1359.163078930203,0.0,0.0,0.0,1200.0,0.0,0.0,0.0,4003,5739
2020-02-27 16:00:00,5580.0,4.547473508864645e-14,1368.163078930203,0.0,0.0,0.0,1200.0,0.0,0.0,0.0,3771,5748
2020-02-27 17:00:00,5580.0,-6.821210263296964e-14,2010.1630789302026,0.0,0.0,0.0,1200.0,0.0,0.0,0.0,3297,6390
2020-02-27 18:00:00,5580.0,6.821210263296964e-14,2160.0,0.0,0.0,0.0,0.0,266.1630789302012,0.0,0.0,2603,8006
2020-02-27 19:00:00,5580.0,6.821210263296964e-14,2160.0,0.0,0.0,217.1630789302012,0.0,1200.0,0.0,0.0,1866,9157
2020-02-27 20:00:00,5580.0,6.821210263296964e-14,2160.0,0.0,0.0,0.0,0.0,432.16307893020166,0.0,0.0,2357,8172
2020-02-27 21:00:00,5580.0,6.821210263296964e-14,2160.0,0.0,0.0,0.0,0.0,858.1630789302017,0.0,0.0,1495,8598
2020-02-27 22:00:00,5580.0,-2.0463630789890883e-13,2160.0,0.0,0.0,29.16307893020075,0.0,1200.0,0.0,0.0,1533,8969
2020-02-27 23:00:00,5580.0,1.591615728102624e-13,2160.0,0.0,0.0,0.0,0.0,607.1630789302021,0.0,0.0,2501,8347
2020-02-28 00:00:00,5580.0,6.139089236967266e-13,2160.0,0.0,0.0,480.1823222439666,0.0,439.980756686236,0.0,0.0,1800,8660
2020-02-28 01:00:00,5580.0,3.410605131648481e-13,2160.0,0.0,0.0,388.16307893020166,0.0,0.0,0.0,0.0,2040,8128
2020-02-28 02:00:00,5580.0,6.82121026329696e-14,2160.0,0.0,0.0,689.1630789302025,0.0,0.0,0.0,0.0,1429,8429
2020-02-28 03:00:00,5580.0,6.821210263296964e-14,2160.0,0.0,0.0,256.16307893020075,0.0,0.0,0.0,0.0,1368,7996
2020-02-28 04:00:00,5580.0,3.410605131648481e-13,2160.0,0.0,0.0,77.16307893020212,0.0,0.0,0.0,0.0,1318,7817
2020-02-28 05:00:00,5580.0,1.705302565824241e-13,2160.0,0.0,0.0,190.16307893020172,0.0,0.0,0.0,0.0,1251,7930
2020-02-28 06:00:00,5580.0,3.410605131648481e-13,2117.047184170471,0.0,0.0,0.0,638.8841052402695,0.0,0.0,0.0,2333,7058
2020-02-28 07:00:00,5580.0,6.139089236967266e-13,2160.0,0.0,0.0,0.0,0.0,479.1630789302021,0.0,0.0,1259,8219
2020-02-28 08:00:00,5580.0,6.821210263296964e-14,2160.0,0.0,0.0,0.0,1160.8369210697992,0.0,0.0,0.0,3319,6579
2020-02-28 09:00:00,5580.0,3.410605131648481e-13,840.0,0.0,0.0,0.0,92.83692106979788,0.0,0.0,0.0,3971,6327
2020-02-28 10:00:00,5580.0,1.5916157281026248e-13,1999.1630789302021,0.0,0.0,0.0,0.0,0.0,0.0,0.0,2867,7579
2020-02-28 11:00:00,5580.0,-2.0463630789890888e-13,540.0,0.0,0.0,0.0,460.836921069797,0.0,0.0,0.0,4860,5659
2020-02-28 12:00:00,5580.0,6.821210263296964e-14,540.0,0.0,0.0,0.0,491.83692106979834,0.0,0.0,0.0,5085,5628
2020-02-28 13:00:00,5580.0,3.41060513164848e-13,540.0,0.0,0.0,3.3646444879302635,0.0,42.79843444227231,0.0,0.0,3865,6166
2020-02-28 14:00:00,5538.163078930201,6.821210263296964e-14,0.0,0.0,0.0,0.0,1200.0,0.0,0.0,0.0,5128,4338
2020-02-28 15:00:00,5307.163078930201,6.821210263296964e-14,0.0,0.0,0.0,0.0,1200.0,0.0,0.0,0.0,5006,4107
2020-02-28 16:00:00,5580.0,6.139089236967266e-13,0.0,0.0,0.0,0.0,130.83692106979788,0.0,0.0,0.0,3500,5449
2020-02-28 17:00:00,5580.0,6.821210263296964e-14,0.0,0.0,0.0,0.0,0.0,560.1630789302012,0.0,0.0,3028,6140
2020-02-28 18:00:00,5580.0,6.139089236967266e-13,0.0,0.0,0.0,0.0,0.0,466.1630789302021,0.0,0.0,4119,6046
2020-02-28 19:00:00,5580.0,6.821210263296964e-14,1080.0,0.0,0.0,0.0,0.0,840.1630789302021,0.0,0.0,3402,7500
2020-02-28 20:00:00,5580.0,-2.046363078989089e-13,1620.0,0.0,0.0,0.0,0.0,224.16307893020297,0.0,0.0,3111,7424
2020-02-28 21:00:00,5580.0,6.821210263296964e-14,1620.0,0.0,0.0,0.0,31.836921069798336,0.0,0.0,0.0,2914,7168
2020-02-28 22:00:00,5580.0,-2.046363078989089e-13,2160.0,0.0,0.0,0.0,209.83692106979743,0.0,0.0,0.0,2812,7530
2020-02-28 23:00:00,5580.0,6.821210263296964e-14,2160.0,0.0,0.0,443.1630789302007,0.0,1200.0,0.0,0.0,1206,9383
2020-02-29 00:00:00,5580.0,6.821210263296964e-14,2160.0,0.0,0.0,0.0,520.8369210697979,0.0,0.0,0.0,3011,7219
2020-02-29 01:00:00,5580.0,-7.503331289626659e-13,2160.0,0.0,0.0,0.0,371.8369210697974,0.0,0.0,0.0,2618,7368
2020-02-29 02:00:00,5580.0,-2.046363078989089e-13,2160.0,0.0,0.0,0.0,0.0,909.1630789302012,0.0,0.0,1100,8649
2020-02-29 03:00:00,5580.0,-1.296029950026423e-12,2160.0,0.0,0.0,0.0,394.8369210697974,0.0,0.0,0.0,1981,7345
2020-02-29 04:00:00,5580.0,-2.2737367544323226e-14,2160.0,0.0,0.0,0.0,0.0,457.16307893020166,0.0,0.0,1096,8197
2020-02-29 05:00:00,5580.0,-4.774847184307874e-13,2160.0,0.0,0.0,992.163078930202,0.0,0.0,0.0,0.0,1135,8732
2020-02-29 06:00:00,5580.0,-1.1368683772161605e-13,2160.0,0.0,0.0,2035.1630789302012,0.0,0.0,0.0,0.0,1208,9775
2020-02-29 07:00:00,5580.0,-1.296029950026423e-12,2160.0,0.0,0.0,2653.1630789302026,0.0,0.0,0.0,0.0,1314,10393
2020-02-29 08:00:00,5580.0,-2.2737367544323226e-14,2160.0,0.0,0.0,2524.1630789302017,0.0,0.0,0.0,0.0,1684,10264
2020-02-29 09:00:00,5580.0,4.547473508864645e-14,2160.0,0.0,0.0,1846.163078930202,0.0,0.0,0.0,0.0,2352,9586
2020-02-29 10:00:00,5580.0,-2.046363078989089e-13,1668.3805175038046,0.0,0.0,0.0,500.2174385736027,0.0,0.0,0.0,4962,6748
2020-02-29 11:00:00,5580.0,4.547473508864645e-14,2160.0,0.0,0.0,0.0,0.0,375.163078930202,0.0,0.0,3515,8115
2020-02-29 12:00:00,5580.0,-4.774847184307874e-13,1677.1630789302021,0.0,0.0,0.0,1200.0,0.0,0.0,0.0,5457,6057
2020-02-29 13:00:00,5580.0,6.82121026329696e-14,2160.0,0.0,0.0,0.0,528.836921069798,0.0,0.0,0.0,3933,7211
2020-02-29 14:00:00,5580.0,-2.046363078989089e-13,1661.1630789302017,0.0,0.0,0.0,1200.0,0.0,0.0,0.0,4741,6041
2020-02-29 15:00:00,5580.0,-1.1368683772161605e-13,1889.281365514092,0.0,0.0,0.0,780.1182865838904,0.0,0.0,0.0,3730,6689
2020-02-29 16:00:00,5580.0,-4.774847184307874e-13,2160.0,0.0,0.0,0.0,925.836921069798,0.0,0.0,0.0,3392,6814
2020-02-29 17:00:00,5580.0,-1.1368683772161605e-13,2160.0,0.0,0.0,0.0,261.8369210697988,0.0,0.0,0.0,2825,7478
2020-02-29 18:00:00,5580.0,-1.1368683772161605e-13,2160.0,0.0,0.0,0.0,943.8369210697988,0.0,0.0,0.0,4433,6796
2020-02-29 19:00:00,5580.0,-4.774847184307874e-13,2160.0,0.0,0.0,0.0,0.0,32.16307893020212,0.0,0.0,3899,7772
2020-02-29 20:00:00,5580.0,-1.1368683772161605e-13,2160.0,0.0,0.0,225.1630789302012,0.0,1200.0,0.0,0.0,1786,9165
2020-02-29 21:00:00,5580.0,-4.774847184307874e-13,2160.0,0.0,0.0,0.0,0.0,757.1630789302021,0.0,0.0,1872,8497
2020-02-29 22:00:00,5580.0,-1.0004441719502211e-12,2160.0,0.0,0.0,0.0,1103.8369210697967,0.0,0.0,0.0,3956,6636
2020-02-29 23:00:00,5580.0,-4.774847184307874e-13,2160.0,0.0,0.0,136.16307893020212,0.0,1200.0,0.0,0.0,1730,9076
2020-03-01 00:00:00,5580.0,6.821210263296964e-14,2160.0,0.0,0.0,0.0,0.0,902.1630789302012,0.0,0.0,1757,8642
2020-03-01 01:00:00,5580.0,-1.3642420526593926e-13,2160.0,0.0,0.0,0.0,0.0,1018.1630789302014,0.0,0.0,1371,8758
2020-03-01 02:00:00,5580.0,1.5916157281026248e-13,2160.0,0.0,0.0,678.5882257013482,0.0,98.57485322885304,0.0,0.0,1373,8517
2020-03-01 03:00:00,5580.0,3.410605131648481e-13,2160.0,0.0,0.0,0.0,458.8369210697979,0.0,0.0,0.0,2229,7281
2020-03-01 04:00:00,5580.0,-2.046363078989089e-13,2160.0,0.0,0.0,0.0,421.8369210697988,0.0,0.0,0.0,2176,7318
2020-03-01 05:00:00,5580.0,3.410605131648481e-13,2160.0,0.0,0.0,0.0,3.8369210697978815,0.0,0.0,0.0,2298,7736
2020-03-01 06:00:00,5580.0,-1.3642420526593926e-13,2160.0,0.0,0.0,0.0,0.0,539.1630789302014,0.0,0.0,2917,8279
2020-03-01 07:00:00,5580.0,3.410605131648481e-13,2160.0,0.0,0.0,2639.943085453357,0.0,124.21999347684448,0.0,0.0,1461,10504
2020-03-01 08:00:00,5580.0,-1.3642420526593926e-13,2160.0,0.0,0.0,805.1630789302014,0.0,0.0,0.0,0.0,3723,8545
2020-03-01 09:00:00,5580.0,6.821210263296964e-14,2160.0,0.0,0.0,2326.163078930201,0.0,0.0,0.0,0.0,2255,10066
2020-03-01 10:00:00,5580.0,6.821210263296964e-14,2160.0,0.0,0.0,0.0,178.8369210697988,0.0,0.0,0.0,4618,7561
2020-03-01 11:00:00,5580.0,6.821210263296964e-14,2160.0,0.0,0.0,1100.035388127852,0.0,134.1276908023491,0.0,0.0,3165,8974
2020-03-01 12:00:00,5580.0,6.821210263296964e-14,2160.0,0.0,0.0,892.1630789302012,0.0,0.0,0.0,0.0,3386,8632
2020-03-01 13:00:00,5580.0,6.821210263296964e-14,2160.0,0.0,0.0,369.163078930203,0.0,0.0,0.0,0.0,3542,8109
2020-03-01 14:00:00,5580.0,3.410605131648481e-13,2160.0,0.0,0.0,0.0,48.83692106979854,0.0,0.0,0.0,3604,7691
2020-03-01 15:00:00,5580.0,-2.0463630789890904e-13,2160.0,0.0,0.0,0.0,420.83692106979834,0.0,0.0,0.0,3623,7319
2020-03-01 16:00:00,5580.0,1.0686562745831905e-12,2160.0,0.0,0.0,0.0,512.8369210697983,0.0,0.0,0.0,3555,7227
2020-03-01 17:00:00,5580.0,6.821210263296964e-14,1346.1630789302028,0.0,0.0,0.0,1200.0,0.0,0.0,0.0,5178,5726
2020-03-01 18:00:00,5580.0,6.821210263296964e-14,2160.0,0.0,0.0,0.0,869.8369210697988,0.0,0.0,0.0,4869,6870
2020-03-01 19:00:00,5580.0,6.821210263296964e-14,2160.0,0.0,0.0,529.1630789302012,0.0,1200.0,0.0,0.0,2675,9469
2020-03-01 20:00:00,5580.0,6.821210263296964e-14,2160.0,0.0,0.0,0.0,848.8369210697988,0.0,0.0,0.0,4465,6891
2020-03-01 21:00:00,5580.0,6.821210263296964e-14,2091.1630789302017,0.0,0.0,0.0,1200.0,0.0,0.0,0.0,4247,6471
2020-03-01 22:00:00,5580.0,-2.0463630789890904e-13,2160.0,0.0,0.0,0.0,0.0,489.16307893020166,0.0,0.0,2698,8229
2020-03-01 23:00:00,5580.0,6.821210263296964e-14,2160.0,0.0,0.0,0.0,0.0,995.1630789302012,0.0,0.0,2399,8735
2020-03-02 00:00:00,5580.0,6.821210263296964e-14,2160.0,0.0,0.0,0.0,0.0,548.1630789302026,0.0,0.0,2399,8288
2020-03-02 01:00:00,5580.0,6.821210263296964e-14,2160.0,0.0,0.0,320.76386170906244,0.0,593.3992172211392,0.0,0.0,1762,8654
2020-03-02 02:00:00,5580.0,-2.0463630789890888e-13,2160.0,0.0,0.0,814.1630789302028,0.0,0.0,0.0,0.0,1620,8554
2020-03-02 03:00:00,5580.0,8.86757334228605e-13,2160.0,0.0,0.0,0.0,209.8369210697983,0.0,0.0,0.0,2258,7530
2020-03-02 04:00:00,5580.0,-2.046363078989089e-13,2160.0,0.0,0.0,369.7853881278538,0.0,157.37769080234875,0.0,0.0,1490,8267
2020-03-02 05:00:00,5580.0,6.821210263296964e-14,2160.0,0.0,0.0,1126.1630789302017,0.0,0.0,0.0,0.0,1419,8866
2020-03-02 06:00:00,5580.0,1.1368683772161605e-13,2160.0,0.0,0.0,2280.1630789302017,0.0,0.0,0.0,0.0,1413,10020
2020-03-02 07:00:00,5580.0,-2.046363078989089e-13,2160.0,0.0,0.0,1190.1630789302026,0.0,0.0,0.0,0.0,3258,8930
2020-03-02 08:00:00,5580.0,3.410605131648481e-13,2160.0,0.0,0.0,1210.163078930203,0.0,0.0,0.0,0.0,3547,8950
2020-03-02 09:00:00,5580.0,6.821210263296964e-14,2160.0,0.0,0.0,732.1630789302025,0.0,0.0,0.0,0.0,4106,8472
2020-03-02 10:00:00,5580.0,6.821210263296964e-14,2160.0,0.0,0.0,1676.1630789302017,0.0,0.0,0.0,0.0,3031,9416
2020-03-02 11:00:00,5580.0,6.821210263296964e-14,1620.0,0.0,0.0,24.163078930202573,0.0,0.0,0.0,0.0,5161,7224
2020-03-02 12:00:00,5580.0,-5.684341886080802e-13,1620.0,0.0,0.0,0.0,622.8369210697974,0.0,0.0,0.0,5644,6577
2020-03-02 13:00:00,5580.0,6.821210263296964e-14,630.0,0.0,0.0,0.0,105.83692106979744,0.0,0.0,0.0,5699,6104
2020-03-02 14:00:00,5580.0,6.821210263296964e-14,1190.1630789302026,0.0,0.0,0.0,1200.0,0.0,0.0,0.0,5811,5570
2020-03-02 15:00:00,5580.0,-2.046363078989089e-13,926.163078930203,0.0,0.0,0.0,1200.0,0.0,0.0,0.0,5654,5306
2020-03-02 16:00:00,5580.0,-3.410605131648482e-13,1620.0,0.0,0.0,0.0,528.8369210697972,0.0,0.0,0.0,4094,6671
2020-03-02 17:00:00,5580.0,1.1368683772161605e-13,1546.1630789302017,0.0,0.0,0.0,0.0,0.0,0.0,0.0,3760,7126
2020-03-02 18:00:00,5580.0,-2.0463630789890888e-13,1620.0,0.0,0.0,0.0,468.8369210697979,0.0,0.0,0.0,5079,6731
2020-03-02 19:00:00,5580.0,1.1368683772161605e-13,1620.0,0.0,0.0,0.0,0.0,457.16307893020166,0.0,0.0,4698,7657
2020-03-02 20:00:00,5580.0,-6.821210263296964e-14,2160.0,0.0,0.0,0.0,0.0,593.1630789302026,0.0,0.0,3266,8333
2020-03-02 21:00:00,5580.0,6.821210263296964e-14,2160.0,0.0,0.0,0.0,11.836921069798336,0.0,0.0,0.0,3241,7728
2020-03-02 22:00:00,5580.0,3.410605131648481e-13,2160.0,0.0,0.0,0.0,896.8369210697974,0.0,0.0,0.0,4361,6843
2020-03-02 23:00:00,5580.0,1.1368683772161605e-13,2160.0,0.0,0.0,0.0,0.0,696.1630789302017,0.0,0.0,2982,8436
2020-03-03 00:00:00,5580.0,-6.821210263296963e-14,2160.0,0.0,0.0,0.0,92.8369210697988,0.0,0.0,0.0,3284,7647
2020-03-03 01:00:00,5580.0,-4.774847184307874e-13,2160.0,0.0,0.0,0.0,6.8369210697978815,0.0,0.0,0.0,2888,7733
2020-03-03 02:00:00,5580.0,-6.821210263296963e-14,2160.0,0.0,0.0,0.0,0.0,350.1630789302012,0.0,0.0,2256,8090
2020-03-03 03:00:00,5580.0,-4.774847184307874e-13,2160.0,0.0,0.0,0.0,0.0,99.16307893020212,0.0,0.0,2086,7839
2020-03-03 04:00:00,5580.0,-6.821210263296963e-14,2160.0,0.0,0.0,0.0,0.0,184.1630789302012,0.0,0.0,1940,7924
2020-03-03 05:00:00,5580.0,-4.774847184307874e-13,2160.0,0.0,0.0,0.0,0.0,152.16307893020212,0.0,0.0,2468,7892
2020-03-03 06:00:00,5580.0,-6.821210263296963e-14,2160.0,0.0,0.0,616.1630789302012,0.0,1200.0,0.0,0.0,1889,9556
2020-03-03 07:00:00,5580.0,-2.046363078989089e-13,2160.0,0.0,0.0,2235.2831050228274,0.0,118.87997390737382,0.0,0.0,1961,10094
2020-03-03 08:00:00,5580.0,-2.046363078989089e-13,2160.0,0.0,0.0,802.1630789302012,0.0,0.0,0.0,0.0,3558,8542
2020-03-03 09:00:00,5580.0,-6.821210263296963e-14,2160.0,0.0,0.0,1044.1630789302012,0.0,0.0,0.0,0.0,3112,8784
2020-03-03 10:00:00,5580.0,1.1937117960769684e-13,2160.0,0.0,0.0,324.1630789302017,0.0,0.0,0.0,0.0,3495,8064
2020-03-03 11:00:00,5580.0,-2.2737367544323226e-14,1728.1630789302021,0.0,0.0,0.0,0.0,0.0,0.0,0.0,4089,7308
2020-03-03 12:00:00,5580.0,-1.296029950026423e-12,1193.163078930203,0.0,0.0,0.0,0.0,0.0,0.0,0.0,4461,6773
2020-03-03 13:00:00,5580.0,-2.2737367544323226e-14,791.1630789302021,0.0,0.0,0.0,0.0,0.0,0.0,0.0,4530,6371
2020-03-03 14:00:00,5580.0,6.821210263296964e-14,630.0,0.0,0.0,0.0,5.836921069797199,0.0,0.0,0.0,4423,6204
2020-03-03 15:00:00,5580.0,-1.5916157281026248e-13,630.0,0.0,0.0,0.0,374.83692106979805,0.0,0.0,0.0,4499,5835
2020-03-03 16:00:00,5580.0,-2.046363078989089e-13,630.0,0.0,0.0,0.0,355.8369210697979,0.0,0.0,0.0,4343,5854
2020-03-03 17:00:00,5580.0,-2.046363078989089e-13,630.0,0.0,0.0,0.0,812.8369210697979,0.0,0.0,0.0,4950,5397
2020-03-03 18:00:00,5580.0,-2.046363078989089e-13,852.4784735812119,0.0,0.0,0.0,0.0,156.68460534899032,0.0,0.0,4616,6589
2020-03-03 19:00:00,5580.0,6.821210263296964e-14,1620.0,0.0,0.0,0.0,0.0,260.1630789302019,0.0,0.0,3969,7460
2020-03-03 20:00:00,5580.0,1.0686562745831905e-12,1620.0,0.0,0.0,0.0,0.0,745.163078930201,0.0,0.0,2638,7945
2020-03-03 21:00:00,5580.0,3.4106051316484814e-13,613.1630789302025,0.0,0.0,0.0,0.0,0.0,0.0,0.0,3789,6193
2020-03-03 22:00:00,5580.0,3.410605131648481e-13,850.1630789302017,0.0,0.0,0.0,0.0,0.0,0.0,0.0,3722,6430
2020-03-03 23:00:00,4064.1630789302026,3555.0,210.0,0.0,0.0,0.0,0.0,0.0,0.0,0.0,2508,7829
2020-03-04 00:00:00,4770.0,1012.9999999999999,540.0,0.0,0.0,870.163078930201,0.0,0.0,0.0,0.0,2597,7193
2020-03-04 01:00:00,4770.0,1012.9999999999999,540.0,0.0,0.0,907.163078930201,0.0,0.0,0.0,0.0,2245,7230
2020-03-04 02:00:00,4770.0,1012.9999999999999,540.0,0.0,0.0,603.163078930202,0.0,0.0,0.0,0.0,2255,6926
2020-03-04 03:00:00,4770.0,-7.503331289626658e-13,540.0,0.0,0.0,1408.1630789302023,0.0,0.0,0.0,0.0,2070,6718
2020-03-04 04:00:00,4770.0,2.273736754432321e-13,540.0,0.0,0.0,1342.1630789302023,0.0,0.0,0.0,0.0,2095,6652
2020-03-04 05:00:00,4770.0,-4.774847184307872e-13,540.0,0.0,0.0,1940.163078930202,0.0,0.0,0.0,0.0,1991,7250
2020-03-04 06:00:00,4770.0,2.5011104298755534e-13,540.0,0.0,0.0,2974.163078930202,0.0,0.0,0.0,0.0,2042,8284
2020-03-04 07:00:00,4770.0,2.273736754432321e-13,1620.0,0.0,0.0,2553.163078930202,0.0,0.0,0.0,0.0,2067,8943
2020-03-04 08:00:00,4770.0,2.5011104298755534e-13,1620.0,0.0,0.0,2351.163078930202,0.0,0.0,0.0,0.0,2539,8741
2020-03-04 09:00:00,4770.0,2.5011104298755534e-13,1620.0,0.0,0.0,1517.1630789302017,0.0,0.0,0.0,0.0,3334,7907
2020-03-04 10:00:00,4770.0,-2.0463630789890888e-13,1620.0,0.0,0.0,650.1630789302019,0.0,0.0,0.0,0.0,3987,7040
2020-03-04 11:00:00,4770.0,3.410605131648481e-13,1080.0,0.0,0.0,676.1630789302026,0.0,0.0,0.0,0.0,4393,6526
2020-03-04 12:00:00,4770.0,-2.046363078989089e-13,1080.0,0.0,0.0,216.1630789302017,0.0,0.0,0.0,0.0,4752,6066
2020-03-04 13:00:00,4770.0,2.5011104298755534e-13,794.1630789302028,0.0,0.0,0.0,0.0,0.0,0.0,0.0,4838,5564
2020-03-04 14:00:00,4770.0,-4.774847184307872e-13,630.0,0.0,0.0,0.0,223.83692106979743,0.0,0.0,0.0,4872,5176
2020-03-04 15:00:00,4770.0,2.5011104298755534e-13,210.0,0.0,0.0,0.0,295.8369210697972,0.0,0.0,0.0,4995,4684
2020-03-04 16:00:00,4770.0,-4.774847184307872e-13,210.0,0.0,0.0,0.0,463.8369210697974,0.0,0.0,0.0,4899,4516
2020-03-04 17:00:00,4770.0,2.5011104298755534e-13,210.0,0.0,0.0,0.0,241.8369210697983,0.0,0.0,0.0,4715,4738
2020-03-04 18:00:00,4770.0,2.5011104298755534e-13,540.0,0.0,0.0,0.0,0.0,711.1630789302028,0.0,0.0,4089,6021
2020-03-04 19:00:00,4770.0,-4.774847184307872e-13,1080.0,0.0,0.0,1147.3153946510126,0.0,207.8476842791899,0.0,0.0,3265,7205
2020-03-04 20:00:00,4770.0,2.5011104298755534e-13,1080.0,0.0,0.0,797.1630789302027,0.0,0.0,0.0,0.0,3250,6647
2020-03-04 21:00:00,4770.0,-2.0463630789890888e-13,1080.0,0.0,0.0,565.163078930202,0.0,0.0,0.0,0.0,3048,6415
2020-03-04 22:00:00,4770.0,6.821210263296964e-14,1080.0,0.0,0.0,1129.163078930202,0.0,0.0,0.0,0.0,2764,6979
2020-03-04 23:00:00,5580.0,-4.774847184307872e-13,1620.0,0.0,0.0,258.1630789302026,0.0,0.0,0.0,0.0,2511,7458
2020-03-05 00:00:00,5580.0,-2.955857780762017e-13,1355.163078930203,0.0,0.0,0.0,0.0,0.0,0.0,0.0,2443,6935
2020-03-05 01:00:00,5580.0,6.821210263296964e-14,975.1630789302023,0.0,0.0,0.0,0.0,0.0,0.0,0.0,2435,6555
2020-03-05 02:00:00,5580.0,1.591615728102624e-13,641.1630789302026,0.0,0.0,0.0,0.0,0.0,0.0,0.0,2420,6221
2020-03-05 03:00:00,5580.0,3.4106051316484814e-14,272.16307893020263,0.0,0.0,0.0,0.0,0.0,0.0,0.0,2319,5852
2020-03-05 04:00:00,5580.0,-2.7284841053187846e-13,210.0,0.0,0.0,0.0,109.83692106979744,0.0,0.0,0.0,2331,5680
2020-03-05 05:00:00,5580.0,6.821210263296964e-14,322.16307893020286,0.0,0.0,0.0,0.0,0.0,0.0,0.0,2249,5902
2020-03-05 06:00:00,5580.0,-3.410605131648482e-13,540.0,0.0,0.0,99.7853881278545,0.0,82.37769080234807,0.0,0.0,2236,6302
2020-03-05 07:00:00,5580.0,6.821210263296964e-14,540.0,0.0,0.0,396.1630789302028,0.0,0.0,0.0,0.0,2216,6516
2020-03-05 08:00:00,5580.0,-2.7284841053187846e-13,540.0,0.0,0.0,564.1630789302026,0.0,0.0,0.0,0.0,2482,6684
2020-03-05 09:00:00,5580.0,6.821210263296964e-14,540.0,0.0,0.0,119.1630789302028,0.0,0.0,0.0,0.0,3188,6239
2020-03-05 10:00:00,5580.0,-2.046363078989089e-13,0.0,0.0,0.0,0.0,46.83692106979788,0.0,0.0,0.0,3817,5533
2020-03-05 11:00:00,5580.0,-2.046363078989089e-13,0.0,0.0,0.0,0.0,564.8369210697979,0.0,0.0,0.0,4325,5015
2020-03-05 12:00:00,5580.0,6.821210263296964e-14,0.0,0.0,0.0,0.0,596.8369210697972,0.0,0.0,0.0,4583,4983
2020-03-05 13:00:00,5580.0,-2.7284841053187846e-13,0.0,0.0,0.0,0.0,974.8369210697974,0.0,0.0,0.0,4519,4605
2020-03-05 14:00:00,5551.163078930203,3.410605131648481e-13,0.0,0.0,0.0,0.0,1200.0,0.0,0.0,0.0,4406,4351
2020-03-05 15:00:00,5471.163078930202,-2.046363078989089e-13,0.0,0.0,0.0,0.0,1200.0,0.0,0.0,0.0,4231,4271
2020-03-05 16:00:00,5553.163078930203,3.410605131648481e-13,0.0,0.0,0.0,0.0,1200.0,0.0,0.0,0.0,3992,4353
2020-03-05 17:00:00,5580.0,-2.046363078989089e-13,0.0,0.0,0.0,0.0,481.8369210697979,0.0,0.0,0.0,3476,5098
2020-03-05 18:00:00,5580.0,3.410605131648481e-13,866.1630789302025,0.0,0.0,0.0,0.0,0.0,0.0,0.0,2877,6446
2020-03-05 19:00:00,5580.0,-2.046363078989089e-13,1954.1630789302021,0.0,0.0,0.0,0.0,0.0,0.0,0.0,2232,7534
2020-03-05 20:00:00,5580.0,3.410605131648481e-13,1426.1630789302026,0.0,0.0,0.0,0.0,0.0,0.0,0.0,2261,7006
2020-03-05 21:00:00,5580.0,3.410605131648481e-13,1026.1630789302026,0.0,0.0,0.0,0.0,0.0,0.0,0.0,2282,6606
2020-03-05 22:00:00,5580.0,-2.046363078989089e-13,1824.1630789302021,0.0,0.0,0.0,0.0,0.0,0.0,0.0,1874,7404
2020-03-05 23:00:00,5580.0,3.410605131648481e-13,1830.1630789302026,0.0,0.0,0.0,0.0,0.0,0.0,0.0,2221,7410
2020-03-06 00:00:00,5580.0,-2.046363078989089e-13,1846.163078930203,0.0,0.0,0.0,0.0,0.0,0.0,0.0,1850,7426
2020-03-06 01:00:00,5580.0,3.410605131648481e-13,1117.1630789302026,0.0,0.0,0.0,0.0,0.0,0.0,0.0,2218,6697
2020-03-06 02:00:00,5580.0,-4.774847184307872e-13,1300.1630789302035,0.0,0.0,0.0,0.0,0.0,0.0,0.0,1654,6880
2020-03-06 03:00:00,5580.0,3.410605131648481e-13,855.1630789302027,0.0,0.0,0.0,0.0,0.0,0.0,0.0,1579,6435
2020-03-06 04:00:00,5580.0,-2.046363078989089e-13,844.1630789302019,0.0,0.0,0.0,0.0,0.0,0.0,0.0,1350,6424
2020-03-06 05:00:00,5580.0,3.410605131648481e-13,963.1630789302027,0.0,0.0,0.0,0.0,0.0,0.0,0.0,1248,6543
2020-03-06 06:00:00,5580.0,3.410605131648481e-13,420.0,0.0,0.0,0.0,620.8369210697974,0.0,0.0,0.0,2615,5379
2020-03-06 07:00:00,5580.0,-2.046363078989089e-13,1080.0,0.0,0.0,0.0,0.0,251.16307893020303,0.0,0.0,1163,6911
2020-03-06 08:00:00,5580.0,2.5011104298755534e-13,1080.0,0.0,0.0,0.0,0.0,356.1630789302019,0.0,0.0,1607,7016
2020-03-06 09:00:00,5580.0,-4.774847184307874e-13,1080.0,0.0,0.0,0.0,0.0,181.16307893020348,0.0,0.0,2352,6841
2020-03-06 10:00:00,5580.0,6.821210263296964e-14,0.0,0.0,0.0,0.0,592.836921069797,0.0,0.0,0.0,4481,4987
2020-03-06 11:00:00,5580.0,-4.774847184307872e-13,0.0,0.0,0.0,0.0,903.8369210697974,0.0,0.0,0.0,5013,4676
2020-03-06 12:00:00,5580.0,1.591615728102624e-13,0.0,0.0,0.0,0.0,865.8369210697974,0.0,0.0,0.0,5248,4714
2020-03-06 13:00:00,5580.0,-4.774847184307872e-13,0.0,0.0,0.0,0.0,28.836921069797427,0.0,0.0,0.0,3880,5551
2020-03-06 14:00:00,5580.0,6.821210263296964e-14,0.0,0.0,0.0,0.0,508.836921069797,0.0,0.0,0.0,3849,5071
2020-03-06 15:00:00,5580.0,6.821210263296964e-14,0.0,0.0,0.0,0.0,724.8369210697972,0.0,0.0,0.0,3777,4855
2020-03-06 16:00:00,4663.163078930203,-4.774847184307872e-13,0.0,0.0,0.0,0.0,1200.0,0.0,0.0,0.0,5014,3463
2020-03-06 17:00:00,5580.0,6.821210263296964e-14,0.0,0.0,0.0,0.0,0.0,34.16307893020303,0.0,0.0,3073,5614
2020-03-06 18:00:00,5580.0,-7.503331289626659e-13,1327.1630789302035,0.0,0.0,0.0,0.0,0.0,0.0,0.0,2599,6907
2020-03-06 19:00:00,5580.0,6.821210263296964e-14,1269.1630789302028,0.0,0.0,0.0,0.0,0.0,0.0,0.0,3534,6849
2020-03-06 20:00:00,5580.0,-7.503331289626659e-13,1620.0,0.0,0.0,0.0,0.0,906.1630789302036,0.0,0.0,1888,8106
2020-03-06 21:00:00,5580.0,-2.27373675443232e-14,653.1630789302021,0.0,0.0,0.0,0.0,0.0,0.0,0.0,3276,6233
2020-03-06 22:00:00,5580.0,-7.503331289626659e-13,2160.0,0.0,0.0,0.0,0.0,145.16307893020348,0.0,0.0,1884,7885
2020-03-06 23:00:00,5580.0,1.591615728102624e-13,2160.0,0.0,0.0,0.0,0.0,429.1630789302026,0.0,0.0,1865,8169
2020-03-07 00:00:00,5580.0,-2.046363078989089e-13,2160.0,0.0,0.0,0.0,0.0,25.163078930201664,0.0,0.0,1916,7765
2020-03-07 01:00:00,5580.0,-4.092726157978178e-13,1105.163078930203,0.0,0.0,0.0,0.0,0.0,0.0,0.0,2737,6685
2020-03-07 02:00:00,5580.0,-2.046363078989089e-13,1147.1630789302026,0.0,0.0,0.0,0.0,0.0,0.0,0.0,2449,6727
2020-03-07 03:00:00,5580.0,-2.046363078989089e-13,1932.1630789302028,0.0,0.0,0.0,0.0,0.0,0.0,0.0,1294,7512
2020-03-07 04:00:00,5580.0,-2.046363078989089e-13,1158.1630789302026,0.0,0.0,0.0,0.0,0.0,0.0,0.0,2075,6738
2020-03-07 05:00:00,5580.0,-2.046363078989089e-13,1450.1630789302028,0.0,0.0,0.0,0.0,0.0,0.0,0.0,2392,7030
2020-03-07 06:00:00,5580.0,-2.046363078989089e-13,2160.0,0.0,0.0,249.1630789302017,0.0,1200.0,0.0,0.0,1450,9189
2020-03-07 07:00:00,5580.0,-2.046363078989089e-13,2160.0,0.0,0.0,953.1630789302008,0.0,1200.0,0.0,0.0,1495,9893
2020-03-07 08:00:00,5580.0,-2.046363078989089e-13,2160.0,0.0,0.0,0.0,0.0,570.1630789302017,0.0,0.0,3449,8310
2020-03-07 09:00:00,5580.0,-2.046363078989089e-13,2017.1630789302023,0.0,0.0,0.0,0.0,0.0,0.0,0.0,4340,7597
2020-03-07 10:00:00,5580.0,-2.046363078989089e-13,1620.0,0.0,0.0,215.1630789302017,0.0,1200.0,0.0,0.0,3297,8615
2020-03-07 11:00:00,5580.0,-2.046363078989089e-13,1080.0,0.0,0.0,442.1630789302035,0.0,1200.0,0.0,0.0,3648,8302
2020-03-07 12:00:00,5580.0,-2.046363078989089e-13,741.1630789302027,0.0,0.0,0.0,0.0,0.0,0.0,0.0,5653,6321
2020-03-07 13:00:00,5580.0,-2.046363078989089e-13,468.1630789302024,0.0,0.0,0.0,0.0,0.0,0.0,0.0,5611,6048
2020-03-07 14:00:00,5580.0,-2.046363078989089e-13,1080.0,0.0,0.0,0.0,981.8369210697974,0.0,0.0,0.0,5674,5678
2020-03-07 15:00:00,5580.0,8.86757334228605e-13,1080.0,0.0,0.0,0.0,0.0,104.16307893020166,0.0,0.0,4247,6764
2020-03-07 16:00:00,5580.0,-2.046363078989089e-13,1080.0,0.0,0.0,0.0,0.0,170.16307893020257,0.0,0.0,3983,6830
2020-03-07 17:00:00,5580.0,8.86757334228605e-13,420.0,0.0,0.0,0.0,349.83692106979834,0.0,0.0,0.0,5268,5650
2020-03-07 18:00:00,5580.0,-2.046363078989089e-13,1620.0,0.0,0.0,387.1630789302035,0.0,1200.0,0.0,0.0,2965,8787
2020-03-07 19:00:00,5580.0,-2.046363078989089e-13,2160.0,0.0,0.0,80.9192759295554,0.0,609.2438030006454,0.0,0.0,4039,8430
2020-03-07 20:00:00,5580.0,-2.046363078989089e-13,2160.0,0.0,0.0,1600.1630789302017,0.0,0.0,0.0,0.0,2215,9340
2020-03-07 21:00:00,5580.0,-2.046363078989089e-13,2160.0,0.0,0.0,0.0,548.8369210697974,0.0,0.0,0.0,3616,7191
2020-03-07 22:00:00,5580.0,-2.046363078989089e-13,2160.0,0.0,0.0,1175.5353881278536,0.0,411.62769080234807,0.0,0.0,1692,9327
2020-03-07 23:00:00,5580.0,-2.046363078989089e-13,2160.0,0.0,0.0,1643.1630789302008,0.0,0.0,0.0,0.0,1804,9383
2020-03-08 00:00:00,5580.0,7.048583938740194e-13,2160.0,0.0,0.0,1157.1630789302017,0.0,0.0,0.0,0.0,1837,8897
2020-03-08 01:00:00,5580.0,-2.046363078989089e-13,2160.0,0.0,0.0,1064.1630789302017,0.0,0.0,0.0,0.0,1675,8804
2020-03-08 02:00:00,5580.0,7.048583938740194e-13,2160.0,0.0,0.0,1060.1630789302017,0.0,0.0,0.0,0.0,1444,8800
2020-03-08 03:00:00,5580.0,7.048583938740194e-13,2043.163078930202,0.0,0.0,0.0,0.0,0.0,0.0,0.0,2247,7623
2020-03-08 04:00:00,5580.0,-2.046363078989089e-13,2160.0,0.0,0.0,0.0,87.83692106979834,0.0,0.0,0.0,2193,7652
2020-03-08 05:00:00,5580.0,-2.046363078989089e-13,2160.0,0.0,0.0,1114.285388127853,0.0,65.87769080234875,0.0,0.0,1488,8920
2020-03-08 06:00:00,5580.0,-2.0463630789890883e-13,2160.0,0.0,0.0,2367.1630789302017,0.0,0.0,0.0,0.0,1503,10107
2020-03-08 07:00:00,5580.0,-2.046363078989089e-13,2160.0,0.0,0.0,1358.1630789302017,0.0,0.0,0.0,0.0,3210,9098
2020-03-08 08:00:00,5580.0,-2.046363078989089e-13,2160.0,0.0,0.0,2983.1630789302017,0.0,0.0,0.0,0.0,1831,10723
2020-03-08 09:00:00,5580.0,7.048583938740194e-13,2160.0,0.0,0.0,355.16307893020166,0.0,0.0,0.0,0.0,4424,8095
2020-03-08 10:00:00,5580.0,6.821210263296964e-14,1620.0,0.0,0.0,1825.1630789302012,0.0,0.0,0.0,0.0,3251,9025
2020-03-08 11:00:00,5580.0,3.410605131648481e-13,1080.0,0.0,0.0,139.16307893020215,0.0,0.0,0.0,0.0,5385,6799
2020-03-08 12:00:00,5580.0,-2.046363078989089e-13,1080.0,0.0,0.0,1382.1630789302026,0.0,0.0,0.0,0.0,4057,8042
2020-03-08 13:00:00,5580.0,-2.046363078989089e-13,998.345944770479,0.0,0.0,0.0,227.18286584027615,0.0,0.0,0.0,5468,6351
2020-03-08 14:00:00,5580.0,-2.046363078989089e-13,1080.0,0.0,0.0,0.0,715.8369210697974,0.0,0.0,0.0,5587,5944
2020-03-08 15:00:00,5580.0,-2.046363078989089e-13,420.0,0.0,0.0,0.0,117.83692106979744,0.0,0.0,0.0,5387,5882
2020-03-08 16:00:00,5580.0,-2.046363078989089e-13,1080.0,0.0,0.0,164.5205479452993,0.0,795.6425309849033,0.0,0.0,3550,7620
2020-03-08 17:00:00,5580.0,-2.046363078989089e-13,1080.0,0.0,0.0,1513.1630789302017,0.0,0.0,0.0,0.0,3109,8173
2020-03-08 18:00:00,5580.0,2.5011104298755534e-13,1620.0,0.0,0.0,603.1630789302026,0.0,0.0,0.0,0.0,4215,7803
2020-03-08 19:00:00,5580.0,-3.75166564481333e-13,2160.0,0.0,0.0,2496.1630789302017,0.0,0.0,0.0,0.0,2221,10236
2020-03-08 20:00:00,5580.0,7.048583938740194e-13,2160.0,0.0,0.0,411.16307893020166,0.0,0.0,0.0,0.0,3282,8151
2020-03-08 21:00:00,5580.0,-2.046363078989089e-13,2160.0,0.0,0.0,1474.1630789302017,0.0,0.0,0.0,0.0,1453,9214
2020-03-08 22:00:00,5580.0,-2.046363078989089e-13,2160.0,0.0,0.0,1512.1630789302017,0.0,0.0,0.0,0.0,1540,9252
2020-03-08 23:00:00,5580.0,6.821210263296964e-14,2160.0,0.0,0.0,219.16307893020212,0.0,0.0,0.0,0.0,2960,7959
2020-03-09 00:00:00,5580.0,8.86757334228605e-13,2160.0,0.0,0.0,1411.1630789302014,0.0,0.0,0.0,0.0,1251,9151
2020-03-09 01:00:00,5580.0,3.410605131648481e-13,1804.163078930203,0.0,0.0,0.0,0.0,0.0,0.0,0.0,2694,7384
2020-03-09 02:00:00,5580.0,6.821210263296958e-14,2160.0,0.0,0.0,852.1630789302021,0.0,0.0,0.0,0.0,1178,8592
2020-03-09 03:00:00,5580.0,2.5011104298755534e-13,2160.0,0.0,0.0,465.1630789302013,0.0,0.0,0.0,0.0,1126,8205
2020-03-09 04:00:00,5580.0,3.410605131648481e-13,2160.0,0.0,0.0,211.16307893020212,0.0,0.0,0.0,0.0,1294,7951
2020-03-09 05:00:00,5580.0,8.86757334228605e-13,1752.1630789302026,0.0,0.0,0.0,0.0,0.0,0.0,0.0,2426,7332
2020-03-09 06:00:00,5580.0,1.0231815394945445e-13,2160.0,0.0,0.0,305.1630789302013,0.0,0.0,0.0,0.0,2890,8045
2020-03-09 07:00:00,5580.0,3.410605131648481e-13,2160.0,0.0,0.0,2485.163078930202,0.0,0.0,0.0,0.0,1424,10225
2020-03-09 08:00:00,5580.0,3.410605131648481e-13,2160.0,0.0,0.0,2441.1630789302003,0.0,0.0,0.0,0.0,1780,10181
2020-03-09 09:00:00,5580.0,6.821210263296958e-14,2160.0,0.0,0.0,282.1630789302021,0.0,0.0,0.0,0.0,3970,8022
2020-03-09 10:00:00,5580.0,5.002220859751106e-13,1567.1630789302021,0.0,0.0,0.0,0.0,0.0,0.0,0.0,4691,7147
2020-03-09 11:00:00,5580.0,-2.0463630789890888e-13,1620.0,0.0,0.0,877.1630789302023,0.0,0.0,0.0,0.0,3779,8077
2020-03-09 12:00:00,5580.0,6.821210263296964e-14,870.1630789302022,0.0,0.0,0.0,0.0,0.0,0.0,0.0,5411,6450
2020-03-09 13:00:00,5580.0,8.86757334228605e-13,1620.0,0.0,0.0,0.1630789302013321,0.0,0.0,0.0,0.0,4408,7200
2020-03-09 14:00:00,5580.0,3.410605131648481e-13,1080.0,0.0,0.0,129.16307893020212,0.0,0.0,0.0,0.0,4526,6789
2020-03-09 15:00:00,5580.0,6.821210263296964e-14,540.0,0.0,0.0,615.1630789302021,0.0,0.0,0.0,0.0,4294,6735
2020-03-09 16:00:00,5580.0,-2.046363078989089e-13,210.0,0.0,0.0,0.0,96.83692106979706,0.0,0.0,0.0,5181,5693
2020-03-09 17:00:00,5580.0,4.5474735088646414e-14,540.0,0.0,0.0,0.0,221.83692106979765,0.0,0.0,0.0,5038,5898
2020-03-09 18:00:00,5580.0,6.821210263296964e-14,1080.0,0.0,0.0,1758.157697325506,0.0,239.00538160469603,0.0,0.0,2975,8657
2020-03-09 19:00:00,5580.0,-2.27373675443232e-14,1080.0,0.0,0.0,1068.1630789302037,0.0,0.0,0.0,0.0,4193,7728
2020-03-09 20:00:00,5580.0,-2.0463630789890888e-13,1080.0,0.0,0.0,1808.1630789302023,0.0,0.0,0.0,0.0,2549,8468
2020-03-09 21:00:00,5580.0,3.410605131648481e-13,772.1630789302022,0.0,0.0,0.0,0.0,0.0,0.0,0.0,3983,6352
2020-03-09 22:00:00,5580.0,4.5474735088646414e-14,963.1630789302023,0.0,0.0,0.0,0.0,0.0,0.0,0.0,3914,6543
2020-03-09 23:00:00,5580.0,6.821210263296964e-14,1620.0,0.0,0.0,1068.1630789302012,0.0,0.0,0.0,0.0,2316,8268
2020-03-10 00:00:00,5580.0,2.273736754432321e-13,1391.1630789302012,0.0,0.0,0.0,0.0,0.0,0.0,0.0,3088,6971
2020-03-10 01:00:00,5580.0,-2.0463630789890888e-13,2160.0,0.0,0.0,189.16307893020303,0.0,0.0,0.0,0.0,1808,7929
2020-03-10 02:00:00,5580.0,-2.27373675443232e-14,2102.1630789302026,0.0,0.0,0.0,0.0,0.0,0.0,0.0,1763,7682
2020-03-10 03:00:00,5580.0,3.41060513164848e-13,1188.1630789302026,0.0,0.0,0.0,0.0,0.0,0.0,0.0,2264,6768
2020-03-10 04:00:00,5580.0,3.410605131648481e-13,1769.1630789302021,0.0,0.0,0.0,0.0,0.0,0.0,0.0,1626,7349
2020-03-10 05:00:00,5580.0,-2.0463630789890888e-13,2160.0,0.0,0.0,38.16307893020303,0.0,0.0,0.0,0.0,1732,7778
2020-03-10 06:00:00,5580.0,3.410605131648481e-13,2160.0,0.0,0.0,0.0,146.83692106979788,0.0,0.0,0.0,3112,7593
2020-03-10 07:00:00,5580.0,2.273736754432321e-13,2160.0,0.0,0.0,1866.035388127853,0.0,110.1276908023484,0.0,0.0,1694,9716
2020-03-10 08:00:00,5580.0,2.273736754432321e-13,2160.0,0.0,0.0,771.1630789302012,0.0,0.0,0.0,0.0,3178,8511
2020-03-10 09:00:00,5580.0,6.821210263296964e-14,2160.0,0.0,0.0,344.16307893020127,0.0,0.0,0.0,0.0,3572,8084
2020-03-10 10:00:00,5580.0,6.821210263296964e-14,2160.0,0.0,0.0,903.163078930203,0.0,0.0,0.0,0.0,2757,8643
2020-03-10 11:00:00,5580.0,6.821210263296964e-14,2160.0,0.0,0.0,290.1630789302012,0.0,0.0,0.0,0.0,3263,8030
2020-03-10 12:00:00,5580.0,6.821210263296964e-14,1888.163078930203,0.0,0.0,0.0,0.0,0.0,0.0,0.0,3712,7468
2020-03-10 13:00:00,5580.0,4.5474735088646414e-14,420.0,0.0,0.0,0.0,186.8369210697979,0.0,0.0,0.0,5088,5813
2020-03-10 14:00:00,5580.0,-2.046363078989089e-13,540.0,0.0,0.0,88.03538812785413,0.0,140.12769080234844,0.0,0.0,4292,6348
2020-03-10 15:00:00,5580.0,-2.046363078989089e-13,354.1630789302025,0.0,0.0,0.0,0.0,0.0,0.0,0.0,4411,5934
2020-03-10 16:00:00,5580.0,4.5474735088646414e-14,540.0,0.0,0.0,0.0,62.83692106979796,0.0,0.0,0.0,4114,6057
2020-03-10 17:00:00,5580.0,-1.3642420526593928e-13,540.0,0.0,0.0,0.0,407.83692106979777,0.0,0.0,0.0,4539,5712
2020-03-10 18:00:00,5580.0,6.821210263296964e-14,540.0,0.0,0.0,1119.1576973255053,0.0,353.00538160469677,0.0,0.0,3402,7592
2020-03-10 19:00:00,5580.0,6.821210263296964e-14,540.0,0.0,0.0,1357.163078930203,0.0,0.0,0.0,0.0,3877,7477
2020-03-10 20:00:00,5580.0,-2.046363078989089e-13,540.0,0.0,0.0,2114.1630789302026,0.0,0.0,0.0,0.0,2281,8234
2020-03-10 21:00:00,5580.0,6.821210263296964e-14,540.0,0.0,0.0,225.16307893020303,0.0,0.0,0.0,0.0,3542,6345
2020-03-10 22:00:00,5580.0,-1.3642420526593928e-13,540.0,0.0,0.0,1938.1630789302023,0.0,0.0,0.0,0.0,1975,8058
2020-03-10 23:00:00,4762.163078930201,3555.0,0.0,0.0,0.0,0.0,0.0,0.0,0.0,0.0,1865,8317
