Date,Nuclear,Gaz,Charbon,Biomasse,Fioul,Hydro,STEP Pompage,STEP Turbinage,Batterie Injection,Batterie Soutirage,RES,Charge,Charge Nette
2020-01-01T00:00:00,5580.0,-9.09494701772928e-14,2160.0,0.0,0.0,515.1630789302008,0.0,0.0,0.0,0.0,2820,11075,8255
2020-01-01T01:00:00,5580.0,0.0,2160.0,0.0,0.0,547.1630789302008,0.0,0.0,0.0,0.0,2486,10773,8287
2020-01-01T02:00:00,5580.0,0.0,2160.0,0.0,0.0,1330.1630789302003,0.0,0.0,0.0,0.0,1361,10431,9070
2020-01-01T03:00:00,5580.0,-5.456968210637569e-13,2160.0,0.0,0.0,982.1630789302016,0.0,0.0,0.0,0.0,1243,9965,8722
2020-01-01T04:00:00,5580.0,0.0,2160.0,0.0,0.0,605.1630789302008,0.0,0.0,0.0,0.0,1482,9827,8345
2020-01-01T05:00:00,5580.0,0.0,2160.0,0.0,0.0,1057.1630789302003,0.0,0.0,0.0,0.0,1319,10116,8797
2020-01-01T06:00:00,5580.0,0.0,2160.0,0.0,0.0,1365.1630789302003,0.0,0.0,0.0,0.0,1603,10708,9105
2020-01-01T07:00:00,5580.0,0.0,2160.0,0.0,0.0,1786.1630789302003,0.0,0.0,0.0,0.0,1669,11195,9526
2020-01-01T08:00:00,5580.0,0.0,2160.0,0.0,0.0,1233.1630789302003,0.0,0.0,0.0,0.0,2507,11480,8973
2020-01-01T09:00:00,5580.0,0.0,2160.0,0.0,0.0,1421.1630789302003,0.0,0.0,0.0,0.0,2551,11712,9161
2020-01-01T10:00:00,5580.0,0.0,2160.0,0.0,0.0,1134.1630789302003,0.0,0.0,0.0,0.0,2968,11842,8874
2020-01-01T11:00:00,5580.0,0.0,2160.0,0.0,0.0,810.1630789302008,0.0,0.0,0.0,0.0,3427,11977,8550
2020-01-01T12:00:00,5580.0,-5.456968210637569e-13,2160.0,0.0,0.0,717.1630789302017,0.0,0.0,0.0,0.0,3743,12200,8457
2020-01-01T13:00:00,5580.0,0.0,2160.0,0.0,0.0,239.16307893020257,0.0,0.0,0.0,0.0,3793,11772,7979
2020-01-01T14:00:00,5580.0,0.0,2160.0,0.0,0.0,0.0,313.8369210697974,0.0,0.0,0.0,3979,11405,7426
2020-01-01T15:00:00,5580.0,0.0,2160.0,0.0,0.0,0.0,478.8369210697974,0.0,0.0,0.0,3886,11147,7261
2020-01-01T16:00:00,5580.0,0.0,2160.0,0.0,0.0,0.0,350.8369210697974,0.0,0.0,0.0,3680,11069,7389
2020-01-01T17:00:00,5580.0,0.0,2160.0,0.0,0.0,0.0,0.0,417.1630789302026,0.0,0.0,3443,11600,8157
2020-01-01T18:00:00,5580.0,0.0,2160.0,0.0,0.0,949.6930854533592,0.0,440.4699934768416,0.0,0.0,2941,12071,9130
2020-01-01T19:00:00,5580.0,-1.3642420526593928e-13,2160.0,0.0,0.0,1988.1630789302003,0.0,0.0,0.0,0.0,2376,12104,9728
2020-01-01T20:00:00,5580.0,-7.275957614183425e-13,2160.0,0.0,0.0,1237.1630789302008,0.0,0.0,0.0,0.0,2607,11584,8977
2020-01-01T21:00:00,5580.0,-7.275957614183425e-13,2160.0,0.0,0.0,934.1630789302008,0.0,0.0,0.0,0.0,2430,11104,8674
2020-01-01T22:00:00,5580.0,0.0,2160.0,0.0,0.0,709.1630789302008,0.0,0.0,0.0,0.0,2978,11427,8449
2020-01-01T23:00:00,5580.0,-5.456968210637569e-13,2160.0,0.0,0.0,651.1630789302011,0.0,0.0,0.0,0.0,3218,11609,8391
2020-01-02T00:00:00,5580.0,1.3642420526593928e-13,2160.0,0.0,0.0,1219.1630789302003,0.0,0.0,0.0,0.0,2085,11044,8959
2020-01-02T01:00:00,5580.0,0.0,2160.0,0.0,0.0,852.1630789302012,0.0,0.0,0.0,0.0,2211,10803,8592
2020-01-02T02:00:00,5580.0,3.637978807091713e-13,2160.0,0.0,0.0,320.163078930203,0.0,0.0,0.0,0.0,2455,10515,8060
2020-01-02T03:00:00,5580.0,3.637978807091713e-13,2160.0,0.0,0.0,0.0,63.83692106979697,0.0,0.0,0.0,2387,10063,7676
2020-01-02T04:00:00,5580.0,3.637978807091713e-13,1620.0,0.0,0.0,432.2853881278553,0.0,47.87769080234773,0.0,0.0,2246,9926,7680
2020-01-02T05:00:00,5580.0,3.637978807091713e-13,1620.0,0.0,0.0,666.163078930203,0.0,0.0,0.0,0.0,2293,10159,7866
2020-01-02T06:00:00,5580.0,3.637978807091713e-13,1620.0,0.0,0.0,974.1630789302036,0.0,0.0,0.0,0.0,2437,10611,8174
2020-01-02T07:00:00,5580.0,3.637978807091713e-13,1620.0,0.0,0.0,1033.1630789302017,0.0,0.0,0.0,0.0,2799,11032,8233
2020-01-02T08:00:00,5580.0,3.637978807091713e-13,1620.0,0.0,0.0,1005.1630789302016,0.0,0.0,0.0,0.0,3210,11415,8205
2020-01-02T09:00:00,5580.0,3.637978807091713e-13,1620.0,0.0,0.0,724.163078930203,0.0,0.0,0.0,0.0,3743,11667,7924
2020-01-02T10:00:00,5580.0,3.637978807091713e-13,1620.0,0.0,0.0,210.16307893020303,0.0,0.0,0.0,0.0,4354,11764,7410
2020-01-02T11:00:00,5580.0,3.637978807091713e-13,1620.0,0.0,0.0,0.0,439.836921069797,0.0,0.0,0.0,5072,11832,6760
2020-01-02T12:00:00,5580.0,3.637978807091713e-13,1486.0547945203139,0.0,0.0,0.0,522.8917155901104,0.0,0.0,0.0,5530,12073,6543
2020-01-02T13:00:00,5580.0,-5.456968210637569e-13,1644.1630789302037,0.0,0.0,0.0,1200.0,0.0,0.0,0.0,5649,11673,6024
2020-01-02T14:00:00,5580.0,3.637978807091713e-13,1277.163078930203,0.0,0.0,0.0,1200.0,0.0,0.0,0.0,5660,11317,5657
2020-01-02T15:00:00,5580.0,3.637978807091713e-13,1253.163078930203,0.0,0.0,0.0,1200.0,0.0,0.0,0.0,5464,11097,5633
2020-01-02T16:00:00,5580.0,3.637978807091713e-13,1543.1630789302021,0.0,0.0,0.0,1200.0,0.0,0.0,0.0,5185,11108,5923
2020-01-02T17:00:00,5580.0,3.637978807091713e-13,2160.0,0.0,0.0,0.0,921.836921069797,0.0,0.0,0.0,4872,11690,6818
2020-01-02T18:00:00,5580.0,3.637978807091713e-13,2160.0,0.0,0.0,0.0,24.836921069796972,0.0,0.0,0.0,4147,11862,7715
2020-01-02T19:00:00,5580.0,3.637978807091713e-13,2160.0,0.0,0.0,0.0,0.0,484.1630789302012,0.0,0.0,3463,11687,8224
2020-01-02T20:00:00,5580.0,3.637978807091713e-13,2160.0,0.0,0.0,0.0,0.0,315.1630789302035,0.0,0.0,3037,11092,8055
2020-01-02T21:00:00,5580.0,1.818989403545857e-13,2160.0,0.0,0.0,0.0,125.83692106979676,0.0,0.0,0.0,2954,10568,7614
2020-01-02T22:00:00,5580.0,0.0,2160.0,0.0,0.0,0.0,0.0,439.1630789302035,0.0,0.0,2760,10939,8179
2020-01-02T23:00:00,5580.0,3.637978807091713e-13,2160.0,0.0,0.0,0.0,0.0,659.1630789302017,0.0,0.0,2953,11352,8399
2020-01-03T00:00:00,5580.0,1.3642420526593928e-13,2160.0,0.0,0.0,0.0,0.0,507.1630789302001,0.0,0.0,2813,11060,8247
2020-01-03T01:00:00,5580.0,0.0,2160.0,0.0,0.0,0.0,0.0,373.1630789302026,0.0,0.0,2709,10822,8113
2020-01-03T02:00:00,5580.0,1.3642420526593928e-13,2160.0,0.0,0.0,0.0,0.0,506.1630789302001,0.0,0.0,2198,10444,8246
2020-01-03T03:00:00,5580.0,1.3642420526593928e-13,2160.0,0.0,0.0,0.0,27.83692106979811,0.0,0.0,0.0,2086,9798,7712
2020-01-03T04:00:00,5580.0,-2.160049916710705e-13,1620.0,0.0,0.0,0.0,0.0,123.1630789302028,0.0,0.0,2086,9409,7323
2020-01-03T05:00:00,5580.0,0.0,1620.0,0.0,0.0,0.0,0.0,93.16307893020262,0.0,0.0,2047,9340,7293
2020-01-03T06:00:00,5580.0,0.0,1620.0,0.0,0.0,0.0,476.8369210697973,0.0,0.0,0.0,2679,9402,6723
2020-01-03T07:00:00,5580.0,5.456968210637569e-13,1620.0,0.0,0.0,0.0,0.0,16.16307893020148,0.0,0.0,2235,9451,7216
2020-01-03T08:00:00,5580.0,0.0,1080.0,0.0,0.0,0.0,939.8369210697972,0.0,0.0,0.0,3923,9643,5720
2020-01-03T09:00:00,5580.0,0.0,1080.0,0.0,0.0,0.0,1039.8369210697974,0.0,0.0,0.0,4352,9972,5620
2020-01-03T10:00:00,5580.0,0.0,1080.0,0.0,0.0,0.0,6.836921069796422,0.0,0.0,0.0,3685,10338,6653
2020-01-03T11:00:00,5580.0,0.0,1080.0,0.0,0.0,0.0,920.8369210697972,0.0,0.0,0.0,4824,10563,5739
2020-01-03T12:00:00,5580.0,0.0,1080.0,0.0,0.0,0.0,948.8369210697972,0.0,0.0,0.0,5147,10858,5711
2020-01-03T13:00:00,5580.0,0.0,959.1630789302027,0.0,0.0,0.0,1200.0,0.0,0.0,0.0,5053,10392,5339
2020-01-03T14:00:00,5580.0,0.0,511.1630789302027,0.0,0.0,0.0,1200.0,0.0,0.0,0.0,5033,9924,4891
2020-01-03T15:00:00,5546.163078930203,0.0,630.0,0.0,0.0,0.0,1200.0,0.0,0.0,0.0,4725,9701,4976
2020-01-03T16:00:00,5580.0,5.456968210637569e-13,712.1630789302014,0.0,0.0,0.0,1200.0,0.0,0.0,0.0,4574,9666,5092
2020-01-03T17:00:00,5580.0,-3.637978807091713e-13,1450.163078930203,0.0,0.0,0.0,1200.0,0.0,0.0,0.0,4422,10252,5830
2020-01-03T18:00:00,5580.0,1.3642420526593928e-13,1620.0,0.0,0.0,0.0,1088.8369210697972,0.0,0.0,0.0,4474,10585,6111
2020-01-03T19:00:00,5580.0,-1.3642420526593928e-13,1620.0,0.0,0.0,0.0,671.8369210697964,0.0,0.0,0.0,4062,10590,6528
2020-01-03T20:00:00,5580.0,1.3642420526593928e-13,2160.0,0.0,0.0,0.0,815.8369210697981,0.0,0.0,0.0,3408,10332,6924
2020-01-03T21:00:00,5580.0,0.0,2160.0,0.0,0.0,0.0,889.8369210697974,0.0,0.0,0.0,3128,9978,6850
2020-01-03T22:00:00,5580.0,0.0,2160.0,0.0,0.0,0.0,527.8369210697974,0.0,0.0,0.0,3029,10241,7212
2020-01-03T23:00:00,5580.0,0.0,2160.0,0.0,0.0,0.0,282.8369210697974,0.0,0.0,0.0,3025,10482,7457
2020-01-04T00:00:00,5580.0,1.3642420526593928e-13,2160.0,0.0,0.0,0.0,0.0,209.1630789302019,0.0,0.0,2831,10780,7949
2020-01-04T01:00:00,5580.0,1.2278178473934532e-12,2160.0,0.0,0.0,274.16307893020235,0.0,1200.0,0.0,0.0,1257,10471,9214
2020-01-04T02:00:00,5580.0,1.3642420526593928e-13,2160.0,0.0,0.0,0.0,0.0,85.16307893020189,0.0,0.0,2279,10104,7825
2020-01-04T03:00:00,5580.0,-3.637978807091713e-13,2160.0,0.0,0.0,0.0,48.83692106979743,0.0,0.0,0.0,1826,9517,7691
2020-01-04T04:00:00,5580.0,-1.818989403545857e-13,2160.0,0.0,0.0,0.0,330.83692106979794,0.0,0.0,0.0,1739,9148,7409
2020-01-04T05:00:00,5580.0,0.0,2160.0,0.0,0.0,0.0,666.8369210697975,0.0,0.0,0.0,2006,9079,7073
2020-01-04T06:00:00,5580.0,0.0,2160.0,0.0,0.0,0.0,234.8369210697975,0.0,0.0,0.0,1614,9119,7505
2020-01-04T07:00:00,5580.0,0.0,2160.0,0.0,0.0,0.0,589.8369210697975,0.0,0.0,0.0,1985,9135,7150
2020-01-04T08:00:00,5580.0,0.0,2160.0,0.0,0.0,0.0,970.8369210697977,0.0,0.0,0.0,2531,9300,6769
2020-01-04T09:00:00,5580.0,0.0,829.1630789302025,0.0,0.0,0.0,1200.0,0.0,0.0,0.0,4453,9662,5209
2020-01-04T10:00:00,5580.0,5.456968210637569e-13,1080.0,0.0,0.0,0.0,507.8369210697974,0.0,0.0,0.0,3955,10107,6152
2020-01-04T11:00:00,5580.0,0.0,0.0,0.0,0.0,0.0,27.836921069797516,0.0,0.0,0.0,4915,10467,5552
2020-01-04T12:00:00,5580.0,0.0,0.0,0.0,0.0,0.0,0.0,281.16307893020246,0.0,0.0,5027,10888,5861
2020-01-04T13:00:00,5580.0,0.0,0.0,0.0,0.0,0.0,412.8369210697971,0.0,0.0,0.0,5335,10502,5167
2020-01-04T14:00:00,5580.0,0.0,0.0,0.0,0.0,0.0,969.8369210697977,0.0,0.0,0.0,5478,10088,4610
2020-01-04T15:00:00,5490.163078930203,0.0,0.0,0.0,0.0,0.0,1200.0,0.0,0.0,0.0,5547,9837,4290
2020-01-04T16:00:00,5580.0,0.0,0.0,0.0,0.0,0.0,1125.8369210697974,0.0,0.0,0.0,5313,9767,4454
2020-01-04T17:00:00,5580.0,-3.637978807091713e-13,990.163078930203,0.0,0.0,0.0,1200.0,0.0,0.0,0.0,4986,10356,5370
2020-01-04T18:00:00,5580.0,2.2737367544323226e-14,1080.0,0.0,0.0,0.0,566.8369210697973,0.0,0.0,0.0,4748,10841,6093
2020-01-04T19:00:00,5580.0,1.2278178473934532e-12,1905.1630789302021,0.0,0.0,0.0,1200.0,0.0,0.0,0.0,4602,10887,6285
2020-01-04T20:00:00,5580.0,0.0,2088.1630789302026,0.0,0.0,0.0,1200.0,0.0,0.0,0.0,4029,10497,6468
2020-01-04T21:00:00,5580.0,0.0,1915.1630789302026,0.0,0.0,0.0,1200.0,0.0,0.0,0.0,3688,9983,6295
2020-01-04T22:00:00,5580.0,-3.637978807091713e-13,1677.1630789302021,0.0,0.0,0.0,1200.0,0.0,0.0,0.0,4150,10207,6057
2020-01-04T23:00:00,5580.0,-3.637978807091713e-13,2160.0,0.0,0.0,0.0,1051.8369210697974,0.0,0.0,0.0,3736,10424,6688
2020-01-05T00:00:00,5580.0,-5.456968210637569e-13,1805.1630789302044,0.0,0.0,0.0,1200.0,0.0,0.0,0.0,3662,9847,6185
2020-01-05T01:00:00,5580.0,-5.456968210637569e-13,1867.1630789302044,0.0,0.0,0.0,1200.0,0.0,0.0,0.0,3259,9506,6247
2020-01-05T02:00:00,5580.0,-3.637978807091713e-13,1814.163078930204,0.0,0.0,0.0,1200.0,0.0,0.0,0.0,3028,9222,6194
2020-01-05T03:00:00,5580.0,7.275957614183425e-13,1853.163078930203,0.0,0.0,0.0,1200.0,0.0,0.0,0.0,2561,8794,6233
2020-01-05T04:00:00,5580.0,-5.456968210637569e-13,1788.1630789302037,0.0,0.0,0.0,1200.0,0.0,0.0,0.0,2554,8722,6168
2020-01-05T05:00:00,5580.0,0.0,2160.0,0.0,0.0,0.0,1084.836921069796,0.0,0.0,0.0,2433,9088,6655
2020-01-05T06:00:00,5580.0,0.0,2160.0,0.0,0.0,0.0,861.836921069798,0.0,0.0,0.0,3036,9914,6878
2020-01-05T07:00:00,5580.0,0.0,2160.0,0.0,0.0,0.0,982.8369210697966,0.0,0.0,0.0,3877,10634,6757
2020-01-05T08:00:00,5580.0,0.0,2160.0,0.0,0.0,0.0,1099.836921069796,0.0,0.0,0.0,4491,11131,6640
2020-01-05T09:00:00,5580.0,0.0,2160.0,0.0,0.0,0.0,858.836921069798,0.0,0.0,0.0,4582,11463,6881
2020-01-05T10:00:00,5580.0,0.0,2160.0,0.0,0.0,0.0,0.0,822.163078930202,0.0,0.0,3157,11719,8562
2020-01-05T11:00:00,5580.0,0.0,2160.0,0.0,0.0,0.0,792.836921069798,0.0,0.0,0.0,4996,11943,6947
2020-01-05T12:00:00,5580.0,0.0,2160.0,0.0,0.0,0.0,0.0,939.163078930202,0.0,0.0,3418,12097,8679
2020-01-05T13:00:00,5580.0,-5.456968210637569e-13,2160.0,0.0,0.0,0.0,782.8369210697981,0.0,0.0,0.0,4884,11841,6957
2020-01-05T14:00:00,5580.0,0.0,2160.0,0.0,0.0,0.0,880.836921069798,0.0,0.0,0.0,4804,11663,6859
2020-01-05T15:00:00,5580.0,0.0,2160.0,0.0,0.0,0.0,810.836921069798,0.0,0.0,0.0,4511,11440,6929
2020-01-05T16:00:00,5580.0,0.0,2160.0,0.0,0.0,0.0,628.8369210697966,0.0,0.0,0.0,4238,11349,7111
2020-01-05T17:00:00,5580.0,0.0,2160.0,0.0,0.0,0.0,0.0,107.16307893020203,0.0,0.0,4045,11892,7847
2020-01-05T18:00:00,5580.0,0.0,2160.0,0.0,0.0,0.0,0.0,444.163078930202,0.0,0.0,4102,12286,8184
2020-01-05T19:00:00,5580.0,-5.456968210637569e-13,2160.0,0.0,0.0,0.0,0.0,362.1630789302026,0.0,0.0,4056,12158,8102
2020-01-05T20:00:00,5580.0,0.0,2160.0,0.0,0.0,304.1630789302012,0.0,1200.0,0.0,0.0,2129,11373,9244
2020-01-05T21:00:00,5580.0,-3.637978807091713e-13,2160.0,0.0,0.0,0.0,128.83692106979834,0.0,0.0,0.0,3124,10735,7611
2020-01-05T22:00:00,5580.0,0.0,2160.0,0.0,0.0,0.0,389.8369210697993,0.0,0.0,0.0,3558,10908,7350
2020-01-05T23:00:00,5580.0,-3.637978807091713e-13,2160.0,0.0,0.0,0.0,309.83692106979834,0.0,0.0,0.0,3633,11063,7430
2020-01-06T00:00:00,5580.0,1.3642420526593928e-13,2160.0,0.0,0.0,0.0,67.8369210697997,0.0,0.0,0.0,3128,10800,7672
2020-01-06T01:00:00,5580.0,0.0,2160.0,0.0,0.0,0.0,0.0,41.16307893020299,0.0,0.0,2694,10475,7781
2020-01-06T02:00:00,5580.0,1.3642420526593928e-13,2160.0,0.0,0.0,0.0,0.0,56.1630789302003,0.0,0.0,2378,10174,7796
2020-01-06T03:00:00,5580.0,2.2737367544323226e-14,2160.0,0.0,0.0,0.0,0.0,34.16307893020125,0.0,0.0,2008,9782,7774
2020-01-06T04:00:00,5580.0,-9.094947017729285e-14,2160.0,0.0,0.0,0.0,0.0,66.16307893020122,0.0,0.0,1925,9731,7806
2020-01-06T05:00:00,5580.0,0.0,2160.0,0.0,0.0,0.0,0.0,588.1630789302011,0.0,0.0,1888,10216,8328
2020-01-06T06:00:00,5580.0,0.0,2160.0,0.0,0.0,0.0,0.0,1144.1630789302012,0.0,0.0,2507,11391,8884
2020-01-06T07:00:00,5580.0,-5.456968210637569e-13,2160.0,0.0,0.0,1743.1630789302017,0.0,1200.0,0.0,0.0,1727,12410,10683
2020-01-06T08:00:00,5580.0,0.0,2160.0,0.0,0.0,0.0,0.0,1087.1630789302012,0.0,0.0,3920,12747,8827
2020-01-06T09:00:00,5580.0,0.0,2160.0,0.0,0.0,0.0,0.0,788.1630789302011,0.0,0.0,4293,12821,8528
2020-01-06T10:00:00,5580.0,0.0,2160.0,0.0,0.0,0.0,0.0,656.1630789302011,0.0,0.0,4472,12868,8396
2020-01-06T11:00:00,5580.0,0.0,2160.0,0.0,0.0,0.0,0.0,560.1630789302011,0.0,0.0,4650,12950,8300
2020-01-06T12:00:00,5580.0,0.0,2160.0,0.0,0.0,0.0,0.0,482.1630789302011,0.0,0.0,4704,12926,8222
2020-01-06T13:00:00,5580.0,0.0,2160.0,0.0,0.0,947.1630789302012,0.0,1200.0,0.0,0.0,2773,12660,9887
2020-01-06T14:00:00,5580.0,0.0,2160.0,0.0,0.0,0.0,0.0,290.1630789302011,0.0,0.0,4405,12435,8030
2020-01-06T15:00:00,5580.0,0.0,2160.0,0.0,0.0,0.0,0.0,76.16307893020112,0.0,0.0,4421,12237,7816
2020-01-06T16:00:00,5580.0,-5.456968210637569e-13,2160.0,0.0,0.0,0.0,0.0,272.16307893020183,0.0,0.0,4160,12172,8012
2020-01-06T17:00:00,5580.0,0.0,2160.0,0.0,0.0,0.0,0.0,1009.1630789302012,0.0,0.0,4003,12752,8749
2020-01-06T18:00:00,5580.0,-4.5474735088646414e-14,2160.0,0.0,0.0,219.16307893020135,0.0,1200.0,0.0,0.0,4149,13308,9159
2020-01-06T19:00:00,5580.0,0.0,2160.0,0.0,0.0,134.16307893020115,0.0,1200.0,0.0,0.0,4096,13170,9074
2020-01-06T20:00:00,5580.0,3.637978807091713e-13,2160.0,0.0,0.0,59.163078930201664,0.0,1200.0,0.0,0.0,3312,12311,8999
2020-01-06T21:00:00,5580.0,3.637978807091713e-13,2160.0,0.0,0.0,703.1630789302017,0.0,1200.0,0.0,0.0,1927,11570,9643
2020-01-06T22:00:00,5580.0,5.456968210637569e-13,2160.0,0.0,0.0,0.0,0.0,584.1630789302008,0.0,0.0,3392,11716,8324
2020-01-06T23:00:00,5580.0,5.1159076974727215e-14,2160.0,0.0,0.0,923.1630789302012,0.0,1200.0,0.0,0.0,1999,11862,9863
2020-01-07T00:00:00,5580.0,3.637978807091713e-13,2160.0,0.0,0.0,0.0,0.0,566.1630789302017,0.0,0.0,2896,11202,8306
2020-01-07T01:00:00,5580.0,5.456968210637569e-13,2160.0,0.0,0.0,0.0,0.0,456.16307893020166,0.0,0.0,2705,10901,8196
2020-01-07T02:00:00,5580.0,0.0,2160.0,0.0,0.0,0.0,0.0,495.1630789302021,0.0,0.0,2389,10624,8235
2020-01-07T03:00:00,5580.0,0.0,2160.0,0.0,0.0,0.0,0.0,494.1630789302021,0.0,0.0,2017,10251,8234
2020-01-07T04:00:00,5580.0,0.0,2160.0,0.0,0.0,0.0,0.0,486.1630789302021,0.0,0.0,1990,10216,8226
2020-01-07T05:00:00,5580.0,0.0,2160.0,0.0,0.0,0.0,0.0,735.1630789302022,0.0,0.0,2242,10717,8475
2020-01-07T06:00:00,5580.0,0.0,2160.0,0.0,0.0,355.1630789302021,0.0,1200.0,0.0,0.0,2613,11908,9295
2020-01-07T07:00:00,5580.0,0.0,2160.0,0.0,0.0,612.1630789302021,0.0,1200.0,0.0,0.0,3390,12942,9552
2020-01-07T08:00:00,5580.0,0.0,2160.0,0.0,0.0,358.1630789302021,0.0,1200.0,0.0,0.0,3983,13281,9298
2020-01-07T09:00:00,5580.0,0.0,2160.0,0.0,0.0,929.163078930202,0.0,1200.0,0.0,0.0,3484,13353,9869
2020-01-07T10:00:00,5580.0,5.456968210637569e-13,2160.0,0.0,0.0,654.1630789302017,0.0,1200.0,0.0,0.0,3782,13376,9594
2020-01-07T11:00:00,5580.0,0.0,2160.0,0.0,0.0,570.1630789302021,0.0,1200.0,0.0,0.0,3943,13453,9510
2020-01-07T12:00:00,5580.0,0.0,2160.0,0.0,0.0,505.1630789302021,0.0,1200.0,0.0,0.0,3975,13420,9445
2020-01-07T13:00:00,5580.0,0.0,2160.0,0.0,0.0,0.0,0.0,871.1630789302022,0.0,0.0,4526,13137,8611
2020-01-07T14:00:00,5580.0,0.0,2160.0,0.0,0.0,0.0,0.0,770.1630789302022,0.0,0.0,4348,12858,8510
2020-01-07T15:00:00,5580.0,0.0,2160.0,0.0,0.0,0.0,0.0,878.1630789302022,0.0,0.0,4014,12632,8618
2020-01-07T16:00:00,5580.0,0.0,2160.0,0.0,0.0,743.1382909329564,0.0,339.02478799724577,0.0,0.0,3722,12544,8822
2020-01-07T17:00:00,5580.0,0.0,2160.0,0.0,0.0,2023.163078930202,0.0,0.0,0.0,0.0,3297,13060,9763
2020-01-07T18:00:00,5580.0,5.456968210637569e-13,2160.0,0.0,0.0,2758.1630789302017,0.0,0.0,0.0,0.0,2995,13493,10498
2020-01-07T19:00:00,5580.0,5.456968210637569e-13,2160.0,0.0,0.0,3127.1630789302017,0.0,0.0,0.0,0.0,2500,13367,10867
2020-01-07T20:00:00,5580.0,5.456968210637569e-13,2160.0,0.0,0.0,1660.1630789302017,0.0,0.0,0.0,0.0,3017,12417,9400
2020-01-07T21:00:00,5580.0,1.3642420526593928e-13,2160.0,0.0,0.0,2071.163078930201,0.0,0.0,0.0,0.0,1797,11608,9811
2020-01-07T22:00:00,5580.0,3.637978807091713e-13,2160.0,0.0,0.0,712.1630789302021,0.0,0.0,0.0,0.0,3240,11692,8452
2020-01-07T23:00:00,5580.0,3.637978807091713e-13,2160.0,0.0,0.0,808.1630789302017,0.0,0.0,0.0,0.0,3224,11772,8548
2020-01-08T00:00:00,5580.0,605.1630789302025,2160.0,58.5,85.5,0.0,0.0,0.0,0.0,0.0,2644,11133,8489
2020-01-08T01:00:00,5580.0,793.8000000000009,2160.0,58.5,85.5,619.3630789302015,0.0,0.0,0.0,0.0,1471,10768,9297
2020-01-08T02:00:00,5580.0,1.818989403545857e-13,2160.0,58.5,85.5,1153.163078930202,0.0,0.0,0.0,0.0,1398,10435,9037
2020-01-08T03:00:00,5580.0,351.00000000000057,2160.0,58.5,85.5,47.163078930201664,0.0,0.0,0.0,0.0,1675,9957,8282
2020-01-08T04:00:00,5580.0,134.9999999999993,2160.0,58.5,85.5,367.1630789302021,0.0,0.0,0.0,0.0,1424,9810,8386
2020-01-08T05:00:00,5580.0,135.0,2160.0,58.5,85.5,691.1630789302022,0.0,0.0,0.0,0.0,1479,10189,8710
2020-01-08T06:00:00,5580.0,134.99999999999963,2160.0,58.5,85.5,1478.1630789302017,0.0,0.0,0.0,0.0,1602,11099,9497
2020-01-08T07:00:00,5580.0,0.0,2160.0,58.5,85.5,2182.1630789302017,0.0,0.0,0.0,0.0,1840,11906,10066
2020-01-08T08:00:00,5580.0,0.0,2160.0,58.5,85.5,2084.1630789302017,0.0,0.0,0.0,0.0,2229,12197,9968
2020-01-08T09:00:00,5580.0,0.0,2160.0,58.5,85.5,1595.1630789302017,0.0,0.0,0.0,0.0,2810,12289,9479
2020-01-08T10:00:00,5580.0,0.0,2160.0,58.5,85.5,1245.1630789302017,0.0,0.0,0.0,0.0,3213,12342,9129
2020-01-08T11:00:00,5580.0,0.0,2160.0,58.5,85.5,1116.1630789302017,0.0,0.0,0.0,0.0,3422,12422,9000
2020-01-08T12:00:00,5580.0,0.0,2160.0,58.5,85.5,948.1630789302016,0.0,0.0,0.0,0.0,3622,12454,8832
2020-01-08T13:00:00,5580.0,0.0,2160.0,58.5,85.5,635.1630789302021,0.0,0.0,0.0,0.0,3620,12139,8519
2020-01-08T14:00:00,5580.0,0.0,2160.0,58.5,85.5,344.1630789302021,0.0,0.0,0.0,0.0,3654,11882,8228
2020-01-08T15:00:00,5580.0,0.0,2160.0,58.5,85.5,95.16307893020394,0.0,0.0,0.0,0.0,3648,11627,7979
2020-01-08T16:00:00,5580.0,0.0,2160.0,58.5,85.5,94.16307893020394,0.0,0.0,0.0,0.0,3554,11532,7978
2020-01-08T17:00:00,5580.0,0.0,2160.0,58.5,85.5,879.1630789302017,0.0,0.0,0.0,0.0,3382,12145,8763
2020-01-08T18:00:00,5580.0,-1.3642420526593928e-13,2160.0,58.5,85.5,1601.1630789302023,0.0,0.0,0.0,0.0,3058,12543,9485
2020-01-08T19:00:00,5580.0,791.6,2160.0,58.5,85.5,902.5630789302016,0.0,0.0,0.0,0.0,2612,12190,9578
2020-01-08T20:00:00,5580.0,1359.1630789302012,2160.0,58.5,85.5,0.0,0.0,0.0,0.0,0.0,2154,11397,9243
2020-01-08T21:00:00,5580.0,734.1630789302029,2160.0,58.5,85.5,0.0,0.0,0.0,0.0,0.0,2210,10828,8618
2020-01-08T22:00:00,5580.0,1184.163078930203,2160.0,58.5,85.5,0.0,0.0,0.0,0.0,0.0,1976,11044,9068
2020-01-08T23:00:00,5580.0,1444.1630789302033,2160.0,58.5,85.5,0.0,1200.0,0.0,0.0,0.0,3095,11223,8128
2020-01-09T00:00:00,5580.0,422.99999999999903,2160.0,58.5,85.5,0.0,185.8369210697956,0.0,0.0,0.0,2076,10197,8121
2020-01-09T01:00:00,5580.0,287.99999999999903,2160.0,58.5,85.5,0.0,31.836921069797427,0.0,0.0,0.0,1732,9872,8140
2020-01-09T02:00:00,5580.0,0.0,2160.0,58.5,85.5,0.0,205.83692106979743,0.0,0.0,0.0,1921,9599,7678
2020-01-09T03:00:00,5580.0,0.0,2160.0,58.5,85.5,0.0,734.8369210697974,0.0,0.0,0.0,2030,9179,7149
2020-01-09T04:00:00,5580.0,0.0,2160.0,58.5,85.5,0.0,904.8369210697974,0.0,0.0,0.0,2086,9065,6979
2020-01-09T05:00:00,5580.0,0.0,2160.0,58.5,85.5,0.0,717.8369210697974,0.0,0.0,0.0,2109,9275,7166
2020-01-09T06:00:00,5580.0,0.0,2160.0,58.5,85.5,0.0,408.8369210697974,0.0,0.0,0.0,2206,9681,7475
2020-01-09T07:00:00,5580.0,0.0,2160.0,58.5,85.5,0.0,213.83692106979788,0.0,0.0,0.0,2442,10112,7670
2020-01-09T08:00:00,5580.0,0.0,2160.0,58.5,85.5,0.0,61.83692106979743,0.0,0.0,0.0,2850,10672,7822
2020-01-09T09:00:00,5580.0,0.0,2160.0,58.5,85.5,0.0,99.83692106979744,0.0,0.0,0.0,3445,11229,7784
2020-01-09T10:00:00,5580.0,0.0,2160.0,58.5,85.5,0.0,352.8369210697974,0.0,0.0,0.0,3990,11521,7531
2020-01-09T11:00:00,5580.0,0.0,2160.0,58.5,85.5,0.0,785.8369210697974,0.0,0.0,0.0,4629,11727,7098
2020-01-09T12:00:00,5580.0,0.0,2160.0,58.5,85.5,0.0,785.8369210697974,0.0,0.0,0.0,4882,11980,7098
2020-01-09T13:00:00,5580.0,5.456968210637569e-13,2160.0,58.5,0.0,0.0,1158.3369210697974,0.0,0.0,0.0,4992,11632,6640
2020-01-09T14:00:00,5580.0,0.0,2027.1630789302026,0.0,0.0,0.0,1200.0,0.0,0.0,0.0,4906,11313,6407
2020-01-09T15:00:00,5580.0,0.0,1611.1630789302026,0.0,0.0,0.0,1200.0,0.0,0.0,0.0,5126,11117,5991
2020-01-09T16:00:00,5580.0,0.0,1606.1630789302021,0.0,0.0,0.0,1200.0,0.0,0.0,0.0,5063,11049,5986
2020-01-09T17:00:00,5580.0,0.0,2160.0,0.0,85.5,0.0,1169.3369210697974,0.0,0.0,0.0,5037,11693,6656
2020-01-09T18:00:00,5580.0,0.0,2160.0,58.5,85.5,0.0,526.8369210697974,0.0,0.0,0.0,4653,12010,7357
2020-01-09T19:00:00,5580.0,0.0,2160.0,58.5,85.5,0.0,70.83692106979743,0.0,0.0,0.0,4168,11981,7813
2020-01-09T20:00:00,5580.0,0.0,2160.0,58.5,85.5,0.0,490.8369210697974,0.0,0.0,0.0,3880,11273,7393
2020-01-09T21:00:00,5580.0,134.99999999999963,2160.0,58.5,85.5,0.0,1018.8369210697974,0.0,0.0,0.0,3586,10586,7000
2020-01-09T22:00:00,5580.0,135.0,2160.0,58.5,85.5,0.0,358.8369210697965,0.0,0.0,0.0,3212,10872,7660
2020-01-09T23:00:00,5580.0,350.99999999999983,2160.0,58.5,85.5,0.0,50.836921069797086,0.0,0.0,0.0,2967,11151,8184
2020-01-10T00:00:00,5580.0,134.9999999999993,2160.0,58.5,85.5,0.0,924.8369210697956,0.0,0.0,0.0,3672,10766,7094
2020-01-10T01:00:00,5580.0,3.637978807091713e-13,2160.0,58.5,85.5,0.0,1031.8369210697974,0.0,0.0,0.0,3594,10446,6852
2020-01-10T02:00:00,5580.0,0.0,2160.0,58.5,85.5,0.0,1105.8369210697972,0.0,0.0,0.0,3297,10075,6778
2020-01-10T03:00:00,5580.0,0.0,2063.1630789302017,0.0,0.0,0.0,1200.0,0.0,0.0,0.0,3046,9489,6443
2020-01-10T04:00:00,5580.0,1.818989403545857e-13,1849.1630789302017,0.0,0.0,0.0,1200.0,0.0,0.0,0.0,2895,9124,6229
2020-01-10T05:00:00,5580.0,0.0,1916.1630789302021,0.0,0.0,0.0,1200.0,0.0,0.0,0.0,2756,9052,6296
2020-01-10T06:00:00,5580.0,0.0,1917.1630789302021,0.0,0.0,0.0,1200.0,0.0,0.0,0.0,2785,9082,6297
2020-01-10T07:00:00,5580.0,0.0,1432.1630789302017,0.0,0.0,0.0,1200.0,0.0,0.0,0.0,3262,9074,5812
2020-01-10T08:00:00,5580.0,0.0,864.1630789302021,0.0,0.0,0.0,1200.0,0.0,0.0,0.0,3959,9203,5244
2020-01-10T09:00:00,5580.0,0.0,1954.1630789302021,0.0,0.0,0.0,1200.0,0.0,0.0,0.0,3184,9518,6334
2020-01-10T10:00:00,5580.0,0.0,914.1630789302021,0.0,0.0,0.0,1200.0,0.0,0.0,0.0,4622,9916,5294
2020-01-10T11:00:00,5580.0,0.0,2160.0,20.0,85.16307893020212,0.0,1200.0,0.0,0.0,0.0,3621,10266,6645
2020-01-10T12:00:00,5580.0,0.0,1379.1630789302021,0.0,0.0,0.0,1200.0,0.0,0.0,0.0,4912,10671,5759
2020-01-10T13:00:00,5580.0,0.0,1111.1630789302021,0.0,0.0,0.0,1200.0,0.0,0.0,0.0,4802,10293,5491
2020-01-10T14:00:00,5525.163078930202,0.0,840.0,0.0,0.0,0.0,1200.0,0.0,0.0,0.0,4718,9883,5165
2020-01-10T15:00:00,5575.163078930202,0.0,840.0,0.0,0.0,0.0,1200.0,0.0,0.0,0.0,4456,9671,5215
2020-01-10T16:00:00,5580.0,0.0,1071.1630789302017,0.0,0.0,0.0,1200.0,0.0,0.0,0.0,4208,9659,5451
2020-01-10T17:00:00,5580.0,0.0,1915.1630789302021,0.0,0.0,0.0,1200.0,0.0,0.0,0.0,4063,10358,6295
2020-01-10T18:00:00,5580.0,-4.547473508864643e-14,2160.0,58.5,85.5,0.0,179.83692106979606,0.0,0.0,0.0,3221,10925,7704
2020-01-10T19:00:00,5580.0,0.0,2160.0,58.5,85.5,0.0,0.0,161.16307893020212,0.0,0.0,3002,11047,8045
2020-01-10T20:00:00,5580.0,0.0,2160.0,58.5,85.5,0.0,986.8369210697972,0.0,0.0,0.0,3705,10602,6897
2020-01-10T21:00:00,5580.0,2.0463630789890893e-13,2160.0,58.5,85.5,0.0,434.8369210697964,0.0,0.0,0.0,2624,10073,7449
2020-01-10T22:00:00,5580.0,0.0,2160.0,58.5,85.5,0.0,1141.8369210697972,0.0,0.0,0.0,3587,10329,6742
2020-01-10T23:00:00,5580.0,-7.275957614183425e-13,2160.0,58.5,85.5,0.0,939.8369210697956,0.0,0.0,0.0,3621,10565,6944
2020-01-11T00:00:00,5580.0,0.0,2160.0,58.5,85.5,0.0,658.8369210697965,0.0,0.0,0.0,3179,10404,7225
2020-01-11T01:00:00,5580.0,0.0,2160.0,58.5,85.5,0.0,474.8369210697965,0.0,0.0,0.0,2771,10180,7409
2020-01-11T02:00:00,5580.0,0.0,2160.0,58.5,85.5,0.0,448.8369210697965,0.0,0.0,0.0,2478,9913,7435
2020-01-11T03:00:00,5580.0,0.0,2160.0,58.5,85.5,0.0,384.8369210697965,0.0,0.0,0.0,1992,9491,7499
2020-01-11T04:00:00,5580.0,0.0,2160.0,58.5,85.5,0.0,579.8369210697979,0.0,0.0,0.0,2144,9448,7304
2020-01-11T05:00:00,5580.0,0.0,2160.0,58.5,85.5,0.0,152.83692106979606,0.0,0.0,0.0,2269,10000,7731
2020-01-11T06:00:00,5580.0,0.0,2160.0,58.5,85.5,0.0,0.0,671.1630789302021,0.0,0.0,2670,11225,8555
2020-01-11T07:00:00,5580.0,0.0,2160.0,58.5,85.5,0.0,0.0,949.1630789302016,0.0,0.0,3442,12275,8833
2020-01-11T08:00:00,5580.0,0.0,2160.0,58.5,85.5,0.0,0.0,466.1630789302021,0.0,0.0,4247,12597,8350
2020-01-11T09:00:00,5580.0,0.0,2160.0,58.5,85.5,0.0,0.0,177.16307893020394,0.0,0.0,4602,12663,8061
2020-01-11T10:00:00,5580.0,0.0,2160.0,58.5,85.5,0.0,106.83692106979652,0.0,0.0,0.0,4870,12647,7777
2020-01-11T11:00:00,5580.0,0.0,2160.0,58.5,85.5,0.0,297.83692106979606,0.0,0.0,0.0,5139,12725,7586
2020-01-11T12:00:00,5580.0,0.0,2160.0,58.5,85.5,0.0,394.83692106979606,0.0,0.0,0.0,5217,12706,7489
2020-01-11T13:00:00,5580.0,0.0,2160.0,58.5,85.5,0.0,586.8369210697979,0.0,0.0,0.0,5183,12480,7297
2020-01-11T14:00:00,5580.0,136.9999999999998,2160.0,58.5,85.5,0.0,937.8369210697964,0.0,0.0,0.0,5159,12242,7083
2020-01-11T15:00:00,5580.0,136.9999999999998,2160.0,58.5,85.5,0.0,914.8369210697964,0.0,0.0,0.0,4922,12028,7106
2020-01-11T16:00:00,5580.0,136.9999999999998,2160.0,58.5,85.5,0.0,727.8369210697965,0.0,0.0,0.0,4711,12004,7293
2020-01-11T17:00:00,5580.0,136.9999999999998,2160.0,58.5,85.5,0.0,106.83692106979652,0.0,0.0,0.0,4541,12455,7914
2020-01-11T18:00:00,5580.0,1.818989403545857e-13,2160.0,58.5,85.5,0.0,0.0,654.1630789302019,0.0,0.0,4377,12915,8538
2020-01-11T19:00:00,5580.0,0.0,2160.0,58.5,85.5,0.0,0.0,506.16307893020166,0.0,0.0,4260,12650,8390
2020-01-11T20:00:00,5580.0,351.00000000000057,2160.0,58.5,85.5,0.0,0.0,122.16307893020166,0.0,0.0,3360,11717,8357
2020-01-11T21:00:00,5580.0,135.00000000000054,2160.0,58.5,85.5,0.0,441.8369210697965,0.0,0.0,0.0,3399,10976,7577
2020-01-11T22:00:00,5580.0,135.0,2160.0,58.5,85.5,0.0,780.8369210697979,0.0,0.0,0.0,3844,11082,7238
2020-01-11T23:00:00,5580.0,350.9999999999991,2160.0,58.5,85.5,0.0,1152.8369210697956,0.0,0.0,0.0,4085,11167,7082
2020-01-12T00:00:00,5580.0,1.3642420526593928e-13,2160.0,58.5,85.5,0.0,481.8369210697981,0.0,0.0,0.0,3292,10694,7402
2020-01-12T01:00:00,5580.0,1.3642420526593928e-13,2160.0,58.5,85.5,0.0,427.8369210697981,0.0,0.0,0.0,2880,10336,7456
2020-01-12T02:00:00,5580.0,1.3642420526593928e-13,2160.0,58.5,85.5,0.0,425.8369210697981,0.0,0.0,0.0,2583,10041,7458
2020-01-12T03:00:00,5580.0,-3.637978807091713e-13,2160.0,58.5,85.5,0.0,518.836921069797,0.0,0.0,0.0,2230,9595,7365
2020-01-12T04:00:00,5580.0,5.456968210637569e-13,2160.0,58.5,85.5,0.0,367.83692106979834,0.0,0.0,0.0,1996,9512,7516
2020-01-12T05:00:00,5580.0,0.0,2160.0,58.5,85.5,0.0,152.83692106979743,0.0,0.0,0.0,2281,10012,7731
2020-01-12T06:00:00,5580.0,0.0,2160.0,58.5,85.5,0.0,0.0,463.1630789302007,0.0,0.0,2835,11182,8347
2020-01-12T07:00:00,5580.0,0.0,2160.0,58.5,85.5,0.0,0.0,719.1630789302017,0.0,0.0,3619,12222,8603
2020-01-12T08:00:00,5580.0,0.0,2160.0,58.5,85.5,0.0,0.0,393.1630789302007,0.0,0.0,4265,12542,8277
2020-01-12T09:00:00,5580.0,0.0,2160.0,58.5,85.5,701.1630789302008,0.0,1200.0,0.0,0.0,2762,12547,9785
2020-01-12T10:00:00,5580.0,0.0,2160.0,58.5,85.5,0.0,150.83692106979743,0.0,0.0,0.0,4805,12538,7733
2020-01-12T11:00:00,5580.0,0.0,2160.0,58.5,85.5,0.0,295.8369210697974,0.0,0.0,0.0,5033,12621,7588
2020-01-12T12:00:00,5580.0,0.0,2160.0,58.5,85.5,0.0,376.8369210697974,0.0,0.0,0.0,5109,12616,7507
2020-01-12T13:00:00,5580.0,5.456968210637569e-13,2160.0,58.5,85.5,0.0,504.83692106979834,0.0,0.0,0.0,4992,12371,7379
2020-01-12T14:00:00,5580.0,0.0,2160.0,58.5,85.5,0.0,1024.8369210697974,0.0,0.0,0.0,5295,12154,6859
2020-01-12T15:00:00,5580.0,0.0,2160.0,58.5,85.5,0.0,981.8369210697974,0.0,0.0,0.0,5057,11959,6902
2020-01-12T16:00:00,5580.0,0.0,2160.0,58.5,85.5,0.0,762.8369210697965,0.0,0.0,0.0,4840,11961,7121
2020-01-12T17:00:00,5580.0,0.0,2160.0,58.5,85.5,0.0,42.83692106979743,0.0,0.0,0.0,4658,12499,7841
2020-01-12T18:00:00,5580.0,5.456968210637569e-13,2160.0,58.5,85.5,0.0,0.0,447.1630789302007,0.0,0.0,4707,13038,8331
2020-01-12T19:00:00,5580.0,351.0000000000001,2160.0,58.5,85.5,0.0,0.0,69.16307893020075,0.0,0.0,4412,12716,8304
2020-01-12T20:00:00,5580.0,285.99999999999966,2160.0,58.5,85.5,0.0,181.83692106979743,0.0,0.0,0.0,3869,11857,7988
2020-01-12T21:00:00,5580.0,601.1630789302005,2160.0,58.5,85.5,0.0,0.0,0.0,0.0,0.0,2670,11155,8485
2020-01-12T22:00:00,5580.0,565.1630789302017,2160.0,58.5,85.5,0.0,1200.0,0.0,0.0,0.0,3978,11227,7249
2020-01-12T23:00:00,5580.0,691.1630789302025,2160.0,58.5,85.5,0.0,1200.0,0.0,0.0,0.0,3964,11339,7375
2020-01-13T00:00:00,5580.0,1447.2000000000007,2160.0,58.5,85.5,0.0,1045.0369210697995,0.0,0.0,0.0,2428,10714,8286
2020-01-13T01:00:00,5580.0,252.16307893020306,2160.0,58.5,85.5,0.0,0.0,0.0,0.0,0.0,2231,10367,8136
2020-01-13T02:00:00,5580.0,150.99999999999974,2160.0,58.5,85.5,0.0,107.8369210697997,0.0,0.0,0.0,2163,10090,7927
2020-01-13T03:00:00,5580.0,150.99999999999974,2160.0,58.5,85.5,0.0,441.8369210697997,0.0,0.0,0.0,2070,9663,7593
2020-01-13T04:00:00,5580.0,0.0,2160.0,58.5,85.5,0.0,358.83692106979834,0.0,0.0,0.0,2070,9595,7525
2020-01-13T05:00:00,5580.0,-3.751665644813329e-13,2160.0,58.5,85.5,0.0,0.0,162.16307893020226,0.0,0.0,2062,10108,8046
2020-01-13T06:00:00,5580.0,0.0,2160.0,58.5,85.5,83.16307893020166,0.0,1200.0,0.0,0.0,2128,11295,9167
2020-01-13T07:00:00,5580.0,0.0,2160.0,58.5,85.5,921.1630789302016,0.0,1200.0,0.0,0.0,2349,12354,10005
2020-01-13T08:00:00,5580.0,0.0,2160.0,58.5,85.5,952.1630789302016,0.0,1200.0,0.0,0.0,2680,12716,10036
2020-01-13T09:00:00,5580.0,0.0,2160.0,58.5,85.5,465.16307893020166,0.0,1200.0,0.0,0.0,3196,12745,9549
2020-01-13T10:00:00,5580.0,0.0,2160.0,58.5,85.5,0.0,0.0,1006.1630789302008,0.0,0.0,3848,12738,8890
2020-01-13T11:00:00,5580.0,0.0,2160.0,58.5,85.5,0.0,0.0,535.1630789302017,0.0,0.0,4400,12819,8419
2020-01-13T12:00:00,5580.0,0.0,2160.0,58.5,85.5,0.0,0.0,300.16307893020166,0.0,0.0,4633,12817,8184
2020-01-13T13:00:00,5580.0,0.0,2160.0,58.5,85.5,0.0,0.0,51.163078930201664,0.0,0.0,4658,12593,7935
2020-01-13T14:00:00,5580.0,0.0,2160.0,58.5,85.5,0.0,440.83692106979834,0.0,0.0,0.0,4971,12414,7443
2020-01-13T15:00:00,5580.0,0.0,2160.0,58.5,85.5,0.0,578.8369210697983,0.0,0.0,0.0,4941,12246,7305
2020-01-13T16:00:00,5580.0,0.0,2160.0,58.5,85.5,0.0,493.83692106979834,0.0,0.0,0.0,4875,12265,7390
2020-01-13T17:00:00,5580.0,0.0,2160.0,58.5,85.5,0.0,0.0,443.16307893020166,0.0,0.0,4528,12855,8327
2020-01-13T18:00:00,5580.0,9.094947017729285e-14,2160.0,58.5,85.5,44.16307893020149,0.0,1200.0,0.0,0.0,4327,13455,9128
2020-01-13T19:00:00,5580.0,354.5999999999999,2160.0,58.5,85.5,0.0,0.0,1122.563078930201,0.0,0.0,3846,13207,9361
2020-01-13T20:00:00,5580.0,1060.2000000000007,2160.0,58.5,85.5,0.0,0.0,30.963078930200595,0.0,0.0,3314,12289,8975
2020-01-13T21:00:00,5580.0,497.1630789302019,2160.0,58.5,85.5,0.0,0.0,0.0,0.0,0.0,3143,11524,8381
2020-01-13T22:00:00,5580.0,599.1630789302005,2160.0,58.5,85.5,0.0,0.0,0.0,0.0,0.0,3105,11588,8483
2020-01-13T23:00:00,5580.0,1060.2000000000007,2160.0,58.5,85.5,0.0,383.03692106979975,0.0,0.0,0.0,3127,11688,8561
2020-01-14T00:00:00,5580.0,0.0,2160.0,58.5,85.5,0.0,153.8369210697988,0.0,0.0,0.0,3336,11066,7730
2020-01-14T01:00:00,5580.0,-5.456968210637569e-13,2160.0,58.5,85.5,0.0,210.83692106979836,0.0,0.0,0.0,3047,10720,7673
2020-01-14T02:00:00,5580.0,-3.637978807091713e-13,2160.0,58.5,85.5,0.0,324.83692106979834,0.0,0.0,0.0,2884,10443,7559
2020-01-14T03:00:00,5580.0,-2.2737367544323216e-13,2160.0,58.5,85.5,0.0,769.8369210697979,0.0,0.0,0.0,2896,10010,7114
2020-01-14T04:00:00,5580.0,0.0,2160.0,58.5,85.5,0.0,764.8369210697965,0.0,0.0,0.0,2815,9934,7119
2020-01-14T05:00:00,5580.0,0.0,2160.0,58.5,85.5,0.0,91.83692106979788,0.0,0.0,0.0,2650,10442,7792
2020-01-14T06:00:00,5580.0,0.0,2160.0,58.5,85.5,20.16307893020212,0.0,1200.0,0.0,0.0,2508,11612,9104
2020-01-14T07:00:00,5580.0,0.0,2160.0,58.5,85.5,920.163078930202,0.0,1200.0,0.0,0.0,2658,12662,10004
2020-01-14T08:00:00,5580.0,0.0,2160.0,58.5,85.5,709.1630789302021,0.0,1200.0,0.0,0.0,3219,13012,9793
2020-01-14T09:00:00,5580.0,0.0,2160.0,58.5,85.5,225.16307893020212,0.0,1200.0,0.0,0.0,3786,13095,9309
2020-01-14T10:00:00,5580.0,-5.456968210637569e-13,2160.0,58.5,85.5,0.0,0.0,1048.1630789302017,0.0,0.0,4204,13136,8932
2020-01-14T11:00:00,5580.0,0.0,2160.0,58.5,85.5,0.0,0.0,850.1630789302021,0.0,0.0,4556,13290,8734
2020-01-14T12:00:00,5580.0,0.0,2160.0,58.5,85.5,0.0,0.0,711.1630789302021,0.0,0.0,4735,13330,8595
2020-01-14T13:00:00,5580.0,0.0,2160.0,58.5,85.5,0.0,0.0,466.16307893020166,0.0,0.0,4763,13113,8350
2020-01-14T14:00:00,5580.0,0.0,2160.0,58.5,85.5,0.0,0.0,124.16307893020212,0.0,0.0,4866,12874,8008
2020-01-14T15:00:00,5580.0,0.0,2160.0,58.5,85.5,0.0,138.83692106979788,0.0,0.0,0.0,4939,12684,7745
2020-01-14T16:00:00,5580.0,0.0,2160.0,58.5,85.5,0.0,0.0,69.16307893020212,0.0,0.0,4734,12687,7953
2020-01-14T17:00:00,5580.0,0.0,2160.0,58.5,85.5,0.0,0.0,999.163078930202,0.0,0.0,4356,13239,8883
2020-01-14T18:00:00,5580.0,-9.663381206337369e-14,2160.0,58.5,85.5,753.1630789302018,0.0,1200.0,0.0,0.0,3895,13732,9837
2020-01-14T19:00:00,5580.0,-3.5811353882309043e-13,2160.0,58.5,85.5,1221.1630789302017,0.0,1200.0,0.0,0.0,3261,13566,10305
2020-01-14T20:00:00,5580.0,1923.163078930202,2160.0,58.5,85.5,0.0,0.0,0.0,0.0,0.0,2837,12644,9807
2020-01-14T21:00:00,5580.0,1220.1630789302014,2160.0,58.5,85.5,0.0,0.0,0.0,0.0,0.0,2763,11867,9104
2020-01-14T22:00:00,5580.0,1218.1630789302021,2160.0,58.5,85.5,0.0,0.0,0.0,0.0,0.0,2861,11963,9102
2020-01-14T23:00:00,5580.0,2608.2,2160.0,58.5,85.5,0.0,972.0369210697988,0.0,0.0,0.0,2570,12090,9520
2020-03-11T00:00:00,5580.0,7.275957614183426e-13,2160.0,0.0,0.0,138.16307893020257,0.0,0.0,0.0,0.0,1746,9624,7878
2020-03-11T01:00:00,5580.0,0.0,2160.0,0.0,0.0,38.16307893020303,0.0,0.0,0.0,0.0,1499,9277,7778
2020-03-11T02:00:00,5580.0,0.0,1888.1630789302033,0.0,0.0,0.0,0.0,0.0,0.0,0.0,1488,8956,7468
2020-03-11T03:00:00,5580.0,-2.046363078989089e-13,1290.1630789302023,0.0,0.0,0.0,0.0,0.0,0.0,0.0,1680,8550,6870
2020-03-11T04:00:00,5580.0,4.5474735088646414e-14,1390.1630789302021,0.0,0.0,0.0,0.0,0.0,0.0,0.0,1511,8481,6970
2020-03-11T05:00:00,5580.0,4.5474735088646414e-14,1979.163078930203,0.0,0.0,0.0,0.0,0.0,0.0,0.0,1415,8974,7559
2020-03-11T06:00:00,5580.0,4.5474735088646414e-14,2160.0,0.0,0.0,605.1630789302014,0.0,0.0,0.0,0.0,1720,10065,8345
2020-03-11T07:00:00,5580.0,4.5474735088646414e-14,840.0,0.0,0.0,3026.1630789302017,0.0,0.0,0.0,0.0,1378,10824,9446
2020-03-11T08:00:00,5580.0,4.5474735088646414e-14,2160.0,0.0,0.0,1926.1630789302012,0.0,0.0,0.0,0.0,1521,11187,9666
2020-03-11T09:00:00,5580.0,4.5474735088646414e-14,2160.0,0.0,0.0,1575.1630789302012,0.0,0.0,0.0,0.0,1945,11260,9315
2020-03-11T10:00:00,5580.0,4.5474735088646414e-14,2160.0,0.0,0.0,238.16307893020328,0.0,0.0,0.0,0.0,3149,11127,7978
2020-03-11T11:00:00,5580.0,4.5474735088646414e-14,2160.0,0.0,0.0,657.1630789302014,0.0,0.0,0.0,0.0,2697,11094,8397
2020-03-11T12:00:00,5580.0,-2.046363078989089e-13,1762.1630789302026,0.0,0.0,0.0,0.0,0.0,0.0,0.0,3755,11097,7342
2020-03-11T13:00:00,5580.0,4.5474735088646414e-14,840.0,0.0,0.0,1314.163078930203,0.0,0.0,0.0,0.0,2998,10732,7734
2020-03-11T14:00:00,5580.0,4.5474735088646414e-14,1570.1630789302033,0.0,0.0,0.0,0.0,0.0,0.0,0.0,3219,10369,7150
2020-03-11T15:00:00,5580.0,4.5474735088646414e-14,1121.1630789302023,0.0,0.0,0.0,0.0,0.0,0.0,0.0,3297,9998,6701
2020-03-11T16:00:00,5580.0,4.5474735088646414e-14,913.1630789302023,0.0,0.0,0.0,0.0,0.0,0.0,0.0,3167,9660,6493
2020-03-11T17:00:00,5580.0,4.5474735088646414e-14,630.0,0.0,0.0,567.1630789302023,0.0,0.0,0.0,0.0,2849,9626,6777
2020-03-11T18:00:00,5580.0,4.5474735088646414e-14,1620.0,0.0,0.0,475.16307893020326,0.0,0.0,0.0,0.0,2466,10141,7675
2020-03-11T19:00:00,5580.0,4.5474735088646414e-14,1620.0,0.0,0.0,1372.1630789302012,0.0,0.0,0.0,0.0,2064,10636,8572
2020-03-11T20:00:00,5580.0,4.5474735088646414e-14,630.0,0.0,0.0,1424.163078930203,0.0,0.0,0.0,0.0,2286,9920,7634
2020-03-11T21:00:00,5580.0,4.5474735088646414e-14,1080.0,0.0,0.0,295.16307893020235,0.0,0.0,0.0,0.0,2421,9376,6955
2020-03-11T22:00:00,5580.0,-1.818989403545857e-13,947.1630789302025,0.0,0.0,0.0,0.0,0.0,0.0,0.0,3056,9583,6527
2020-03-11T23:00:00,5580.0,7.048583938740194e-13,1019.1630789302018,0.0,0.0,0.0,0.0,0.0,0.0,0.0,3170,9769,6599
2020-03-12T00:00:00,5580.0,-1.3642420526593928e-13,1383.1630789302023,0.0,0.0,0.0,0.0,0.0,0.0,0.0,2208,9171,6963
2020-03-12T01:00:00,5580.0,-1.3642420526593928e-13,1346.1630789302023,0.0,0.0,0.0,0.0,0.0,0.0,0.0,1845,8771,6926
2020-03-12T02:00:00,5580.0,-1.3642420526593928e-13,1060.1630789302023,0.0,0.0,0.0,0.0,0.0,0.0,0.0,1776,8416,6640
2020-03-12T03:00:00,5580.0,-1.3642420526593928e-13,666.1630789302025,0.0,0.0,0.0,0.0,0.0,0.0,0.0,1720,7966,6246
2020-03-12T04:00:00,5580.0,-1.3642420526593928e-13,634.1630789302025,0.0,0.0,0.0,0.0,0.0,0.0,0.0,1575,7789,6214
2020-03-12T05:00:00,5580.0,-1.3642420526593928e-13,685.1630789302023,0.0,0.0,0.0,0.0,0.0,0.0,0.0,1695,7960,6265
2020-03-12T06:00:00,5580.0,-1.3642420526593928e-13,797.1630789302023,0.0,0.0,0.0,0.0,0.0,0.0,0.0,1944,8321,6377
2020-03-12T07:00:00,5580.0,-1.3642420526593928e-13,1118.1630789302028,0.0,0.0,0.0,0.0,0.0,0.0,0.0,1910,8608,6698
2020-03-12T08:00:00,5580.0,-1.3642420526593928e-13,1436.1630789302014,0.0,0.0,0.0,0.0,0.0,0.0,0.0,2096,9112,7016
2020-03-12T09:00:00,5580.0,-1.3642420526593928e-13,1008.1630789302023,0.0,0.0,0.0,0.0,0.0,0.0,0.0,2767,9355,6588
2020-03-12T10:00:00,5580.0,-1.3642420526593928e-13,301.1630789302024,0.0,0.0,0.0,0.0,0.0,0.0,0.0,3359,9240,5881
2020-03-12T11:00:00,5580.0,-1.3642420526593928e-13,0.0,0.0,0.0,0.0,154.83692106979765,0.0,0.0,0.0,3784,9209,5425
2020-03-12T12:00:00,5580.0,-1.3642420526593928e-13,0.0,0.0,0.0,0.0,270.83692106979765,0.0,0.0,0.0,4146,9455,5309
2020-03-12T13:00:00,5580.0,6.821210263296964e-14,0.0,0.0,0.0,0.0,1038.836921069798,0.0,0.0,0.0,4458,8999,4541
2020-03-12T14:00:00,5122.163078930203,-1.3642420526593928e-13,0.0,0.0,0.0,0.0,1200.0,0.0,0.0,0.0,4692,8614,3922
2020-03-12T15:00:00,4723.163078930203,-1.3642420526593928e-13,0.0,0.0,0.0,0.0,1200.0,0.0,0.0,0.0,4805,8328,3523
2020-03-12T16:00:00,4511.163078930202,-1.3642420526593928e-13,0.0,0.0,0.0,0.0,1200.0,0.0,0.0,0.0,4725,8036,3311
2020-03-12T17:00:00,4995.163078930203,-1.3642420526593928e-13,0.0,0.0,0.0,0.0,1200.0,0.0,0.0,0.0,4291,8086,3795
2020-03-12T18:00:00,5580.0,-1.3642420526593928e-13,0.0,0.0,0.0,0.0,344.83692106979765,0.0,0.0,0.0,3477,8712,5235
2020-03-12T19:00:00,5580.0,-1.3642420526593928e-13,0.0,0.0,0.0,0.0,0.0,1125.1630789302023,0.0,0.0,2700,9405,6705
2020-03-12T20:00:00,5580.0,-1.3642420526593928e-13,0.0,0.0,0.0,0.0,0.0,653.1630789302023,0.0,0.0,2660,8893,6233
2020-03-12T21:00:00,5580.0,-1.3642420526593928e-13,0.0,0.0,0.0,0.0,0.0,369.16307893020235,0.0,0.0,2545,8494,5949
2020-03-12T22:00:00,5580.0,6.821210263296964e-14,0.0,0.0,0.0,0.0,0.0,934.1630789302028,0.0,0.0,2351,8865,6514
2020-03-12T23:00:00,5580.0,-1.3642420526593928e-13,0.0,0.0,0.0,117.16307893020236,0.0,1200.0,0.0,0.0,2324,9221,6897
2020-03-13T00:00:00,5580.0,4.5474735088646414e-14,0.0,0.0,0.0,238.80463144161968,0.0,675.3584474885827,0.0,0.0,2317,8811,6494
2020-03-13T01:00:00,5580.0,4.5474735088646414e-14,0.0,0.0,0.0,729.1630789302026,0.0,0.0,0.0,0.0,2169,8478,6309
2020-03-13T02:00:00,5580.0,4.5474735088646414e-14,0.0,0.0,0.0,445.16307893020235,0.0,0.0,0.0,0.0,2104,8129,6025
2020-03-13T03:00:00,5580.0,4.5474735088646414e-14,0.0,0.0,0.0,117.16307893020236,0.0,0.0,0.0,0.0,1923,7620,5697
2020-03-13T04:00:00,5580.0,4.5474735088646414e-14,0.0,0.0,0.0,0.0,108.83692106979764,0.0,0.0,0.0,1881,7352,5471
2020-03-13T05:00:00,5580.0,4.5474735088646414e-14,0.0,0.0,0.0,0.0,62.836921069797654,0.0,0.0,0.0,1843,7360,5517
2020-03-13T06:00:00,5580.0,4.5474735088646414e-14,0.0,0.0,0.0,0.0,897.8369210697977,0.0,0.0,0.0,2812,7494,4682
2020-03-13T07:00:00,5580.0,6.821210263296964e-14,0.0,0.0,0.0,0.0,0.0,134.16307893020235,0.0,0.0,1857,7571,5714
2020-03-13T08:00:00,5580.0,4.5474735088646414e-14,0.0,0.0,0.0,0.0,514.8369210697977,0.0,0.0,0.0,2995,8060,5065
2020-03-13T09:00:00,5580.0,4.5474735088646414e-14,0.0,0.0,0.0,0.0,587.8369210697977,0.0,0.0,0.0,3537,8529,4992
2020-03-13T10:00:00,5580.0,4.5474735088646414e-14,0.0,0.0,0.0,0.0,965.8369210697977,0.0,0.0,0.0,4188,8802,4614
2020-03-13T11:00:00,5580.0,4.5474735088646414e-14,0.0,0.0,0.0,0.0,369.83692106979765,0.0,0.0,0.0,3894,9104,5210
2020-03-13T12:00:00,5580.0,4.5474735088646414e-14,0.0,0.0,0.0,0.0,462.83692106979765,0.0,0.0,0.0,4391,9508,5117
2020-03-13T13:00:00,5580.0,4.5474735088646414e-14,0.0,0.0,0.0,0.0,1142.8369210697977,0.0,0.0,0.0,4548,8985,4437
2020-03-13T14:00:00,5157.163078930203,4.5474735088646414e-14,0.0,0.0,0.0,0.0,1200.0,0.0,0.0,0.0,4579,8536,3957
2020-03-13T15:00:00,5077.163078930203,4.5474735088646414e-14,0.0,0.0,0.0,0.0,1200.0,0.0,0.0,0.0,4410,8287,3877
2020-03-13T16:00:00,5224.163078930203,6.821210263296964e-14,0.0,0.0,0.0,0.0,1200.0,0.0,0.0,0.0,4016,8040,4024
2020-03-13T17:00:00,5352.163078930203,4.5474735088646414e-14,0.0,0.0,0.0,0.0,1200.0,0.0,0.0,0.0,4029,8181,4152
2020-03-13T18:00:00,5580.0,4.5474735088646414e-14,210.0,0.0,0.0,0.0,0.0,186.16307893020235,0.0,0.0,2905,8881,5976
2020-03-13T19:00:00,5580.0,4.5474735088646414e-14,210.0,0.0,0.0,0.0,0.0,846.1630789302026,0.0,0.0,3131,9767,6636
2020-03-13T20:00:00,5580.0,4.5474735088646414e-14,210.0,0.0,0.0,0.0,0.0,514.1630789302023,0.0,0.0,3067,9371,6304
2020-03-13T21:00:00,5580.0,4.5474735088646414e-14,210.0,0.0,0.0,0.0,0.0,90.16307893020236,0.0,0.0,3000,8880,5880
2020-03-13T22:00:00,5580.0,4.5474735088646414e-14,385.16307893020235,0.0,0.0,0.0,0.0,1200.0,0.0,0.0,1943,9108,7165
2020-03-13T23:00:00,5580.0,-2.046363078989089e-13,420.0,0.0,0.0,392.1630789302026,0.0,1200.0,0.0,0.0,1769,9361,7592
2020-03-14T00:00:00,5580.0,-2.046363078989089e-13,1080.0,0.0,0.0,0.0,0.0,544.1630789302023,0.0,0.0,1782,8986,7204
2020-03-14T01:00:00,5580.0,6.821210263296964e-14,648.4502609261485,0.0,0.0,0.0,0.0,667.7128180040536,0.0,0.0,1834,8730,6896
2020-03-14T02:00:00,5580.0,4.5474735088646414e-14,929.1630789302026,0.0,0.0,0.0,0.0,0.0,0.0,0.0,1991,8500,6509
2020-03-14T03:00:00,5580.0,4.5474735088646414e-14,630.0,0.0,0.0,0.0,0.0,245.16307893020252,0.0,0.0,1694,8149,6455
2020-03-14T04:00:00,5580.0,4.5474735088646414e-14,630.0,0.0,0.0,0.0,0.0,352.16307893020274,0.0,0.0,1600,8162,6562
2020-03-14T05:00:00,5580.0,4.5474735088646414e-14,1620.0,0.0,0.0,0.0,0.0,77.16307893020252,0.0,0.0,1531,8808,7277
2020-03-14T06:00:00,5580.0,4.5474735088646414e-14,1620.0,0.0,0.0,0.0,0.0,69.16307893020252,0.0,0.0,2782,10051,7269
2020-03-14T07:00:00,5580.0,4.5474735088646414e-14,1620.0,0.0,0.0,883.1630789302008,0.0,1200.0,0.0,0.0,1559,10842,9283
2020-03-14T08:00:00,5580.0,4.5474735088646414e-14,630.0,0.0,0.0,3031.3574690151454,0.0,108.80560991505536,0.0,0.0,1827,11177,9350
2020-03-14T09:00:00,5580.0,4.5474735088646414e-14,1620.0,0.0,0.0,333.1630789302025,0.0,0.0,0.0,0.0,3713,11246,7533
2020-03-14T10:00:00,5580.0,6.821210263296964e-14,1287.1630789302021,0.0,0.0,0.0,0.0,0.0,0.0,0.0,4255,11122,6867
2020-03-14T11:00:00,5580.0,4.5474735088646414e-14,1620.0,0.0,0.0,24.163078930202513,0.0,0.0,0.0,0.0,3884,11108,7224
2020-03-14T12:00:00,5580.0,4.5474735088646414e-14,628.1630789302026,0.0,0.0,0.0,0.0,0.0,0.0,0.0,4877,11085,6208
2020-03-14T13:00:00,5580.0,4.5474735088646414e-14,485.16307893020274,0.0,0.0,0.0,0.0,0.0,0.0,0.0,4747,10812,6065
2020-03-14T14:00:00,5580.0,4.5474735088646414e-14,420.0,0.0,0.0,0.0,81.83692106979743,0.0,0.0,0.0,4596,10514,5918
2020-03-14T15:00:00,5580.0,4.5474735088646414e-14,699.1630789302026,0.0,0.0,0.0,0.0,0.0,0.0,0.0,3932,10211,6279
2020-03-14T16:00:00,5580.0,4.5474735088646414e-14,869.1630789302026,0.0,0.0,0.0,0.0,0.0,0.0,0.0,3575,10024,6449
2020-03-14T17:00:00,5580.0,4.5474735088646414e-14,1080.0,0.0,0.0,305.78538812785445,0.0,61.37769080234807,0.0,0.0,3125,10152,7027
2020-03-14T18:00:00,5580.0,4.5474735088646414e-14,1080.0,0.0,0.0,1944.1630789302008,0.0,0.0,0.0,0.0,2343,10947,8604
2020-03-14T19:00:00,5580.0,6.821210263296964e-14,1080.0,0.0,0.0,1938.163078930202,0.0,0.0,0.0,0.0,3145,11743,8598
2020-03-14T20:00:00,5580.0,4.5474735088646414e-14,2160.0,0.0,0.0,214.16307893020252,0.0,0.0,0.0,0.0,2950,10904,7954
2020-03-14T21:00:00,5580.0,4.5474735088646414e-14,2160.0,0.0,0.0,781.1630789302006,0.0,0.0,0.0,0.0,1671,10192,8521
2020-03-14T22:00:00,5580.0,4.5474735088646414e-14,2160.0,0.0,0.0,948.1630789302006,0.0,0.0,0.0,0.0,1677,10365,8688
2020-03-14T23:00:00,5580.0,1.591615728102624e-13,2160.0,0.0,0.0,1195.1630789301998,0.0,0.0,0.0,0.0,1598,10533,8935
2020-03-15T00:00:00,5580.0,-1.307398633798585e-13,1553.1630789302026,0.0,0.0,0.0,0.0,0.0,0.0,0.0,2936,10069,7133
2020-03-15T01:00:00,5580.0,3.979039320256561e-14,2160.0,0.0,0.0,412.16307893020235,0.0,0.0,0.0,0.0,1598,9750,8152
2020-03-15T02:00:00,5580.0,3.979039320256561e-14,2160.0,0.0,0.0,228.16307893020235,0.0,0.0,0.0,0.0,1525,9493,7968
2020-03-15T03:00:00,5580.0,3.979039320256561e-14,2033.1630789302023,0.0,0.0,0.0,0.0,0.0,0.0,0.0,1508,9121,7613
2020-03-15T04:00:00,5580.0,5.115907697472722e-14,1648.1630789302014,0.0,0.0,0.0,0.0,0.0,0.0,0.0,1863,9091,7228
2020-03-15T05:00:00,5580.0,3.979039320256561e-14,2084.1630789302026,0.0,0.0,0.0,0.0,0.0,0.0,0.0,1988,9652,7664
2020-03-15T06:00:00,5580.0,3.979039320256561e-14,2160.0,0.0,0.0,182.16307893020235,0.0,0.0,0.0,0.0,2875,10797,7922
2020-03-15T07:00:00,5580.0,3.4106051316484814e-14,2160.0,0.0,0.0,2427.163078930201,0.0,0.0,0.0,0.0,1369,11536,10167
2020-03-15T08:00:00,5580.0,3.979039320256561e-14,1620.0,0.0,0.0,1407.1630789302023,0.0,0.0,0.0,0.0,3166,11773,8607
2020-03-15T09:00:00,5580.0,3.979039320256561e-14,1620.0,0.0,0.0,2253.163078930202,0.0,0.0,0.0,0.0,2311,11764,9453
2020-03-15T10:00:00,5580.0,3.979039320256561e-14,630.0,0.0,0.0,2446.163078930202,0.0,0.0,0.0,0.0,2943,11599,8656
2020-03-15T11:00:00,5580.0,3.979039320256561e-14,1174.1630789302023,0.0,0.0,0.0,0.0,0.0,0.0,0.0,4837,11591,6754
2020-03-15T12:00:00,5580.0,3.979039320256561e-14,1620.0,0.0,0.0,478.16307893020235,0.0,0.0,0.0,0.0,3886,11564,7678
2020-03-15T13:00:00,5580.0,5.115907697472722e-14,1620.0,0.0,0.0,52.16307893020145,0.0,0.0,0.0,0.0,4024,11276,7252
2020-03-15T14:00:00,5580.0,3.979039320256561e-14,1454.1630789302023,0.0,0.0,0.0,0.0,0.0,0.0,0.0,3958,10992,7034
2020-03-15T15:00:00,5580.0,3.979039320256561e-14,1537.1630789302023,0.0,0.0,0.0,0.0,0.0,0.0,0.0,3581,10698,7117
2020-03-15T16:00:00,5580.0,3.4106051316484814e-14,420.0,0.0,0.0,0.0,206.8369210697975,0.0,0.0,0.0,4682,10475,5793
2020-03-15T17:00:00,5580.0,3.979039320256561e-14,670.0353881278543,0.0,0.0,0.0,0.0,155.12769080234816,0.0,0.0,4106,10511,6405
2020-03-15T18:00:00,5580.0,3.979039320256561e-14,1620.0,0.0,0.0,468.16307893020235,0.0,0.0,0.0,0.0,3470,11138,7668
2020-03-15T19:00:00,5580.0,3.979039320256561e-14,1620.0,0.0,0.0,1545.1630789302023,0.0,0.0,0.0,0.0,3026,11771,8745
2020-03-15T20:00:00,5580.0,3.979039320256561e-14,1620.0,0.0,0.0,855.1630789302023,0.0,0.0,0.0,0.0,2837,10892,8055
2020-03-15T21:00:00,5580.0,3.979039320256561e-14,1620.0,0.0,0.0,1749.1630789302023,0.0,0.0,0.0,0.0,1235,10184,8949
2020-03-15T22:00:00,5580.0,5.115907697472722e-14,630.0,0.0,0.0,2926.1630789302017,0.0,0.0,0.0,0.0,1174,10310,9136
2020-03-15T23:00:00,5580.0,3.979039320256561e-14,1620.0,0.0,0.0,588.1630789302023,0.0,0.0,0.0,0.0,2671,10459,7788
2020-03-16T00:00:00,5580.0,3.4106051316484814e-14,1536.1630789302023,0.0,0.0,0.0,0.0,0.0,0.0,0.0,2820,9936,7116
2020-03-16T01:00:00,5580.0,3.4106051316484814e-14,1620.0,0.0,0.0,1277.163078930202,0.0,0.0,0.0,0.0,1122,9599,8477
2020-03-16T02:00:00,5580.0,3.4106051316484814e-14,630.0,0.0,0.0,2005.1630789302017,0.0,0.0,0.0,0.0,1097,9312,8215
2020-03-16T03:00:00,5580.0,3.4106051316484814e-14,1355.1630789302023,0.0,0.0,0.0,0.0,0.0,0.0,0.0,1971,8906,6935
2020-03-16T04:00:00,5580.0,3.4106051316484814e-14,2160.0,0.0,0.0,14.163078930201516,0.0,0.0,0.0,0.0,1084,8838,7754
2020-03-16T05:00:00,5580.0,3.4106051316484814e-14,840.0,0.0,0.0,670.1630789302025,0.0,0.0,0.0,0.0,2269,9359,7090
2020-03-16T06:00:00,5580.0,3.4106051316484814e-14,2160.0,0.0,0.0,1537.1630789302014,0.0,0.0,0.0,0.0,1187,10464,9277
2020-03-16T07:00:00,5580.0,5.1159076974727215e-14,2160.0,0.0,0.0,539.1630789302018,0.0,0.0,0.0,0.0,2895,11174,8279
2020-03-16T08:00:00,5580.0,3.4106051316484814e-14,2160.0,0.0,0.0,569.1630789302016,0.0,0.0,0.0,0.0,3100,11409,8309
2020-03-16T09:00:00,5580.0,3.4106051316484814e-14,2160.0,0.0,0.0,1675.1630789302014,0.0,0.0,0.0,0.0,1986,11401,9415
2020-03-16T10:00:00,5580.0,3.4106051316484814e-14,1402.1630789302028,0.0,0.0,0.0,0.0,0.0,0.0,0.0,4283,11265,6982
2020-03-16T11:00:00,5580.0,3.4106051316484814e-14,1006.1630789302023,0.0,0.0,0.0,0.0,0.0,0.0,0.0,4700,11286,6586
2020-03-16T12:00:00,5580.0,3.4106051316484814e-14,1620.0,0.0,0.0,809.1630789302016,0.0,0.0,0.0,0.0,3291,11300,8009
2020-03-16T13:00:00,5580.0,3.4106051316484814e-14,1620.0,0.0,0.0,337.1630789302015,0.0,0.0,0.0,0.0,3510,11047,7537
2020-03-16T14:00:00,5580.0,3.4106051316484814e-14,630.0,0.0,0.0,1004.1630789302016,0.0,0.0,0.0,0.0,3582,10796,7214
2020-03-16T15:00:00,5580.0,3.4106051316484814e-14,1544.1630789302023,0.0,0.0,0.0,0.0,0.0,0.0,0.0,3388,10512,7124
2020-03-16T16:00:00,5580.0,5.1159076974727215e-14,1548.163078930202,0.0,0.0,0.0,0.0,0.0,0.0,0.0,3157,10285,7128
2020-03-16T17:00:00,5580.0,3.4106051316484814e-14,1620.0,0.0,0.0,169.16307893020152,0.0,0.0,0.0,0.0,2928,10297,7369
2020-03-16T18:00:00,5580.0,3.4106051316484814e-14,1370.1630789302023,0.0,0.0,0.0,0.0,0.0,0.0,0.0,3936,10886,6950
2020-03-16T19:00:00,5580.0,3.4106051316484814e-14,2160.0,0.0,0.0,1681.163078930202,0.0,0.0,0.0,0.0,1935,11356,9421
2020-03-16T20:00:00,5580.0,3.4106051316484814e-14,2160.0,0.0,0.0,844.1630789302016,0.0,0.0,0.0,0.0,1924,10508,8584
2020-03-16T21:00:00,5580.0,3.4106051316484814e-14,667.1630789302025,0.0,0.0,0.0,0.0,0.0,0.0,0.0,3596,9843,6247
2020-03-16T22:00:00,5580.0,3.4106051316484814e-14,1620.0,0.0,0.0,1039.1630789302014,0.0,0.0,0.0,0.0,1702,9941,8239
2020-03-16T23:00:00,5580.0,5.1159076974727215e-14,1322.163078930203,0.0,0.0,0.0,0.0,0.0,0.0,0.0,3173,10075,6902
2020-03-17T00:00:00,5580.0,2.4158453015843416e-13,1620.0,0.0,0.0,908.1630789302016,0.0,0.0,0.0,0.0,1433,9541,8108
2020-03-17T01:00:00,5580.0,5.968558980384843e-14,1062.1630789302021,0.0,0.0,0.0,0.0,0.0,0.0,0.0,2557,9199,6642
2020-03-17T02:00:00,5580.0,-1.4210854715202006e-13,630.0,0.0,0.0,1578.163078930202,0.0,0.0,0.0,0.0,1133,8921,7788
2020-03-17T03:00:00,5580.0,-1.4210854715202006e-13,1010.1630789302028,0.0,0.0,0.0,0.0,0.0,0.0,0.0,1949,8539,6590
2020-03-17T04:00:00,5580.0,-1.4210854715202006e-13,1620.0,0.0,0.0,264.1630789302022,0.0,0.0,0.0,0.0,1038,8502,7464
2020-03-17T05:00:00,5580.0,-1.4210854715202006e-13,1251.1630789302028,0.0,0.0,0.0,0.0,0.0,0.0,0.0,2226,9057,6831
2020-03-17T06:00:00,5580.0,-1.4210854715202006e-13,2160.0,0.0,0.0,1443.163078930202,0.0,0.0,0.0,0.0,1028,10211,9183
2020-03-17T07:00:00,5580.0,-1.4210854715202006e-13,2160.0,0.0,0.0,680.163078930202,0.0,0.0,0.0,0.0,2557,10977,8420
2020-03-17T08:00:00,5580.0,-1.4210854715202006e-13,840.0,0.0,0.0,2034.163078930202,0.0,0.0,0.0,0.0,2807,11261,8454
2020-03-17T09:00:00,5580.0,-1.4210854715202006e-13,1620.0,0.0,0.0,520.163078930202,0.0,0.0,0.0,0.0,3528,11248,7720
2020-03-17T10:00:00,5580.0,5.968558980384843e-14,1080.0,0.0,0.0,173.1630789302029,0.0,0.0,0.0,0.0,4241,11074,6833
2020-03-17T11:00:00,5580.0,-1.4210854715202006e-13,1080.0,0.0,0.0,1119.163078930202,0.0,0.0,0.0,0.0,3285,11064,7779
2020-03-17T12:00:00,5580.0,-1.4210854715202006e-13,210.0,0.0,0.0,0.0,28.836921069797313,0.0,0.0,0.0,5268,11029,5761
2020-03-17T13:00:00,5580.0,-1.4210854715202006e-13,0.0,0.0,0.0,21.53538812785504,0.0,21.627690802347985,0.0,0.0,5128,10751,5623
2020-03-17T14:00:00,5580.0,-1.4210854715202006e-13,0.0,0.0,0.0,720.1630789302029,0.0,0.0,0.0,0.0,4173,10473,6300
2020-03-17T15:00:00,5580.0,-1.4210854715202006e-13,0.0,0.0,0.0,0.0,414.8369210697973,0.0,0.0,0.0,5002,10167,5165
2020-03-17T16:00:00,5580.0,-1.4210854715202006e-13,0.0,0.0,0.0,0.0,447.83692106979726,0.0,0.0,0.0,4799,9931,5132
2020-03-17T17:00:00,5580.0,-1.4210854715202006e-13,0.0,0.0,0.0,0.0,0.0,492.1630789302028,0.0,0.0,3874,9946,6072
2020-03-17T18:00:00,5580.0,-1.4210854715202006e-13,1080.0,0.0,0.0,578.3207762557089,0.0,154.8423026744931,0.0,0.0,3168,10561,7393
2020-03-17T19:00:00,5580.0,5.968558980384843e-14,420.0,0.0,0.0,1137.1630789302028,0.0,0.0,0.0,0.0,3952,11089,7137
2020-03-17T20:00:00,5580.0,-1.4210854715202006e-13,1080.0,0.0,0.0,1139.163078930202,0.0,0.0,0.0,0.0,2500,10299,7799
2020-03-17T21:00:00,5580.0,-1.4210854715202006e-13,1531.1630789302028,0.0,0.0,0.0,0.0,0.0,0.0,0.0,2549,9660,7111
2020-03-17T22:00:00,5580.0,-1.4210854715202006e-13,1620.0,0.0,0.0,0.1630789302029977,0.0,0.0,0.0,0.0,2563,9763,7200
2020-03-17T23:00:00,5580.0,1.506350599811412e-13,1599.1630789302026,0.0,0.0,0.0,0.0,0.0,0.0,0.0,2725,9904,7179
2020-03-18T00:00:00,5580.0,3.637978807091713e-13,630.0,0.0,0.0,262.16307893020235,0.0,0.0,0.0,0.0,2872,9344,6472
2020-03-18T01:00:00,5580.0,0.0,630.0,0.0,0.0,317.1630789302028,0.0,0.0,0.0,0.0,2424,8951,6527
2020-03-18T02:00:00,5580.0,0.0,744.1630789302028,0.0,0.0,0.0,0.0,0.0,0.0,0.0,2316,8640,6324
2020-03-18T03:00:00,5580.0,5.968558980384843e-14,630.0,0.0,0.0,0.0,205.8369210697981,0.0,0.0,0.0,2200,8204,6004
2020-03-18T04:00:00,5580.0,3.9790393202565614e-14,630.0,0.0,0.0,0.0,167.83692106979777,0.0,0.0,0.0,2063,8105,6042
2020-03-18T05:00:00,5580.0,3.9790393202565614e-14,1017.1630789302022,0.0,0.0,0.0,0.0,0.0,0.0,0.0,1993,8590,6597
2020-03-18T06:00:00,5580.0,3.9790393202565614e-14,630.0,0.0,0.0,1131.9076973255044,0.0,280.25538160469694,0.0,0.0,1992,9614,7622
2020-03-18T07:00:00,5580.0,3.9790393202565614e-14,1620.0,0.0,0.0,1163.1630789302014,0.0,0.0,0.0,0.0,1947,10310,8363
2020-03-18T08:00:00,5580.0,3.9790393202565614e-14,420.0,0.0,0.0,2382.163078930201,0.0,0.0,0.0,0.0,2188,10570,8382
2020-03-18T09:00:00,5580.0,3.9790393202565614e-14,1080.0,0.0,0.0,642.1630789302013,0.0,0.0,0.0,0.0,3348,10650,7302
2020-03-18T10:00:00,5580.0,3.9790393202565614e-14,210.0,0.0,0.0,1224.1630789302023,0.0,0.0,0.0,0.0,3558,10572,7014
2020-03-18T11:00:00,5580.0,3.9790393202565614e-14,540.0,0.0,0.0,416.16307893020223,0.0,0.0,0.0,0.0,4086,10622,6536
2020-03-18T12:00:00,5580.0,5.968558980384843e-14,0.0,0.0,0.0,707.163078930202,0.0,0.0,0.0,0.0,4395,10682,6287
2020-03-18T13:00:00,5580.0,3.9790393202565614e-14,0.0,0.0,0.0,202.16307893020272,0.0,0.0,0.0,0.0,4570,10352,5782
2020-03-18T14:00:00,5580.0,3.9790393202565614e-14,0.0,0.0,0.0,0.0,142.83692106979777,0.0,0.0,0.0,4632,10069,5437
2020-03-18T15:00:00,5580.0,3.9790393202565614e-14,0.0,0.0,0.0,0.0,246.83692106979777,0.0,0.0,0.0,4391,9724,5333
2020-03-18T16:00:00,5580.0,3.9790393202565614e-14,210.0,0.0,0.0,0.0,637.8369210697978,0.0,0.0,0.0,4251,9403,5152
2020-03-18T17:00:00,5580.0,3.9790393202565614e-14,210.0,0.0,0.0,0.0,142.83692106979777,0.0,0.0,0.0,3741,9388,5647
2020-03-18T18:00:00,5580.0,3.9790393202565614e-14,1055.1630789302021,0.0,0.0,0.0,0.0,0.0,0.0,0.0,3209,9844,6635
2020-03-18T19:00:00,5580.0,3.9790393202565614e-14,420.0,0.0,0.0,494.40231572080813,0.0,877.7607632093932,0.0,0.0,2977,10349,7372
2020-03-18T20:00:00,5580.0,3.9790393202565614e-14,630.0,0.0,0.0,659.1630789302022,0.0,0.0,0.0,0.0,2870,9739,6869
2020-03-18T21:00:00,5580.0,3.9790393202565614e-14,1620.0,0.0,0.0,57.16307893020225,0.0,0.0,0.0,0.0,2005,9262,7257
2020-03-18T22:00:00,5580.0,3.9790393202565614e-14,1288.1630789302026,0.0,0.0,0.0,0.0,0.0,0.0,0.0,2609,9477,6868
2020-03-18T23:00:00,5580.0,3.9790393202565614e-14,1653.1630789302021,0.0,0.0,0.0,0.0,0.0,0.0,0.0,2426,9659,7233
2020-03-19T00:00:00,5580.0,3.9790393202565614e-14,840.0,0.0,0.0,258.163078930202,0.0,0.0,0.0,0.0,2335,9013,6678
2020-03-19T01:00:00,5580.0,3.9790393202565614e-14,630.0,0.0,0.0,654.163078930202,0.0,0.0,0.0,0.0,1741,8605,6864
2020-03-19T02:00:00,5580.0,3.9790393202565614e-14,1014.163078930202,0.0,0.0,0.0,0.0,0.0,0.0,0.0,1658,8252,6594
2020-03-19T03:00:00,5580.0,3.9790393202565614e-14,420.0,0.0,0.0,285.163078930202,0.0,0.0,0.0,0.0,1501,7786,6285
2020-03-19T04:00:00,5580.0,3.9790393202565614e-14,629.163078930202,0.0,0.0,0.0,0.0,0.0,0.0,0.0,1398,7607,6209
2020-03-19T05:00:00,5580.0,3.9790393202565614e-14,420.0,0.0,0.0,367.163078930202,0.0,0.0,0.0,0.0,1401,7768,6367
2020-03-19T06:00:00,5580.0,3.9790393202565614e-14,1080.0,0.0,0.0,78.16307893020186,0.0,0.0,0.0,0.0,1369,8107,6738
2020-03-19T07:00:00,5580.0,3.9790393202565614e-14,540.0,0.0,0.0,787.1630789302022,0.0,0.0,0.0,0.0,1462,8369,6907
2020-03-19T08:00:00,5580.0,3.9790393202565614e-14,210.0,0.0,0.0,1292.163078930202,0.0,0.0,0.0,0.0,1822,8904,7082
2020-03-19T09:00:00,5580.0,3.9790393202565614e-14,540.0,0.0,0.0,623.163078930202,0.0,0.0,0.0,0.0,2516,9259,6743
2020-03-19T10:00:00,5580.0,3.9790393202565614e-14,540.0,0.0,0.0,8.163078930201868,0.0,0.0,0.0,0.0,3156,9284,6128
2020-03-19T11:00:00,5580.0,3.9790393202565614e-14,0.0,0.0,0.0,252.163078930202,0.0,0.0,0.0,0.0,3534,9366,5832
2020-03-19T12:00:00,5580.0,3.9790393202565614e-14,0.0,0.0,0.0,15.163078930201868,0.0,0.0,0.0,0.0,4046,9641,5595
2020-03-19T13:00:00,5580.0,5.968558980384843e-14,0.0,0.0,0.0,0.0,660.8369210697972,0.0,0.0,0.0,4292,9211,4919
2020-03-19T14:00:00,5552.163078930202,3.9790393202565614e-14,0.0,0.0,0.0,0.0,1200.0,0.0,0.0,0.0,4482,8834,4352
2020-03-19T15:00:00,5317.163078930202,3.9790393202565614e-14,0.0,0.0,0.0,0.0,1200.0,0.0,0.0,0.0,4461,8578,4117
2020-03-19T16:00:00,5443.163078930202,3.9790393202565614e-14,0.0,0.0,0.0,0.0,1200.0,0.0,0.0,0.0,4160,8403,4243
2020-03-19T17:00:00,5580.0,3.9790393202565614e-14,0.0,0.0,0.0,0.0,710.8369210697981,0.0,0.0,0.0,3657,8526,4869
2020-03-19T18:00:00,5580.0,3.9790393202565614e-14,0.0,0.0,0.0,0.0,0.0,872.163078930202,0.0,0.0,2653,9105,6452
2020-03-19T19:00:00,5580.0,3.9790393202565614e-14,420.0,0.0,0.0,0.0,0.0,1137.163078930202,0.0,0.0,2493,9630,7137
2020-03-19T20:00:00,5580.0,3.9790393202565614e-14,630.0,0.0,0.0,0.0,0.0,1075.163078930202,0.0,0.0,1850,9135,7285
2020-03-19T21:00:00,5580.0,3.9790393202565614e-14,1416.2230919765152,0.0,0.0,0.0,0.0,90.93998695368704,0.0,0.0,1619,8706,7087
2020-03-19T22:00:00,5580.0,5.968558980384843e-14,1620.0,0.0,0.0,0.0,0.0,356.1630789302018,0.0,0.0,1478,9034,7556
2020-03-19T23:00:00,5580.0,5.144329406903126e-13,1620.0,0.0,0.0,0.0,0.0,197.1630789302017,0.0,0.0,1934,9331,7397
2020-03-20T00:00:00,5580.0,2.4158453015843416e-13,630.0,0.0,0.0,1453.1630789302026,0.0,0.0,0.0,0.0,1208,8871,7663
2020-03-20T01:00:00,5580.0,-5.1159076974727215e-14,940.1630789302027,0.0,0.0,0.0,0.0,0.0,0.0,0.0,1954,8474,6520
2020-03-20T02:00:00,5580.0,-5.1159076974727215e-14,630.0,0.0,0.0,601.1630789302029,0.0,0.0,0.0,0.0,1273,8084,6811
2020-03-20T03:00:00,5580.0,-5.1159076974727215e-14,656.1630789302029,0.0,0.0,0.0,0.0,0.0,0.0,0.0,1308,7544,6236
2020-03-20T04:00:00,5580.0,-5.1159076974727215e-14,210.0,0.0,0.0,156.16307893020294,0.0,0.0,0.0,0.0,1303,7249,5946
2020-03-20T05:00:00,5580.0,-5.1159076974727215e-14,515.1630789302029,0.0,0.0,0.0,0.0,0.0,0.0,0.0,1144,7239,6095
2020-03-20T06:00:00,5580.0,-5.1159076974727215e-14,540.0,0.0,0.0,47.163078930202936,0.0,0.0,0.0,0.0,1155,7322,6167
2020-03-20T07:00:00,5580.0,5.968558980384843e-14,0.0,0.0,0.0,558.1630789302026,0.0,0.0,0.0,0.0,1222,7360,6138
2020-03-20T08:00:00,5580.0,-5.1159076974727215e-14,0.0,0.0,0.0,0.0,676.8369210697971,0.0,0.0,0.0,2926,7829,4903
2020-03-20T09:00:00,5580.0,-5.1159076974727215e-14,0.0,0.0,0.0,49.53538812785509,0.0,507.62769080234784,0.0,0.0,2139,8276,6137
2020-03-20T10:00:00,5483.163078930203,-5.1159076974727215e-14,0.0,0.0,0.0,0.0,1200.0,0.0,0.0,0.0,4296,8579,4283
2020-03-20T11:00:00,5286.163078930202,-5.1159076974727215e-14,0.0,0.0,0.0,0.0,1200.0,0.0,0.0,0.0,4778,8864,4086
2020-03-20T12:00:00,5549.1630789302035,-5.1159076974727215e-14,0.0,0.0,0.0,0.0,1200.0,0.0,0.0,0.0,4870,9219,4349
2020-03-20T13:00:00,5127.163078930202,-5.1159076974727215e-14,0.0,0.0,0.0,0.0,1200.0,0.0,0.0,0.0,4768,8695,3927
2020-03-20T14:00:00,5580.0,-5.1159076974727215e-14,0.0,0.0,0.0,0.0,1178.836921069797,0.0,0.0,0.0,3839,8240,4401
2020-03-20T15:00:00,4776.163078930202,-5.1159076974727215e-14,0.0,0.0,0.0,0.0,1200.0,0.0,0.0,0.0,4348,7924,3576
2020-03-20T16:00:00,5580.0,5.968558980384843e-14,0.0,0.0,0.0,0.0,1004.8369210697974,0.0,0.0,0.0,3146,7721,4575
2020-03-20T17:00:00,5012.163078930202,-5.1159076974727215e-14,0.0,0.0,0.0,0.0,1200.0,0.0,0.0,0.0,4067,7879,3812
2020-03-20T18:00:00,5580.0,-5.1159076974727215e-14,0.0,0.0,0.0,0.0,357.8369210697971,0.0,0.0,0.0,3284,8506,5222
2020-03-20T19:00:00,5580.0,-5.1159076974727215e-14,0.0,0.0,0.0,0.0,0.0,933.1630789302028,0.0,0.0,2714,9227,6513
2020-03-20T20:00:00,5580.0,-5.1159076974727215e-14,0.0,0.0,0.0,692.1630789302029,0.0,1200.0,0.0,0.0,1429,8901,7472
2020-03-20T21:00:00,5580.0,-5.1159076974727215e-14,0.0,0.0,0.0,0.0,0.0,321.1630789302029,0.0,0.0,2589,8490,5901
2020-03-20T22:00:00,5580.0,2.4158453015843416e-13,0.0,0.0,0.0,802.1630789302025,0.0,1200.0,0.0,0.0,1110,8692,7582
2020-03-20T23:00:00,5580.0,6.963318810448982e-13,0.0,0.0,0.0,0.0,0.0,762.1630789302026,0.0,0.0,2573,8915,6342
2020-03-21T00:00:00,5580.0,3.9790393202565614e-14,0.0,0.0,0.0,0.0,0.0,976.1630789302022,0.0,0.0,1957,8513,6556
2020-03-21T01:00:00,5580.0,1.961097950697876e-13,0.0,0.0,0.0,0.0,0.0,767.1630789302019,0.0,0.0,1867,8214,6347
2020-03-21T02:00:00,5580.0,3.9790393202565614e-14,0.0,0.0,0.0,0.0,0.0,1128.163078930202,0.0,0.0,1225,7933,6708
2020-03-21T03:00:00,5580.0,3.9790393202565614e-14,0.0,0.0,0.0,16.008480104373035,0.0,18.154598825829225,0.0,0.0,1914,7528,5614
2020-03-21T04:00:00,5580.0,3.9790393202565614e-14,0.0,0.0,0.0,66.16307893020272,0.0,0.0,0.0,0.0,1856,7502,5646
2020-03-21T05:00:00,5580.0,3.9790393202565614e-14,0.0,0.0,0.0,772.1630789302022,0.0,0.0,0.0,0.0,1743,8095,6352
2020-03-21T06:00:00,5580.0,3.9790393202565614e-14,0.0,0.0,0.0,1780.1630789302023,0.0,0.0,0.0,0.0,1905,9265,7360
2020-03-21T07:00:00,5580.0,3.9790393202565614e-14,0.0,0.0,0.0,1420.1630789302023,0.0,0.0,0.0,0.0,3034,10034,7000
2020-03-21T08:00:00,5580.0,3.9790393202565614e-14,0.0,0.0,0.0,1535.1630789302023,0.0,0.0,0.0,0.0,3311,10426,7115
2020-03-21T09:00:00,5580.0,3.9790393202565614e-14,0.0,0.0,0.0,698.1630789302022,0.0,0.0,0.0,0.0,4334,10612,6278
2020-03-21T10:00:00,5580.0,1.961097950697876e-13,0.0,0.0,0.0,817.1630789302019,0.0,0.0,0.0,0.0,4256,10653,6397
2020-03-21T11:00:00,5580.0,3.9790393202565614e-14,0.0,0.0,0.0,0.0,34.83692106979777,0.0,0.0,0.0,5260,10805,5545
2020-03-21T12:00:00,5580.0,3.9790393202565614e-14,0.0,0.0,0.0,0.0,109.83692106979775,0.0,0.0,0.0,5470,10940,5470
2020-03-21T13:00:00,5580.0,3.9790393202565614e-14,0.0,0.0,0.0,0.0,727.8369210697973,0.0,0.0,0.0,5923,10775,4852
2020-03-21T14:00:00,5580.0,3.9790393202565614e-14,0.0,0.0,0.0,0.0,1105.836921069798,0.0,0.0,0.0,6088,10562,4474
2020-03-21T15:00:00,5431.163078930202,3.9790393202565614e-14,0.0,0.0,0.0,0.0,1200.0,0.0,0.0,0.0,6069,10300,4231
2020-03-21T16:00:00,5496.163078930202,3.9790393202565614e-14,0.0,0.0,0.0,0.0,1200.0,0.0,0.0,0.0,5807,10103,4296
2020-03-21T17:00:00,5580.0,3.9790393202565614e-14,0.0,0.0,0.0,0.0,671.8369210697978,0.0,0.0,0.0,5232,10140,4908
2020-03-21T18:00:00,5580.0,3.9790393202565614e-14,210.0,0.0,0.0,0.0,0.0,66.16307893020223,0.0,0.0,4870,10726,5856
2020-03-21T19:00:00,5580.0,1.961097950697876e-13,210.0,0.0,0.0,0.0,0.0,1149.163078930202,0.0,0.0,4443,11382,6939
2020-03-21T20:00:00,5580.0,3.9790393202565614e-14,210.0,0.0,0.0,0.0,0.0,344.16307893020223,0.0,0.0,4455,10589,6134
2020-03-21T21:00:00,5580.0,3.9790393202565614e-14,210.0,0.0,0.0,0.0,0.0,227.16307893020223,0.0,0.0,3847,9864,6017
2020-03-21T22:00:00,5580.0,3.9790393202565614e-14,420.0,0.0,0.0,0.0,0.0,61.16307893020269,0.0,0.0,3957,10018,6061
2020-03-21T23:00:00,5580.0,3.9790393202565614e-14,420.0,0.0,0.0,0.0,0.0,1037.163078930202,0.0,0.0,3147,10184,7037
2020-03-22T00:00:00,5580.0,-5.684341886080804e-14,420.0,0.0,0.0,0.0,0.0,512.1630789302029,0.0,0.0,3186,9698,6512
2020-03-22T01:00:00,5580.0,-5.684341886080804e-14,420.0,0.0,0.0,0.0,0.0,277.1630789302028,0.0,0.0,3096,9373,6277
2020-03-22T02:00:00,5580.0,-5.684341886080804e-14,505.1630789302028,0.0,0.0,0.0,0.0,0.0,0.0,0.0,3014,9099,6085
2020-03-22T03:00:00,5580.0,-5.684341886080804e-14,420.0,0.0,0.0,0.0,89.8369210697972,0.0,0.0,0.0,2809,8719,5910
2020-03-22T04:00:00,5580.0,5.1159076974727215e-14,420.0,0.0,0.0,0.0,158.8369210697972,0.0,0.0,0.0,2859,8700,5841
2020-03-22T05:00:00,5580.0,-5.684341886080804e-14,1060.163078930203,0.0,0.0,0.0,0.0,0.0,0.0,0.0,2626,9266,6640
2020-03-22T06:00:00,5580.0,-5.684341886080804e-14,1080.0,0.0,0.0,0.0,0.0,178.1630789302028,0.0,0.0,3546,10384,6838
2020-03-22T07:00:00,5580.0,-5.684341886080804e-14,1080.0,0.0,0.0,1754.4869536855856,0.0,121.6761252446156,0.0,0.0,2581,11117,8536
2020-03-22T08:00:00,5580.0,-5.684341886080804e-14,1080.0,0.0,0.0,1227.1630789302028,0.0,0.0,0.0,0.0,3470,11357,7887
2020-03-22T09:00:00,5580.0,-5.684341886080804e-14,420.0,0.0,0.0,1289.1630789302028,0.0,0.0,0.0,0.0,4073,11362,7289
2020-03-22T10:00:00,5580.0,-5.684341886080804e-14,540.0,0.0,0.0,133.16307893020277,0.0,0.0,0.0,0.0,4939,11192,6253
2020-03-22T11:00:00,5580.0,-5.684341886080804e-14,0.0,0.0,0.0,483.1630789302029,0.0,0.0,0.0,0.0,5110,11173,6063
2020-03-22T12:00:00,5580.0,-5.684341886080804e-14,0.0,0.0,0.0,576.1630789302029,0.0,0.0,0.0,0.0,4987,11143,6156
2020-03-22T13:00:00,5580.0,5.1159076974727215e-14,0.0,0.0,0.0,82.1630789302028,0.0,0.0,0.0,0.0,5189,10851,5662
2020-03-22T14:00:00,5580.0,-5.684341886080804e-14,0.0,0.0,0.0,0.0,192.8369210697971,0.0,0.0,0.0,5201,10588,5387
2020-03-22T15:00:00,5580.0,-5.684341886080804e-14,0.0,0.0,0.0,0.0,457.8369210697972,0.0,0.0,0.0,5184,10306,5122
2020-03-22T16:00:00,5580.0,-5.684341886080804e-14,0.0,0.0,0.0,0.0,327.83692106979737,0.0,0.0,0.0,4850,10102,5252
2020-03-22T17:00:00,5580.0,-5.684341886080804e-14,0.0,0.0,0.0,0.0,0.0,331.1630789302029,0.0,0.0,4209,10120,5911
2020-03-22T18:00:00,5580.0,-5.684341886080804e-14,210.0,0.0,0.0,1224.4430854533618,0.0,402.7199934768408,0.0,0.0,3248,10665,7417
2020-03-22T19:00:00,5580.0,-5.684341886080804e-14,210.0,0.0,0.0,2888.163078930201,0.0,0.0,0.0,0.0,2702,11380,8678
2020-03-22T20:00:00,5580.0,-5.684341886080804e-14,420.0,0.0,0.0,1216.1630789302028,0.0,0.0,0.0,0.0,3381,10597,7216
2020-03-22T21:00:00,5580.0,-5.684341886080804e-14,1079.163078930203,0.0,0.0,0.0,0.0,0.0,0.0,0.0,3230,9889,6659
2020-03-22T22:00:00,5580.0,5.1159076974727215e-14,1080.0,0.0,0.0,392.1630789302028,0.0,0.0,0.0,0.0,2963,10015,7052
2020-03-22T23:00:00,5580.0,-3.126388037344441e-13,1080.0,0.0,0.0,1656.163078930201,0.0,0.0,0.0,0.0,1833,10149,8316
2020-03-23T00:00:00,5580.0,-1.7621459846850488e-13,1080.0,0.0,0.0,29.16307893020309,0.0,0.0,0.0,0.0,2894,9583,6689
2020-03-23T01:00:00,5580.0,3.4106051316484814e-14,630.0,0.0,0.0,519.1630789302028,0.0,0.0,0.0,0.0,2490,9219,6729
2020-03-23T02:00:00,5580.0,3.4106051316484814e-14,1677.163078930203,0.0,0.0,0.0,0.0,0.0,0.0,0.0,1639,8896,7257
2020-03-23T03:00:00,5580.0,3.4106051316484814e-14,1253.1630789302028,0.0,0.0,0.0,0.0,0.0,0.0,0.0,1628,8461,6833
2020-03-23T04:00:00,5580.0,3.4106051316484814e-14,840.0,0.0,0.0,273.16307893020286,0.0,0.0,0.0,0.0,1695,8388,6693
2020-03-23T05:00:00,5580.0,3.4106051316484814e-14,840.0,0.0,0.0,924.163078930203,0.0,0.0,0.0,0.0,1558,8902,7344
2020-03-23T06:00:00,5580.0,3.4106051316484814e-14,2160.0,0.0,0.0,555.1630789302012,0.0,0.0,0.0,0.0,1673,9968,8295
2020-03-23T07:00:00,5580.0,5.1159076974727215e-14,2160.0,0.0,0.0,1352.1630789302017,0.0,0.0,0.0,0.0,1570,10662,9092
2020-03-23T08:00:00,5580.0,3.4106051316484814e-14,2056.163078930203,0.0,0.0,0.0,0.0,0.0,0.0,0.0,3242,10878,7636
2020-03-23T09:00:00,5580.0,3.4106051316484814e-14,1382.1630789302028,0.0,0.0,0.0,0.0,0.0,0.0,0.0,3913,10875,6962
2020-03-23T10:00:00,5580.0,3.4106051316484814e-14,630.0,0.0,0.0,1431.1630789302026,0.0,0.0,0.0,0.0,3132,10773,7641
2020-03-23T11:00:00,5580.0,3.4106051316484814e-14,1620.0,0.0,0.0,11.163078930202875,0.0,0.0,0.0,0.0,3580,10791,7211
2020-03-23T12:00:00,5580.0,3.4106051316484814e-14,210.0,0.0,0.0,1192.163078930203,0.0,0.0,0.0,0.0,3796,10778,6982
2020-03-23T13:00:00,5580.0,3.4106051316484814e-14,0.0,0.0,0.0,13.163078930202875,0.0,0.0,0.0,0.0,4889,10482,5593
2020-03-23T14:00:00,5580.0,3.4106051316484814e-14,0.0,0.0,0.0,0.0,232.83692106979703,0.0,0.0,0.0,4857,10204,5347
2020-03-23T15:00:00,5580.0,3.4106051316484814e-14,0.0,0.0,0.0,338.535388127855,0.0,174.6276908023478,0.0,0.0,3792,9885,6093
2020-03-23T16:00:00,5580.0,5.1159076974727215e-14,0.0,0.0,0.0,517.1630789302026,0.0,0.0,0.0,0.0,3531,9628,6097
2020-03-23T17:00:00,5580.0,3.4106051316484814e-14,0.0,0.0,0.0,0.0,346.83692106979703,0.0,0.0,0.0,4371,9604,5233
2020-03-23T18:00:00,5580.0,3.4106051316484814e-14,540.0,0.0,0.0,1618.0353881278552,0.0,260.1276908023478,0.0,0.0,2126,10124,7998
2020-03-23T19:00:00,5580.0,3.4106051316484814e-14,540.0,0.0,0.0,1521.1630789302026,0.0,0.0,0.0,0.0,3043,10684,7641
2020-03-23T20:00:00,5580.0,3.4106051316484814e-14,1080.0,0.0,0.0,340.16307893020286,0.0,0.0,0.0,0.0,2981,9981,7000
2020-03-23T21:00:00,5580.0,3.4106051316484814e-14,420.0,0.0,0.0,1862.163078930203,0.0,0.0,0.0,0.0,1512,9374,7862
2020-03-23T22:00:00,5580.0,3.4106051316484814e-14,1620.0,0.0,0.0,323.16307893020286,0.0,0.0,0.0,0.0,1996,9519,7523
2020-03-23T23:00:00,5580.0,3.4106051316484814e-14,630.0,0.0,0.0,2049.163078930201,0.0,0.0,0.0,0.0,1422,9681,8259
2020-03-24T00:00:00,5580.0,3.4106051316484814e-14,1620.0,0.0,0.0,589.1630789302019,0.0,0.0,0.0,0.0,1343,9132,7789
2020-03-24T01:00:00,5580.0,-8.526512829121202e-14,630.0,0.0,0.0,242.16307893020272,0.0,0.0,0.0,0.0,2339,8791,6452
2020-03-24T02:00:00,5580.0,3.4106051316484814e-14,1393.163078930202,0.0,0.0,0.0,0.0,0.0,0.0,0.0,1526,8499,6973
2020-03-24T03:00:00,5580.0,3.4106051316484814e-14,1096.163078930202,0.0,0.0,0.0,0.0,0.0,0.0,0.0,1426,8102,6676
2020-03-24T04:00:00,5580.0,3.4106051316484814e-14,420.0,0.0,0.0,426.16307893020206,0.0,0.0,0.0,0.0,1640,8066,6426
2020-03-24T05:00:00,5580.0,3.4106051316484814e-14,1016.1630789302019,0.0,0.0,0.0,0.0,0.0,0.0,0.0,2013,8609,6596
2020-03-24T06:00:00,5580.0,3.4106051316484814e-14,630.0,0.0,0.0,1942.1630789302017,0.0,0.0,0.0,0.0,1558,9710,8152
2020-03-24T07:00:00,5580.0,3.4106051316484814e-14,1620.0,0.0,0.0,1682.1630789302017,0.0,0.0,0.0,0.0,1570,10452,8882
2020-03-24T08:00:00,5580.0,3.4106051316484814e-14,1080.0,0.0,0.0,965.163078930202,0.0,0.0,0.0,0.0,3092,10717,7625
2020-03-24T09:00:00,5580.0,3.4106051316484814e-14,540.0,0.0,0.0,994.163078930202,0.0,0.0,0.0,0.0,3618,10732,7114
2020-03-24T10:00:00,5580.0,-8.526512829121202e-14,210.0,0.0,0.0,1948.163078930202,0.0,0.0,0.0,0.0,2879,10617,7738
2020-03-24T11:00:00,5580.0,3.4106051316484814e-14,210.0,0.0,0.0,1564.1630789302017,0.0,0.0,0.0,0.0,3259,10613,7354
2020-03-24T12:00:00,5580.0,3.4106051316484814e-14,210.0,0.0,0.0,1092.163078930202,0.0,0.0,0.0,0.0,3714,10596,6882
2020-03-24T13:00:00,5580.0,3.4106051316484814e-14,210.0,0.0,0.0,0.0,43.83692106979788,0.0,0.0,0.0,4560,10306,5746
2020-03-24T14:00:00,5580.0,3.4106051316484814e-14,0.0,0.0,0.0,101.28538812785344,0.0,32.87769080234841,0.0,0.0,4333,10047,5714
2020-03-24T15:00:00,5580.0,3.4106051316484814e-14,0.0,0.0,0.0,0.0,152.83692106979817,0.0,0.0,0.0,4325,9752,5427
2020-03-24T16:00:00,5580.0,3.4106051316484814e-14,0.0,0.0,0.0,0.0,179.83692106979817,0.0,0.0,0.0,4111,9511,5400
2020-03-24T17:00:00,5580.0,3.4106051316484814e-14,0.0,0.0,0.0,822.6576973255046,0.0,249.50538160469725,0.0,0.0,2866,9518,6652
2020-03-24T18:00:00,5580.0,3.4106051316484814e-14,1080.0,0.0,0.0,69.16307893020186,0.0,0.0,0.0,0.0,3340,10069,6729
2020-03-24T19:00:00,5580.0,-8.526512829121202e-14,420.0,0.0,0.0,1829.163078930202,0.0,0.0,0.0,0.0,2838,10667,7829
2020-03-24T20:00:00,5580.0,3.4106051316484814e-14,1610.163078930202,0.0,0.0,0.0,0.0,0.0,0.0,0.0,2793,9983,7190
2020-03-24T21:00:00,5580.0,3.4106051316484814e-14,630.0,0.0,0.0,1715.1630789302017,0.0,0.0,0.0,0.0,1441,9366,7925
2020-03-24T22:00:00,5580.0,3.4106051316484814e-14,1620.0,0.0,0.0,762.163078930203,0.0,0.0,0.0,0.0,1562,9524,7962
2020-03-24T23:00:00,5580.0,5.1159076974727215e-14,1620.0,0.0,0.0,917.163078930202,0.0,0.0,0.0,0.0,1586,9703,8117
2020-03-25T00:00:00,5580.0,0.0,630.0,0.0,0.0,1324.1630789302026,0.0,0.0,0.0,0.0,1647,9181,7534
2020-03-25T01:00:00,5580.0,0.0,630.0,0.0,0.0,1074.163078930202,0.0,0.0,0.0,0.0,1559,8843,7284
2020-03-25T02:00:00,5580.0,0.0,630.0,0.0,0.0,760.1630789302023,0.0,0.0,0.0,0.0,1578,8548,6970
2020-03-25T03:00:00,5580.0,-8.526512829121202e-14,630.0,0.0,0.0,251.1630789302027,0.0,0.0,0.0,0.0,1706,8167,6461
2020-03-25T04:00:00,5580.0,3.4106051316484814e-14,630.0,0.0,0.0,260.16307893020223,0.0,0.0,0.0,0.0,1636,8106,6470
2020-03-25T05:00:00,5580.0,3.4106051316484814e-14,630.0,0.0,0.0,766.1630789302021,0.0,0.0,0.0,0.0,1649,8625,6976
2020-03-25T06:00:00,5580.0,3.4106051316484814e-14,630.0,0.0,0.0,1629.163078930202,0.0,0.0,0.0,0.0,1812,9651,7839
2020-03-25T07:00:00,5580.0,3.4106051316484814e-14,0.0,0.0,0.0,2828.163078930202,0.0,0.0,0.0,0.0,1975,10383,8408
2020-03-25T08:00:00,5580.0,3.4106051316484814e-14,0.0,0.0,0.0,2757.163078930202,0.0,0.0,0.0,0.0,2311,10648,8337
2020-03-25T09:00:00,5580.0,3.4106051316484814e-14,0.0,0.0,0.0,1936.163078930202,0.0,0.0,0.0,0.0,3173,10689,7516
2020-03-25T10:00:00,5580.0,3.4106051316484814e-14,0.0,0.0,0.0,937.163078930202,0.0,0.0,0.0,0.0,4070,10587,6517
2020-03-25T11:00:00,5540.163078930203,3.4106051316484814e-14,0.0,0.0,0.0,0.0,0.0,0.0,0.0,0.0,5005,10545,5540
2020-03-25T12:00:00,4985.163078930203,-8.526512829121202e-14,0.0,0.0,0.0,0.0,0.0,0.0,0.0,0.0,5514,10499,4985
2020-03-25T13:00:00,4201.163078930203,3.4106051316484814e-14,0.0,0.0,0.0,0.0,0.0,0.0,0.0,0.0,5976,10177,4201
2020-03-25T14:00:00,3629.1630789302026,3.4106051316484814e-14,0.0,0.0,0.0,0.0,0.0,0.0,0.0,0.0,6241,9870,3629
2020-03-25T15:00:00,3288.1630789302017,3.4106051316484814e-14,0.0,0.0,0.0,0.0,0.0,0.0,0.0,0.0,6263,9551,3288
2020-03-25T16:00:00,3349.1630789302017,3.4106051316484814e-14,0.0,0.0,0.0,0.0,0.0,0.0,0.0,0.0,5973,9322,3349
2020-03-25T17:00:00,5313.163078930203,3.4106051316484814e-14,0.0,0.0,0.0,0.0,1200.0,0.0,0.0,0.0,5252,9365,4113
2020-03-25T18:00:00,5482.163078930203,3.4106051316484814e-14,0.0,0.0,0.0,0.0,0.0,0.0,0.0,0.0,4293,9775,5482
2020-03-25T19:00:00,5580.0,3.4106051316484814e-14,0.0,0.0,0.0,438.1630789302021,0.0,900.0,0.0,0.0,3361,10279,6918
2020-03-25T20:00:00,5580.0,3.4106051316484814e-14,0.0,0.0,0.0,1202.163078930202,0.0,0.0,0.0,0.0,2874,9656,6782
2020-03-25T21:00:00,5580.0,3.4106051316484814e-14,0.0,0.0,0.0,958.163078930202,0.0,0.0,0.0,0.0,2591,9129,6538
2020-03-25T22:00:00,5580.0,1.818989403545857e-13,0.0,0.0,0.0,1306.163078930202,0.0,0.0,0.0,0.0,2459,9345,6886
2020-03-25T23:00:00,5580.0,5.1159076974727215e-14,0.0,0.0,0.0,1362.1630789302026,0.0,0.0,0.0,0.0,2556,9498,6942
2020-03-26T00:00:00,5580.0,-4.5474735088646414e-14,0.0,0.0,0.0,732.1630789302028,0.0,0.0,0.0,0.0,2565,8877,6312
2020-03-26T01:00:00,5580.0,-4.5474735088646414e-14,0.0,0.0,0.0,530.1630789302028,0.0,0.0,0.0,0.0,2331,8441,6110
2020-03-26T02:00:00,5580.0,-4.5474735088646414e-14,0.0,0.0,0.0,220.16307893020291,0.0,0.0,0.0,0.0,2270,8070,5800
2020-03-26T03:00:00,5049.163078930203,-4.5474735088646414e-14,0.0,0.0,0.0,0.0,0.0,0.0,0.0,0.0,2548,7597,5049
2020-03-26T04:00:00,4942.163078930203,-4.5474735088646414e-14,0.0,0.0,0.0,0.0,0.0,0.0,0.0,0.0,2463,7405,4942
2020-03-26T05:00:00,5280.163078930203,-4.5474735088646414e-14,0.0,0.0,0.0,0.0,0.0,0.0,0.0,0.0,2276,7556,5280
2020-03-26T06:00:00,5580.0,-4.5474735088646414e-14,0.0,0.0,0.0,0.0,244.83692106979709,0.0,0.0,0.0,2484,7819,5335
2020-03-26T07:00:00,5515.163078930203,-4.5474735088646414e-14,0.0,0.0,0.0,0.0,0.0,0.0,0.0,0.0,2583,8098,5515
2020-03-26T08:00:00,5580.0,-4.5474735088646414e-14,0.0,0.0,0.0,0.0,0.0,78.16307893020291,0.0,0.0,2962,8620,5658
2020-03-26T09:00:00,5580.0,-4.5474735088646414e-14,0.0,0.0,0.0,64.69846705805801,0.0,105.4646118721449,0.0,0.0,3238,8988,5750
2020-03-26T10:00:00,5208.1630789302035,-4.5474735088646414e-14,0.0,0.0,0.0,0.0,0.0,0.0,0.0,0.0,3843,9051,5208
2020-03-26T11:00:00,4920.163078930203,-4.5474735088646414e-14,0.0,0.0,0.0,0.0,0.0,0.0,0.0,0.0,4268,9188,4920
2020-03-26T12:00:00,4999.163078930203,-4.5474735088646414e-14,0.0,0.0,0.0,0.0,0.0,0.0,0.0,0.0,4511,9510,4999
2020-03-26T13:00:00,4329.1630789302035,6.821210263296964e-14,0.0,0.0,0.0,0.0,0.0,0.0,0.0,0.0,4724,9053,4329
2020-03-26T14:00:00,4803.59795607741,-4.5474735088646414e-14,0.0,0.0,0.0,0.0,688.4348771472074,0.0,0.0,0.0,4536,8651,4115
2020-03-26T15:00:00,3905.1630789302017,-4.5474735088646414e-14,0.0,0.0,0.0,0.0,0.0,0.0,0.0,0.0,4449,8354,3905
2020-03-26T16:00:00,5194.163078930203,-4.5474735088646414e-14,0.0,0.0,0.0,0.0,1200.0,0.0,0.0,0.0,4108,8102,3994
2020-03-26T17:00:00,4822.163078930203,-4.5474735088646414e-14,0.0,0.0,0.0,0.0,0.0,0.0,0.0,0.0,3306,8128,4822
2020-03-26T18:00:00,5580.0,-4.5474735088646414e-14,0.0,0.0,0.0,0.0,0.0,272.1630789302029,0.0,0.0,2669,8521,5852
2020-03-26T19:00:00,5580.0,-4.5474735088646414e-14,0.0,0.0,0.0,0.0,0.0,1144.1630789302028,0.0,0.0,2360,9084,6724
2020-03-26T20:00:00,5580.0,-4.5474735088646414e-14,0.0,0.0,0.0,979.1630789302028,0.0,0.0,0.0,0.0,2132,8691,6559
2020-03-26T21:00:00,5580.0,-4.5474735088646414e-14,0.0,0.0,0.0,642.1630789302028,0.0,0.0,0.0,0.0,2088,8310,6222
2020-03-26T22:00:00,5580.0,6.821210263296964e-14,0.0,0.0,0.0,987.1630789302028,0.0,0.0,0.0,0.0,2088,8655,6567
2020-03-26T23:00:00,5580.0,-4.5474735088646414e-14,0.0,0.0,0.0,1264.1630789302028,0.0,0.0,0.0,0.0,2142,8986,6844
2020-03-27T00:00:00,5580.0,-4.5474735088646414e-14,0.0,0.0,0.0,523.1630789302026,0.0,0.0,0.0,0.0,2454,8557,6103
2020-03-27T01:00:00,5491.163078930203,-4.5474735088646414e-14,0.0,0.0,0.0,0.0,0.0,0.0,0.0,0.0,2698,8189,5491
2020-03-27T02:00:00,5415.163078930203,-4.5474735088646414e-14,0.0,0.0,0.0,0.0,0.0,0.0,0.0,0.0,2584,7999,5415
2020-03-27T03:00:00,4911.163078930203,-4.5474735088646414e-14,0.0,0.0,0.0,0.0,0.0,0.0,0.0,0.0,2674,7585,4911
2020-03-27T04:00:00,4403.163078930203,-4.5474735088646414e-14,0.0,0.0,0.0,0.0,0.0,0.0,0.0,0.0,2770,7173,4403
2020-03-27T05:00:00,4353.163078930203,-4.5474735088646414e-14,0.0,0.0,0.0,0.0,0.0,0.0,0.0,0.0,2736,7089,4353
2020-03-27T06:00:00,4024.1630789302026,-4.5474735088646414e-14,0.0,0.0,0.0,0.0,0.0,0.0,0.0,0.0,3171,7195,4024
2020-03-27T07:00:00,4698.163078930203,-6.821210263296964e-14,0.0,0.0,0.0,0.0,0.0,0.0,0.0,0.0,2557,7255,4698
2020-03-27T08:00:00,5056.163078930203,-4.5474735088646414e-14,0.0,0.0,0.0,0.0,0.0,0.0,0.0,0.0,2590,7646,5056
2020-03-27T09:00:00,4827.163078930203,-4.5474735088646414e-14,0.0,0.0,0.0,0.0,0.0,0.0,0.0,0.0,3198,8025,4827
2020-03-27T10:00:00,3696.1630789302026,-4.5474735088646414e-14,0.0,0.0,0.0,0.0,0.0,0.0,0.0,0.0,4512,8208,3696
2020-03-27T11:00:00,4374.163078930203,-4.5474735088646414e-14,0.0,0.0,0.0,0.0,0.0,0.0,0.0,0.0,4010,8384,4374
2020-03-27T12:00:00,4529.163078930203,-4.5474735088646414e-14,0.0,0.0,0.0,0.0,0.0,0.0,0.0,0.0,4115,8644,4529
2020-03-27T13:00:00,3237.163078930202,-4.5474735088646414e-14,0.0,0.0,0.0,0.0,0.0,0.0,0.0,0.0,4885,8122,3237
2020-03-27T14:00:00,2748.163078930202,-4.5474735088646414e-14,0.0,0.0,0.0,0.0,0.0,0.0,0.0,0.0,4869,7617,2748
2020-03-27T15:00:00,2717.713850837139,-4.5474735088646414e-14,0.0,0.0,0.0,0.0,125.55077190693686,0.0,0.0,0.0,4672,7264,2592
2020-03-27T16:00:00,2576.1630789302026,-6.821210263296964e-14,0.0,0.0,0.0,0.0,0.0,0.0,0.0,0.0,4470,7046,2576
2020-03-27T17:00:00,2954.163078930202,-4.5474735088646414e-14,0.0,0.0,0.0,0.0,0.0,0.0,0.0,0.0,4124,7078,2954
2020-03-27T18:00:00,3970.1630789302026,-4.5474735088646414e-14,0.0,0.0,0.0,0.0,0.0,0.0,0.0,0.0,3474,7444,3970
2020-03-27T19:00:00,5580.0,-4.5474735088646414e-14,0.0,0.0,0.0,0.0,0.0,94.16307893020264,0.0,0.0,2429,8103,5674
2020-03-27T20:00:00,4987.163078930203,-4.5474735088646414e-14,0.0,0.0,0.0,0.0,0.0,0.0,0.0,0.0,3329,8316,4987
2020-03-27T21:00:00,5580.0,-4.5474735088646414e-14,0.0,0.0,0.0,141.16307893020263,0.0,0.0,0.0,0.0,2403,8124,5721
2020-03-27T22:00:00,5580.0,-4.5474735088646414e-14,0.0,0.0,0.0,0.0,336.83692106979737,0.0,0.0,0.0,3181,8424,5243
2020-03-27T23:00:00,5580.0,6.821210263296964e-14,0.0,0.0,0.0,0.0,78.83692106979743,0.0,0.0,0.0,3211,8712,5501
2020-03-28T00:00:00,5580.0,6.821210263296964e-14,0.0,0.0,0.0,231.4076973255063,0.0,311.7553816046961,0.0,0.0,2204,8327,6123
2020-03-28T01:00:00,5547.163078930203,-6.821210263296964e-14,0.0,0.0,0.0,0.0,0.0,0.0,0.0,0.0,2493,8040,5547
2020-03-28T02:00:00,5013.163078930203,-4.5474735088646414e-14,0.0,0.0,0.0,0.0,0.0,0.0,0.0,0.0,2756,7769,5013
2020-03-28T03:00:00,4608.427701674278,-4.5474735088646414e-14,0.0,0.0,0.0,0.0,119.26462274407528,0.0,0.0,0.0,2904,7393,4489
2020-03-28T04:00:00,4394.163078930203,-4.5474735088646414e-14,0.0,0.0,0.0,0.0,0.0,0.0,0.0,0.0,2990,7384,4394
2020-03-28T05:00:00,5580.0,-4.5474735088646414e-14,0.0,0.0,0.0,0.0,559.8369210697977,0.0,0.0,0.0,2953,7973,5020
2020-03-28T06:00:00,5580.0,-4.5474735088646414e-14,0.0,0.0,0.0,0.0,0.0,73.16307893020237,0.0,0.0,3535,9188,5653
2020-03-28T07:00:00,5580.0,-4.5474735088646414e-14,0.0,0.0,0.0,0.0,0.0,436.16307893020235,0.0,0.0,3962,9978,6016
2020-03-28T08:00:00,5580.0,-4.5474735088646414e-14,0.0,0.0,0.0,1987.1630789302023,0.0,0.0,0.0,0.0,2725,10292,7567
2020-03-28T09:00:00,5580.0,-4.5474735088646414e-14,0.0,0.0,0.0,1725.1630789302026,0.0,0.0,0.0,0.0,3044,10349,7305
2020-03-28T10:00:00,5580.0,-6.821210263296964e-14,0.0,0.0,0.0,0.0,238.8369210697972,0.0,0.0,0.0,4842,10183,5341
2020-03-28T11:00:00,5580.0,-4.5474735088646414e-14,0.0,0.0,0.0,326.0353881278544,0.0,179.1276908023479,0.0,0.0,4013,10098,6085
2020-03-28T12:00:00,4995.380517503805,-4.5474735088646414e-14,0.0,0.0,0.0,0.0,24.21743857360317,0.0,0.0,0.0,5108,10079,4971
2020-03-28T13:00:00,5580.0,-4.5474735088646414e-14,0.0,0.0,0.0,0.0,0.0,18.163078930202374,0.0,0.0,4241,9839,5598
2020-03-28T14:00:00,5580.0,-4.5474735088646414e-14,0.0,0.0,0.0,0.0,935.8369210697977,0.0,0.0,0.0,4912,9556,4644
2020-03-28T15:00:00,4553.918243096205,-4.5474735088646414e-14,0.0,0.0,0.0,0.0,75.75516416600233,0.0,0.0,0.0,4742,9220,4478
2020-03-28T16:00:00,5580.0,-4.5474735088646414e-14,0.0,0.0,0.0,0.0,0.0,189.16307893020232,0.0,0.0,3172,8941,5769
2020-03-28T17:00:00,5580.0,-4.5474735088646414e-14,0.0,0.0,0.0,192.63209393355464,0.0,569.5309849966477,0.0,0.0,2464,8806,6342
2020-03-28T18:00:00,5580.0,-4.5474735088646414e-14,0.0,0.0,0.0,1896.1630789302023,0.0,0.0,0.0,0.0,1637,9113,7476
2020-03-28T19:00:00,5580.0,-6.821210263296964e-14,0.0,0.0,0.0,1546.1630789302028,0.0,0.0,0.0,0.0,2430,9556,7126
2020-03-28T20:00:00,5580.0,-4.5474735088646414e-14,0.0,0.0,0.0,2603.1630789302026,0.0,0.0,0.0,0.0,1082,9265,8183
2020-03-28T21:00:00,5580.0,-4.5474735088646414e-14,0.0,0.0,0.0,2042.1630789302023,0.0,0.0,0.0,0.0,1156,8778,7622
2020-03-28T22:00:00,5580.0,-4.5474735088646414e-14,0.0,0.0,0.0,883.1630789302023,0.0,0.0,0.0,0.0,2489,8952,6463
2020-03-28T23:00:00,5580.0,-5.684341886080802e-13,0.0,0.0,0.0,2274.1630789302026,0.0,0.0,0.0,0.0,1278,9132,7854
2020-03-29T00:00:00,5580.0,2.2737367544323214e-14,0.0,0.0,0.0,341.1630789302031,0.0,0.0,0.0,0.0,2666,8587,5921
2020-03-29T01:00:00,5580.0,4.5474735088646414e-14,0.0,0.0,0.0,1107.163078930203,0.0,0.0,0.0,0.0,1564,8251,6687
2020-03-29T02:00:00,5580.0,4.5474735088646414e-14,0.0,0.0,0.0,192.16307893020303,0.0,0.0,0.0,0.0,2190,7962,5772
2020-03-29T03:00:00,5580.0,4.5474735088646414e-14,0.0,0.0,0.0,167.16307893020303,0.0,0.0,0.0,0.0,1846,7593,5747
2020-03-29T04:00:00,5580.0,-6.821210263296964e-14,0.0,0.0,0.0,171.16307893020283,0.0,0.0,0.0,0.0,1799,7550,5751
2020-03-29T05:00:00,5580.0,4.5474735088646414e-14,0.0,0.0,0.0,661.1630789302029,0.0,0.0,0.0,0.0,1829,8070,6241
2020-03-29T06:00:00,5580.0,4.5474735088646414e-14,0.0,0.0,0.0,461.163078930203,0.0,0.0,0.0,0.0,3176,9217,6041
2020-03-29T07:00:00,5580.0,4.5474735088646414e-14,0.0,0.0,0.0,2369.1630789302026,0.0,0.0,0.0,0.0,2016,9965,7949
2020-03-29T08:00:00,5580.0,4.5474735088646414e-14,0.0,0.0,0.0,1204.163078930203,0.0,0.0,0.0,0.0,3465,10249,6784
2020-03-29T09:00:00,5580.0,4.5474735088646414e-14,0.0,0.0,0.0,601.163078930203,0.0,0.0,0.0,0.0,4077,10258,6181
2020-03-29T10:00:00,5580.0,4.5474735088646414e-14,0.0,0.0,0.0,979.1630789302028,0.0,0.0,0.0,0.0,3495,10054,6559
2020-03-29T11:00:00,4828.047184170474,4.5474735088646414e-14,0.0,0.0,0.0,0.0,14.884105240270706,0.0,0.0,0.0,5169,9982,4813
2020-03-29T12:00:00,5580.0,4.5474735088646414e-14,0.0,0.0,0.0,0.0,0.0,11.16307893020303,0.0,0.0,4347,9938,5591
2020-03-29T13:00:00,4582.163078930203,-6.821210263296964e-14,0.0,0.0,0.0,0.0,0.0,0.0,0.0,0.0,5117,9699,4582
2020-03-29T14:00:00,4968.1630789302035,4.5474735088646414e-14,0.0,0.0,0.0,0.0,0.0,0.0,0.0,0.0,4527,9495,4968
2020-03-29T15:00:00,4937.1630789302035,4.5474735088646414e-14,0.0,0.0,0.0,0.0,0.0,0.0,0.0,0.0,4264,9201,4937
2020-03-29T16:00:00,5088.163078930203,4.5474735088646414e-14,0.0,0.0,0.0,0.0,0.0,0.0,0.0,0.0,3890,8978,5088
2020-03-29T17:00:00,5459.163078930202,4.5474735088646414e-14,0.0,0.0,0.0,0.0,1200.0,0.0,0.0,0.0,4634,8893,4259
2020-03-29T18:00:00,5580.0,4.5474735088646414e-14,0.0,0.0,0.0,0.0,462.836921069797,0.0,0.0,0.0,4078,9195,5117
2020-03-29T19:00:00,5580.0,4.5474735088646414e-14,0.0,0.0,0.0,0.0,0.0,301.163078930203,0.0,0.0,3711,9592,5881
2020-03-29T20:00:00,5580.0,4.5474735088646414e-14,0.0,0.0,0.0,0.0,0.0,172.16307893020303,0.0,0.0,3516,9268,5752
2020-03-29T21:00:00,5580.0,4.5474735088646414e-14,0.0,0.0,0.0,142.36154598826113,0.0,773.8015329419418,0.0,0.0,2274,8770,6496
2020-03-29T22:00:00,5580.0,-6.821210263296964e-14,0.0,0.0,0.0,0.0,129.8369210697972,0.0,0.0,0.0,3486,8936,5450
2020-03-29T23:00:00,5580.0,4.5474735088646414e-14,0.0,0.0,0.0,81.78538812785513,0.0,97.3776908023479,0.0,0.0,3366,9125,5759
2020-03-30T00:00:00,5269.163078930203,-4.5474735088646414e-14,0.0,0.0,0.0,0.0,0.0,0.0,0.0,0.0,3287,8556,5269
2020-03-30T01:00:00,5320.163078930202,-4.5474735088646414e-14,0.0,0.0,0.0,0.0,0.0,0.0,0.0,0.0,2896,8216,5320
2020-03-30T02:00:00,5326.163078930202,-4.5474735088646414e-14,0.0,0.0,0.0,0.0,0.0,0.0,0.0,0.0,2598,7924,5326
2020-03-30T03:00:00,5276.163078930203,-4.5474735088646414e-14,0.0,0.0,0.0,0.0,0.0,0.0,0.0,0.0,2276,7552,5276
2020-03-30T04:00:00,5580.0,-4.5474735088646414e-14,0.0,0.0,0.0,0.0,331.8369210697977,0.0,0.0,0.0,2257,7505,5248
2020-03-30T05:00:00,5580.0,-4.5474735088646414e-14,0.0,0.0,0.0,0.0,0.0,80.16307893020229,0.0,0.0,2356,8016,5660
2020-03-30T06:00:00,5580.0,-4.5474735088646414e-14,0.0,0.0,0.0,227.4484670580563,0.0,168.714611872146,0.0,0.0,3177,9153,5976
2020-03-30T07:00:00,5580.0,0.0,0.0,0.0,0.0,684.163078930203,0.0,0.0,0.0,0.0,3619,9883,6264
2020-03-30T08:00:00,5580.0,-4.5474735088646414e-14,0.0,0.0,0.0,2684.163078930202,0.0,0.0,0.0,0.0,1887,10151,8264
2020-03-30T09:00:00,5580.0,-4.5474735088646414e-14,0.0,0.0,0.0,2310.163078930202,0.0,0.0,0.0,0.0,2263,10153,7890
2020-03-30T10:00:00,5580.0,-4.5474735088646414e-14,0.0,0.0,0.0,1867.1630789302023,0.0,0.0,0.0,0.0,2517,9964,7447
2020-03-30T11:00:00,5580.0,-4.5474735088646414e-14,0.0,0.0,0.0,1667.1630789302023,0.0,0.0,0.0,0.0,2675,9922,7247
2020-03-30T12:00:00,5580.0,-4.5474735088646414e-14,0.0,0.0,0.0,184.1630789302023,0.0,0.0,0.0,0.0,4142,9906,5764
2020-03-30T13:00:00,5580.0,-4.5474735088646414e-14,0.0,0.0,0.0,1296.1630789302023,0.0,0.0,0.0,0.0,2807,9683,6876
2020-03-30T14:00:00,4964.163078930202,-4.5474735088646414e-14,0.0,0.0,0.0,0.0,0.0,0.0,0.0,0.0,4525,9489,4964
2020-03-30T15:00:00,5580.0,-4.5474735088646414e-14,0.0,0.0,0.0,586.1630789302022,0.0,0.0,0.0,0.0,3033,9199,6166
2020-03-30T16:00:00,5580.0,0.0,0.0,0.0,0.0,0.0,1060.836921069797,0.0,0.0,0.0,4459,8978,4519
2020-03-30T17:00:00,4700.163078930203,-4.5474735088646414e-14,0.0,0.0,0.0,0.0,0.0,0.0,0.0,0.0,4190,8890,4700
2020-03-30T18:00:00,5387.163078930202,-4.5474735088646414e-14,0.0,0.0,0.0,0.0,0.0,0.0,0.0,0.0,3796,9183,5387
2020-03-30T19:00:00,5580.0,-4.5474735088646414e-14,0.0,0.0,0.0,771.5353881278544,0.0,795.6276908023477,0.0,0.0,2431,9578,7147
2020-03-30T20:00:00,5169.163078930203,-4.5474735088646414e-14,0.0,0.0,0.0,0.0,0.0,0.0,0.0,0.0,4080,9249,5169
2020-03-30T21:00:00,4863.163078930202,-4.5474735088646414e-14,0.0,0.0,0.0,0.0,0.0,0.0,0.0,0.0,3888,8751,4863
2020-03-30T22:00:00,4911.163078930202,-4.5474735088646414e-14,0.0,0.0,0.0,0.0,0.0,0.0,0.0,0.0,4007,8918,4911
2020-03-30T23:00:00,5580.0,6.821210263296964e-14,0.0,0.0,0.0,0.0,466.8369210697979,0.0,0.0,0.0,3994,9107,5113
2020-03-31T00:00:00,5580.0,4.5474735088646414e-14,0.0,0.0,0.0,0.0,0.0,197.163078930202,0.0,0.0,2760,8537,5777
2020-03-31T01:00:00,5580.0,6.821210263296964e-14,0.0,0.0,0.0,81.19846705805645,0.0,152.9646118721464,0.0,0.0,2384,8198,5814
2020-03-31T02:00:00,5368.163078930202,2.2737367544323207e-14,0.0,0.0,0.0,0.0,0.0,0.0,0.0,0.0,2541,7909,5368
2020-03-31T03:00:00,5202.163078930202,2.2737367544323207e-14,0.0,0.0,0.0,0.0,0.0,0.0,0.0,0.0,2338,7540,5202
2020-03-31T04:00:00,5580.0,2.2737367544323207e-14,0.0,0.0,0.0,0.0,405.8369210697978,0.0,0.0,0.0,2321,7495,5174
2020-03-31T05:00:00,5580.0,2.2737367544323207e-14,0.0,0.0,0.0,0.0,40.83692106979788,0.0,0.0,0.0,2468,8007,5539
2020-03-31T06:00:00,5580.0,2.2737367544323207e-14,0.0,0.0,0.0,653.1576973255053,0.0,335.00538160469677,0.0,0.0,2576,9144,6568
2020-03-31T07:00:00,5580.0,2.2737367544323207e-14,0.0,0.0,0.0,1614.163078930202,0.0,0.0,0.0,0.0,2680,9874,7194
2020-03-31T08:00:00,5580.0,2.2737367544323207e-14,0.0,0.0,0.0,1595.163078930202,0.0,0.0,0.0,0.0,2966,10141,7175
2020-03-31T09:00:00,5580.0,2.2737367544323207e-14,0.0,0.0,0.0,1192.163078930202,0.0,0.0,0.0,0.0,3365,10137,6772
2020-03-31T10:00:00,5580.0,6.821210263296964e-14,0.0,0.0,0.0,574.1630789302028,0.0,0.0,0.0,0.0,3799,9953,6154
2020-03-31T11:00:00,5580.0,2.2737367544323207e-14,0.0,0.0,0.0,232.1630789302021,0.0,0.0,0.0,0.0,4106,9918,5812
2020-03-31T12:00:00,4764.163078930202,2.2737367544323207e-14,0.0,0.0,0.0,0.0,0.0,0.0,0.0,0.0,5141,9905,4764
2020-03-31T13:00:00,4699.163078930202,2.2737367544323207e-14,0.0,0.0,0.0,0.0,0.0,0.0,0.0,0.0,4984,9683,4699
2020-03-31T14:00:00,4499.163078930202,2.2737367544323207e-14,0.0,0.0,0.0,0.0,0.0,0.0,0.0,0.0,4989,9488,4499
2020-03-31T15:00:00,4687.163078930202,2.2737367544323207e-14,0.0,0.0,0.0,0.0,0.0,0.0,0.0,0.0,4510,9197,4687
2020-03-31T16:00:00,4704.163078930202,2.2737367544323207e-14,0.0,0.0,0.0,0.0,0.0,0.0,0.0,0.0,4271,8975,4704
2020-03-31T17:00:00,5018.163078930202,2.2737367544323207e-14,0.0,0.0,0.0,0.0,0.0,0.0,0.0,0.0,3869,8887,5018
2020-03-31T18:00:00,5301.163078930202,2.2737367544323207e-14,0.0,0.0,0.0,0.0,0.0,0.0,0.0,0.0,3881,9182,5301
2020-03-31T19:00:00,4797.163078930203,6.821210263296964e-14,0.0,0.0,0.0,0.0,0.0,0.0,0.0,0.0,4785,9582,4797
2020-03-31T20:00:00,4765.163078930202,2.2737367544323207e-14,0.0,0.0,0.0,0.0,0.0,0.0,0.0,0.0,4489,9254,4765
2020-03-31T21:00:00,4517.163078930202,2.2737367544323207e-14,0.0,0.0,0.0,0.0,0.0,0.0,0.0,0.0,4236,8753,4517
2020-03-31T22:00:00,4771.163078930202,1.818989403545857e-13,0.0,0.0,0.0,0.0,0.0,0.0,0.0,0.0,4149,8920,4771
2020-03-31T23:00:00,5035.163078930203,-2.046363078989089e-13,0.0,0.0,0.0,0.0,0.0,0.0,0.0,0.0,4074,9109,5035
2020-04-01T00:00:00,5580.0,-1.3642420526593928e-13,0.0,0.0,4.547473508864641e-13,0.0,970.8369210697974,0.0,0.0,0.0,3985,8594,4609
2020-04-01T01:00:00,5580.0,-1.3642420526593928e-13,0.0,2.273736754432321e-13,0.0,0.0,1158.8369210697972,0.0,0.0,0.0,3820,8241,4421
2020-04-01T02:00:00,5234.163078930202,0.0,0.0,0.0,2.273736754432321e-13,0.0,1200.0,0.0,0.0,0.0,3934,7968,4034
2020-04-01T03:00:00,4906.163078930203,-3.4106051316484814e-14,0.0,0.0,0.0,0.0,1200.0,0.0,0.0,0.0,3882,7588,3706
2020-04-01T04:00:00,4872.163078930203,2.2737367544323207e-14,0.0,0.0,0.0,0.0,1200.0,0.0,0.0,0.0,3887,7559,3672
2020-04-01T05:00:00,5580.0,0.0,0.0,0.0,0.0,0.0,1077.8369210697974,0.0,0.0,0.0,3557,8059,4502
2020-04-01T06:00:00,5580.0,0.0,0.0,0.0,0.0,0.0,0.0,138.16307893020252,0.0,0.0,3432,9150,5718
2020-04-01T07:00:00,5580.0,0.0,0.0,0.0,0.0,0.0,0.0,990.1630789302026,0.0,0.0,3339,9909,6570
2020-04-01T08:00:00,5580.0,0.0,0.0,0.0,0.0,27.163078930202516,0.0,1200.0,0.0,0.0,3334,10141,6807
2020-04-01T09:00:00,5580.0,0.0,0.0,0.0,0.0,0.0,0.0,879.1630789302026,0.0,0.0,3680,10139,6459
2020-04-01T10:00:00,5580.0,0.0,0.0,0.0,0.0,0.0,0.0,283.1630789302025,0.0,0.0,4061,9924,5863
2020-04-01T11:00:00,5580.0,0.0,0.0,0.0,0.0,0.0,0.0,111.16307893020252,0.0,0.0,4162,9853,5691
2020-04-01T12:00:00,5580.0,-3.4106051316484814e-14,0.0,0.0,0.0,0.0,0.0,175.16307893020297,0.0,0.0,4083,9838,5755
2020-04-01T13:00:00,5580.0,0.0,0.0,0.0,0.0,0.0,232.83692106979748,0.0,0.0,0.0,4223,9570,5347
2020-04-01T14:00:00,5580.0,0.0,0.0,0.0,0.0,0.0,444.8369210697975,0.0,0.0,0.0,4186,9321,5135
2020-04-01T15:00:00,5580.0,0.0,0.0,0.0,0.0,0.0,891.8369210697974,0.0,0.0,0.0,4322,9010,4688
2020-04-01T16:00:00,5580.0,0.0,0.0,0.0,0.0,0.0,652.8369210697974,0.0,0.0,0.0,3803,8730,4927
2020-04-01T17:00:00,5580.0,0.0,0.0,0.0,0.0,0.0,502.8369210697975,0.0,0.0,0.0,3578,8655,5077
2020-04-01T18:00:00,5580.0,0.0,0.0,0.0,0.0,0.0,0.0,814.1630789302026,0.0,0.0,2461,8855,6394
2020-04-01T19:00:00,5580.0,0.0,0.0,0.0,0.0,0.0,0.0,1047.1630789302026,0.0,0.0,2618,9245,6627
2020-04-01T20:00:00,5580.0,0.0,0.0,0.0,0.0,77.16307893020252,0.0,1200.0,0.0,0.0,2172,9029,6857
2020-04-01T21:00:00,5580.0,0.0,0.0,0.0,0.0,620.9461839530386,0.0,311.216894977164,0.0,0.0,2153,8665,6512
2020-04-01T22:00:00,5580.0,3.4106051316484827e-14,0.0,0.0,0.0,673.1630789302026,0.0,0.0,0.0,0.0,2626,8879,6253
2020-04-01T23:00:00,5580.0,-2.2737367544323226e-14,0.0,0.0,0.0,1040.1630789302026,0.0,0.0,0.0,0.0,2476,9096,6620
2020-04-02T00:00:00,5580.0,-1.1368683772161604e-14,0.0,0.0,0.0,178.16307893020297,0.0,0.0,0.0,0.0,2711,8469,5758
2020-04-02T01:00:00,5580.0,-1.1368683772161604e-14,0.0,0.0,0.0,323.16307893020297,0.0,0.0,0.0,0.0,2132,8035,5903
2020-04-02T02:00:00,5580.0,-1.1368683772161604e-14,0.0,0.0,0.0,0.0,3.836921069797029,0.0,0.0,0.0,2115,7691,5576
2020-04-02T03:00:00,5580.0,-1.1368683772161604e-14,0.0,0.0,0.0,0.0,239.83692106979703,0.0,0.0,0.0,1919,7259,5340
2020-04-02T04:00:00,5580.0,-1.1368683772161604e-14,0.0,0.0,0.0,0.0,360.83692106979703,0.0,0.0,0.0,1868,7087,5219
2020-04-02T05:00:00,5580.0,-1.1368683772161604e-14,0.0,0.0,0.0,0.0,254.83692106979703,0.0,0.0,0.0,1917,7242,5325
2020-04-02T06:00:00,5580.0,-1.1368683772161604e-14,0.0,0.0,0.0,0.0,0.0,151.16307893020297,0.0,0.0,1885,7616,5731
2020-04-02T07:00:00,5580.0,-1.1368683772161604e-14,0.0,0.0,0.0,40.815394651014856,0.0,493.3476842791882,0.0,0.0,1799,7913,6114
2020-04-02T08:00:00,5580.0,-1.1368683772161604e-14,0.0,0.0,0.0,958.163078930203,0.0,0.0,0.0,0.0,1895,8433,6538
2020-04-02T09:00:00,5580.0,-1.1368683772161604e-14,0.0,0.0,0.0,665.163078930203,0.0,0.0,0.0,0.0,2537,8782,6245
2020-04-02T10:00:00,5580.0,-1.1368683772161604e-14,0.0,0.0,0.0,168.16307893020297,0.0,0.0,0.0,0.0,2987,8735,5748
2020-04-02T11:00:00,5580.0,-1.1368683772161604e-14,0.0,0.0,0.0,2.163078930202971,0.0,0.0,0.0,0.0,3158,8740,5582
2020-04-02T12:00:00,5235.1630789302035,-1.1368683772161604e-14,0.0,0.0,0.0,0.0,0.0,0.0,0.0,0.0,3745,8980,5235
2020-04-02T13:00:00,5580.0,-3.4106051316484814e-14,0.0,0.0,0.0,0.0,768.8369210697973,0.0,0.0,0.0,3757,8568,4811
2020-04-02T14:00:00,5220.011306805833,-1.1368683772161604e-14,0.0,0.0,0.0,0.0,910.8482278756308,0.0,0.0,0.0,3888,8197,4309
2020-04-02T15:00:00,5124.163078930202,-1.1368683772161604e-14,0.0,0.0,0.0,0.0,1200.0,0.0,0.0,0.0,3971,7895,3924
2020-04-02T16:00:00,5020.163078930202,-1.1368683772161604e-14,0.0,0.0,0.0,0.0,1200.0,0.0,0.0,0.0,3833,7653,3820
2020-04-02T17:00:00,4281.163078930202,-1.1368683772161604e-14,0.0,0.0,0.0,0.0,0.0,0.0,0.0,0.0,3325,7606,4281
2020-04-02T18:00:00,5580.0,-1.1368683772161604e-14,0.0,0.0,0.0,0.0,33.83692106979703,0.0,0.0,0.0,2341,7887,5546
2020-04-02T19:00:00,5580.0,-1.1368683772161604e-14,0.0,0.0,0.0,0.0,0.0,871.1630789302029,0.0,0.0,1903,8354,6451
2020-04-02T20:00:00,5580.0,-1.1368683772161604e-14,0.0,0.0,0.0,0.0,0.0,594.1630789302029,0.0,0.0,2119,8293,6174
2020-04-02T21:00:00,5580.0,-1.1368683772161604e-14,0.0,0.0,0.0,0.0,0.0,200.16307893020297,0.0,0.0,2271,8051,5780
2020-04-02T22:00:00,5580.0,-4.774847184307872e-13,0.0,0.0,0.0,0.0,0.0,514.1630789302028,0.0,0.0,2330,8424,6094
2020-04-02T23:00:00,5580.0,4.3200998334214094e-13,0.0,0.0,0.0,0.0,0.0,287.16307893020166,0.0,0.0,2938,8805,5867
2020-04-03T00:00:00,5580.0,6.821210263296964e-14,0.0,0.0,0.0,0.0,0.0,456.1630789302025,0.0,0.0,2308,8344,6036
2020-04-03T01:00:00,5580.0,-1.7053025658242404e-14,0.0,0.0,0.0,0.0,0.0,162.1630789302028,0.0,0.0,2227,7969,5742
2020-04-03T02:00:00,5385.163078930203,5.684341886080802e-15,0.0,0.0,0.0,0.0,0.0,0.0,0.0,0.0,2385,7770,5385
2020-04-03T03:00:00,5048.163078930203,5.684341886080802e-15,0.0,0.0,0.0,0.0,0.0,0.0,0.0,0.0,2360,7408,5048
2020-04-03T04:00:00,4588.163078930203,5.684341886080802e-15,0.0,0.0,0.0,0.0,0.0,0.0,0.0,0.0,2492,7080,4588
2020-04-03T05:00:00,4598.163078930203,5.684341886080802e-15,0.0,0.0,0.0,0.0,0.0,0.0,0.0,0.0,2464,7062,4598
2020-04-03T06:00:00,4729.163078930203,5.684341886080802e-15,0.0,0.0,0.0,0.0,0.0,0.0,0.0,0.0,2585,7314,4729
2020-04-03T07:00:00,4521.163078930202,-8.526512829121202e-15,0.0,0.0,0.0,0.0,0.0,0.0,0.0,0.0,2809,7330,4521
2020-04-03T08:00:00,4547.163078930203,5.684341886080802e-15,0.0,0.0,0.0,0.0,0.0,0.0,0.0,0.0,3153,7700,4547
2020-04-03T09:00:00,4636.163078930203,5.684341886080802e-15,0.0,0.0,0.0,0.0,0.0,0.0,0.0,0.0,3487,8123,4636
2020-04-03T10:00:00,4289.163078930203,5.684341886080802e-15,0.0,0.0,0.0,0.0,0.0,0.0,0.0,0.0,4035,8324,4289
2020-04-03T11:00:00,3776.1630789302017,5.684341886080802e-15,0.0,0.0,0.0,0.0,0.0,0.0,0.0,0.0,4673,8449,3776
2020-04-03T12:00:00,3922.1630789302017,5.684341886080802e-15,0.0,0.0,0.0,0.0,0.0,0.0,0.0,0.0,4803,8725,3922
2020-04-03T13:00:00,2793.1630789302017,5.684341886080802e-15,0.0,0.0,0.0,0.0,0.0,0.0,0.0,0.0,5470,8263,2793
2020-04-03T14:00:00,2197.1630789302026,5.684341886080802e-15,0.0,0.0,0.0,0.0,0.0,0.0,0.0,0.0,5574,7771,2197
2020-04-03T15:00:00,1860.0,-1.7053025658242404e-14,0.0,0.0,0.0,0.0,253.83692106979788,0.0,0.0,0.0,5800,7406,1606
2020-04-03T16:00:00,2870.1630789302026,-8.526512829121202e-15,0.0,0.0,0.0,0.0,1200.0,0.0,0.0,0.0,5516,7186,1670
2020-04-03T17:00:00,3287.163078930202,5.684341886080802e-15,0.0,0.0,0.0,0.0,1200.0,0.0,0.0,0.0,5103,7190,2087
2020-04-03T18:00:00,4289.163078930202,5.684341886080802e-15,0.0,0.0,0.0,0.0,1200.0,0.0,0.0,0.0,4465,7554,3089
2020-04-03T19:00:00,5087.163078930202,5.684341886080802e-15,0.0,0.0,0.0,0.0,1200.0,0.0,0.0,0.0,4163,8050,3887
2020-04-03T20:00:00,5235.17123723324,5.684341886080802e-15,0.0,0.0,0.0,0.0,907.0081583030382,0.0,0.0,0.0,4126,8454,4328
2020-04-03T21:00:00,5247.163078930202,5.684341886080802e-15,0.0,0.0,0.0,0.0,1200.0,0.0,0.0,0.0,4302,8349,4047
2020-04-03T22:00:00,5464.163078930203,6.821210263296964e-14,0.0,0.0,0.0,0.0,1200.0,0.0,0.0,0.0,4372,8636,4264
2020-04-03T23:00:00,5580.0,4.3200998334214094e-13,0.0,0.0,0.0,0.0,1023.836921069798,0.0,0.0,0.0,4373,8929,4556
2020-04-04T00:00:00,5580.0,3.410605131648481e-13,0.0,0.0,0.0,0.0,994.8369210697977,0.0,0.0,0.0,3885,8470,4585
2020-04-04T01:00:00,5506.1630789302035,-5.1159076974727215e-14,0.0,0.0,0.0,0.0,1200.0,0.0,0.0,0.0,3810,8116,4306
2020-04-04T02:00:00,5101.163078930203,-1.1368683772161604e-14,0.0,0.0,0.0,0.0,1200.0,0.0,0.0,0.0,3876,7777,3901
2020-04-04T03:00:00,4732.163078930203,-1.1368683772161604e-14,0.0,0.0,0.0,0.0,1200.0,0.0,0.0,0.0,3775,7307,3532
2020-04-04T04:00:00,4666.163078930203,-1.1368683772161604e-14,0.0,0.0,0.0,0.0,1200.0,0.0,0.0,0.0,3622,7088,3466
2020-04-04T05:00:00,4956.163078930203,-1.1368683772161604e-14,0.0,0.0,0.0,0.0,1200.0,0.0,0.0,0.0,3372,7128,3756
2020-04-04T06:00:00,4982.163078930203,-1.1368683772161604e-14,0.0,0.0,0.0,0.0,1200.0,0.0,0.0,0.0,3543,7325,3782
2020-04-04T07:00:00,4641.163078930203,-1.1368683772161604e-14,0.0,0.0,0.0,0.0,1200.0,0.0,0.0,0.0,3946,7387,3441
2020-04-04T08:00:00,5209.163078930203,-1.1368683772161604e-14,0.0,0.0,0.0,0.0,1200.0,0.0,0.0,0.0,3873,7882,4009
2020-04-04T09:00:00,5522.163078930203,-1.1368683772161604e-14,0.0,0.0,0.0,0.0,1200.0,0.0,0.0,0.0,4009,8331,4322
2020-04-04T10:00:00,5362.1630789302035,-5.1159076974727215e-14,0.0,0.0,0.0,0.0,1200.0,0.0,0.0,0.0,4340,8502,4162
2020-04-04T11:00:00,5038.163078930203,-1.1368683772161604e-14,0.0,0.0,0.0,0.0,1200.0,0.0,0.0,0.0,4738,8576,3838
2020-04-04T12:00:00,5171.163078930203,-1.1368683772161604e-14,0.0,0.0,0.0,0.0,1200.0,0.0,0.0,0.0,4835,8806,3971
2020-04-04T13:00:00,4482.163078930203,-1.1368683772161604e-14,0.0,0.0,0.0,0.0,1200.0,0.0,0.0,0.0,5014,8296,3282
2020-04-04T14:00:00,4365.163078930203,-1.1368683772161604e-14,0.0,0.0,0.0,0.0,1200.0,0.0,0.0,0.0,4641,7806,3165
2020-04-04T15:00:00,3751.1630789302026,-1.1368683772161604e-14,0.0,0.0,0.0,0.0,1200.0,0.0,0.0,0.0,4895,7446,2551
2020-04-04T16:00:00,3614.1630789302026,-1.1368683772161604e-14,0.0,0.0,0.0,0.0,1200.0,0.0,0.0,0.0,4811,7225,2414
2020-04-04T17:00:00,3984.1630789302026,-1.1368683772161604e-14,0.0,0.0,0.0,0.0,1200.0,0.0,0.0,0.0,4439,7223,2784
2020-04-04T18:00:00,5044.163078930203,-1.1368683772161604e-14,0.0,0.0,0.0,0.0,1200.0,0.0,0.0,0.0,3741,7585,3844
2020-04-04T19:00:00,5047.163078930202,-5.1159076974727215e-14,0.0,0.0,0.0,0.0,1200.0,0.0,0.0,0.0,4232,8079,3847
2020-04-04T20:00:00,5379.163078930203,-1.1368683772161604e-14,0.0,0.0,0.0,0.0,1200.0,0.0,0.0,0.0,4117,8296,4179
2020-04-04T21:00:00,5580.0,-1.7053025658242404e-14,0.0,0.0,0.0,0.0,1119.8369210697977,0.0,0.0,0.0,3809,8269,4460
2020-04-04T22:00:00,5580.0,-5.115907697472722e-14,0.0,0.0,0.0,0.0,912.8369210697977,0.0,0.0,0.0,3917,8584,4667
2020-04-04T23:00:00,5580.0,7.048583938740194e-13,0.0,0.0,0.0,0.0,0.0,214.16307893020212,0.0,0.0,3097,8891,5794
2020-04-05T00:00:00,5580.0,-2.5579538487363604e-14,0.0,0.0,0.0,0.0,2.836921069796916,0.0,0.0,0.0,3122,8699,5577
2020-04-05T01:00:00,5580.0,-2.5579538487363604e-14,0.0,0.0,0.0,0.0,269.8369210697969,0.0,0.0,0.0,3089,8399,5310
2020-04-05T02:00:00,5580.0,-2.5579538487363604e-14,0.0,0.0,0.0,0.0,689.8369210697969,0.0,0.0,0.0,3259,8149,4890
2020-04-05T03:00:00,5580.0,-2.5579538487363604e-14,0.0,0.0,0.0,0.0,1041.836921069798,0.0,0.0,0.0,3255,7793,4538
2020-04-05T04:00:00,5564.163078930203,8.526512829121202e-15,0.0,0.0,0.0,0.0,1200.0,0.0,0.0,0.0,3429,7793,4364
2020-04-05T05:00:00,5580.0,-2.5579538487363604e-14,0.0,0.0,0.0,0.0,757.8369210697969,0.0,0.0,0.0,3558,8380,4822
2020-04-05T06:00:00,5580.0,-2.5579538487363604e-14,0.0,0.0,0.0,0.0,0.0,424.1630789302031,0.0,0.0,3567,9571,6004
2020-04-05T07:00:00,5580.0,-2.5579538487363604e-14,0.0,0.0,0.0,0.0,0.0,618.1630789302031,0.0,0.0,4223,10421,6198
2020-04-05T08:00:00,5580.0,-2.5579538487363604e-14,0.0,0.0,0.0,552.1630789302031,0.0,1200.0,0.0,0.0,3458,10790,7332
2020-04-05T09:00:00,5580.0,-2.5579538487363604e-14,0.0,0.0,0.0,0.0,0.0,734.1630789302031,0.0,0.0,4540,10854,6314
2020-04-05T10:00:00,5580.0,-2.5579538487363604e-14,0.0,0.0,0.0,0.0,26.836921069796915,0.0,0.0,0.0,5124,10677,5553
2020-04-05T11:00:00,5580.0,-2.5579538487363604e-14,0.0,0.0,0.0,0.0,395.8369210697969,0.0,0.0,0.0,5363,10547,5184
2020-04-05T12:00:00,5580.0,-2.5579538487363604e-14,0.0,0.0,0.0,0.0,597.8369210697969,0.0,0.0,0.0,5439,10421,4982
2020-04-05T13:00:00,5580.0,-8.526512829121202e-15,0.0,0.0,0.0,0.0,781.8369210697973,0.0,0.0,0.0,5355,10153,4798
2020-04-05T14:00:00,5580.0,-2.5579538487363604e-14,0.0,0.0,0.0,0.0,1057.836921069798,0.0,0.0,0.0,5296,9818,4522
2020-04-05T15:00:00,5486.163078930202,-8.526512829121202e-15,0.0,0.0,0.0,0.0,1200.0,0.0,0.0,0.0,5134,9420,4286
2020-04-05T16:00:00,5533.163078930202,-8.526512829121202e-15,0.0,0.0,0.0,0.0,1200.0,0.0,0.0,0.0,4784,9117,4333
2020-04-05T17:00:00,5564.163078930202,-8.526512829121202e-15,0.0,0.0,0.0,0.0,1200.0,0.0,0.0,0.0,4625,8989,4364
2020-04-05T18:00:00,5580.0,-2.5579538487363604e-14,0.0,0.0,0.0,0.0,0.0,24.163078930203085,0.0,0.0,3680,9284,5604
2020-04-05T19:00:00,5580.0,-2.5579538487363604e-14,0.0,0.0,0.0,0.0,0.0,547.1630789302031,0.0,0.0,3462,9589,6127
2020-04-05T20:00:00,5580.0,-2.5579538487363604e-14,0.0,0.0,0.0,0.0,0.0,252.16307893020303,0.0,0.0,3730,9562,5832
2020-04-05T21:00:00,5580.0,-2.5579538487363604e-14,0.0,0.0,0.0,0.0,62.836921069796915,0.0,0.0,0.0,3734,9251,5517
2020-04-05T22:00:00,5580.0,-7.503331289626659e-13,0.0,0.0,0.0,0.0,0.0,360.16307893020326,0.0,0.0,3514,9454,5940
2020-04-05T23:00:00,5580.0,1.591615728102624e-13,0.0,0.0,0.0,0.0,0.0,727.1630789302021,0.0,0.0,3347,9654,6307
2020-04-06T00:00:00,5580.0,6.821210263296964e-14,0.0,0.0,0.0,0.0,0.0,385.16307893020297,0.0,0.0,3199,9164,5965
2020-04-06T01:00:00,5580.0,-6.821210263296964e-14,0.0,0.0,0.0,0.0,0.0,352.1630789302031,0.0,0.0,2887,8819,5932
2020-04-06T02:00:00,5580.0,1.7053025658242404e-14,0.0,0.0,0.0,0.0,0.0,91.16307893020291,0.0,0.0,2890,8561,5671
2020-04-06T03:00:00,5580.0,-1.1368683772161604e-14,0.0,0.0,0.0,0.0,147.83692106979703,0.0,0.0,0.0,2775,8207,5432
2020-04-06T04:00:00,5580.0,-1.1368683772161604e-14,0.0,0.0,0.0,0.0,167.83692106979703,0.0,0.0,0.0,2762,8174,5412
2020-04-06T05:00:00,5580.0,-7.958078640513124e-14,0.0,0.0,0.0,0.0,0.0,267.163078930203,0.0,0.0,2853,8700,5847
2020-04-06T06:00:00,5580.0,3.4106051316484814e-14,0.0,0.0,0.0,0.0,0.0,1040.1630789302028,0.0,0.0,3253,9873,6620
2020-04-06T07:00:00,5580.0,5.1159076974727234e-14,0.0,0.0,0.0,303.1630789302026,0.0,1200.0,0.0,0.0,3628,10711,7083
2020-04-06T08:00:00,5580.0,3.836930773104541e-14,0.0,0.0,0.0,1891.163078930201,0.0,1200.0,0.0,0.0,2401,11072,8671
2020-04-06T09:00:00,5580.0,3.836930773104541e-14,0.0,0.0,0.0,1526.163078930202,0.0,1200.0,0.0,0.0,2805,11111,8306
2020-04-06T10:00:00,5580.0,3.836930773104541e-14,0.0,0.0,0.0,0.0,0.0,1073.1630789302028,0.0,0.0,4272,10925,6653
2020-04-06T11:00:00,5580.0,3.836930773104541e-14,0.0,0.0,0.0,0.0,0.0,487.1630789302029,0.0,0.0,4764,10831,6067
2020-04-06T12:00:00,5580.0,-1.1368683772161604e-14,0.0,0.0,0.0,0.0,0.0,0.1630789302029711,0.0,0.0,5109,10689,5580
2020-04-06T13:00:00,5580.0,-1.1368683772161604e-14,0.0,0.0,0.0,0.0,0.0,604.163078930203,0.0,0.0,4219,10403,6184
2020-04-06T14:00:00,5580.0,-1.1368683772161604e-14,0.0,0.0,0.0,0.0,534.836921069797,0.0,0.0,0.0,5033,10078,5045
2020-04-06T15:00:00,5580.0,6.821210263296964e-14,0.0,0.0,0.0,0.0,663.8369210697971,0.0,0.0,0.0,4786,9702,4916
2020-04-06T16:00:00,5580.0,5.1159076974727234e-14,0.0,0.0,0.0,0.0,566.8369210697973,0.0,0.0,0.0,4405,9418,5013
2020-04-06T17:00:00,5580.0,-1.1368683772161604e-14,0.0,0.0,0.0,0.0,552.836921069797,0.0,0.0,0.0,4268,9295,5027
2020-04-06T18:00:00,5580.0,-1.1368683772161604e-14,0.0,0.0,0.0,0.0,0.0,369.16307893020297,0.0,0.0,3643,9592,5949
2020-04-06T19:00:00,5580.0,2.2737367544323226e-14,0.0,0.0,0.0,0.0,0.0,1041.163078930203,0.0,0.0,3150,9771,6621
2020-04-06T20:00:00,5580.0,-1.1368683772161604e-14,0.0,0.0,0.0,0.0,0.0,1140.163078930203,0.0,0.0,2993,9713,6720
2020-04-06T21:00:00,5580.0,1.7053025658242404e-14,0.0,0.0,0.0,983.1630789302028,0.0,1200.0,0.0,0.0,1691,9454,7763
2020-04-06T22:00:00,5580.0,4.3200998334214094e-13,0.0,0.0,0.0,255.16307893020257,0.0,1200.0,0.0,0.0,2594,9629,7035
2020-04-06T23:00:00,5580.0,4.3200998334214094e-13,0.0,0.0,0.0,1429.1630789302008,0.0,1200.0,0.0,0.0,1621,9830,8209
2020-04-07T00:00:00,5580.0,8.5265128291212e-15,0.0,0.0,0.0,0.0,0.0,942.1630789302028,0.0,0.0,2757,9279,6522
2020-04-07T01:00:00,5580.0,4.263256414560601e-14,0.0,0.0,0.0,0.0,0.0,905.1630789302028,0.0,0.0,2443,8928,6485
2020-04-07T02:00:00,5580.0,7.691625114603084e-14,0.0,0.0,0.0,0.0,0.0,780.1630789302026,0.0,0.0,2302,8662,6360
2020-04-07T03:00:00,5580.0,-5.684341886080802e-15,0.0,0.0,0.0,0.0,0.0,522.1630789302027,0.0,0.0,2196,8298,6102
2020-04-07T04:00:00,5580.0,2.2737367544323226e-14,0.0,0.0,0.0,0.0,0.0,365.1630789302027,0.0,0.0,2309,8254,5945
2020-04-07T05:00:00,5580.0,4.263256414560601e-14,0.0,0.0,0.0,0.0,0.0,822.1630789302027,0.0,0.0,2368,8770,6402
2020-04-07T06:00:00,5580.0,4.263256414560601e-14,0.0,0.0,0.0,795.1630789302027,0.0,1200.0,0.0,0.0,2346,9921,7575
2020-04-07T07:00:00,5580.0,4.263256414560601e-14,0.0,0.0,0.0,1584.1630789302017,0.0,1200.0,0.0,0.0,2377,10741,8364
2020-04-07T08:00:00,5580.0,4.263256414560601e-14,0.0,0.0,0.0,743.1630789302027,0.0,1200.0,0.0,0.0,3607,11130,7523
2020-04-07T09:00:00,5580.0,4.263256414560601e-14,0.0,0.0,0.0,370.16307893020263,0.0,1200.0,0.0,0.0,4076,11226,7150
2020-04-07T10:00:00,5580.0,1.7053025658242404e-14,0.0,0.0,0.0,649.1630789302027,0.0,1200.0,0.0,0.0,3680,11109,7429
2020-04-07T11:00:00,5580.0,-5.684341886080802e-15,0.0,0.0,0.0,0.0,0.0,675.1630789302027,0.0,0.0,4800,11055,6255
2020-04-07T12:00:00,5580.0,4.263256414560601e-14,0.0,0.0,0.0,0.0,0.0,1064.1630789302026,0.0,0.0,4317,10961,6644
2020-04-07T13:00:00,5580.0,4.263256414560601e-14,0.0,0.0,0.0,0.0,0.0,426.16307893020263,0.0,0.0,4686,10692,6006
2020-04-07T14:00:00,5580.0,-6.821210263296964e-14,0.0,0.0,0.0,0.0,0.0,270.1630789302028,0.0,0.0,4516,10366,5850
2020-04-07T15:00:00,5580.0,-5.684341886080802e-15,0.0,0.0,0.0,0.0,0.0,86.16307893020269,0.0,0.0,4308,9974,5666
2020-04-07T16:00:00,5580.0,-5.684341886080802e-15,0.0,0.0,0.0,0.0,0.0,152.1630789302027,0.0,0.0,3968,9700,5732
2020-04-07T17:00:00,5580.0,0.0,0.0,0.0,0.0,0.0,0.0,1009.1630789302028,0.0,0.0,3022,9611,6589
2020-04-07T18:00:00,5580.0,-6.821210263296964e-14,0.0,0.0,0.0,1061.163078930203,0.0,1200.0,0.0,0.0,2137,9978,7841
2020-04-07T19:00:00,5580.0,4.263256414560601e-14,0.0,0.0,0.0,753.1630789302027,0.0,1200.0,0.0,0.0,2664,10197,7533
2020-04-07T20:00:00,5580.0,8.5265128291212e-15,0.0,0.0,0.0,748.1630789302027,0.0,1200.0,0.0,0.0,2614,10142,7528
2020-04-07T21:00:00,5580.0,2.2737367544323226e-14,0.0,0.0,0.0,2378.1424461781944,0.0,376.02063275200726,0.0,0.0,1523,9857,8334
2020-04-07T22:00:00,5580.0,-5.684341886080802e-15,0.0,0.0,0.0,2011.1630789302028,0.0,0.0,0.0,0.0,2435,10026,7591
2020-04-07T23:00:00,5580.0,3.410605131648481e-13,0.0,0.0,0.0,2268.163078930203,0.0,0.0,0.0,0.0,2371,10219,7848
2020-04-08T00:00:00,5580.0,-1.3642420526593928e-13,0.0,0.0,6.821210263296962e-13,2647.1630789302017,0.0,0.0,0.0,0.0,1413,9640,8227
2020-04-08T01:00:00,5580.0,-4.5474735088646414e-14,0.0,0.0,0.0,1716.163078930203,0.0,0.0,0.0,0.0,1984,9280,7296
2020-04-08T02:00:00,5580.0,-4.5474735088646414e-14,0.0,0.0,0.0,1411.163078930203,0.0,0.0,0.0,0.0,2035,9026,6991
2020-04-08T03:00:00,5580.0,4.263256414560601e-14,0.0,0.0,0.0,1373.163078930202,0.0,0.0,0.0,0.0,1730,8683,6953
2020-04-08T04:00:00,5580.0,6.536993168992921e-14,0.0,0.0,0.0,1518.1630789302023,0.0,0.0,0.0,0.0,1544,8642,7098
2020-04-08T05:00:00,5580.0,5.684341886080804e-14,0.0,0.0,0.0,1960.1630789302023,0.0,0.0,0.0,0.0,1627,9167,7540
2020-04-08T06:00:00,5580.0,6.821210263296964e-14,0.0,0.0,0.0,2994.1630789302017,0.0,0.0,0.0,0.0,1751,10325,8574
2020-04-08T07:00:00,5580.0,1.0231815394945445e-13,0.0,0.0,0.0,3707.1630789302017,0.0,0.0,0.0,0.0,1840,11127,9287
2020-04-08T08:00:00,5580.0,1.0231815394945445e-13,0.0,0.0,0.0,3275.1630789302017,0.0,0.0,0.0,0.0,2639,11494,8855
2020-04-08T09:00:00,5580.0,1.0231815394945445e-13,0.0,0.0,0.0,3324.1630789302017,0.0,0.0,0.0,0.0,2598,11502,8904
2020-04-08T10:00:00,5580.0,5.684341886080804e-14,0.0,0.0,0.0,2347.1630789302026,0.0,0.0,0.0,0.0,3277,11204,7927
2020-04-08T11:00:00,5580.0,5.684341886080804e-14,0.0,0.0,0.0,1546.1630789302026,0.0,0.0,0.0,0.0,3859,10985,7126
2020-04-08T12:00:00,5580.0,4.2632564145606036e-14,0.0,0.0,0.0,1150.163078930202,0.0,0.0,0.0,0.0,4062,10792,6730
2020-04-08T13:00:00,5580.0,5.684341886080804e-14,0.0,0.0,0.0,593.1630789302025,0.0,0.0,0.0,0.0,4218,10391,6173
2020-04-08T14:00:00,5580.0,5.684341886080804e-14,0.0,0.0,0.0,15.163078930202447,0.0,0.0,0.0,0.0,4391,9986,5595
2020-04-08T15:00:00,5580.0,9.094947017729285e-14,0.0,0.0,0.0,0.0,297.8369210697976,0.0,0.0,0.0,4275,9557,5282
2020-04-08T16:00:00,5580.0,1.0231815394945445e-13,0.0,0.0,0.0,0.0,66.83692106979757,0.0,0.0,0.0,3714,9227,5513
2020-04-08T17:00:00,5580.0,1.0231815394945445e-13,0.0,0.0,0.0,14.657697325506046,0.0,273.50538160469637,0.0,0.0,3262,9130,5868
2020-04-08T18:00:00,5580.0,1.0231815394945445e-13,0.0,0.0,0.0,898.1630789302023,0.0,0.0,0.0,0.0,2945,9423,6478
2020-04-08T19:00:00,5580.0,1.0231815394945445e-13,210.0,0.0,0.0,839.1630789302023,0.0,0.0,0.0,0.0,3000,9629,6629
2020-04-08T20:00:00,5580.0,6.821210263296964e-14,210.0,0.0,0.0,954.1630789302023,0.0,0.0,0.0,0.0,2968,9712,6744
2020-04-08T21:00:00,5580.0,-2.8421709430404e-15,540.0,0.0,0.0,783.1630789302025,0.0,0.0,0.0,0.0,2712,9615,6903
2020-04-08T22:00:00,5580.0,3.410605131648481e-13,210.0,0.0,0.0,1123.1630789302026,0.0,0.0,0.0,0.0,2974,9887,6913
2020-04-08T23:00:00,5580.0,7.048583938740194e-13,540.0,0.0,0.0,959.1630789302016,0.0,0.0,0.0,0.0,3026,10105,7079
2020-04-09T00:00:00,5580.0,-6.821210263296964e-14,210.0,0.0,0.0,1305.1630789302026,0.0,0.0,0.0,0.0,2402,9497,7095
2020-04-09T01:00:00,5580.0,6.821210263296964e-14,729.1630789302023,0.0,0.0,0.0,0.0,0.0,0.0,0.0,2772,9081,6309
2020-04-09T02:00:00,5580.0,6.821210263296964e-14,510.1630789302024,0.0,0.0,0.0,0.0,0.0,0.0,0.0,2671,8761,6090
2020-04-09T03:00:00,5580.0,0.0,210.0,0.0,0.0,0.0,313.8369210697976,0.0,0.0,0.0,2855,8331,5476
2020-04-09T04:00:00,5580.0,0.0,210.0,0.0,0.0,0.0,494.83692106979765,0.0,0.0,0.0,2890,8185,5295
2020-04-09T05:00:00,5580.0,0.0,210.0,0.0,0.0,0.0,436.8369210697976,0.0,0.0,0.0,3025,8378,5353
2020-04-09T06:00:00,5580.0,0.0,210.0,0.0,0.0,0.0,0.8369210697975973,0.0,0.0,0.0,2983,8772,5789
2020-04-09T07:00:00,5580.0,0.0,210.0,0.0,0.0,0.0,0.0,410.1630789302024,0.0,0.0,2813,9013,6200
2020-04-09T08:00:00,5580.0,0.0,210.0,0.0,0.0,251.56539465101204,0.0,524.5976842791904,0.0,0.0,2967,9533,6566
2020-04-09T09:00:00,5580.0,0.0,540.0,0.0,0.0,690.1630789302023,0.0,0.0,0.0,0.0,3068,9878,6810
2020-04-09T10:00:00,5580.0,0.0,0.0,0.0,0.0,833.1630789302023,0.0,0.0,0.0,0.0,3342,9755,6413
2020-04-09T11:00:00,5580.0,0.0,0.0,0.0,0.0,596.1630789302023,0.0,0.0,0.0,0.0,3419,9595,6176
2020-04-09T12:00:00,5580.0,0.0,0.0,0.0,0.0,781.1630789302023,0.0,0.0,0.0,0.0,3318,9679,6361
2020-04-09T13:00:00,5580.0,0.0,0.0,0.0,0.0,170.1630789302021,0.0,0.0,0.0,0.0,3394,9144,5750
2020-04-09T14:00:00,5580.0,5.1159076974727215e-14,0.0,0.0,0.0,0.0,457.83692106979765,0.0,0.0,0.0,3503,8625,5122
2020-04-09T15:00:00,5580.0,2.2737367544323226e-14,0.0,0.0,0.0,0.0,965.8369210697977,0.0,0.0,0.0,3536,8150,4614
2020-04-09T16:00:00,5580.0,0.0,0.0,0.0,0.0,0.0,1139.8369210697974,0.0,0.0,0.0,3400,7840,4440
2020-04-09T17:00:00,5580.0,7.069900220812998e-14,0.0,0.0,0.0,0.0,849.8369210697977,0.0,0.0,0.0,3062,7792,4730
2020-04-09T18:00:00,5580.0,5.1159076974727215e-14,210.0,0.0,0.0,0.0,128.83692106979765,0.0,0.0,0.0,2503,8164,5661
2020-04-09T19:00:00,5580.0,5.1159076974727215e-14,540.0,0.0,0.0,0.0,0.0,123.16307893020236,0.0,0.0,2279,8522,6243
2020-04-09T20:00:00,5580.0,6.821210263296964e-14,425.0138617090683,0.0,0.0,0.0,0.0,515.149217221134,0.0,0.0,2117,8637,6520
2020-04-09T21:00:00,5580.0,6.821210263296964e-14,210.0,0.0,0.0,0.0,0.0,867.1630789302023,0.0,0.0,1935,8592,6657
2020-04-09T22:00:00,5580.0,0.0,420.0,0.0,0.0,0.0,0.0,1151.163078930202,0.0,0.0,1871,9022,7151
2020-04-09T23:00:00,5580.0,4.3200998334214094e-13,420.0,0.0,0.0,1554.1630789302012,0.0,0.0,0.0,0.0,1887,9441,7554
2020-04-10T00:00:00,5580.0,6.821210263296964e-14,420.0,0.0,0.0,509.16307893020274,0.0,0.0,0.0,0.0,2536,9045,6509
2020-04-10T01:00:00,5580.0,-2.2737367544323207e-14,942.1630789302028,0.0,0.0,0.0,0.0,0.0,0.0,0.0,2195,8717,6522
2020-04-10T02:00:00,5580.0,6.821210263296964e-14,826.303326810114,0.0,0.0,86.85975212008881,0.0,0.0,0.0,0.0,1907,8400,6493
2020-04-10T03:00:00,5580.0,-1.5916157281026248e-13,420.0,0.0,0.0,150.16307893020283,0.0,0.0,0.0,0.0,1791,7941,6150
2020-04-10T04:00:00,5580.0,6.821210263296964e-14,448.1630789302028,0.0,0.0,0.0,0.0,0.0,0.0,0.0,1710,7738,6028
2020-04-10T05:00:00,5580.0,1.7053025658242404e-14,553.1630789302028,0.0,0.0,0.0,0.0,0.0,0.0,0.0,1685,7818,6133
2020-04-10T06:00:00,5580.0,1.7053025658242404e-14,0.0,0.0,0.0,0.0,320.83692106979726,0.0,0.0,0.0,2783,8042,5259
2020-04-10T07:00:00,5580.0,-6.821210263296964e-14,0.0,0.0,0.0,530.535388127855,0.0,240.62769080234796,0.0,0.0,1768,8119,6351
2020-04-10T08:00:00,5580.0,-2.2737367544323207e-14,0.0,0.0,0.0,69.1630789302028,0.0,0.0,0.0,0.0,2934,8583,5649
2020-04-10T09:00:00,5580.0,-2.2737367544323207e-14,0.0,0.0,0.0,1008.1630789302028,0.0,0.0,0.0,0.0,2348,8936,6588
2020-04-10T10:00:00,5580.0,-6.821210263296964e-14,0.0,0.0,0.0,377.16307893020286,0.0,0.0,0.0,0.0,2988,8945,5957
2020-04-10T11:00:00,5471.163078930203,1.7053025658242404e-14,0.0,0.0,0.0,0.0,1200.0,0.0,0.0,0.0,4606,8877,4271
2020-04-10T12:00:00,5580.0,1.7053025658242404e-14,0.0,0.0,0.0,0.0,467.8369210697972,0.0,0.0,0.0,3887,8999,5112
2020-04-10T13:00:00,4913.163078930202,-6.821210263296964e-14,0.0,0.0,0.0,0.0,1200.0,0.0,0.0,0.0,4681,8394,3713
2020-04-10T14:00:00,5092.163078930202,-2.2737367544323207e-14,0.0,0.0,0.0,0.0,1200.0,0.0,0.0,0.0,3945,7837,3892
2020-04-10T15:00:00,4891.163078930202,-6.110667527536863e-14,0.0,0.0,0.0,0.0,1200.0,0.0,0.0,0.0,3738,7429,3691
2020-04-10T16:00:00,4365.163078930202,-6.821210263296964e-14,0.0,0.0,0.0,0.0,1200.0,0.0,0.0,0.0,4026,7191,3165
2020-04-10T17:00:00,5580.0,-6.821210263296964e-14,0.0,0.0,0.0,0.0,1164.8369210697972,0.0,0.0,0.0,2769,7184,4415
2020-04-10T18:00:00,5580.0,1.7053025658242404e-14,0.0,0.0,0.0,0.0,74.83692106979723,0.0,0.0,0.0,2074,7579,5505
2020-04-10T19:00:00,5580.0,1.7053025658242404e-14,0.0,0.0,0.0,0.0,0.0,625.1630789302028,0.0,0.0,1849,8054,6205
2020-04-10T20:00:00,5580.0,1.7053025658242404e-14,0.0,0.0,0.0,0.0,132.83692106979726,0.0,0.0,0.0,2939,8386,5447
2020-04-10T21:00:00,5580.0,-1.1368683772161608e-13,0.0,0.0,0.0,0.0,0.0,997.1630789302026,0.0,0.0,1878,8455,6577
2020-04-10T22:00:00,5580.0,6.821210263296964e-14,0.0,0.0,0.0,0.0,0.0,369.1630789302027,0.0,0.0,2854,8803,5949
2020-04-10T23:00:00,5580.0,6.821210263296964e-14,0.0,0.0,0.0,0.0,0.0,674.1630789302026,0.0,0.0,2870,9124,6254
2020-04-11T00:00:00,5580.0,3.410605131648481e-13,0.0,0.0,0.0,154.16307893020192,0.0,1200.0,0.0,0.0,1785,8719,6934
2020-04-11T01:00:00,5580.0,6.821210263296964e-14,0.0,0.0,0.0,0.0,0.0,82.16307893020267,0.0,0.0,2789,8451,5662
2020-04-11T02:00:00,5580.0,-2.046363078989089e-13,0.0,0.0,0.0,0.0,0.0,114.16307893020232,0.0,0.0,2519,8213,5694
2020-04-11T03:00:00,5580.0,-2.046363078989089e-13,420.0,0.0,0.0,0.0,0.0,185.16307893020235,0.0,0.0,1705,7890,6185
2020-04-11T04:00:00,5580.0,-6.821210263296964e-14,420.0,0.0,0.0,0.0,0.0,109.1630789302022,0.0,0.0,1799,7908,6109
2020-04-11T05:00:00,5580.0,-2.046363078989089e-13,420.0,0.0,0.0,0.0,0.0,572.1630789302023,0.0,0.0,1965,8537,6572
2020-04-11T06:00:00,5580.0,0.0,1080.0,0.0,0.0,146.37002609263095,0.0,951.7930528375712,0.0,0.0,1923,9681,7758
2020-04-11T07:00:00,5580.0,-6.821210263296964e-14,1080.0,0.0,0.0,1683.1630789302012,0.0,0.0,0.0,0.0,2087,10430,8343
2020-04-11T08:00:00,5580.0,-6.821210263296964e-14,1080.0,0.0,0.0,1910.163078930202,0.0,0.0,0.0,0.0,2285,10855,8570
2020-04-11T09:00:00,5580.0,-6.821210263296964e-14,420.0,0.0,0.0,1278.163078930202,0.0,0.0,0.0,0.0,3667,10945,7278
2020-04-11T10:00:00,5580.0,-6.821210263296964e-14,420.0,0.0,0.0,266.16307893020297,0.0,0.0,0.0,0.0,4516,10782,6266
2020-04-11T11:00:00,5580.0,-6.821210263296964e-14,210.0,0.0,0.0,0.0,230.83692106979777,0.0,0.0,0.0,5112,10671,5559
2020-04-11T12:00:00,5580.0,-6.821210263296964e-14,210.0,0.0,0.0,0.0,235.83692106979777,0.0,0.0,0.0,5040,10594,5554
2020-04-11T13:00:00,5580.0,-6.821210263296964e-14,210.0,0.0,0.0,0.0,76.8369210697978,0.0,0.0,0.0,4641,10354,5713
2020-04-11T14:00:00,5580.0,-6.394884621840902e-14,210.0,0.0,0.0,0.0,200.83692106979777,0.0,0.0,0.0,4441,10030,5589
2020-04-11T15:00:00,5580.0,-6.821210263296964e-14,210.0,0.0,0.0,0.0,469.83692106979777,0.0,0.0,0.0,4307,9627,5320
2020-04-11T16:00:00,5580.0,-6.821210263296964e-14,210.0,0.0,0.0,0.0,244.83692106979777,0.0,0.0,0.0,3789,9334,5545
2020-04-11T17:00:00,5580.0,-6.821210263296964e-14,210.0,0.0,0.0,0.0,0.0,237.1630789302022,0.0,0.0,3130,9157,6027
2020-04-11T18:00:00,5580.0,-6.821210263296964e-14,1080.0,0.0,0.0,0.0,0.0,90.1630789302022,0.0,0.0,2689,9439,6750
2020-04-11T19:00:00,5580.0,-6.821210263296964e-14,420.0,0.0,0.0,0.0,0.0,166.16307893020297,0.0,0.0,3503,9669,6166
2020-04-11T20:00:00,5580.0,6.821210263296964e-14,420.0,0.0,0.0,0.0,0.0,108.16307893020206,0.0,0.0,3383,9491,6108
2020-04-11T21:00:00,5580.0,0.0,420.0,0.0,0.0,486.54924983692166,0.0,492.61382909328046,0.0,0.0,2244,9223,6979
2020-04-11T22:00:00,5580.0,0.0,420.0,0.0,0.0,0.0,22.836921069797825,0.0,0.0,0.0,3446,9423,5977
2020-04-11T23:00:00,5580.0,-5.684341886080802e-13,622.1630789302027,0.0,0.0,0.0,0.0,0.0,0.0,0.0,3415,9617,6202
2020-04-12T00:00:00,5580.0,-6.821210263296964e-14,420.0,0.0,0.0,825.0353881278544,0.0,17.12769080234837,0.0,0.0,2253,9095,6842
2020-04-12T01:00:00,5580.0,6.821210263296964e-14,420.0,0.0,0.0,0.0,97.83692106979744,0.0,0.0,0.0,2851,8753,5902
2020-04-12T02:00:00,5580.0,-2.2737367544323207e-14,989.1630789302028,0.0,0.0,0.0,0.0,0.0,0.0,0.0,1937,8506,6569
2020-04-12T03:00:00,5580.0,-2.2737367544323207e-14,701.1630789302028,0.0,0.0,0.0,0.0,0.0,0.0,0.0,1872,8153,6281
2020-04-12T04:00:00,5580.0,-2.046363078989089e-13,210.0,0.0,0.0,80.78538812785499,0.0,73.37769080234807,0.0,0.0,2183,8127,5944
2020-04-12T05:00:00,5580.0,0.0,540.0,0.0,0.0,125.1630789302028,0.0,0.0,0.0,0.0,2400,8645,6245
2020-04-12T06:00:00,5580.0,0.0,540.0,0.0,0.0,1473.1630789302028,0.0,0.0,0.0,0.0,2105,9698,7593
2020-04-12T07:00:00,5580.0,-6.821210263296964e-14,210.0,0.0,0.0,2512.1630789302017,0.0,0.0,0.0,0.0,2119,10421,8302
2020-04-12T08:00:00,5580.0,6.821210263296964e-14,540.0,0.0,0.0,2498.1630789302026,0.0,0.0,0.0,0.0,2206,10824,8618
2020-04-12T09:00:00,5580.0,-6.252776074688882e-14,540.0,0.0,0.0,2226.1630789302017,0.0,0.0,0.0,0.0,2533,10879,8346
2020-04-12T10:00:00,5580.0,-2.2737367544323207e-14,540.0,0.0,0.0,250.1630789302028,0.0,0.0,0.0,0.0,4342,10712,6370
2020-04-12T11:00:00,5580.0,-2.2737367544323207e-14,540.0,0.0,0.0,828.1630789302028,0.0,0.0,0.0,0.0,3618,10566,6948
2020-04-12T12:00:00,5580.0,-2.2737367544323207e-14,0.0,0.0,0.0,0.0,158.8369210697972,0.0,0.0,0.0,5017,10438,5421
2020-04-12T13:00:00,5580.0,0.0,0.0,0.0,0.0,0.0,223.8369210697972,0.0,0.0,0.0,4806,10162,5356
2020-04-12T14:00:00,5580.0,-6.252776074688882e-14,0.0,0.0,0.0,0.0,361.8369210697972,0.0,0.0,0.0,4644,9862,5218
2020-04-12T15:00:00,5580.0,0.0,0.0,0.0,0.0,0.0,0.0,542.1630789302028,0.0,0.0,3380,9502,6122
2020-04-12T16:00:00,5580.0,-1.1368683772161608e-13,0.0,0.0,0.0,682.9430854533618,0.0,16.219993476840955,0.0,0.0,2961,9240,6279
2020-04-12T17:00:00,5580.0,-1.5916157281026248e-13,0.0,0.0,0.0,0.0,155.83692106979703,0.0,0.0,0.0,3662,9086,5424
2020-04-12T18:00:00,5580.0,0.0,0.0,0.0,0.0,1687.285388127855,0.0,116.87769080234776,0.0,0.0,1958,9342,7384
2020-04-12T19:00:00,5580.0,-2.046363078989089e-13,0.0,0.0,0.0,1753.163078930203,0.0,0.0,0.0,0.0,2114,9447,7333
2020-04-12T20:00:00,5580.0,-2.2737367544323207e-14,540.0,0.0,0.0,1337.163078930203,0.0,0.0,0.0,0.0,1773,9230,7457
2020-04-12T21:00:00,5580.0,-2.2737367544323207e-14,494.1630789302028,0.0,0.0,0.0,0.0,0.0,0.0,0.0,2964,9038,6074
2020-04-12T22:00:00,5580.0,6.821210263296964e-14,540.0,0.0,0.0,1359.1630789302028,0.0,0.0,0.0,0.0,1740,9219,7479
2020-04-12T23:00:00,5580.0,-2.955857780762017e-13,540.0,0.0,0.0,1445.1630789302037,0.0,0.0,0.0,0.0,1838,9403,7565
2020-04-13T00:00:00,5580.0,6.821210263296964e-14,472.16307893020166,0.0,0.0,0.0,0.0,0.0,0.0,0.0,2806,8858,6052
2020-04-13T01:00:00,5580.0,6.821210263296964e-14,540.0,0.0,0.0,549.1630789302018,0.0,0.0,0.0,0.0,1841,8510,6669
2020-04-13T02:00:00,5580.0,6.821210263296964e-14,210.0,0.0,0.0,38.163078930201934,0.0,0.0,0.0,0.0,2431,8259,5828
2020-04-13T03:00:00,5580.0,0.0,253.1630789302019,0.0,0.0,0.0,0.0,0.0,0.0,0.0,2071,7904,5833
2020-04-13T04:00:00,5580.0,-2.046363078989089e-13,239.163078930202,0.0,0.0,0.0,0.0,0.0,0.0,0.0,2053,7872,5819
2020-04-13T05:00:00,5580.0,6.821210263296964e-14,210.0,0.0,0.0,549.1630789302017,0.0,0.0,0.0,0.0,2042,8381,6339
2020-04-13T06:00:00,5580.0,6.821210263296964e-14,0.0,0.0,0.0,1703.1630789302017,0.0,0.0,0.0,0.0,2143,9426,7283
2020-04-13T07:00:00,5580.0,0.0,0.0,0.0,0.0,2411.1630789302026,0.0,0.0,0.0,0.0,2154,10145,7991
2020-04-13T08:00:00,5580.0,6.821210263296964e-14,0.0,0.0,0.0,1614.163078930202,0.0,0.0,0.0,0.0,3357,10551,7194
2020-04-13T09:00:00,5580.0,-6.252776074688882e-14,0.0,0.0,0.0,1158.163078930202,0.0,0.0,0.0,0.0,3872,10610,6738
2020-04-13T10:00:00,5580.0,-6.821210263296964e-14,0.0,0.0,0.0,333.16307893020195,0.0,0.0,0.0,0.0,4580,10493,5913
2020-04-13T11:00:00,5580.0,6.821210263296964e-14,0.0,0.0,0.0,3.1630789302018054,0.0,0.0,0.0,0.0,4806,10389,5583
2020-04-13T12:00:00,5580.0,0.0,0.0,0.0,0.0,0.0,74.83692106979814,0.0,0.0,0.0,4802,10307,5505
2020-04-13T13:00:00,5580.0,0.0,0.0,0.0,0.0,0.0,302.8369210697981,0.0,0.0,0.0,4796,10073,5277
2020-04-13T14:00:00,5580.0,-6.252776074688882e-14,0.0,0.0,0.0,0.0,392.8369210697981,0.0,0.0,0.0,4627,9814,5187
2020-04-13T15:00:00,5580.0,6.821210263296964e-14,0.0,0.0,0.0,0.0,0.0,274.16307893020183,0.0,0.0,3625,9479,5854
2020-04-13T16:00:00,5580.0,0.0,0.0,0.0,0.0,0.0,492.83692106979737,0.0,0.0,0.0,4149,9236,5087
2020-04-13T17:00:00,5580.0,6.821210263296964e-14,0.0,0.0,0.0,0.0,0.0,415.16307893020183,0.0,0.0,3104,9099,5995
2020-04-13T18:00:00,5580.0,6.821210263296964e-14,0.0,0.0,0.0,0.0,259.83692106979817,0.0,0.0,0.0,4053,9373,5320
2020-04-13T19:00:00,5580.0,-2.046363078989089e-13,0.0,0.0,0.0,0.0,276.8369210697979,0.0,0.0,0.0,4161,9464,5303
2020-04-13T20:00:00,5580.0,-1.1368683772161608e-13,0.0,0.0,0.0,0.0,0.0,304.1630789302021,0.0,0.0,3350,9234,5884
2020-04-13T21:00:00,5580.0,6.821210263296964e-14,0.0,0.0,0.0,0.0,0.0,106.16307893020183,0.0,0.0,3335,9021,5686
2020-04-13T22:00:00,5580.0,6.821210263296964e-14,0.0,0.0,0.0,0.0,132.8369210697981,0.0,0.0,0.0,3744,9191,5447
2020-04-13T23:00:00,5580.0,2.3874235921539367e-13,0.0,0.0,0.0,0.0,46.83692106979834,0.0,0.0,0.0,3838,9371,5533
2020-04-14T00:00:00,5580.0,6.821210263296964e-14,0.0,0.0,0.0,0.0,175.8369210697965,0.0,0.0,0.0,3414,8818,5404
2020-04-14T01:00:00,5580.0,6.821210263296964e-14,0.0,0.0,0.0,0.0,98.83692106979753,0.0,0.0,0.0,2985,8466,5481
2020-04-14T02:00:00,5580.0,-4.774847184307873e-13,0.0,0.0,0.0,0.0,360.8369210697961,0.0,0.0,0.0,2993,8212,5219
2020-04-14T03:00:00,5580.0,0.0,0.0,0.0,0.0,0.0,844.8369210697967,0.0,0.0,0.0,3121,7856,4735
2020-04-14T04:00:00,5580.0,0.0,0.0,0.0,0.0,0.0,1034.8369210697977,0.0,0.0,0.0,3279,7824,4545
2020-04-14T05:00:00,5580.0,2.2737367544323214e-14,0.0,0.0,0.0,0.0,632.8369210697967,0.0,0.0,0.0,3381,8328,4947
2020-04-14T06:00:00,5580.0,-4.5474735088646433e-14,0.0,0.0,0.0,0.0,0.0,415.16307893020337,0.0,0.0,3371,9366,5995
2020-04-14T07:00:00,5580.0,-4.5474735088646433e-14,0.0,0.0,0.0,0.0,0.0,1141.1630789302033,0.0,0.0,3351,10072,6721
2020-04-14T08:00:00,5580.0,-2.2737367544323214e-14,0.0,0.0,0.0,0.0,0.0,773.1630789302034,0.0,0.0,4109,10462,6353
2020-04-14T09:00:00,5580.0,0.0,0.0,0.0,0.0,743.516960208747,0.0,416.6461187214562,0.0,0.0,3769,10509,6740
2020-04-14T10:00:00,5580.0,-6.821210263296964e-14,0.0,0.0,0.0,635.1630789302027,0.0,0.0,0.0,0.0,4168,10383,6215
2020-04-14T11:00:00,5580.0,0.0,0.0,0.0,0.0,0.0,173.83692106979663,0.0,0.0,0.0,4862,10268,5406
2020-04-14T12:00:00,5580.0,0.0,0.0,0.0,0.0,314.78538812785587,0.0,130.37769080234747,0.0,0.0,4152,10177,6025
2020-04-14T13:00:00,5580.0,0.0,0.0,0.0,0.0,329.1630789302033,0.0,0.0,0.0,0.0,4028,9937,5909
2020-04-14T14:00:00,5121.1630789302035,6.821210263296964e-14,0.0,0.0,0.0,0.0,0.0,0.0,0.0,0.0,4561,9682,5121
2020-04-14T15:00:00,5349.1630789302035,-4.5474735088646433e-14,0.0,0.0,0.0,0.0,0.0,0.0,0.0,0.0,3996,9345,5349
2020-04-14T16:00:00,4930.1630789302035,2.2737367544323214e-14,0.0,0.0,0.0,0.0,0.0,0.0,0.0,0.0,4151,9081,4930
2020-04-14T17:00:00,4800.1630789302035,6.821210263296964e-14,0.0,0.0,0.0,0.0,0.0,0.0,0.0,0.0,4103,8903,4800
2020-04-14T18:00:00,4984.1630789302035,-4.5474735088646433e-14,0.0,0.0,0.0,0.0,0.0,0.0,0.0,0.0,4125,9109,4984
2020-04-14T19:00:00,4471.163078930203,-6.821210263296964e-14,0.0,0.0,0.0,0.0,0.0,0.0,0.0,0.0,4752,9223,4471
2020-04-14T20:00:00,4704.1630789302035,-4.5474735088646433e-14,0.0,0.0,0.0,0.0,0.0,0.0,0.0,0.0,4293,8997,4704
2020-04-14T21:00:00,4474.163078930203,7.105427357600977e-16,0.0,0.0,0.0,0.0,0.0,0.0,0.0,0.0,4332,8806,4474
2020-04-14T22:00:00,4774.1630789302035,6.821210263296964e-14,0.0,0.0,0.0,0.0,0.0,0.0,0.0,0.0,4217,8991,4774
2020-04-14T23:00:00,4795.1630789302035,6.821210263296964e-14,0.0,0.0,0.0,0.0,0.0,0.0,0.0,0.0,4389,9184,4795
2020-04-15T00:00:00,4714.8123505109925,-3.183231456205249e-13,0.0,0.0,-1.1368683772161605e-13,0.0,386.649271580789,0.0,0.0,0.0,4350,8678,4328
2020-04-15T01:00:00,3764.163078930202,0.0,0.0,-2.8421709430404014e-14,0.0,0.0,0.0,0.0,0.0,0.0,4543,8307,3764
2020-04-15T02:00:00,4705.163078930202,0.0,0.0,0.0,4.263256414560601e-13,0.0,1200.0,0.0,0.0,0.0,4532,8037,3505
2020-04-15T03:00:00,3207.1630789302026,-2.046363078989089e-13,0.0,0.0,0.0,0.0,0.0,0.0,0.0,0.0,4470,7677,3207
2020-04-15T04:00:00,3146.163078930202,0.0,0.0,0.0,0.0,0.0,0.0,0.0,0.0,0.0,4491,7637,3146
2020-04-15T05:00:00,4724.163078930203,0.0,0.0,0.0,0.0,0.0,1200.0,0.0,0.0,0.0,4587,8111,3524
2020-04-15T06:00:00,4405.163078930203,0.0,0.0,0.0,0.0,0.0,0.0,0.0,0.0,0.0,4695,9100,4405
2020-04-15T07:00:00,5580.0,0.0,0.0,0.0,0.0,0.0,568.8369210697973,0.0,0.0,0.0,4736,9747,5011
2020-04-15T08:00:00,5580.0,-2.046363078989089e-13,0.0,0.0,0.0,0.0,180.8369210697971,0.0,0.0,0.0,4648,10047,5399
2020-04-15T09:00:00,5580.0,7.958078640513124e-14,0.0,0.0,0.0,0.0,185.8369210697974,0.0,0.0,0.0,4686,10080,5394
2020-04-15T10:00:00,5580.0,0.0,0.0,0.0,0.0,0.0,624.8369210697973,0.0,0.0,0.0,4953,9908,4955
2020-04-15T11:00:00,5580.0,0.0,0.0,0.0,0.0,0.0,866.8369210697972,0.0,0.0,0.0,5107,9820,4713
2020-04-15T12:00:00,5580.0,3.4106051316484814e-14,0.0,0.0,0.0,0.0,1074.8369210697974,0.0,0.0,0.0,5315,9820,4505
2020-04-15T13:00:00,5580.0,6.821210263296964e-14,0.0,0.0,0.0,0.0,1007.8369210697974,0.0,0.0,0.0,5014,9586,4572
2020-04-15T14:00:00,5580.0,-6.821210263296964e-14,0.0,0.0,0.0,0.0,1027.8369210697972,0.0,0.0,0.0,4794,9346,4552
2020-04-15T15:00:00,5580.0,3.4106051316484814e-14,0.0,0.0,0.0,0.0,1076.8369210697974,0.0,0.0,0.0,4513,9016,4503
2020-04-15T16:00:00,5580.0,3.4106051316484814e-14,0.0,0.0,0.0,0.0,842.8369210697973,0.0,0.0,0.0,4013,8750,4737
2020-04-15T17:00:00,5580.0,3.4106051316484814e-14,0.0,0.0,0.0,0.0,146.8369210697973,0.0,0.0,0.0,3202,8635,5433
2020-04-15T18:00:00,5580.0,3.4106051316484814e-14,0.0,0.0,0.0,0.0,0.0,648.1630789302027,0.0,0.0,2523,8751,6228
2020-04-15T19:00:00,5580.0,3.4106051316484814e-14,0.0,0.0,0.0,0.0,0.0,845.1630789302027,0.0,0.0,2421,8846,6425
2020-04-15T20:00:00,5580.0,3.4106051316484814e-14,0.0,0.0,0.0,0.0,0.0,1143.1630789302026,0.0,0.0,1902,8625,6723
2020-04-15T21:00:00,5580.0,3.4106051316484814e-14,0.0,0.0,0.0,0.0,0.0,1191.1630789302026,0.0,0.0,1727,8498,6771
2020-04-15T22:00:00,5580.0,3.4106051316484814e-14,0.0,0.0,0.0,185.16307893020263,0.0,1200.0,0.0,0.0,1757,8722,6965
2020-04-15T23:00:00,5580.0,7.048583938740194e-13,0.0,0.0,0.0,414.1630789302024,0.0,1200.0,0.0,0.0,1715,8909,7194
2020-04-16T00:00:00,5580.0,0.0,0.0,0.0,0.0,0.0,0.0,1019.1630789302034,0.0,0.0,1682,8281,6599
2020-04-16T01:00:00,5580.0,0.0,0.0,0.0,0.0,0.0,0.0,498.16307893020326,0.0,0.0,1790,7868,6078
2020-04-16T02:00:00,5580.0,0.0,0.0,0.0,0.0,0.0,0.0,48.163078930203255,0.0,0.0,1891,7519,5628
2020-04-16T03:00:00,4941.1630789302035,0.0,0.0,0.0,0.0,0.0,0.0,0.0,0.0,0.0,2131,7072,4941
2020-04-16T04:00:00,4313.163078930203,3.4106051316484814e-14,0.0,0.0,0.0,0.0,0.0,0.0,0.0,0.0,2593,6906,4313
2020-04-16T05:00:00,4199.163078930203,0.0,0.0,0.0,0.0,0.0,0.0,0.0,0.0,0.0,2828,7027,4199
2020-04-16T06:00:00,4141.163078930203,0.0,0.0,0.0,0.0,0.0,0.0,0.0,0.0,0.0,3195,7336,4141
2020-04-16T07:00:00,4099.163078930203,0.0,0.0,0.0,0.0,0.0,0.0,0.0,0.0,0.0,3432,7531,4099
2020-04-16T08:00:00,4271.163078930203,-2.728484105318785e-13,0.0,0.0,0.0,0.0,0.0,0.0,0.0,0.0,3741,8012,4271
2020-04-16T09:00:00,3954.163078930202,-4.547473508864643e-14,0.0,0.0,0.0,0.0,0.0,0.0,0.0,0.0,4347,8301,3954
2020-04-16T10:00:00,3576.1630789302017,0.0,0.0,0.0,0.0,0.0,0.0,0.0,0.0,0.0,4722,8298,3576
2020-04-16T11:00:00,3204.163078930202,0.0,0.0,0.0,0.0,0.0,0.0,0.0,0.0,0.0,5155,8359,3204
2020-04-16T12:00:00,3418.1630789302017,0.0,0.0,0.0,0.0,0.0,0.0,0.0,0.0,0.0,5253,8671,3418
2020-04-16T13:00:00,2902.1630789302017,0.0,0.0,0.0,0.0,0.0,0.0,0.0,0.0,0.0,5449,8351,2902
2020-04-16T14:00:00,1931.454182164317,145.70889676588513,0.0,0.0,0.0,0.0,0.0,0.0,0.0,0.0,5951,8028,2077
2020-04-16T15:00:00,1734.1630789302021,0.0,0.0,0.0,0.0,0.0,0.0,0.0,0.0,0.0,5980,7714,1734
2020-04-16T16:00:00,1660.1630789302021,0.0,0.0,0.0,0.0,0.0,0.0,0.0,0.0,0.0,5854,7514,1660
2020-04-16T17:00:00,2095.1630789302017,0.0,0.0,0.0,0.0,0.0,0.0,0.0,0.0,0.0,5365,7460,2095
2020-04-16T18:00:00,2531.1630789302026,0.0,0.0,0.0,0.0,0.0,0.0,0.0,0.0,0.0,5154,7685,2531
2020-04-16T19:00:00,2788.1630789302017,0.0,0.0,0.0,0.0,0.0,0.0,0.0,0.0,0.0,5093,7881,2788
2020-04-16T20:00:00,2539.1630789302026,3.4106051316484814e-14,0.0,0.0,0.0,0.0,0.0,0.0,0.0,0.0,5235,7774,2539
2020-04-16T21:00:00,2523.1630789302026,3.4106051316484814e-14,0.0,0.0,0.0,0.0,0.0,0.0,0.0,0.0,5174,7697,2523
2020-04-16T22:00:00,2879.1630789302017,0.0,0.0,0.0,0.0,0.0,0.0,0.0,0.0,0.0,5166,8045,2879
2020-04-16T23:00:00,3168.163078930202,0.0,0.0,0.0,0.0,0.0,0.0,0.0,0.0,0.0,5185,8353,3168
2020-04-17T00:00:00,2747.163078930202,-4.5474735088646414e-14,0.0,0.0,0.0,0.0,0.0,0.0,0.0,0.0,5115,7862,2747
2020-04-17T01:00:00,2522.163078930202,0.0,0.0,0.0,0.0,0.0,0.0,0.0,0.0,0.0,4971,7493,2522
2020-04-17T02:00:00,2155.163078930202,0.0,0.0,0.0,0.0,0.0,0.0,0.0,0.0,0.0,4982,7137,2155
2020-04-17T03:00:00,1996.163078930202,-4.5474735088646414e-14,0.0,0.0,0.0,0.0,0.0,0.0,0.0,0.0,4663,6659,1996
2020-04-17T04:00:00,1745.1630789302021,0.0,0.0,0.0,0.0,0.0,0.0,0.0,0.0,0.0,4687,6432,1745
2020-04-17T05:00:00,1710.1630789302021,0.0,0.0,0.0,0.0,0.0,0.0,0.0,0.0,0.0,4739,6449,1710
2020-04-17T06:00:00,3147.1630789302017,-4.5474735088646414e-14,0.0,0.0,0.0,0.0,1200.0,0.0,0.0,0.0,4652,6599,1947
2020-04-17T07:00:00,2516.0467319330155,-6.821210263296964e-14,0.0,0.0,0.0,0.0,568.8836530028129,0.0,0.0,0.0,4700,6647,1947
2020-04-17T08:00:00,2628.163078930202,-4.5474735088646414e-14,0.0,0.0,0.0,0.0,0.0,0.0,0.0,0.0,4462,7090,2628
2020-04-17T09:00:00,3600.163078930202,-4.5474735088646414e-14,0.0,0.0,0.0,0.0,1200.0,0.0,0.0,0.0,5046,7446,2400
2020-04-17T10:00:00,3768.163078930202,-4.5474735088646414e-14,0.0,0.0,0.0,0.0,1200.0,0.0,0.0,0.0,5085,7653,2568
2020-04-17T11:00:00,4193.163078930202,0.0,0.0,0.0,0.0,0.0,1200.0,0.0,0.0,0.0,4822,7815,2993
2020-04-17T12:00:00,4001.163078930202,0.0,0.0,0.0,0.0,0.0,1200.0,0.0,0.0,0.0,5360,8161,2801
2020-04-17T13:00:00,3718.163078930202,-2.728484105318785e-13,0.0,0.0,0.0,0.0,1200.0,0.0,0.0,0.0,5235,7753,2518
2020-04-17T14:00:00,3519.163078930202,-1.818989403545857e-13,0.0,0.0,0.0,0.0,1200.0,0.0,0.0,0.0,5044,7363,2319
2020-04-17T15:00:00,3462.163078930202,0.0,0.0,0.0,0.0,0.0,1200.0,0.0,0.0,0.0,4825,7087,2262
2020-04-17T16:00:00,3590.1630789302026,-6.821210263296964e-14,0.0,0.0,0.0,0.0,1200.0,0.0,0.0,0.0,4540,6930,2390
2020-04-17T17:00:00,4169.163078930202,0.0,0.0,0.0,0.0,0.0,1200.0,0.0,0.0,0.0,3951,6920,2969
2020-04-17T18:00:00,4705.163078930202,-4.5474735088646414e-14,0.0,0.0,0.0,0.0,1200.0,0.0,0.0,0.0,3738,7243,3505
2020-04-17T19:00:00,5103.163078930202,0.0,0.0,0.0,0.0,0.0,1200.0,0.0,0.0,0.0,3668,7571,3903
2020-04-17T20:00:00,4887.163078930202,0.0,0.0,0.0,0.0,0.0,1200.0,0.0,0.0,0.0,3992,7679,3687
2020-04-17T21:00:00,5580.0,-1.1368683772161607e-14,0.0,0.0,0.0,0.0,1092.8369210697974,0.0,0.0,0.0,3191,7678,4487
2020-04-17T22:00:00,5580.0,-1.1368683772161607e-14,0.0,0.0,0.0,0.0,672.8369210697974,0.0,0.0,0.0,3050,7957,4907
2020-04-17T23:00:00,5580.0,0.0,0.0,0.0,0.0,0.0,351.8369210697975,0.0,0.0,0.0,2937,8165,5228
2020-04-18T00:00:00,5580.0,-5.456968210637569e-13,0.0,0.0,0.0,0.0,875.8369210697965,0.0,0.0,0.0,3003,7707,4704
2020-04-18T01:00:00,5454.163078930203,0.0,0.0,0.0,0.0,0.0,1200.0,0.0,0.0,0.0,3115,7369,4254
2020-04-18T02:00:00,5316.163078930203,5.684341886080802e-14,0.0,0.0,0.0,0.0,1200.0,0.0,0.0,0.0,2971,7087,4116
2020-04-18T03:00:00,5099.163078930202,0.0,0.0,0.0,0.0,0.0,1200.0,0.0,0.0,0.0,2817,6716,3899
2020-04-18T04:00:00,5228.163078930202,2.728484105318785e-13,0.0,0.0,0.0,0.0,1200.0,0.0,0.0,0.0,2658,6686,4028
2020-04-18T05:00:00,5580.0,5.684341886080802e-14,0.0,0.0,0.0,0.0,1040.8369210697977,0.0,0.0,0.0,2690,7229,4539
2020-04-18T06:00:00,5580.0,5.684341886080802e-14,0.0,0.0,0.0,0.0,0.0,399.16307893020326,0.0,0.0,2296,8275,5979
2020-04-18T07:00:00,5580.0,5.684341886080802e-14,0.0,0.0,0.0,0.0,203.8369210697968,0.0,0.0,0.0,3596,8972,5376
2020-04-18T08:00:00,5580.0,0.0,0.0,0.0,0.0,401.16307893020326,0.0,1200.0,0.0,0.0,2302,9483,7181
2020-04-18T09:00:00,5580.0,0.0,0.0,0.0,0.0,322.16307893020326,0.0,1200.0,0.0,0.0,2616,9718,7102
2020-04-18T10:00:00,5580.0,0.0,0.0,0.0,0.0,179.16307893020257,0.0,1200.0,0.0,0.0,2816,9775,6959
2020-04-18T11:00:00,5580.0,0.0,0.0,0.0,0.0,0.0,0.0,1174.1630789302033,0.0,0.0,3106,9860,6754
2020-04-18T12:00:00,5580.0,0.0,0.0,0.0,0.0,0.0,234.83692106979672,0.0,0.0,0.0,4570,9915,5345
2020-04-18T13:00:00,5580.0,-5.6843418860808e-15,0.0,0.0,0.0,0.0,0.0,1046.163078930203,0.0,0.0,3136,9762,6626
2020-04-18T14:00:00,5580.0,5.684341886080802e-14,0.0,0.0,0.0,0.0,0.0,862.1630789302033,0.0,0.0,3126,9568,6442
2020-04-18T15:00:00,5580.0,5.684341886080802e-14,0.0,0.0,0.0,0.0,0.0,741.1630789302033,0.0,0.0,2946,9267,6321
2020-04-18T16:00:00,5580.0,-2.728484105318785e-13,0.0,0.0,0.0,0.0,0.0,838.1630789302036,0.0,0.0,2607,9025,6418
2020-04-18T17:00:00,5580.0,0.0,0.0,0.0,0.0,0.0,285.83692106979674,0.0,0.0,0.0,3572,8866,5294
2020-04-18T18:00:00,5580.0,6.821210263296964e-14,0.0,0.0,0.0,220.1630789302032,0.0,1200.0,0.0,0.0,2105,9105,7000
2020-04-18T19:00:00,5580.0,0.0,0.0,0.0,0.0,541.1630789302026,0.0,1200.0,0.0,0.0,1925,9246,7321
2020-04-18T20:00:00,5580.0,2.728484105318785e-13,0.0,0.0,0.0,0.0,0.0,229.163078930203,0.0,0.0,3112,8921,5809
2020-04-18T21:00:00,5580.0,0.0,0.0,0.0,0.0,0.0,0.0,68.16307893020348,0.0,0.0,3113,8761,5648
2020-04-18T22:00:00,5580.0,5.684341886080802e-14,0.0,0.0,0.0,453.16307893020326,0.0,1200.0,0.0,0.0,1718,8951,7233
2020-04-18T23:00:00,5580.0,0.0,0.0,0.0,0.0,0.0,0.0,540.1630789302035,0.0,0.0,3004,9124,6120
2020-04-19T00:00:00,5580.0,-3.637978807091713e-13,0.0,0.0,0.0,0.0,0.0,61.16307893020256,0.0,0.0,2955,8596,5641
2020-04-19T01:00:00,5580.0,0.0,0.0,0.0,0.0,0.0,0.0,1163.1630789302023,0.0,0.0,1499,8242,6743
2020-04-19T02:00:00,5580.0,0.0,0.0,0.0,0.0,0.0,399.8369210697976,0.0,0.0,0.0,2777,7957,5180
2020-04-19T03:00:00,5580.0,0.0,0.0,0.0,0.0,0.0,0.0,373.16307893020235,0.0,0.0,1649,7602,5953
2020-04-19T04:00:00,5580.0,0.0,0.0,0.0,0.0,0.0,0.0,301.16307893020274,0.0,0.0,1676,7557,5881
2020-04-19T05:00:00,5580.0,0.0,0.0,0.0,0.0,0.0,0.0,723.1630789302026,0.0,0.0,1731,8034,6303
2020-04-19T06:00:00,5580.0,-1.3642420526593928e-13,0.0,0.0,0.0,431.1630789302025,0.0,1200.0,0.0,0.0,1781,8992,7211
2020-04-19T07:00:00,5580.0,0.0,0.0,0.0,0.0,448.16307893020246,0.0,1200.0,0.0,0.0,2442,9670,7228
2020-04-19T08:00:00,5580.0,0.0,0.0,0.0,0.0,7.163078930202346,0.0,1200.0,0.0,0.0,3337,10124,6787
2020-04-19T09:00:00,5580.0,0.0,0.0,0.0,0.0,818.8842269798076,0.0,275.2788519503947,0.0,0.0,3680,10354,6674
2020-04-19T10:00:00,5580.0,0.0,0.0,0.0,0.0,456.16307893020235,0.0,0.0,0.0,0.0,4371,10407,6036
2020-04-19T11:00:00,5580.0,0.0,0.0,0.0,0.0,21.163078930202342,0.0,0.0,0.0,0.0,4885,10486,5601
2020-04-19T12:00:00,5580.0,0.0,0.0,0.0,0.0,1303.1630789302023,0.0,0.0,0.0,0.0,3646,10529,6883
2020-04-19T13:00:00,5580.0,-6.821210263296964e-14,0.0,0.0,0.0,913.1630789302028,0.0,0.0,0.0,0.0,3867,10360,6493
2020-04-19T14:00:00,5580.0,462.4012210278217,0.0,0.0,0.0,236.76185790238068,0.0,0.0,0.0,0.0,3846,10125,6279
2020-04-19T15:00:00,5580.0,462.40122102782163,0.0,0.0,0.0,0.0,782.2381420976193,0.0,0.0,0.0,4490,9750,5260
2020-04-19T16:00:00,5580.0,459.69247764501756,0.0,0.0,0.0,0.0,827.5293987148152,0.0,0.0,0.0,4286,9498,5212
2020-04-19T17:00:00,5580.0,287.99999999999994,0.0,0.0,0.0,0.0,0.0,750.1630789302025,0.0,0.0,2736,9354,6618
2020-04-19T18:00:00,5580.0,-3.4106051316484814e-14,0.0,0.0,0.0,0.0,0.0,41.1630789302024,0.0,0.0,3984,9605,5621
2020-04-19T19:00:00,5580.0,0.0,0.0,0.0,0.0,0.1635811812813585,0.0,415.999497748921,0.0,0.0,3943,9939,5996
2020-04-19T20:00:00,5580.0,0.0,0.0,0.0,0.0,1445.1630789302023,0.0,0.0,0.0,0.0,2554,9579,7025
2020-04-19T21:00:00,5580.0,-1.818989403545857e-13,0.0,0.0,0.0,1224.1630789302028,0.0,0.0,0.0,0.0,2533,9337,6804
2020-04-19T22:00:00,5580.0,0.0,0.0,0.0,0.0,0.0,21.836921069797334,0.0,0.0,0.0,3994,9552,5558
2020-04-19T23:00:00,5580.0,-2.273736754432321e-14,0.0,0.0,0.0,140.78538812785436,0.0,16.377690802348003,0.0,0.0,4021,9758,5737
2020-04-20T00:00:00,5580.0,1.1368683772161607e-14,0.0,0.0,0.0,13.163078930202689,0.0,0.0,0.0,0.0,3632,9225,5593
2020-04-20T01:00:00,5580.0,1.1368683772161607e-14,0.0,0.0,0.0,777.1630789302027,0.0,0.0,0.0,0.0,2545,8902,6357
2020-04-20T02:00:00,5580.0,-2.728484105318785e-13,0.0,0.0,0.0,111.16307893020296,0.0,0.0,0.0,0.0,2951,8642,5691
2020-04-20T03:00:00,5580.0,0.0,0.0,0.0,0.0,114.16307893020272,0.0,0.0,0.0,0.0,2610,8304,5694
2020-04-20T04:00:00,5580.0,0.0,0.0,0.0,0.0,57.16307893020269,0.0,0.0,0.0,0.0,2650,8287,5637
2020-04-20T05:00:00,5580.0,0.0,0.0,0.0,0.0,370.1630789302027,0.0,0.0,0.0,0.0,2857,8807,5950
2020-04-20T06:00:00,5580.0,508.080451570508,0.0,0.0,0.0,1211.0826273596947,0.0,0.0,0.0,0.0,2491,9790,7299
2020-04-20T07:00:00,5580.0,508.080451570508,0.0,0.0,0.0,792.082627359694,0.0,0.0,0.0,0.0,3588,10468,6880
2020-04-20T08:00:00,5580.0,508.08045157050805,0.0,0.0,0.0,1053.0826273596947,0.0,0.0,0.0,0.0,3688,10829,7141
2020-04-20T09:00:00,5580.0,508.08045157050805,0.0,0.0,0.0,909.0826273596948,0.0,0.0,0.0,0.0,3921,10918,6997
2020-04-20T10:00:00,5580.0,508.080451570508,0.0,0.0,0.0,1457.0826273596947,0.0,0.0,0.0,0.0,3258,10803,7545
2020-04-20T11:00:00,5580.0,433.3182432963054,0.0,0.0,0.0,815.8448356338973,0.0,0.0,0.0,0.0,3903,10732,6829
2020-04-20T12:00:00,5580.0,1.7053025658242404e-14,0.0,0.0,0.0,0.0,61.836921069797306,0.0,0.0,0.0,5138,10656,5518
2020-04-20T13:00:00,5580.0,6.821210263296964e-14,0.0,0.0,0.0,251.7853881278547,0.0,46.37769080234798,0.0,0.0,4506,10384,5878
2020-04-20T14:00:00,5580.0,0.0,0.0,0.0,0.0,122.1630789302028,0.0,0.0,0.0,0.0,4385,10087,5702
2020-04-20T15:00:00,5580.0,0.0,0.0,0.0,0.0,170.16307893020272,0.0,0.0,0.0,0.0,3965,9715,5750
2020-04-20T16:00:00,5580.0,0.0,0.0,0.0,0.0,327.163078930202,0.0,0.0,0.0,0.0,3556,9463,5907
2020-04-20T17:00:00,5580.0,9.09494701772928e-14,0.0,0.0,0.0,0.0,374.8369210697975,0.0,0.0,0.0,4141,9346,5205
2020-04-20T18:00:00,5580.0,1.1368683772161607e-14,0.0,0.0,0.0,959.0353881278544,0.0,281.1276908023481,0.0,0.0,2839,9659,6820
2020-04-20T19:00:00,5580.0,1.1368683772161607e-14,0.0,0.0,0.0,444.1630789302027,0.0,0.0,0.0,0.0,3962,9986,6024
2020-04-20T20:00:00,5580.0,5.456968210637569e-13,0.0,0.0,0.0,331.16307893020235,0.0,0.0,0.0,0.0,3712,9623,5911
2020-04-20T21:00:00,5580.0,0.0,0.0,0.0,0.0,310.163078930203,0.0,0.0,0.0,0.0,3534,9424,5890
2020-04-20T22:00:00,5580.0,0.0,0.0,0.0,0.0,572.1630789302029,0.0,0.0,0.0,0.0,3493,9645,6152
2020-04-20T23:00:00,5580.0,0.0,0.0,0.0,0.0,1899.163078930203,0.0,0.0,0.0,0.0,2372,9851,7479
2020-04-21T00:00:00,5580.0,2.728484105318785e-13,0.0,0.0,0.0,1524.1630789302033,0.0,0.0,0.0,0.0,2223,9327,7104
2020-04-21T01:00:00,5580.0,-3.410605131648481e-14,0.0,0.0,0.0,1306.1630789302028,0.0,0.0,0.0,0.0,2125,9011,6886
2020-04-21T02:00:00,5580.0,-6.366462912410498e-13,0.0,0.0,0.0,594.1630789302033,0.0,0.0,0.0,0.0,2572,8746,6174
2020-04-21T03:00:00,5580.0,0.0,0.0,0.0,0.0,951.1630789302033,0.0,0.0,0.0,0.0,1862,8393,6531
2020-04-21T04:00:00,5580.0,2.728484105318785e-13,0.0,0.0,0.0,1009.163078930203,0.0,0.0,0.0,0.0,1767,8356,6589
2020-04-21T05:00:00,5580.0,-2.728484105318785e-13,0.0,0.0,0.0,619.1630789302036,0.0,0.0,0.0,0.0,2659,8858,6199
2020-04-21T06:00:00,5580.0,0.0,0.0,0.0,0.0,2575.1630789302035,0.0,0.0,0.0,0.0,1663,9818,8155
2020-04-21T07:00:00,5580.0,0.0,0.0,0.0,0.0,1990.1630789302033,0.0,0.0,0.0,0.0,2899,10469,7570
2020-04-21T08:00:00,5580.0,0.0,0.0,0.0,0.0,2982.1630789302026,0.0,0.0,0.0,0.0,2225,10787,8562
2020-04-21T09:00:00,5580.0,0.0,0.0,0.0,0.0,2884.1630789302026,0.0,0.0,0.0,0.0,2363,10827,8464
2020-04-21T10:00:00,5580.0,0.0,0.0,0.0,0.0,943.1630789302028,0.0,0.0,0.0,0.0,4152,10675,6523
2020-04-21T11:00:00,5580.0,442.72848648034164,0.0,0.0,0.0,1048.4345924498616,0.0,0.0,0.0,0.0,3525,10596,7071
2020-04-21T12:00:00,5580.0,-4.5474735088646414e-14,0.0,0.0,0.0,0.0,33.8369210697968,0.0,0.0,0.0,4965,10511,5546
2020-04-21T13:00:00,5580.0,0.0,0.0,0.0,0.0,760.7853881278555,0.0,25.3776908023476,0.0,0.0,3871,10237,6366
2020-04-21T14:00:00,5580.0,1.818989403545857e-13,0.0,0.0,0.0,0.0,164.83692106979694,0.0,0.0,0.0,4506,9921,5415
2020-04-21T15:00:00,5580.0,-4.5474735088646414e-14,0.0,0.0,0.0,572.5353881278555,0.0,123.6276908023477,0.0,0.0,3243,9519,6276
2020-04-21T16:00:00,5580.0,-4.5474735088646414e-14,0.0,0.0,0.0,0.0,198.83692106979672,0.0,0.0,0.0,3854,9235,5381
2020-04-21T17:00:00,5580.0,-2.728484105318785e-13,0.0,0.0,0.0,1134.035388127856,0.0,149.12769080234756,0.0,0.0,2205,9068,6863
2020-04-21T18:00:00,5580.0,2.728484105318785e-13,0.0,0.0,0.0,1941.1630789302023,0.0,0.0,0.0,0.0,1788,9309,7521
2020-04-21T19:00:00,5580.0,2.728484105318785e-13,0.0,0.0,0.0,1859.163078930203,0.0,0.0,0.0,0.0,1997,9436,7439
2020-04-21T20:00:00,5580.0,0.0,0.0,0.0,0.0,1678.1630789302033,0.0,0.0,0.0,0.0,1851,9109,7258
2020-04-21T21:00:00,5580.0,6.366462912410498e-13,0.0,0.0,0.0,1470.1630789302026,0.0,0.0,0.0,0.0,1938,8988,7050
2020-04-21T22:00:00,5580.0,-8.5265128291212e-15,0.0,0.0,0.0,121.16307893020316,0.0,0.0,0.0,0.0,3493,9194,5701
2020-04-21T23:00:00,5580.0,2.728484105318785e-13,0.0,0.0,0.0,1596.1630789302033,0.0,0.0,0.0,0.0,2217,9393,7176
2020-04-22T00:00:00,5580.0,0.0,0.0,0.0,0.0,1145.1630789302023,0.0,0.0,0.0,0.0,2161,8886,6725
2020-04-22T01:00:00,5580.0,0.0,0.0,0.0,0.0,971.1630789302023,0.0,0.0,0.0,0.0,1990,8541,6551
2020-04-22T02:00:00,5580.0,0.0,0.0,0.0,0.0,497.1630789302024,0.0,0.0,0.0,0.0,2183,8260,6077
2020-04-22T03:00:00,5580.0,-6.821210263296964e-14,0.0,0.0,0.0,0.0,14.8369210697972,0.0,0.0,0.0,2324,7889,5565
2020-04-22T04:00:00,5580.0,0.0,0.0,0.0,0.0,0.0,171.83692106979697,0.0,0.0,0.0,2425,7833,5408
2020-04-22T05:00:00,5580.0,0.0,0.0,0.0,0.0,0.0,41.83692106979691,0.0,0.0,0.0,2758,8296,5538
2020-04-22T06:00:00,5580.0,0.0,0.0,0.0,0.0,580.7800065231597,0.0,171.3830724070433,0.0,0.0,2873,9205,6332
2020-04-22T07:00:00,5580.0,0.0,0.0,0.0,0.0,1332.163078930203,0.0,0.0,0.0,0.0,3005,9917,6912
2020-04-22T08:00:00,5580.0,0.0,0.0,0.0,0.0,1696.163078930203,0.0,0.0,0.0,0.0,3110,10386,7276
2020-04-22T09:00:00,5580.0,0.0,0.0,0.0,0.0,1441.163078930203,0.0,0.0,0.0,0.0,3530,10551,7021
2020-04-22T10:00:00,5580.0,6.821210263296964e-14,0.0,0.0,0.0,826.163078930203,0.0,0.0,0.0,0.0,4090,10496,6406
2020-04-22T11:00:00,5580.0,294.7498200582031,0.0,0.0,0.0,132.41325887199997,0.0,0.0,0.0,0.0,4446,10453,6007
2020-04-22T12:00:00,5580.0,537.5611498763476,0.0,0.0,0.0,0.0,189.3980709461448,0.0,0.0,0.0,4504,10432,5928
2020-04-22T13:00:00,5580.0,537.5611498763475,0.0,0.0,0.0,0.0,682.3980709461445,0.0,0.0,0.0,4714,10149,5435
2020-04-22T14:00:00,5580.0,537.5611498763476,0.0,0.0,0.0,0.0,838.3980709461445,0.0,0.0,0.0,4541,9820,5279
2020-04-22T15:00:00,5580.0,537.5611498763476,0.0,0.0,0.0,0.0,705.3980709461445,0.0,0.0,0.0,4000,9412,5412
2020-04-22T16:00:00,5580.0,537.5611498763476,0.0,0.0,0.0,0.0,687.3980709461445,0.0,0.0,0.0,3661,9091,5430
2020-04-22T17:00:00,5580.0,537.5611498763475,0.0,0.0,0.0,0.0,385.39807094614446,0.0,0.0,0.0,3252,8984,5732
2020-04-22T18:00:00,5580.0,0.0,420.0,0.0,0.0,59.16307893020308,0.0,0.0,0.0,0.0,3161,9220,6059
2020-04-22T19:00:00,5580.0,0.0,420.0,0.0,0.0,0.0,0.0,155.16307893020314,0.0,0.0,3160,9315,6155
2020-04-22T20:00:00,5580.0,6.821210263296964e-14,420.0,0.0,0.0,0.0,136.83692106979697,0.0,0.0,0.0,3179,9042,5863
2020-04-22T21:00:00,5580.0,6.821210263296964e-14,630.0,0.0,0.0,0.0,188.83692106979697,0.0,0.0,0.0,2974,8995,6021
2020-04-22T22:00:00,5580.0,-1.818989403545857e-13,953.1630789302035,0.0,0.0,0.0,0.0,0.0,0.0,0.0,2709,9242,6533
2020-04-22T23:00:00,5580.0,0.0,1419.1630789302033,0.0,0.0,0.0,0.0,0.0,0.0,0.0,2447,9446,6999
2020-04-23T00:00:00,5580.0,-9.094947017729285e-14,630.0,0.0,0.0,0.0,288.8369210697973,0.0,0.0,0.0,2962,8883,5921
2020-04-23T01:00:00,5580.0,0.0,840.0,0.0,0.0,0.0,466.8369210697974,0.0,0.0,0.0,2532,8485,5953
2020-04-23T02:00:00,5580.0,-9.094947017729285e-14,630.0,0.0,0.0,0.0,189.8369210697973,0.0,0.0,0.0,2155,8175,6020
2020-04-23T03:00:00,5580.0,0.0,630.0,0.0,0.0,0.0,105.83692106979731,0.0,0.0,0.0,1673,7777,6104
2020-04-23T04:00:00,5580.0,-6.181721801112871e-14,630.0,0.0,0.0,0.0,75.83692106979731,0.0,0.0,0.0,1534,7668,6134
2020-04-23T05:00:00,5580.0,346.99051479889323,420.0,0.0,0.0,0.0,49.82743586869058,0.0,0.0,0.0,1576,7873,6297
2020-04-23T06:00:00,5580.0,466.54120517993584,543.6218737502668,0.0,0.0,0.0,0.0,0.0,0.0,0.0,1625,8215,6590
2020-04-23T07:00:00,5580.0,573.9999999999999,744.163078930203,0.0,0.0,0.0,0.0,0.0,0.0,0.0,1662,8560,6898
2020-04-23T08:00:00,5580.0,573.9999999999999,1080.0,0.0,0.0,0.0,0.0,221.16307893020297,0.0,0.0,1711,9166,7455
2020-04-23T09:00:00,5580.0,466.5412051799358,1080.0,0.0,0.0,0.0,0.0,482.6218737502669,0.0,0.0,1966,9575,7609
2020-04-23T10:00:00,5580.0,520.270602589997,0.0,0.0,0.0,0.0,0.0,562.8924763402055,0.0,0.0,2930,9593,6663
2020-04-23T11:00:00,5580.0,520.270602589997,0.0,0.0,0.0,0.0,0.0,384.8924763402056,0.0,0.0,3078,9563,6485
2020-04-23T12:00:00,5580.0,-9.094947017729285e-14,0.0,0.0,0.0,0.0,0.0,1132.1630789302026,0.0,0.0,3022,9734,6712
2020-04-23T13:00:00,5580.0,-1.3642420526593928e-13,0.0,0.0,0.0,69.91648930608824,0.0,545.2465896241146,0.0,0.0,3086,9281,6195
2020-04-23T14:00:00,5580.0,-6.821210263296964e-14,0.0,0.0,0.0,0.0,0.0,259.1630789302027,0.0,0.0,3029,8868,5839
2020-04-23T15:00:00,5580.0,-6.821210263296964e-14,0.0,0.0,0.0,34.1630789302027,0.0,0.0,0.0,0.0,2891,8505,5614
2020-04-23T16:00:00,5580.0,-6.821210263296964e-14,0.0,0.0,0.0,30.1630789302027,0.0,0.0,0.0,0.0,2707,8317,5610
2020-04-23T17:00:00,5580.0,-6.821210263296964e-14,0.0,0.0,0.0,384.1630789302027,0.0,0.0,0.0,0.0,2401,8365,5964
2020-04-23T18:00:00,5580.0,-6.821210263296964e-14,833.1630789302027,0.0,0.0,0.0,0.0,0.0,0.0,0.0,2343,8756,6413
2020-04-23T19:00:00,5580.0,-6.366462912410498e-13,949.163078930203,0.0,0.0,0.0,0.0,0.0,0.0,0.0,2476,9005,6529
2020-04-23T20:00:00,5580.0,-9.094947017729285e-14,840.0,0.0,0.0,0.0,86.83692106979731,0.0,0.0,0.0,2501,8834,6333
2020-04-23T21:00:00,5580.0,-9.094947017729285e-14,840.0,0.0,0.0,0.0,346.8369210697973,0.0,0.0,0.0,2739,8812,6073
2020-04-23T22:00:00,5580.0,2.728484105318785e-13,978.9076973255064,0.0,0.0,0.0,0.0,325.25538160469597,0.0,0.0,2291,9175,6884
2020-04-23T23:00:00,5580.0,2.728484105318785e-13,1010.1630789302026,0.0,0.0,0.0,0.0,0.0,0.0,0.0,2896,9486,6590
2020-04-24T00:00:00,5580.0,-9.09494701772928e-14,840.0,0.0,0.0,0.0,75.83692106979765,0.0,0.0,0.0,2674,9018,6344
2020-04-24T01:00:00,5580.0,2.728484105318785e-13,840.0,0.0,0.0,0.0,104.83692106979744,0.0,0.0,0.0,2326,8641,6315
2020-04-24T02:00:00,5580.0,-4.5474735088646414e-14,630.0,0.0,0.0,0.0,75.83692106979754,0.0,0.0,0.0,2142,8276,6134
2020-04-24T03:00:00,5580.0,2.728484105318785e-13,210.0,0.0,0.0,0.0,175.83692106979788,0.0,0.0,0.0,2169,7783,5614
2020-04-24T04:00:00,5580.0,-6.821210263296964e-14,0.0,0.0,0.0,0.0,252.83692106979743,0.0,0.0,0.0,2189,7516,5327
2020-04-24T05:00:00,5580.0,-6.821210263296964e-14,0.0,0.0,0.0,0.0,338.8369210697974,0.0,0.0,0.0,2298,7539,5241
2020-04-24T06:00:00,5580.0,0.0,0.0,0.0,0.0,0.0,456.83692106979765,0.0,0.0,0.0,2475,7598,5123
2020-04-24T07:00:00,5580.0,-6.821210263296964e-14,0.0,0.0,0.0,0.0,390.8369210697971,0.0,0.0,0.0,2502,7691,5189
2020-04-24T08:00:00,5580.0,1.3642420526593928e-13,0.0,0.0,0.0,0.0,742.8369210697977,0.0,0.0,0.0,3429,8266,4837
2020-04-24T09:00:00,5580.0,-6.821210263296964e-14,0.0,0.0,0.0,0.0,483.8369210697974,0.0,0.0,0.0,3781,8877,5096
2020-04-24T10:00:00,5580.0,-6.821210263296964e-14,0.0,0.0,0.0,0.0,481.8369210697974,0.0,0.0,0.0,4191,9289,5098
2020-04-24T11:00:00,5580.0,423.3033000641051,0.0,0.0,0.0,0.0,0.0,21.859778866097347,0.0,0.0,3539,9564,6025
2020-04-24T12:00:00,5580.0,-6.821210263296964e-14,0.0,0.0,0.0,0.0,447.8369210697974,0.0,0.0,0.0,4780,9912,5132
2020-04-24T13:00:00,5580.0,-6.821210263296964e-14,0.0,0.0,0.0,0.0,0.0,257.1630789302025,0.0,0.0,3674,9511,5837
2020-04-24T14:00:00,5580.0,-6.821210263296964e-14,0.0,0.0,0.0,0.0,131.83692106979743,0.0,0.0,0.0,3603,9051,5448
2020-04-24T15:00:00,5580.0,-6.821210263296964e-14,0.0,0.0,0.0,0.0,392.8369210697974,0.0,0.0,0.0,3553,8740,5187
2020-04-24T16:00:00,5580.0,2.728484105318784e-13,0.0,0.0,0.0,0.0,1039.8369210697974,0.0,0.0,0.0,4117,8657,4540
2020-04-24T17:00:00,5580.0,-1.818989403545857e-13,576.1630789302025,0.0,0.0,0.0,0.0,0.0,0.0,0.0,2650,8806,6156
2020-04-24T18:00:00,5580.0,-6.821210263296964e-14,1080.0,0.0,0.0,0.0,0.0,233.16307893020252,0.0,0.0,2374,9267,6893
2020-04-24T19:00:00,5580.0,-2.728484105318785e-13,420.0,0.0,0.0,0.0,0.0,1095.1630789302023,0.0,0.0,2534,9629,7095
2020-04-24T20:00:00,5580.0,2.728484105318785e-13,420.0,0.0,0.0,0.0,42.83692106979743,0.0,0.0,0.0,3628,9585,5957
2020-04-24T21:00:00,5580.0,0.0,1492.1630789302026,0.0,0.0,0.0,0.0,0.0,0.0,0.0,2580,9652,7072
2020-04-24T22:00:00,5580.0,2.728484105318785e-13,840.0,0.0,0.0,0.0,31.836921069797427,0.0,0.0,0.0,3563,9951,6388
2020-04-24T23:00:00,5580.0,-1.35003119794419e-13,1265.1630789302026,0.0,0.0,0.0,0.0,0.0,0.0,0.0,3316,10161,6845
2020-04-25T00:00:00,5580.0,6.821210263296964e-14,840.0,0.0,0.0,0.0,229.83692106979697,0.0,0.0,0.0,3527,9717,6190
2020-04-25T01:00:00,5580.0,-6.821210263296964e-14,1567.1630789302028,0.0,0.0,0.0,0.0,0.0,0.0,0.0,2296,9443,7147
2020-04-25T02:00:00,5580.0,6.821210263296964e-14,1480.163078930203,0.0,0.0,0.0,0.0,0.0,0.0,0.0,2159,9219,7060
2020-04-25T03:00:00,5580.0,0.0,1362.1630789302033,0.0,0.0,0.0,0.0,0.0,0.0,0.0,1943,8885,6942
2020-04-25T04:00:00,5580.0,0.0,1404.163078930203,0.0,0.0,0.0,0.0,0.0,0.0,0.0,1923,8907,6984
2020-04-25T05:00:00,5580.0,6.821210263296964e-14,2078.163078930203,0.0,0.0,0.0,0.0,0.0,0.0,0.0,1891,9549,7658
2020-04-25T06:00:00,5580.0,6.821210263296964e-14,2160.0,0.0,0.0,0.0,0.0,944.163078930202,0.0,0.0,1928,10612,8684
2020-04-25T07:00:00,5580.0,6.821210263296964e-14,2160.0,0.0,0.0,523.1630789302012,0.0,1200.0,0.0,0.0,1931,11394,9463
2020-04-25T08:00:00,5580.0,0.0,2160.0,0.0,0.0,1128.8767390748417,0.0,671.28633985536,0.0,0.0,2357,11897,9540
2020-04-25T09:00:00,5580.0,0.0,2160.0,0.0,0.0,627.1630789302022,0.0,0.0,0.0,0.0,3738,12105,8367
2020-04-25T10:00:00,5580.0,108.76143586146328,1300.18131014647,0.0,0.0,2433.2203329222684,0.0,0.0,0.0,0.0,2662,12084,9422
2020-04-25T11:00:00,5580.0,533.2542721853554,2160.0,0.0,0.0,869.908806744846,0.0,0.0,0.0,0.0,2959,12102,9143
2020-04-25T12:00:00,5580.0,533.2542721853554,1258.9088067448479,0.0,0.0,0.0,0.0,0.0,0.0,0.0,4782,12154,7372
2020-04-25T13:00:00,5580.0,533.2542721853554,2160.0,0.0,0.0,457.90880674484686,0.0,0.0,0.0,0.0,3276,12007,8731
2020-04-25T14:00:00,5580.0,533.2542721853554,2160.0,0.0,0.0,322.90880674484686,0.0,0.0,0.0,0.0,3089,11685,8596
2020-04-25T15:00:00,5580.0,533.2542721853554,2160.0,0.0,0.0,53.90880674484686,0.0,0.0,0.0,0.0,2918,11245,8327
2020-04-25T16:00:00,5580.0,508.8785601544628,840.0,0.0,0.0,21.284518775740327,0.0,0.0,0.0,0.0,4095,11045,6950
2020-04-25T17:00:00,5580.0,440.09450362273174,1321.0685753074713,0.0,0.0,0.0,0.0,0.0,0.0,0.0,3674,11015,7341
2020-04-25T18:00:00,5580.0,0.0,2160.0,0.0,0.0,1408.1630789302012,0.0,0.0,0.0,0.0,2280,11428,9148
2020-04-25T19:00:00,5580.0,-6.821210263296964e-14,2160.0,0.0,0.0,1141.163078930202,0.0,0.0,0.0,0.0,2889,11770,8881
2020-04-25T20:00:00,5580.0,0.0,2160.0,0.0,0.0,1572.1630789302012,0.0,0.0,0.0,0.0,2037,11349,9312
2020-04-25T21:00:00,5580.0,0.0,2160.0,0.0,0.0,1509.163078930201,0.0,0.0,0.0,0.0,1879,11128,9249
2020-04-25T22:00:00,5580.0,0.0,2160.0,0.0,0.0,69.16307893020301,0.0,0.0,0.0,0.0,3538,11347,7809
2020-04-25T23:00:00,5580.0,0.0,2160.0,0.0,0.0,1785.1630789302003,0.0,0.0,0.0,0.0,1981,11506,9525
2020-04-26T00:00:00,5580.0,0.0,2119.1630789302026,0.0,0.0,0.0,0.0,0.0,0.0,0.0,3309,11008,7699
2020-04-26T01:00:00,5580.0,0.0,2160.0,0.0,0.0,1103.1630789302028,0.0,0.0,0.0,0.0,1872,10715,8843
2020-04-26T02:00:00,5580.0,0.0,2098.1630789302026,0.0,0.0,0.0,0.0,0.0,0.0,0.0,2819,10497,7678
2020-04-26T03:00:00,5580.0,-1.3642420526593928e-13,2160.0,0.0,0.0,541.1630789302017,0.0,0.0,0.0,0.0,1875,10156,8281
2020-04-26T04:00:00,5580.0,0.0,2160.0,0.0,0.0,511.163078930202,0.0,0.0,0.0,0.0,1869,10120,8251
2020-04-26T05:00:00,5580.0,543.5866998099349,2160.0,0.0,0.0,402.5763791202667,0.0,0.0,0.0,0.0,1981,10667,8686
2020-04-26T06:00:00,5580.0,543.5866998099349,2160.0,0.0,0.0,1161.5763791202676,0.0,0.0,0.0,0.0,2197,11642,9445
2020-04-26T07:00:00,5580.0,543.5866998099349,2160.0,0.0,0.0,374.5763791202667,0.0,0.0,0.0,0.0,3703,12361,8658
2020-04-26T08:00:00,5580.0,543.5866998099349,2160.0,0.0,0.0,1818.576379120268,0.0,0.0,0.0,0.0,2565,12667,10102
2020-04-26T09:00:00,5580.0,543.5866998099349,2160.0,0.0,0.0,1596.5763791202676,0.0,0.0,0.0,0.0,2782,12662,9880
2020-04-26T10:00:00,5580.0,543.5866998099349,2160.0,0.0,0.0,1392.5763791202676,0.0,0.0,0.0,0.0,2801,12477,9676
2020-04-26T11:00:00,5580.0,543.5866998099349,2160.0,0.0,0.0,1035.5763791202676,0.0,0.0,0.0,0.0,3071,12390,9319
2020-04-26T12:00:00,5580.0,517.4889165082792,1310.6741624219235,0.0,0.0,0.0,0.0,0.0,0.0,0.0,4921,12329,7408
2020-04-26T13:00:00,5580.0,0.0,2160.0,0.0,0.0,752.163078930202,0.0,0.0,0.0,0.0,3600,12092,8492
2020-04-26T14:00:00,5580.0,0.0,2160.0,0.0,0.0,563.1630789302017,0.0,0.0,0.0,0.0,3454,11757,8303
2020-04-26T15:00:00,5580.0,0.0,2160.0,0.0,0.0,355.16307893020263,0.0,0.0,0.0,0.0,3246,11341,8095
2020-04-26T16:00:00,5580.0,0.0,2160.0,0.0,0.0,286.1630789302025,0.0,0.0,0.0,0.0,3065,11091,8026
2020-04-26T17:00:00,5580.0,0.0,1092.1630789302026,0.0,0.0,0.0,0.0,0.0,0.0,0.0,4349,11021,6672
2020-04-26T18:00:00,5580.0,0.0,2160.0,0.0,0.0,709.1630789302011,0.0,0.0,0.0,0.0,2978,11427,8449
2020-04-26T19:00:00,5580.0,5.6843418860808e-15,1563.1630789302026,0.0,0.0,0.0,0.0,0.0,0.0,0.0,4490,11633,7143
2020-04-26T20:00:00,5580.0,0.0,2160.0,0.0,0.0,633.1630789302017,0.0,0.0,0.0,0.0,2824,11197,8373
2020-04-26T21:00:00,5580.0,0.0,2160.0,0.0,0.0,591.1630789302017,0.0,0.0,0.0,0.0,2774,11105,8331
2020-04-26T22:00:00,5580.0,0.0,2160.0,0.0,0.0,894.163078930202,0.0,0.0,0.0,0.0,2729,11363,8634
2020-04-26T23:00:00,5580.0,9.094947017729285e-14,2160.0,0.0,0.0,1307.1630789302023,0.0,0.0,0.0,0.0,2491,11538,9047
2020-04-27T00:00:00,5580.0,-4.5474735088646414e-14,1793.1630789302021,0.0,0.0,0.0,0.0,0.0,0.0,0.0,3730,11103,7373
2020-04-27T01:00:00,5580.0,8.185452315956353e-13,2160.0,0.0,0.0,806.1630789302005,0.0,0.0,0.0,0.0,2272,10818,8546
2020-04-27T02:00:00,5580.0,0.0,1969.1630789302021,0.0,0.0,0.0,0.0,0.0,0.0,0.0,3055,10604,7549
2020-04-27T03:00:00,5580.0,-2.728484105318785e-13,2160.0,0.0,0.0,290.16307893020183,0.0,0.0,0.0,0.0,2229,10259,8030
2020-04-27T04:00:00,5580.0,2.728484105318785e-13,1995.1630789302021,0.0,0.0,0.0,0.0,0.0,0.0,0.0,2642,10217,7575
2020-04-27T05:00:00,5580.0,0.0,2160.0,0.0,0.0,819.1630789302011,0.0,0.0,0.0,0.0,2203,10762,8559
2020-04-27T06:00:00,5580.0,0.0,2160.0,0.0,0.0,1706.163078930202,0.0,0.0,0.0,0.0,2289,11735,9446
2020-04-27T07:00:00,5580.0,0.0,2160.0,0.0,0.0,583.1630789302019,0.0,0.0,0.0,0.0,4130,12453,8323
2020-04-27T08:00:00,5580.0,0.0,2160.0,0.0,0.0,1027.1630789302012,0.0,0.0,0.0,0.0,3984,12751,8767
2020-04-27T09:00:00,5580.0,0.0,2160.0,0.0,0.0,2047.163078930202,0.0,0.0,0.0,0.0,2917,12704,9787
2020-04-27T10:00:00,5580.0,21.12633203518249,2160.0,0.0,0.0,1800.0367468950196,0.0,0.0,0.0,0.0,2891,12452,9561
2020-04-27T11:00:00,5580.0,458.0225682220295,2160.0,0.0,0.0,1042.1405107081723,0.0,0.0,0.0,0.0,3019,12259,9240
2020-04-27T12:00:00,5580.0,99.65057219321511,2160.0,0.0,0.0,1081.512506736987,0.0,0.0,0.0,0.0,3141,12062,8921
2020-04-27T13:00:00,5580.0,-4.5474735088646414e-14,2160.0,0.0,0.0,792.1630789302012,0.0,0.0,0.0,0.0,3187,11719,8532
2020-04-27T14:00:00,5580.0,-4.5474735088646414e-14,1020.1630789302021,0.0,0.0,0.0,0.0,0.0,0.0,0.0,4705,11305,6600
2020-04-27T15:00:00,5580.0,0.0,1706.1630789302021,0.0,0.0,0.0,0.0,0.0,0.0,0.0,3513,10799,7286
2020-04-27T16:00:00,5580.0,0.0,2160.0,0.0,0.0,421.163078930203,0.0,0.0,0.0,0.0,2293,10454,8161
2020-04-27T17:00:00,5580.0,-4.5474735088646414e-14,1224.1630789302021,0.0,0.0,0.0,0.0,0.0,0.0,0.0,3517,10321,6804
2020-04-27T18:00:00,5580.0,-4.5474735088646414e-14,2160.0,0.0,0.0,587.1630789302012,0.0,0.0,0.0,0.0,2336,10663,8327
2020-04-27T19:00:00,5580.0,0.0,2160.0,0.0,0.0,55.16307893020215,0.0,0.0,0.0,0.0,2905,10700,7795
2020-04-27T20:00:00,5580.0,-2.728484105318785e-13,1620.0,0.0,0.0,23.16307893020252,0.0,0.0,0.0,0.0,3085,10308,7223
2020-04-27T21:00:00,5580.0,0.0,1620.0,0.0,0.0,1659.163078930202,0.0,0.0,0.0,0.0,1443,10302,8859
2020-04-27T22:00:00,5580.0,0.0,1620.0,0.0,0.0,221.1630789302021,0.0,0.0,0.0,0.0,3076,10497,7421
2020-04-27T23:00:00,5580.0,2.728484105318785e-13,1620.0,0.0,0.0,340.16307893020183,0.0,0.0,0.0,0.0,3079,10619,7540
2020-04-28T00:00:00,5580.0,0.0,1620.0,0.0,0.0,1496.1630789302023,0.0,0.0,0.0,0.0,1413,10109,8696
2020-04-28T01:00:00,5580.0,2.728484105318785e-13,900.1630789302028,0.0,0.0,0.0,0.0,0.0,0.0,0.0,3258,9738,6480
2020-04-28T02:00:00,5580.0,0.0,688.163078930203,0.0,0.0,0.0,0.0,0.0,0.0,0.0,3167,9435,6268
2020-04-28T03:00:00,5580.0,0.0,653.1630789302031,0.0,0.0,0.0,0.0,0.0,0.0,0.0,2783,9016,6233
2020-04-28T04:00:00,5580.0,0.0,1481.163078930203,0.0,0.0,0.0,0.0,0.0,0.0,0.0,1843,8904,7061
2020-04-28T05:00:00,5580.0,-2.728484105318785e-13,1990.1630789302035,0.0,0.0,0.0,0.0,0.0,0.0,0.0,1804,9374,7570
2020-04-28T06:00:00,5580.0,-4.5474735088646414e-14,2160.0,0.0,0.0,742.1630789302023,0.0,0.0,0.0,0.0,1805,10287,8482
2020-04-28T07:00:00,5580.0,1.818989403545857e-13,1929.163078930203,0.0,0.0,0.0,0.0,0.0,0.0,0.0,3467,10976,7509
2020-04-28T08:00:00,5580.0,0.0,2160.0,0.0,0.0,879.1630789302022,0.0,0.0,0.0,0.0,2704,11323,8619
2020-04-28T09:00:00,5580.0,137.00000000000003,1904.163078930203,0.0,0.0,0.0,0.0,0.0,0.0,0.0,3707,11328,7621
2020-04-28T10:00:00,5580.0,566.1055704232751,2065.0575085069268,0.0,0.0,0.0,0.0,0.0,0.0,0.0,2926,11137,8211
2020-04-28T11:00:00,5580.0,566.1055704232751,1620.0,0.0,0.0,238.057508506928,0.0,0.0,0.0,0.0,2959,10963,8004
2020-04-28T12:00:00,5580.0,566.1055704232751,0.0,0.0,0.0,0.0,305.942491493072,0.0,0.0,0.0,4911,10751,5840
2020-04-28T13:00:00,5580.0,566.1055704232751,0.0,0.0,0.0,0.0,754.942491493072,0.0,0.0,0.0,4966,10357,5391
2020-04-28T14:00:00,5580.0,566.1055704232751,0.0,0.0,0.0,463.057508506928,0.0,0.0,0.0,0.0,3337,9946,6609
2020-04-28T15:00:00,5580.0,566.1055704232751,0.0,0.0,0.0,0.0,1174.942491493072,0.0,0.0,0.0,4497,9468,4971
2020-04-28T16:00:00,5580.0,566.1055704232751,0.0,0.0,0.0,0.0,24.94249149307198,0.0,0.0,0.0,2995,9116,6121
2020-04-28T17:00:00,5580.0,334.1630789302027,0.0,0.0,0.0,0.0,1200.0,0.0,0.0,0.0,4225,8939,4714
2020-04-28T18:00:00,5580.0,521.8520160930914,0.0,0.0,0.0,0.0,0.0,597.3110628371118,0.0,0.0,2553,9252,6699
2020-04-28T19:00:00,5580.0,0.0,0.0,0.0,0.0,0.0,0.0,888.1630789302028,0.0,0.0,2711,9179,6468
2020-04-28T20:00:00,5580.0,9.094947017729285e-14,0.0,0.0,0.0,208.05974621830185,0.0,1110.1033327119014,0.0,0.0,1994,8892,6898
2020-04-28T21:00:00,5580.0,0.0,0.0,0.0,0.0,1557.1630789302033,0.0,0.0,0.0,0.0,1856,8993,7137
2020-04-28T22:00:00,5580.0,1.818989403545857e-13,0.0,0.0,0.0,13.163078930203184,0.0,0.0,0.0,0.0,3625,9218,5593
2020-04-28T23:00:00,5580.0,2.728484105318785e-13,0.0,0.0,0.0,1882.163078930203,0.0,0.0,0.0,0.0,1940,9402,7462
2020-04-29T00:00:00,1860.0,0.0,0.0,0.0,-3.979039320256561e-13,5022.163078930203,0.0,0.0,0.0,0.0,1983,8865,6882
2020-04-29T01:00:00,5580.0,1.818989403545857e-13,0.0,0.0,0.0,1236.163078930202,0.0,0.0,0.0,0.0,1705,8521,6816
2020-04-29T02:00:00,1860.0,0.0,0.0,0.0,1.1368683772161605e-13,3419.163078930202,0.0,0.0,0.0,0.0,2968,8247,5279
2020-04-29T03:00:00,5580.0,0.0,0.0,0.0,0.0,742.163078930202,0.0,0.0,0.0,0.0,1592,7914,6322
2020-04-29T04:00:00,5456.163078930203,0.0,0.0,0.0,0.0,0.0,0.0,0.0,0.0,0.0,2452,7908,5456
2020-04-29T05:00:00,5580.0,16.153108860307384,0.0,0.0,0.0,1299.0099700698952,0.0,0.0,0.0,0.0,1524,8419,6895
2020-04-29T06:00:00,5580.0,585.4893010557856,0.0,0.0,0.0,1696.673777874417,0.0,0.0,0.0,0.0,1496,9358,7862
2020-04-29T07:00:00,5580.0,585.4893010557856,0.0,0.0,0.0,2456.6737778744164,0.0,0.0,0.0,0.0,1493,10115,8622
2020-04-29T08:00:00,5580.0,585.4893010557856,0.0,0.0,0.0,1460.6737778744173,0.0,0.0,0.0,0.0,2863,10489,7626
2020-04-29T09:00:00,5580.0,585.4893010557856,0.0,0.0,0.0,2502.673777874416,0.0,0.0,0.0,0.0,1834,10502,8668
2020-04-29T10:00:00,5580.0,585.4893010557856,0.0,0.0,0.0,1469.6737778744173,0.0,0.0,0.0,0.0,2599,10234,7635
2020-04-29T11:00:00,5580.0,585.4893010557856,0.0,0.0,0.0,503.6737778744171,0.0,0.0,0.0,0.0,3326,9995,6669
2020-04-29T12:00:00,4884.066698323595,391.0963806066075,0.0,0.0,0.0,0.0,0.0,0.0,0.0,0.0,4588,9863,5275
2020-04-29T13:00:00,5394.163078930203,0.0,0.0,0.0,0.0,0.0,0.0,0.0,0.0,0.0,4112,9506,5394
2020-04-29T14:00:00,5377.163078930203,0.0,0.0,0.0,0.0,0.0,0.0,0.0,0.0,0.0,3847,9224,5377
2020-04-29T15:00:00,1860.0,0.0,0.0,0.0,0.0,3380.163078930203,0.0,0.0,0.0,0.0,3626,8866,5240
2020-04-29T16:00:00,5549.163078930203,0.0,0.0,0.0,0.0,0.0,0.0,0.0,0.0,0.0,3024,8573,5549
2020-04-29T17:00:00,1860.0,0.0,0.0,0.0,0.0,3369.1630789302035,0.0,0.0,0.0,0.0,3219,8448,5229
2020-04-29T18:00:00,5580.0,0.0,0.0,0.0,0.0,1058.1630789302028,0.0,0.0,0.0,0.0,1961,8599,6638
2020-04-29T19:00:00,5469.163078930203,0.0,0.0,0.0,0.0,0.0,0.0,0.0,0.0,0.0,3188,8657,5469
2020-04-29T20:00:00,5580.0,0.0,0.0,0.0,0.0,1005.163078930202,0.0,0.0,0.0,0.0,1745,8330,6585
2020-04-29T21:00:00,5580.0,0.0,0.0,0.0,0.0,1131.163078930203,0.0,0.0,0.0,0.0,1668,8379,6711
2020-04-29T22:00:00,5580.0,0.0,0.0,0.0,0.0,214.1630789302026,0.0,0.0,0.0,0.0,2871,8665,5794
2020-04-29T23:00:00,5580.0,0.0,0.0,0.0,0.0,523.1630789302028,0.0,0.0,0.0,0.0,2795,8898,6103
2020-04-30T00:00:00,5580.0,-5.6843418860808e-15,0.0,0.0,0.0,1161.1630789302026,0.0,0.0,0.0,0.0,1534,8275,6741
2020-04-30T01:00:00,5580.0,-5.6843418860808e-15,0.0,0.0,0.0,750.1630789302023,0.0,0.0,0.0,0.0,1531,7861,6330
2020-04-30T02:00:00,1860.0,-1.1368683772161607e-14,0.0,0.0,0.0,2828.163078930203,0.0,0.0,0.0,0.0,2830,7518,4688
2020-04-30T03:00:00,5580.0,0.0,0.0,0.0,0.0,103.16307893020212,0.0,0.0,0.0,0.0,1415,7098,5683
2020-04-30T04:00:00,5490.163078930203,-4.5474735088646414e-14,0.0,0.0,0.0,0.0,0.0,0.0,0.0,0.0,1453,6943,5490
2020-04-30T05:00:00,4233.1630789302035,-1.818989403545857e-13,0.0,0.0,0.0,0.0,0.0,0.0,0.0,0.0,2873,7106,4233
2020-04-30T06:00:00,4481.163078930203,-5.6843418860808e-15,0.0,0.0,0.0,0.0,0.0,0.0,0.0,0.0,2870,7351,4481
2020-04-30T07:00:00,4585.163078930203,-5.6843418860808e-15,0.0,0.0,0.0,0.0,0.0,0.0,0.0,0.0,3049,7634,4585
2020-04-30T08:00:00,5580.0,-5.6843418860808e-15,0.0,0.0,0.0,844.1630789302023,0.0,0.0,0.0,0.0,1707,8131,6424
2020-04-30T09:00:00,4544.163078930203,-5.6843418860808e-15,0.0,0.0,0.0,0.0,0.0,0.0,0.0,0.0,3897,8441,4544
2020-04-30T10:00:00,5580.0,-2.728484105318785e-13,0.0,0.0,0.0,67.16307893020266,0.0,0.0,0.0,0.0,2802,8449,5647
2020-04-30T11:00:00,5237.163078930203,-4.5474735088646414e-14,0.0,0.0,0.0,0.0,0.0,0.0,0.0,0.0,3182,8419,5237
2020-04-30T12:00:00,5376.163078930203,-4.5474735088646414e-14,0.0,0.0,0.0,0.0,0.0,0.0,0.0,0.0,3268,8644,5376
2020-04-30T13:00:00,5074.163078930202,-1.3642420526593928e-13,0.0,0.0,0.0,0.0,0.0,0.0,0.0,0.0,3184,8258,5074
2020-04-30T14:00:00,5061.163078930203,-4.5474735088646414e-14,0.0,0.0,0.0,0.0,0.0,0.0,0.0,0.0,2875,7936,5061
2020-04-30T15:00:00,5324.163078930203,0.0,0.0,0.0,0.0,0.0,0.0,0.0,0.0,0.0,2315,7639,5324
2020-04-30T16:00:00,5580.0,-4.547473508864643e-14,0.0,0.0,0.0,50.16307893020236,0.0,0.0,0.0,0.0,1805,7435,5630
2020-04-30T17:00:00,1860.0,-5.6843418860808e-15,0.0,0.0,0.0,3978.1630789302026,0.0,0.0,0.0,0.0,1569,7407,5838
2020-04-30T18:00:00,5261.163078930203,-5.6843418860808e-15,0.0,0.0,0.0,0.0,0.0,0.0,0.0,0.0,2392,7653,5261
2020-04-30T19:00:00,5294.163078930203,-5.6843418860808e-15,0.0,0.0,0.0,0.0,0.0,0.0,0.0,0.0,2521,7815,5294
2020-04-30T20:00:00,4165.835684805745,-5.6843418860808e-15,0.0,0.0,0.0,1348.3273941244584,0.0,0.0,0.0,0.0,2038,7552,5514
2020-04-30T21:00:00,5580.0,-5.6843418860808e-15,0.0,0.0,0.0,421.16307893020235,0.0,0.0,0.0,0.0,1592,7593,6001
2020-04-30T22:00:00,4883.163078930203,-5.456968210637569e-13,0.0,0.0,0.0,0.0,0.0,0.0,0.0,0.0,3115,7998,4883
2020-04-30T23:00:00,5580.0,-9.09494701772928e-14,0.0,0.0,0.0,689.1630789302028,0.0,0.0,0.0,0.0,2061,8330,6269
2020-05-01T00:00:00,4422.163078930203,0.0,0.0,0.0,0.0,0.0,0.0,0.0,0.0,0.0,3338,7760,4422
2020-05-01T01:00:00,3915.163078930202,-3.268496584496461e-14,0.0,0.0,0.0,0.0,0.0,0.0,0.0,0.0,3478,7393,3915
2020-05-01T02:00:00,5104.163078930202,0.0,0.0,0.0,0.0,0.0,0.0,0.0,0.0,0.0,1925,7029,5104
2020-05-01T03:00:00,3338.163078930202,0.0,0.0,0.0,0.0,0.0,0.0,0.0,0.0,0.0,3231,6569,3338
2020-05-01T04:00:00,3076.163078930202,0.0,0.0,0.0,0.0,0.0,0.0,0.0,0.0,0.0,3267,6343,3076
2020-05-01T05:00:00,4144.163078930203,1.818989403545856e-13,0.0,0.0,0.0,0.0,0.0,0.0,0.0,0.0,2233,6377,4144
2020-05-01T06:00:00,4055.1630789302026,0.0,0.0,0.0,0.0,0.0,0.0,0.0,0.0,0.0,2382,6437,4055
2020-05-01T07:00:00,3641.1630789302017,0.0,0.0,0.0,0.0,0.0,0.0,0.0,0.0,0.0,2875,6516,3641
2020-05-01T08:00:00,3695.163078930202,0.0,0.0,0.0,0.0,0.0,0.0,0.0,0.0,0.0,3237,6932,3695
2020-05-01T09:00:00,3805.1630789302026,0.0,0.0,0.0,0.0,0.0,0.0,0.0,0.0,0.0,3519,7324,3805
2020-05-01T10:00:00,3563.163078930202,0.0,0.0,0.0,0.0,0.0,0.0,0.0,0.0,0.0,4018,7581,3563
2020-05-01T11:00:00,3450.1630789302017,0.0,0.0,0.0,0.0,0.0,0.0,0.0,0.0,0.0,4344,7794,3450
2020-05-01T12:00:00,3689.163078930202,0.0,0.0,0.0,0.0,0.0,0.0,0.0,0.0,0.0,4459,8148,3689
2020-05-01T13:00:00,3613.163078930202,0.0,0.0,0.0,0.0,0.0,0.0,0.0,0.0,0.0,4135,7748,3613
2020-05-01T14:00:00,2026.1630789302021,0.0,0.0,0.0,0.0,0.0,0.0,0.0,0.0,0.0,5316,7342,2026
2020-05-01T15:00:00,1991.1630789302021,0.0,0.0,0.0,0.0,0.0,0.0,0.0,0.0,0.0,5042,7033,1991
2020-05-01T16:00:00,3880.163078930202,0.0,0.0,0.0,0.0,0.0,0.0,0.0,0.0,0.0,2971,6851,3880
2020-05-01T17:00:00,2400.1630789302026,0.0,0.0,0.0,0.0,0.0,0.0,0.0,0.0,0.0,4434,6834,2400
2020-05-01T18:00:00,3292.163078930202,-1.3642420526593928e-13,0.0,0.0,0.0,0.0,0.0,0.0,0.0,0.0,3853,7145,3292
2020-05-01T19:00:00,1860.0,0.0,0.0,0.0,0.0,1632.163078930202,0.0,0.0,0.0,0.0,4038,7530,3492
2020-05-01T20:00:00,4897.163078930202,0.0,0.0,0.0,0.0,0.0,0.0,0.0,0.0,0.0,2570,7467,4897
2020-05-01T21:00:00,1860.0,0.0,0.0,0.0,0.0,1843.1630789302023,0.0,0.0,0.0,0.0,3783,7486,3703
2020-05-01T22:00:00,5580.0,0.0,0.0,0.0,0.0,98.16307893020227,0.0,0.0,0.0,0.0,2135,7813,5678
2020-05-01T23:00:00,5580.0,0.0,0.0,0.0,0.0,226.1630789302024,0.0,0.0,0.0,0.0,2249,8055,5806
2020-05-02T00:00:00,4774.163078930203,0.0,0.0,0.0,0.0,0.0,0.0,0.0,0.0,0.0,3224,7998,4774
2020-05-02T01:00:00,5580.0,-2.7284841053187856e-13,0.0,0.0,0.0,244.16307893020283,0.0,0.0,0.0,0.0,1783,7607,5824
2020-05-02T02:00:00,4029.1630789302017,0.0,0.0,0.0,0.0,0.0,0.0,0.0,0.0,0.0,3257,7286,4029
2020-05-02T03:00:00,3870.1630789302017,0.0,0.0,0.0,0.0,0.0,0.0,0.0,0.0,0.0,3008,6878,3870
2020-05-02T04:00:00,4916.1630789302035,0.0,0.0,0.0,0.0,0.0,0.0,0.0,0.0,0.0,1847,6763,4916
2020-05-02T05:00:00,3804.1630789302017,0.0,0.0,0.0,0.0,0.0,0.0,0.0,0.0,0.0,3209,7013,3804
2020-05-02T06:00:00,5549.1630789302035,0.0,0.0,0.0,0.0,0.0,0.0,0.0,0.0,0.0,1892,7441,5549
2020-05-02T07:00:00,4524.163078930203,0.0,0.0,0.0,0.0,0.0,0.0,0.0,0.0,0.0,3352,7876,4524
2020-05-02T08:00:00,5580.0,0.0,0.0,0.0,0.0,724.1630789302034,0.0,0.0,0.0,0.0,2059,8363,6304
2020-05-02T09:00:00,4656.163078930203,0.0,0.0,0.0,0.0,0.0,0.0,0.0,0.0,0.0,4025,8681,4656
2020-05-02T10:00:00,5531.163078930203,0.0,0.0,0.0,0.0,0.0,0.0,0.0,0.0,0.0,3252,8783,5531
2020-05-02T11:00:00,5347.1630789302035,0.0,0.0,0.0,0.0,0.0,0.0,0.0,0.0,0.0,3560,8907,5347
2020-05-02T12:00:00,5423.1630789302035,0.0,0.0,0.0,0.0,0.0,0.0,0.0,0.0,0.0,3723,9146,5423
2020-05-02T13:00:00,5256.1630789302035,0.0,0.0,0.0,0.0,0.0,0.0,0.0,0.0,0.0,3635,8891,5256
2020-05-02T14:00:00,4391.163078930203,-2.728484105318785e-13,0.0,0.0,0.0,0.0,0.0,0.0,0.0,0.0,4242,8633,4391
2020-05-02T15:00:00,4374.163078930203,6.821210263296964e-14,0.0,0.0,0.0,0.0,0.0,0.0,0.0,0.0,3940,8314,4374
2020-05-02T16:00:00,5580.0,0.0,0.0,0.0,0.0,111.16307893020348,0.0,0.0,0.0,0.0,2392,8083,5691
2020-05-02T17:00:00,1860.0,0.0,0.0,0.0,0.0,2558.1630789302017,0.0,0.0,0.0,0.0,3588,8006,4418
2020-05-02T18:00:00,4466.163078930203,0.0,0.0,0.0,0.0,0.0,0.0,0.0,0.0,0.0,3713,8179,4466
2020-05-02T19:00:00,4689.163078930203,-3.4106051316484814e-14,0.0,0.0,0.0,0.0,0.0,0.0,0.0,0.0,3558,8247,4689
2020-05-02T20:00:00,5580.0,0.0,0.0,0.0,0.0,143.16307893020348,0.0,0.0,0.0,0.0,2154,7877,5723
2020-05-02T21:00:00,5580.0,0.0,0.0,0.0,0.0,100.16307893020348,0.0,0.0,0.0,0.0,2172,7852,5680
2020-05-02T22:00:00,4614.163078930203,0.0,0.0,0.0,0.0,0.0,0.0,0.0,0.0,0.0,3590,8204,4614
2020-05-02T23:00:00,5580.0,3.637978807091713e-13,0.0,0.0,0.0,785.1630789302025,0.0,0.0,0.0,0.0,2049,8414,6365
2020-05-03T00:00:00,5580.0,0.0,0.0,0.0,0.0,212.1630789302036,0.0,0.0,0.0,0.0,2011,7803,5792
2020-05-03T01:00:00,5428.1630789302035,2.2737367544323226e-14,0.0,0.0,0.0,0.0,0.0,0.0,0.0,0.0,1947,7375,5428
2020-05-03T02:00:00,4981.1630789302035,3.637978807091713e-13,0.0,0.0,0.0,0.0,0.0,0.0,0.0,0.0,2016,6997,4981
2020-05-03T03:00:00,4536.163078930203,0.0,0.0,0.0,0.0,0.0,0.0,0.0,0.0,0.0,1975,6511,4536
2020-05-03T04:00:00,3835.163078930202,0.0,0.0,0.0,0.0,0.0,0.0,0.0,0.0,0.0,2405,6240,3835
2020-05-03T05:00:00,4257.163078930203,0.0,0.0,0.0,0.0,0.0,0.0,0.0,0.0,0.0,1932,6189,4257
2020-05-03T06:00:00,4300.163078930203,0.0,0.0,0.0,0.0,0.0,0.0,0.0,0.0,0.0,1863,6163,4300
2020-05-03T07:00:00,4354.163078930203,0.0,0.0,0.0,0.0,0.0,0.0,0.0,0.0,0.0,1906,6260,4354
2020-05-03T08:00:00,4575.163078930202,2.728484105318785e-13,0.0,0.0,0.0,0.0,0.0,0.0,0.0,0.0,2119,6694,4575
2020-05-03T09:00:00,4151.163078930203,0.0,0.0,0.0,0.0,0.0,0.0,0.0,0.0,0.0,3016,7167,4151
2020-05-03T10:00:00,3563.1630789302017,0.0,0.0,0.0,0.0,0.0,0.0,0.0,0.0,0.0,3967,7530,3563
2020-05-03T11:00:00,3527.1630789302017,0.0,0.0,0.0,0.0,0.0,0.0,0.0,0.0,0.0,4302,7829,3527
2020-05-03T12:00:00,3815.1630789302017,0.0,0.0,0.0,0.0,0.0,0.0,0.0,0.0,0.0,4446,8261,3815
2020-05-03T13:00:00,3642.163078930202,0.0,0.0,0.0,0.0,0.0,0.0,0.0,0.0,0.0,4299,7941,3642
2020-05-03T14:00:00,3973.1630789302017,0.0,0.0,0.0,0.0,0.0,0.0,0.0,0.0,0.0,3647,7620,3973
2020-05-03T15:00:00,4327.163078930203,0.0,0.0,0.0,0.0,0.0,0.0,0.0,0.0,0.0,3001,7328,4327
2020-05-03T16:00:00,4576.163078930203,0.0,0.0,0.0,0.0,0.0,0.0,0.0,0.0,0.0,2576,7152,4576
2020-05-03T17:00:00,4842.163078930202,3.637978807091713e-13,0.0,0.0,0.0,0.0,0.0,0.0,0.0,0.0,2300,7142,4842
2020-05-03T18:00:00,5319.1630789302035,0.0,0.0,0.0,0.0,0.0,0.0,0.0,0.0,0.0,2107,7426,5319
2020-05-03T19:00:00,5110.1630789302035,0.0,0.0,0.0,0.0,0.0,0.0,0.0,0.0,0.0,2572,7682,5110
2020-05-03T20:00:00,1860.0,0.0,0.0,0.0,0.0,3413.1630789302035,0.0,0.0,0.0,0.0,2206,7479,5273
2020-05-03T21:00:00,4917.1630789302035,0.0,0.0,0.0,0.0,0.0,0.0,0.0,0.0,0.0,2639,7556,4917
2020-05-03T22:00:00,5580.0,0.0,0.0,0.0,0.0,206.16307893020257,0.0,0.0,0.0,0.0,2136,7922,5786
2020-05-03T23:00:00,5580.0,0.0,0.0,0.0,0.0,279.16307893020286,0.0,0.0,0.0,0.0,2283,8142,5859
2020-05-04T00:00:00,5305.1630789302035,2.728484105318785e-13,0.0,0.0,0.0,0.0,0.0,0.0,0.0,0.0,2210,7515,5305
2020-05-04T01:00:00,4979.1630789302035,-2.728484105318785e-13,0.0,0.0,0.0,0.0,0.0,0.0,0.0,0.0,2195,7174,4979
2020-05-04T02:00:00,4657.163078930202,8.185452315956353e-13,0.0,0.0,0.0,0.0,0.0,0.0,0.0,0.0,2220,6877,4657
2020-05-04T03:00:00,4378.163078930203,2.728484105318785e-13,0.0,0.0,0.0,0.0,0.0,0.0,0.0,0.0,2126,6504,4378
2020-05-04T04:00:00,4370.163078930203,2.728484105318785e-13,0.0,0.0,0.0,0.0,0.0,0.0,0.0,0.0,2105,6475,4370
2020-05-04T05:00:00,4882.163078930202,0.0,0.0,0.0,0.0,0.0,0.0,0.0,0.0,0.0,2112,6994,4882
2020-05-04T06:00:00,5580.0,0.0,0.0,0.0,0.0,236.16307893020317,0.0,0.0,0.0,0.0,2112,7928,5816
2020-05-04T07:00:00,5580.0,0.0,0.0,0.0,0.0,278.1630789302028,0.0,0.0,0.0,0.0,2829,8687,5858
2020-05-04T08:00:00,5580.0,0.0,0.0,0.0,0.0,1194.1630789302033,0.0,0.0,0.0,0.0,2383,9157,6774
2020-05-04T09:00:00,5289.1630789302035,0.0,0.0,0.0,0.0,0.0,0.0,0.0,0.0,0.0,4128,9417,5289
2020-05-04T10:00:00,4616.163078930203,0.0,0.0,0.0,0.0,0.0,0.0,0.0,0.0,0.0,4900,9516,4616
2020-05-04T11:00:00,5099.1630789302035,0.0,0.0,0.0,0.0,0.0,0.0,0.0,0.0,0.0,4541,9640,5099
2020-05-04T12:00:00,4910.1630789302035,0.0,0.0,0.0,0.0,0.0,0.0,0.0,0.0,0.0,4798,9708,4910
2020-05-04T13:00:00,4520.163078930203,-1.818989403545857e-13,0.0,0.0,0.0,0.0,0.0,0.0,0.0,0.0,5047,9567,4520
2020-05-04T14:00:00,4541.163078930203,0.0,0.0,0.0,0.0,0.0,0.0,0.0,0.0,0.0,4845,9386,4541
2020-05-04T15:00:00,5580.0,-2.728484105318785e-13,0.0,0.0,0.0,148.16307893020348,0.0,0.0,0.0,0.0,3377,9105,5728
2020-05-04T16:00:00,5580.0,0.0,0.0,0.0,0.0,533.1630789302028,0.0,0.0,0.0,0.0,2767,8880,6113
2020-05-04T17:00:00,5580.0,0.0,0.0,0.0,0.0,522.163078930203,0.0,0.0,0.0,0.0,2614,8716,6102
2020-05-04T18:00:00,5426.1630789302035,2.728484105318785e-13,0.0,0.0,0.0,0.0,0.0,0.0,0.0,0.0,3482,8908,5426
2020-05-04T19:00:00,5580.0,8.185452315956353e-13,0.0,0.0,0.0,743.1630789302025,0.0,0.0,0.0,0.0,2703,9026,6323
2020-05-04T20:00:00,5580.0,0.0,0.0,0.0,0.0,48.163078930203056,0.0,0.0,0.0,0.0,2883,8511,5628
2020-05-04T21:00:00,4663.163078930203,0.0,0.0,0.0,0.0,0.0,0.0,0.0,0.0,0.0,3701,8364,4663
2020-05-04T22:00:00,5580.0,2.728484105318785e-13,0.0,0.0,0.0,123.16307893020308,0.0,0.0,0.0,0.0,2865,8568,5703
2020-05-04T23:00:00,5041.163078930203,6.366462912410498e-13,0.0,0.0,0.0,0.0,0.0,0.0,0.0,0.0,3687,8728,5041
2020-05-05T00:00:00,5520.1630789302035,-3.637978807091713e-13,0.0,0.0,0.0,0.0,0.0,0.0,0.0,0.0,2615,8135,5520
2020-05-05T01:00:00,4864.163078930203,0.0,0.0,0.0,0.0,0.0,0.0,0.0,0.0,0.0,2860,7724,4864
2020-05-05T02:00:00,4531.163078930202,0.0,0.0,0.0,0.0,0.0,0.0,0.0,0.0,0.0,2891,7422,4531
2020-05-05T03:00:00,3989.163078930202,0.0,0.0,0.0,0.0,0.0,0.0,0.0,0.0,0.0,3041,7030,3989
2020-05-05T04:00:00,3883.163078930202,0.0,0.0,0.0,0.0,0.0,0.0,0.0,0.0,0.0,3062,6945,3883
2020-05-05T05:00:00,4348.163078930203,0.0,0.0,0.0,0.0,0.0,0.0,0.0,0.0,0.0,3003,7351,4348
2020-05-05T06:00:00,4957.1630789302035,0.0,0.0,0.0,0.0,0.0,0.0,0.0,0.0,0.0,3226,8183,4957
2020-05-05T07:00:00,5477.163078930203,0.0,0.0,0.0,0.0,0.0,0.0,0.0,0.0,0.0,3377,8854,5477
2020-05-05T08:00:00,5380.163078930203,0.0,0.0,0.0,0.0,0.0,0.0,0.0,0.0,0.0,3861,9241,5380
2020-05-05T09:00:00,4973.1630789302035,-2.728484105318785e-13,0.0,0.0,0.0,0.0,0.0,0.0,0.0,0.0,4422,9395,4973
2020-05-05T10:00:00,4237.163078930203,0.0,0.0,0.0,0.0,0.0,0.0,0.0,0.0,0.0,5244,9481,4237
2020-05-05T11:00:00,4177.163078930203,0.0,0.0,0.0,0.0,0.0,0.0,0.0,0.0,0.0,5419,9596,4177
2020-05-05T12:00:00,4143.163078930203,0.0,0.0,0.0,0.0,0.0,0.0,0.0,0.0,0.0,5529,9672,4143
2020-05-05T13:00:00,4169.163078930203,0.0,0.0,0.0,0.0,0.0,0.0,0.0,0.0,0.0,5359,9528,4169
2020-05-05T14:00:00,4180.163078930202,0.0,0.0,0.0,0.0,0.0,0.0,0.0,0.0,0.0,5228,9408,4180
2020-05-05T15:00:00,4316.163078930202,0.0,0.0,0.0,0.0,0.0,0.0,0.0,0.0,0.0,4838,9154,4316
2020-05-05T16:00:00,4335.163078930202,0.0,0.0,0.0,0.0,0.0,0.0,0.0,0.0,0.0,4602,8937,4335
2020-05-05T17:00:00,1860.0,0.0,0.0,0.0,0.0,2366.163078930202,0.0,0.0,0.0,0.0,4575,8801,4226
2020-05-05T18:00:00,4208.163078930202,6.821210263296964e-14,0.0,0.0,0.0,0.0,0.0,0.0,0.0,0.0,4761,8969,4208
2020-05-05T19:00:00,4133.163078930203,0.0,0.0,0.0,0.0,0.0,0.0,0.0,0.0,0.0,4874,9007,4133
2020-05-05T20:00:00,3701.163078930202,0.0,0.0,0.0,0.0,0.0,0.0,0.0,0.0,0.0,4792,8493,3701
2020-05-05T21:00:00,3807.1630789302017,0.0,0.0,0.0,0.0,0.0,0.0,0.0,0.0,0.0,4596,8403,3807
2020-05-05T22:00:00,4224.163078930203,0.0,0.0,0.0,0.0,0.0,0.0,0.0,0.0,0.0,4400,8624,4224
2020-05-05T23:00:00,4150.163078930203,-3.637978807091713e-13,0.0,0.0,0.0,0.0,0.0,0.0,0.0,0.0,4616,8766,4150
2020-05-06T00:00:00,4800.163078930202,3.637978807091713e-13,0.0,0.0,4.547473508864641e-13,0.0,1200.0,0.0,0.0,0.0,4562,8162,3600
2020-05-06T01:00:00,4446.163078930203,0.0,0.0,-5.115907697472721e-13,0.0,0.0,1200.0,0.0,0.0,0.0,4463,7709,3246
2020-05-06T02:00:00,4155.163078930202,1.818989403545857e-13,0.0,0.0,4.547473508864641e-13,0.0,1200.0,0.0,0.0,0.0,4439,7394,2955
2020-05-06T03:00:00,3714.1630789302026,-2.728484105318785e-13,0.0,0.0,0.0,0.0,1200.0,0.0,0.0,0.0,4505,7019,2514
2020-05-06T04:00:00,3680.1630789302026,-2.728484105318785e-13,0.0,0.0,0.0,0.0,1200.0,0.0,0.0,0.0,4444,6924,2480
2020-05-06T05:00:00,4206.163078930202,-9.094947017729285e-14,0.0,0.0,0.0,0.0,1200.0,0.0,0.0,0.0,4338,7344,3006
2020-05-06T06:00:00,5129.163078930203,-9.094947017729285e-14,0.0,0.0,0.0,0.0,1200.0,0.0,0.0,0.0,4271,8200,3929
2020-05-06T07:00:00,5580.0,-9.094947017729285e-14,0.0,0.0,0.0,0.0,1026.8369210697977,0.0,0.0,0.0,4381,8934,4553
2020-05-06T08:00:00,5580.0,2.728484105318785e-13,0.0,0.0,0.0,0.0,563.8369210697979,0.0,0.0,0.0,4284,9300,5016
2020-05-06T09:00:00,5580.0,9.094947017729285e-14,0.0,0.0,0.0,0.0,393.83692106979777,0.0,0.0,0.0,4303,9489,5186
2020-05-06T10:00:00,5580.0,1.0231815394945445e-13,0.0,0.0,0.0,0.0,652.8369210697979,0.0,0.0,0.0,4634,9561,4927
2020-05-06T11:00:00,5580.0,0.0,0.0,0.0,0.0,0.0,380.83692106979777,0.0,0.0,0.0,4462,9661,5199
2020-05-06T12:00:00,5580.0,0.0,0.0,0.0,0.0,0.0,191.8369210697973,0.0,0.0,0.0,4381,9769,5388
2020-05-06T13:00:00,5580.0,-9.094947017729285e-14,0.0,0.0,0.0,0.0,248.83692106979765,0.0,0.0,0.0,4263,9594,5331
2020-05-06T14:00:00,5580.0,-2.728484105318785e-13,0.0,0.0,0.0,0.0,345.8369210697979,0.0,0.0,0.0,4160,9394,5234
2020-05-06T15:00:00,5580.0,0.0,0.0,0.0,0.0,0.0,470.83692106979777,0.0,0.0,0.0,4002,9111,5109
2020-05-06T16:00:00,5580.0,2.728484105318785e-13,0.0,0.0,0.0,0.0,372.8369210697979,0.0,0.0,0.0,3653,8860,5207
2020-05-06T17:00:00,5580.0,-2.728484105318785e-13,0.0,0.0,0.0,0.0,410.8369210697974,0.0,0.0,0.0,3643,8812,5169
2020-05-06T18:00:00,5580.0,0.0,0.0,0.0,0.0,0.0,223.83692106979777,0.0,0.0,0.0,3636,8992,5356
2020-05-06T19:00:00,5580.0,0.0,0.0,0.0,0.0,0.0,0.0,39.163078930202346,0.0,0.0,3380,8999,5619
2020-05-06T20:00:00,5580.0,0.0,0.0,0.0,0.0,0.0,359.83692106979777,0.0,0.0,0.0,3286,8506,5220
2020-05-06T21:00:00,5580.0,0.0,0.0,0.0,0.0,0.0,477.83692106979777,0.0,0.0,0.0,3358,8460,5102
2020-05-06T22:00:00,5580.0,-9.09494701772928e-14,0.0,0.0,0.0,0.0,219.83692106979765,0.0,0.0,0.0,3411,8771,5360
2020-05-06T23:00:00,5580.0,9.09494701772928e-14,0.0,0.0,0.0,0.0,13.836921069798336,0.0,0.0,0.0,3375,8941,5566
2020-05-07T00:00:00,5580.0,1.818989403545857e-13,0.0,0.0,0.0,0.0,1061.8369210697974,0.0,0.0,0.0,3412,7930,4518
2020-05-07T01:00:00,5475.163078930203,0.0,0.0,0.0,0.0,0.0,1200.0,0.0,0.0,0.0,3250,7525,4275
2020-05-07T02:00:00,5275.163078930202,0.0,0.0,0.0,0.0,0.0,1200.0,0.0,0.0,0.0,3117,7192,4075
2020-05-07T03:00:00,4940.163078930202,0.0,0.0,0.0,0.0,0.0,1200.0,0.0,0.0,0.0,3035,6775,3740
2020-05-07T04:00:00,4891.163078930202,1.0913936421275138e-12,0.0,0.0,0.0,0.0,1200.0,0.0,0.0,0.0,2955,6646,3691
2020-05-07T05:00:00,5046.163078930202,0.0,0.0,0.0,0.0,0.0,1200.0,0.0,0.0,0.0,3030,6876,3846
2020-05-07T06:00:00,5546.163078930203,0.0,0.0,0.0,0.0,0.0,1200.0,0.0,0.0,0.0,2946,7292,4346
2020-05-07T07:00:00,5580.0,0.0,0.0,0.0,0.0,0.0,535.836921069798,0.0,0.0,0.0,2694,7738,5044
2020-05-07T08:00:00,5580.0,3.637978807091713e-13,0.0,0.0,0.0,0.0,67.83692106979834,0.0,0.0,0.0,2768,8280,5512
2020-05-07T09:00:00,5580.0,0.0,0.0,0.0,0.0,0.0,0.0,326.163078930202,0.0,0.0,2776,8682,5906
2020-05-07T10:00:00,5580.0,0.0,0.0,0.0,0.0,0.0,0.0,518.1630789302019,0.0,0.0,2765,8863,6098
2020-05-07T11:00:00,5580.0,0.0,0.0,0.0,0.0,0.0,0.0,534.1630789302019,0.0,0.0,2922,9036,6114
2020-05-07T12:00:00,5580.0,0.0,0.0,0.0,0.0,0.0,0.0,756.163078930202,0.0,0.0,2956,9292,6336
2020-05-07T13:00:00,5580.0,0.0,0.0,0.0,0.0,0.0,0.0,362.1630789302027,0.0,0.0,3090,9032,5942
2020-05-07T14:00:00,5580.0,0.0,0.0,0.0,0.0,0.0,0.8369210697978815,0.0,0.0,0.0,3177,8756,5579
2020-05-07T15:00:00,5580.0,0.0,0.0,0.0,0.0,0.0,587.836921069798,0.0,0.0,0.0,3427,8419,4992
2020-05-07T16:00:00,5580.0,0.0,0.0,0.0,0.0,0.0,933.8369210697977,0.0,0.0,0.0,3528,8174,4646
2020-05-07T17:00:00,5580.0,1.0913936421275138e-12,0.0,0.0,0.0,0.0,909.836921069798,0.0,0.0,0.0,3445,8115,4670
2020-05-07T18:00:00,5580.0,0.0,0.0,0.0,0.0,0.0,837.8369210697974,0.0,0.0,0.0,3623,8365,4742
2020-05-07T19:00:00,5580.0,0.0,0.0,0.0,0.0,0.0,867.8369210697979,0.0,0.0,0.0,3864,8576,4712
2020-05-07T20:00:00,5580.0,0.0,0.0,0.0,0.0,0.0,796.8369210697974,0.0,0.0,0.0,3391,8174,4783
2020-05-07T21:00:00,5580.0,0.0,0.0,0.0,0.0,0.0,777.8369210697974,0.0,0.0,0.0,3268,8070,4802
2020-05-07T22:00:00,5580.0,-5.456968210637569e-13,0.0,0.0,0.0,0.0,298.836921069797,0.0,0.0,0.0,3143,8424,5281
2020-05-07T23:00:00,5580.0,3.637978807091713e-13,0.0,0.0,0.0,0.0,135.83692106979788,0.0,0.0,0.0,3232,8676,5444
2020-05-08T00:00:00,5580.0,-9.094947017729285e-14,0.0,0.0,0.0,0.0,396.8369210697973,0.0,0.0,0.0,2926,8109,5183
2020-05-08T01:00:00,5580.0,0.0,0.0,0.0,0.0,0.0,828.8369210697973,0.0,0.0,0.0,2957,7708,4751
2020-05-08T02:00:00,5580.0,1.0913936421275138e-12,0.0,0.0,0.0,0.0,869.8369210697979,0.0,0.0,0.0,2637,7347,4710
2020-05-08T03:00:00,5463.163078930203,-5.826450433232821e-14,0.0,0.0,0.0,0.0,1200.0,0.0,0.0,0.0,2618,6881,4263
2020-05-08T04:00:00,5217.163078930202,0.0,0.0,0.0,0.0,0.0,1200.0,0.0,0.0,0.0,2629,6646,4017
2020-05-08T05:00:00,5128.163078930202,0.0,0.0,0.0,0.0,0.0,1200.0,0.0,0.0,0.0,2733,6661,3928
2020-05-08T06:00:00,5167.163078930202,0.0,0.0,0.0,0.0,0.0,1200.0,0.0,0.0,0.0,2730,6697,3967
2020-05-08T07:00:00,5157.163078930202,0.0,0.0,0.0,0.0,0.0,1200.0,0.0,0.0,0.0,2887,6844,3957
2020-05-08T08:00:00,5141.163078930202,0.0,0.0,0.0,0.0,0.0,1200.0,0.0,0.0,0.0,3333,7274,3941
2020-05-08T09:00:00,5330.163078930203,0.0,0.0,0.0,0.0,0.0,1200.0,0.0,0.0,0.0,3587,7717,4130
2020-05-08T10:00:00,5201.163078930202,-1.3642420526593928e-13,0.0,0.0,0.0,0.0,1200.0,0.0,0.0,0.0,4030,8031,4001
2020-05-08T11:00:00,5458.163078930203,-1.3642420526593928e-13,0.0,0.0,0.0,0.0,1200.0,0.0,0.0,0.0,4027,8285,4258
2020-05-08T12:00:00,5580.0,0.0,0.0,0.0,0.0,0.0,823.8369210697974,0.0,0.0,0.0,3912,8668,4756
2020-05-08T13:00:00,5185.163078930203,-5.456968210637569e-13,0.0,0.0,0.0,0.0,1200.0,0.0,0.0,0.0,4316,8301,3985
2020-05-08T14:00:00,4935.163078930202,0.0,0.0,0.0,0.0,0.0,1200.0,0.0,0.0,0.0,4141,7876,3735
2020-05-08T15:00:00,4749.163078930202,0.0,0.0,0.0,0.0,0.0,1200.0,0.0,0.0,0.0,3956,7505,3549
2020-05-08T16:00:00,4832.163078930203,0.0,0.0,0.0,0.0,0.0,1200.0,0.0,0.0,0.0,3662,7294,3632
2020-05-08T17:00:00,4916.163078930202,0.0,0.0,0.0,0.0,0.0,1200.0,0.0,0.0,0.0,3591,7307,3716
2020-05-08T18:00:00,5454.163078930203,0.0,0.0,0.0,0.0,0.0,1200.0,0.0,0.0,0.0,3443,7697,4254
2020-05-08T19:00:00,5580.0,1.0913936421275138e-12,0.0,0.0,0.0,0.0,504.8369210697979,0.0,0.0,0.0,3104,8179,5075
2020-05-08T20:00:00,5580.0,0.0,0.0,0.0,0.0,0.0,507.8369210697974,0.0,0.0,0.0,2856,7928,5072
2020-05-08T21:00:00,5580.0,0.0,0.0,0.0,0.0,0.0,227.83692106979743,0.0,0.0,0.0,2584,7936,5352
2020-05-08T22:00:00,5580.0,0.0,0.0,0.0,0.0,0.0,0.0,228.1630789302025,0.0,0.0,2522,8330,5808
2020-05-08T23:00:00,5580.0,3.637978807091713e-13,0.0,0.0,0.0,0.0,0.0,524.1630789302021,0.0,0.0,2512,8616,6104
2020-05-09T00:00:00,5580.0,0.0,0.0,0.0,0.0,0.0,0.0,200.16307893020303,0.0,0.0,2864,8644,5780
2020-05-09T01:00:00,5580.0,0.0,0.0,0.0,0.0,0.0,52.83692106979697,0.0,0.0,0.0,2712,8239,5527
2020-05-09T02:00:00,5580.0,-4.5474735088646414e-14,0.0,0.0,0.0,0.0,83.83692106979689,0.0,0.0,0.0,2436,7932,5496
2020-05-09T03:00:00,5580.0,0.0,0.0,0.0,0.0,0.0,278.83692106979686,0.0,0.0,0.0,2235,7536,5301
2020-05-09T04:00:00,5580.0,0.0,0.0,0.0,0.0,0.0,148.83692106979743,0.0,0.0,0.0,2008,7439,5431
2020-05-09T05:00:00,5580.0,0.0,0.0,0.0,0.0,0.0,0.0,219.16307893020303,0.0,0.0,1904,7703,5799
2020-05-09T06:00:00,5580.0,9.094947017729282e-13,0.0,0.0,0.0,0.0,0.0,279.1630789302026,0.0,0.0,2234,8093,5859
2020-05-09T07:00:00,5580.0,-1.4210854715202004e-14,0.0,0.0,0.0,0.0,90.83692106979689,0.0,0.0,0.0,3104,8593,5489
2020-05-09T08:00:00,5580.0,0.0,0.0,0.0,0.0,0.0,0.0,147.16307893020303,0.0,0.0,3345,9072,5727
2020-05-09T09:00:00,5580.0,-9.09494701772928e-14,0.0,0.0,0.0,0.0,0.0,346.163078930203,0.0,0.0,3466,9392,5926
2020-05-09T10:00:00,5580.0,0.0,0.0,0.0,0.0,0.0,0.0,414.1630789302027,0.0,0.0,3455,9449,5994
2020-05-09T11:00:00,5580.0,0.0,0.0,0.0,0.0,0.0,0.0,414.16307893020314,0.0,0.0,3534,9528,5994
2020-05-09T12:00:00,5580.0,0.0,0.0,0.0,0.0,0.0,0.0,626.1630789302031,0.0,0.0,3528,9734,6206
2020-05-09T13:00:00,5580.0,-2.728484105318785e-13,0.0,0.0,0.0,0.0,0.0,572.1630789302033,0.0,0.0,3274,9426,6152
2020-05-09T14:00:00,5580.0,0.0,0.0,0.0,0.0,0.0,0.0,438.1630789302028,0.0,0.0,3108,9126,6018
2020-05-09T15:00:00,5580.0,0.0,0.0,0.0,0.0,0.0,0.0,264.16307893020314,0.0,0.0,2910,8754,5844
2020-05-09T16:00:00,5580.0,-2.728484105318785e-13,0.0,0.0,0.0,0.0,0.0,75.16307893020326,0.0,0.0,2897,8552,5655
2020-05-09T17:00:00,5580.0,0.0,0.0,0.0,0.0,0.0,175.83692106979697,0.0,0.0,0.0,3156,8560,5404
2020-05-09T18:00:00,5580.0,2.728484105318785e-13,0.0,0.0,0.0,0.0,0.0,158.16307893020303,0.0,0.0,3118,8856,5738
2020-05-09T19:00:00,5580.0,0.0,0.0,0.0,0.0,0.0,0.0,186.16307893020303,0.0,0.0,3192,8958,5766
2020-05-09T20:00:00,5580.0,9.094947017729282e-13,0.0,0.0,0.0,0.0,223.83692106979743,0.0,0.0,0.0,3147,8503,5356
2020-05-09T21:00:00,5580.0,0.0,0.0,0.0,0.0,0.0,0.0,430.1630789302028,0.0,0.0,2374,8384,6010
2020-05-09T22:00:00,5580.0,9.094947017729285e-14,0.0,0.0,0.0,0.0,0.0,659.1630789302031,0.0,0.0,2518,8757,6239
2020-05-09T23:00:00,5580.0,7.275957614183426e-13,0.0,0.0,0.0,0.0,0.0,793.163078930203,0.0,0.0,2629,9002,6373
2020-05-10T00:00:00,5580.0,0.0,0.0,0.0,0.0,0.0,0.0,847.1630789302033,0.0,0.0,1996,8423,6427
2020-05-10T01:00:00,5580.0,0.0,0.0,0.0,0.0,0.0,0.0,793.163078930203,0.0,0.0,1627,8000,6373
2020-05-10T02:00:00,5580.0,0.0,0.0,0.0,0.0,0.0,1162.836921069797,0.0,0.0,0.0,3197,7614,4417
2020-05-10T03:00:00,5580.0,0.0,0.0,0.0,0.0,0.0,260.83692106979674,0.0,0.0,0.0,1806,7125,5319
2020-05-10T04:00:00,5580.0,0.0,0.0,0.0,0.0,0.0,618.8369210697974,0.0,0.0,0.0,1920,6881,4961
2020-05-10T05:00:00,4421.163078930202,0.0,0.0,0.0,0.0,0.0,1200.0,0.0,0.0,0.0,3669,6890,3221
2020-05-10T06:00:00,5500.163078930203,0.0,0.0,0.0,0.0,0.0,1200.0,0.0,0.0,0.0,2621,6921,4300
2020-05-10T07:00:00,4894.163078930202,2.728484105318785e-13,0.0,0.0,0.0,0.0,1200.0,0.0,0.0,0.0,3436,7130,3694
2020-05-10T08:00:00,5172.163078930202,0.0,0.0,0.0,0.0,0.0,1200.0,0.0,0.0,0.0,3606,7578,3972
2020-05-10T09:00:00,5580.0,0.0,0.0,0.0,0.0,0.0,1162.8369210697972,0.0,0.0,0.0,3614,8031,4417
2020-05-10T10:00:00,5580.0,0.0,0.0,0.0,0.0,0.0,807.8369210697973,0.0,0.0,0.0,3562,8334,4772
2020-05-10T11:00:00,5580.0,0.0,0.0,0.0,0.0,0.0,615.8369210697969,0.0,0.0,0.0,3605,8569,4964
2020-05-10T12:00:00,5580.0,0.0,0.0,0.0,0.0,0.0,214.8369210697969,0.0,0.0,0.0,3578,8943,5365
2020-05-10T13:00:00,5580.0,0.0,0.0,0.0,0.0,0.0,385.8369210697974,0.0,0.0,0.0,3331,8525,5194
2020-05-10T14:00:00,5580.0,0.0,0.0,0.0,0.0,0.0,616.836921069797,0.0,0.0,0.0,3157,8120,4963
2020-05-10T15:00:00,5580.0,-7.993605777301127e-15,0.0,0.0,0.0,0.0,796.8369210697973,0.0,0.0,0.0,2965,7748,4783
2020-05-10T16:00:00,5580.0,0.0,0.0,0.0,0.0,0.0,967.836921069797,0.0,0.0,0.0,2965,7577,4612
2020-05-10T17:00:00,5393.163078930202,1.0913936421275138e-12,0.0,0.0,0.0,0.0,1200.0,0.0,0.0,0.0,3448,7641,4193
2020-05-10T18:00:00,5580.0,0.0,0.0,0.0,0.0,0.0,1142.8369210697974,0.0,0.0,0.0,3630,8067,4437
2020-05-10T19:00:00,5580.0,0.0,0.0,0.0,0.0,0.0,822.836921069797,0.0,0.0,0.0,3546,8303,4757
2020-05-10T20:00:00,5580.0,0.0,0.0,0.0,0.0,0.0,516.8369210697965,0.0,0.0,0.0,3052,8115,5063
2020-05-10T21:00:00,5580.0,0.0,0.0,0.0,0.0,0.0,0.0,236.16307893020303,0.0,0.0,2313,8129,5816
2020-05-10T22:00:00,5580.0,6.821210263296964e-14,0.0,0.0,0.0,0.0,0.0,471.1630789302027,0.0,0.0,2445,8496,6051
2020-05-10T23:00:00,5580.0,3.637978807091713e-13,0.0,0.0,0.0,0.0,0.0,609.1630789302021,0.0,0.0,2542,8731,6189
2020-05-11T00:00:00,5580.0,0.0,0.0,0.0,0.0,0.0,0.0,458.1630789302026,0.0,0.0,2178,8216,6038
2020-05-11T01:00:00,5580.0,-1.3642420526593928e-13,0.0,0.0,0.0,0.0,0.0,199.1630789302025,0.0,0.0,2103,7882,5779
2020-05-11T02:00:00,5185.163078930202,0.0,0.0,0.0,0.0,0.0,1200.0,0.0,0.0,0.0,3610,7595,3985
2020-05-11T03:00:00,5580.0,0.0,0.0,0.0,0.0,0.0,326.8369210697974,0.0,0.0,0.0,1973,7226,5253
2020-05-11T04:00:00,5580.0,-4.547473508864643e-14,0.0,0.0,0.0,0.0,259.83692106979765,0.0,0.0,0.0,1892,7212,5320
2020-05-11T05:00:00,5580.0,-5.456968210637569e-13,0.0,0.0,0.0,0.0,0.0,149.16307893020303,0.0,0.0,2025,7754,5729
2020-05-11T06:00:00,5580.0,0.0,0.0,0.0,0.0,0.0,0.0,648.1630789302026,0.0,0.0,2460,8688,6228
2020-05-11T07:00:00,5580.0,-1.3642420526593928e-13,0.0,0.0,0.0,0.0,0.0,690.1630789302028,0.0,0.0,3285,9555,6270
2020-05-11T08:00:00,5580.0,0.0,0.0,0.0,0.0,0.0,0.0,1033.1630789302023,0.0,0.0,3459,10072,6613
2020-05-11T09:00:00,5580.0,0.0,0.0,0.0,0.0,34.16307893020237,0.0,1200.0,0.0,0.0,3522,10336,6814
2020-05-11T10:00:00,5580.0,0.0,0.0,0.0,0.0,198.16307893020235,0.0,1200.0,0.0,0.0,3472,10450,6978
2020-05-11T11:00:00,5580.0,0.0,0.0,0.0,0.0,266.16307893020235,0.0,1200.0,0.0,0.0,3515,10561,7046
2020-05-11T12:00:00,5580.0,0.0,0.0,0.0,0.0,371.16307893020235,0.0,1200.0,0.0,0.0,3497,10648,7151
2020-05-11T13:00:00,5580.0,0.0,0.0,0.0,0.0,510.16307893020235,0.0,1200.0,0.0,0.0,3229,10519,7290
2020-05-11T14:00:00,5580.0,0.0,0.0,0.0,0.0,452.1630789302026,0.0,1200.0,0.0,0.0,3056,10288,7232
2020-05-11T15:00:00,5580.0,2.728484105318785e-13,0.0,0.0,0.0,373.1630789302021,0.0,1200.0,0.0,0.0,2778,9931,7153
2020-05-11T16:00:00,5580.0,0.0,0.0,0.0,0.0,218.16307893020257,0.0,1200.0,0.0,0.0,2718,9716,6998
2020-05-11T17:00:00,5580.0,-1.3642420526593928e-13,0.0,0.0,0.0,0.0,0.0,930.1630789302023,0.0,0.0,3182,9692,6510
2020-05-11T18:00:00,5580.0,-1.3642420526593928e-13,0.0,0.0,0.0,0.0,0.0,1011.1630789302023,0.0,0.0,3488,10079,6591
2020-05-11T19:00:00,5580.0,-1.3642420526593928e-13,0.0,0.0,0.0,0.0,0.0,1038.1630789302023,0.0,0.0,3568,10186,6618
2020-05-11T20:00:00,5580.0,-1.3642420526593928e-13,0.0,0.0,0.0,61.163078930202495,0.0,1200.0,0.0,0.0,2793,9634,6841
2020-05-11T21:00:00,5580.0,-1.3642420526593928e-13,0.0,0.0,0.0,459.1630789302025,0.0,1200.0,0.0,0.0,2127,9366,7239
2020-05-11T22:00:00,5580.0,0.0,0.0,0.0,0.0,486.16307893020246,0.0,1200.0,0.0,0.0,2262,9528,7266
2020-05-11T23:00:00,5580.0,0.0,0.0,0.0,0.0,0.0,0.0,669.1630789302017,0.0,0.0,3394,9643,6249
2020-05-12T00:00:00,5580.0,2.728484105318785e-13,0.0,0.0,0.0,123.16307893020176,0.0,1200.0,0.0,0.0,1800,8703,6903
2020-05-12T01:00:00,5580.0,0.0,0.0,0.0,0.0,0.0,0.0,886.1630789302027,0.0,0.0,1806,8272,6466
2020-05-12T02:00:00,5580.0,-9.094947017729285e-14,0.0,0.0,0.0,0.0,0.0,507.16307893020235,0.0,0.0,1798,7885,6087
2020-05-12T03:00:00,5580.0,-9.094947017729285e-14,0.0,0.0,0.0,0.0,372.83692106979765,0.0,0.0,0.0,2187,7394,5207
2020-05-12T04:00:00,5580.0,1.0004441719502211e-12,0.0,0.0,0.0,0.0,115.83692106979834,0.0,0.0,0.0,1687,7151,5464
2020-05-12T05:00:00,5580.0,-2.728484105318785e-13,0.0,0.0,0.0,0.0,137.83692106979743,0.0,0.0,0.0,1736,7178,5442
2020-05-12T06:00:00,5580.0,-7.638334409421077e-15,0.0,0.0,0.0,0.0,95.83692106979773,0.0,0.0,0.0,1743,7227,5484
2020-05-12T07:00:00,5580.0,2.728484105318785e-13,0.0,0.0,0.0,0.0,0.0,330.1630789302019,0.0,0.0,1579,7489,5910
2020-05-12T08:00:00,5580.0,-2.728484105318785e-13,0.0,0.0,0.0,0.0,0.0,603.1630789302026,0.0,0.0,1848,8031,6183
2020-05-12T09:00:00,5580.0,0.0,0.0,0.0,0.0,0.0,0.0,783.1630789302023,0.0,0.0,2251,8614,6363
2020-05-12T10:00:00,5580.0,0.0,0.0,0.0,0.0,0.0,0.0,573.1630789302027,0.0,0.0,2859,9012,6153
2020-05-12T11:00:00,5580.0,0.0,0.0,0.0,0.0,0.0,0.0,756.1630789302023,0.0,0.0,2983,9319,6336
2020-05-12T12:00:00,5580.0,0.0,0.0,0.0,0.0,0.0,0.0,1150.1630789302023,0.0,0.0,3044,9774,6730
2020-05-12T13:00:00,5580.0,-2.728484105318785e-13,0.0,0.0,0.0,0.0,0.0,927.1630789302023,0.0,0.0,2927,9434,6507
2020-05-12T14:00:00,5580.0,-9.094947017729285e-14,0.0,0.0,0.0,0.0,0.0,847.1630789302023,0.0,0.0,2622,9049,6427
2020-05-12T15:00:00,5580.0,-2.728484105318785e-13,0.0,0.0,0.0,0.0,0.0,884.1630789302026,0.0,0.0,2249,8713,6464
2020-05-12T16:00:00,5580.0,9.09494701772928e-14,0.0,0.0,0.0,0.0,0.0,1048.1630789302023,0.0,0.0,1965,8593,6628
2020-05-12T17:00:00,5580.0,-2.728484105318785e-13,0.0,0.0,0.0,0.0,0.0,1129.1630789302026,0.0,0.0,1989,8698,6709
2020-05-12T18:00:00,5580.0,2.728484105318785e-13,0.0,0.0,0.0,0.0,0.0,1036.163078930202,0.0,0.0,2535,9151,6616
2020-05-12T19:00:00,5580.0,-2.728484105318785e-13,0.0,0.0,0.0,270.1630789302026,0.0,1200.0,0.0,0.0,2391,9441,7050
2020-05-12T20:00:00,5580.0,2.728484105318785e-13,0.0,0.0,0.0,417.16307893020183,0.0,1200.0,0.0,0.0,2027,9224,7197
2020-05-12T21:00:00,5580.0,-2.728484105318785e-13,0.0,0.0,0.0,377.1630789302026,0.0,1200.0,0.0,0.0,2006,9163,7157
2020-05-12T22:00:00,5580.0,-9.09494701772928e-14,0.0,0.0,0.0,875.1630789302023,0.0,1200.0,0.0,0.0,1854,9509,7655
2020-05-12T23:00:00,5580.0,-2.728484105318785e-13,0.0,0.0,0.0,1000.1630789302026,0.0,1200.0,0.0,0.0,1920,9700,7780
2020-05-13T00:00:00,5580.0,3.637978807091713e-13,0.0,0.0,-4.547473508864641e-13,1003.1630789302026,0.0,1200.0,0.0,0.0,1834,9617,7783
2020-05-13T01:00:00,5580.0,0.0,0.0,0.0,0.0,1763.1630789302026,0.0,0.0,0.0,0.0,1845,9188,7343
2020-05-13T02:00:00,5580.0,-3.637978807091713e-13,0.0,0.0,0.0,1456.1630789302026,0.0,0.0,0.0,0.0,1826,8862,7036
2020-05-13T03:00:00,5580.0,0.0,0.0,0.0,0.0,0.0,0.0,991.1630789302026,0.0,0.0,1869,8440,6571
2020-05-13T04:00:00,5580.0,0.0,0.0,0.0,0.0,0.0,0.0,865.1630789302027,0.0,0.0,1875,8320,6445
2020-05-13T05:00:00,5580.0,0.0,0.0,0.0,0.0,668.7509784735333,0.0,676.4121004566695,0.0,0.0,1668,8593,6925
2020-05-13T06:00:00,5580.0,0.0,0.0,0.0,0.0,1801.1630789302026,0.0,0.0,0.0,0.0,1606,8987,7381
2020-05-13T07:00:00,5580.0,5.456968210637569e-13,1080.0,0.0,0.0,1185.163078930202,0.0,0.0,0.0,0.0,1663,9508,7845
2020-05-13T08:00:00,5580.0,0.0,2160.0,0.0,0.0,611.1630789302018,0.0,0.0,0.0,0.0,1669,10020,8351
2020-05-13T09:00:00,5580.0,1.818989403545857e-13,2160.0,0.0,0.0,474.1630789302018,0.0,0.0,0.0,0.0,2143,10357,8214
2020-05-13T10:00:00,5580.0,0.0,2160.0,0.0,0.0,167.16307893020272,0.0,0.0,0.0,0.0,2482,10389,7907
2020-05-13T11:00:00,5580.0,0.0,2076.1630789302026,0.0,0.0,0.0,0.0,0.0,0.0,0.0,2804,10460,7656
2020-05-13T12:00:00,5580.0,0.0,2049.1630789302026,0.0,0.0,0.0,0.0,0.0,0.0,0.0,3046,10675,7629
2020-05-13T13:00:00,5580.0,0.0,840.0,0.0,0.0,1022.1630789302028,0.0,0.0,0.0,0.0,2933,10375,7442
2020-05-13T14:00:00,5580.0,0.0,840.0,0.0,0.0,843.1630789302028,0.0,0.0,0.0,0.0,2796,10059,7263
2020-05-13T15:00:00,5580.0,0.0,1691.1630789302028,0.0,0.0,0.0,0.0,0.0,0.0,0.0,2414,9685,7271
2020-05-13T16:00:00,5580.0,0.0,1937.163078930203,0.0,0.0,0.0,0.0,0.0,0.0,0.0,1989,9506,7517
2020-05-13T17:00:00,5580.0,0.0,840.0,0.0,0.0,1393.1630789302028,0.0,0.0,0.0,0.0,1737,9550,7813
2020-05-13T18:00:00,5580.0,0.0,1815.1630789302028,0.0,0.0,0.0,0.0,0.0,0.0,0.0,2470,9865,7395
2020-05-13T19:00:00,5580.0,1.0913936421275138e-12,2160.0,0.0,0.0,541.1630789302017,0.0,0.0,0.0,0.0,1636,9917,8281
2020-05-13T20:00:00,5580.0,0.0,1801.1630789302028,0.0,0.0,0.0,0.0,0.0,0.0,0.0,2124,9505,7381
2020-05-13T21:00:00,5580.0,0.0,2160.0,0.0,0.0,42.16307893020273,0.0,0.0,0.0,0.0,1627,9409,7782
2020-05-13T22:00:00,5580.0,0.0,2160.0,0.0,0.0,142.16307893020294,0.0,0.0,0.0,0.0,1907,9789,7882
2020-05-13T23:00:00,5580.0,3.637978807091713e-13,2160.0,0.0,0.0,659.1630789302008,0.0,0.0,0.0,0.0,1613,10012,8399
2020-05-14T00:00:00,5580.0,-9.09494701772928e-14,840.0,0.0,0.0,1599.1630789302026,0.0,0.0,0.0,0.0,1651,9670,8019
2020-05-14T01:00:00,5580.0,0.0,1932.1630789302023,0.0,0.0,0.0,0.0,0.0,0.0,0.0,1743,9255,7512
2020-05-14T02:00:00,5580.0,0.0,1569.1630789302023,0.0,0.0,0.0,0.0,0.0,0.0,0.0,1787,8936,7149
2020-05-14T03:00:00,5580.0,0.0,1128.1630789302023,0.0,0.0,0.0,0.0,0.0,0.0,0.0,1803,8511,6708
2020-05-14T04:00:00,5580.0,0.0,840.0,0.0,0.0,143.16307893020212,0.0,0.0,0.0,0.0,1816,8379,6563
2020-05-14T05:00:00,5580.0,0.0,1194.1630789302026,0.0,0.0,0.0,0.0,0.0,0.0,0.0,1870,8644,6774
2020-05-14T06:00:00,5580.0,0.0,1554.1630789302023,0.0,0.0,0.0,0.0,0.0,0.0,0.0,1890,9024,7134
2020-05-14T07:00:00,5580.0,-5.456968210637569e-13,2107.163078930203,0.0,0.0,0.0,0.0,0.0,0.0,0.0,1847,9534,7687
2020-05-14T08:00:00,5580.0,0.0,840.0,0.0,0.0,1603.1630789302023,0.0,0.0,0.0,0.0,1995,10018,8023
2020-05-14T09:00:00,5580.0,0.0,2160.0,0.0,0.0,196.16307893020235,0.0,0.0,0.0,0.0,2384,10320,7936
2020-05-14T10:00:00,5580.0,-2.728484105318785e-13,1620.0,0.0,0.0,312.1630789302028,0.0,0.0,0.0,0.0,2805,10317,7512
2020-05-14T11:00:00,5580.0,0.0,1569.1630789302023,0.0,0.0,0.0,0.0,0.0,0.0,0.0,3180,10329,7149
2020-05-14T12:00:00,5580.0,0.0,1424.1630789302023,0.0,0.0,0.0,0.0,0.0,0.0,0.0,3483,10487,7004
2020-05-14T13:00:00,5580.0,0.0,1087.1630789302021,0.0,0.0,0.0,0.0,0.0,0.0,0.0,3472,10139,6667
2020-05-14T14:00:00,5580.0,0.0,897.1630789302023,0.0,0.0,0.0,0.0,0.0,0.0,0.0,3285,9762,6477
2020-05-14T15:00:00,5580.0,0.0,792.1630789302023,0.0,0.0,0.0,0.0,0.0,0.0,0.0,2943,9315,6372
2020-05-14T16:00:00,5580.0,-5.456968210637569e-13,762.163078930203,0.0,0.0,0.0,0.0,0.0,0.0,0.0,2702,9044,6342
2020-05-14T17:00:00,5580.0,0.0,928.1630789302023,0.0,0.0,0.0,0.0,0.0,0.0,0.0,2454,8962,6508
2020-05-14T18:00:00,5580.0,0.0,1243.1630789302023,0.0,0.0,0.0,0.0,0.0,0.0,0.0,2395,9218,6823
2020-05-14T19:00:00,5580.0,0.0,974.1630789302026,0.0,0.0,0.0,0.0,0.0,0.0,0.0,2667,9221,6554
2020-05-14T20:00:00,5580.0,0.0,1148.1630789302023,0.0,0.0,0.0,0.0,0.0,0.0,0.0,2185,8913,6728
2020-05-14T21:00:00,5580.0,0.0,1186.1630789302023,0.0,0.0,0.0,0.0,0.0,0.0,0.0,2158,8924,6766
2020-05-14T22:00:00,5580.0,0.0,1473.480430528271,0.0,0.0,116.68264840193108,0.0,0.0,0.0,0.0,2155,9325,7170
2020-05-14T23:00:00,5580.0,7.275957614183426e-13,1620.0,0.0,0.0,175.1630789302023,0.0,0.0,0.0,0.0,2203,9578,7375
2020-05-15T00:00:00,5580.0,1.0913936421275138e-12,1292.1630789302017,0.0,0.0,0.0,0.0,0.0,0.0,0.0,2159,9031,6872
2020-05-15T01:00:00,5580.0,0.0,864.1630789302027,0.0,0.0,0.0,0.0,0.0,0.0,0.0,2209,8653,6444
2020-05-15T02:00:00,5580.0,0.0,553.1630789302029,0.0,0.0,0.0,0.0,0.0,0.0,0.0,2180,8313,6133
2020-05-15T03:00:00,5580.0,0.0,0.0,0.0,0.0,76.16307893020289,0.0,0.0,0.0,0.0,2202,7858,5656
2020-05-15T04:00:00,5580.0,0.0,0.0,0.0,0.0,0.0,252.83692106979717,0.0,0.0,0.0,2325,7652,5327
2020-05-15T05:00:00,5580.0,1.0913936421275138e-12,0.0,0.0,0.0,0.0,125.83692106979788,0.0,0.0,0.0,2269,7723,5454
2020-05-15T06:00:00,5580.0,0.0,0.0,0.0,0.0,0.0,602.8369210697974,0.0,0.0,0.0,2814,7791,4977
2020-05-15T07:00:00,5580.0,2.728484105318785e-13,0.0,0.0,0.0,0.0,0.0,301.1630789302026,0.0,0.0,2137,8018,5881
2020-05-15T08:00:00,5580.0,0.0,0.0,0.0,0.0,0.0,0.0,409.1630789302027,0.0,0.0,2419,8408,5989
2020-05-15T09:00:00,5580.0,0.0,0.0,0.0,0.0,397.35616438356374,0.0,25.806914546639064,0.0,0.0,2743,8746,6003
2020-05-15T10:00:00,5580.0,1.818989403545857e-13,0.0,0.0,0.0,0.0,69.83692106979743,0.0,0.0,0.0,3354,8864,5510
2020-05-15T11:00:00,5580.0,0.0,0.0,0.0,0.0,0.0,558.8369210697973,0.0,0.0,0.0,3934,8955,5021
2020-05-15T12:00:00,5580.0,0.0,0.0,0.0,0.0,0.0,278.8369210697973,0.0,0.0,0.0,3925,9226,5301
2020-05-15T13:00:00,5580.0,0.0,0.0,0.0,0.0,0.0,446.8369210697973,0.0,0.0,0.0,3586,8719,5133
2020-05-15T14:00:00,5580.0,0.0,0.0,0.0,0.0,0.0,578.8369210697974,0.0,0.0,0.0,3235,8236,5001
2020-05-15T15:00:00,5580.0,0.0,0.0,0.0,0.0,0.0,830.8369210697974,0.0,0.0,0.0,3038,7787,4749
2020-05-15T16:00:00,5580.0,1.3642420526593928e-13,0.0,0.0,0.0,0.0,1015.8369210697972,0.0,0.0,0.0,2993,7557,4564
2020-05-15T17:00:00,5580.0,0.0,0.0,0.0,0.0,0.0,0.0,3.163078930202687,0.0,0.0,1998,7581,5583
2020-05-15T18:00:00,5580.0,1.0913936421275138e-12,0.0,0.0,0.0,0.0,1106.836921069798,0.0,0.0,0.0,3531,8004,4473
2020-05-15T19:00:00,5580.0,1.818989403545857e-13,0.0,0.0,0.0,0.0,0.0,910.1630789302026,0.0,0.0,1742,8232,6490
2020-05-15T20:00:00,5580.0,9.09494701772928e-14,0.0,0.0,0.0,0.0,805.8369210697974,0.0,0.0,0.0,3399,8173,4774
2020-05-15T21:00:00,5580.0,0.0,0.0,0.0,0.0,0.0,180.83692106979743,0.0,0.0,0.0,2904,8303,5399
2020-05-15T22:00:00,5580.0,0.0,0.0,0.0,0.0,0.0,0.0,35.16307893020257,0.0,0.0,3105,8720,5615
2020-05-15T23:00:00,5580.0,0.0,0.0,0.0,0.0,0.0,0.0,165.1630789302026,0.0,0.0,3237,8982,5745
2020-05-16T00:00:00,5580.0,9.094947017729282e-13,0.0,0.0,0.0,0.0,0.0,162.16307893020257,0.0,0.0,2767,8509,5742
2020-05-16T01:00:00,5580.0,0.0,0.0,0.0,0.0,0.0,0.0,196.16307893020303,0.0,0.0,2436,8212,5776
2020-05-16T02:00:00,5580.0,9.094947017729282e-13,0.0,0.0,0.0,0.0,0.0,188.16307893020257,0.0,0.0,2192,7960,5768
2020-05-16T03:00:00,5580.0,1.4210854715202e-15,0.0,0.0,0.0,0.0,0.0,192.16307893020303,0.0,0.0,1848,7620,5772
2020-05-16T04:00:00,5580.0,1.4210854715202e-15,0.0,0.0,0.0,0.0,0.0,191.16307893020303,0.0,0.0,1862,7633,5771
2020-05-16T05:00:00,5580.0,1.4210854715202e-15,0.0,0.0,0.0,0.0,0.0,1163.163078930203,0.0,0.0,1455,8198,6743
2020-05-16T06:00:00,5580.0,1.4210854715202e-15,0.0,0.0,0.0,0.0,91.83692106979696,0.0,0.0,0.0,3688,9176,5488
2020-05-16T07:00:00,5580.0,1.4210854715202e-15,532.8892694064025,0.0,0.0,0.0,0.0,67.27380952380054,0.0,0.0,3918,10098,6180
2020-05-16T08:00:00,5580.0,1.4210854715202e-15,1080.0,0.0,0.0,837.1630789302021,0.0,1200.0,0.0,0.0,1810,10507,8697
2020-05-16T09:00:00,5580.0,0.0,451.16307893020326,0.0,0.0,0.0,0.0,0.0,0.0,0.0,4587,10618,6031
2020-05-16T10:00:00,5580.0,0.0,526.1630789302028,0.0,0.0,0.0,0.0,0.0,0.0,0.0,4421,10527,6106
2020-05-16T11:00:00,5580.0,0.0,580.163078930203,0.0,0.0,0.0,0.0,0.0,0.0,0.0,4306,10466,6160
2020-05-16T12:00:00,5580.0,0.0,1080.0,0.0,0.0,367.1630789302032,0.0,0.0,0.0,0.0,3394,10421,7027
2020-05-16T13:00:00,5580.0,1.4210854715202e-15,749.163078930203,0.0,0.0,0.0,0.0,0.0,0.0,0.0,3809,10138,6329
2020-05-16T14:00:00,5580.0,0.0,732.1630789302033,0.0,0.0,0.0,0.0,0.0,0.0,0.0,3546,9858,6312
2020-05-16T15:00:00,5580.0,0.0,540.0,0.0,0.0,41.16307893020309,0.0,0.0,0.0,0.0,3348,9509,6161
2020-05-16T16:00:00,5580.0,0.0,0.0,0.0,0.0,274.1630789302033,0.0,0.0,0.0,0.0,3413,9267,5854
2020-05-16T17:00:00,5580.0,-4.5474735088646414e-14,0.0,0.0,0.0,23.163078930203127,0.0,0.0,0.0,0.0,3604,9207,5603
2020-05-16T18:00:00,5580.0,0.0,0.0,0.0,0.0,1962.1630789302033,0.0,0.0,0.0,0.0,2032,9574,7542
2020-05-16T19:00:00,5580.0,0.0,0.0,0.0,0.0,338.1630789302027,0.0,0.0,0.0,0.0,3612,9530,5918
2020-05-16T20:00:00,5580.0,0.0,0.0,0.0,0.0,0.0,124.83692106979696,0.0,0.0,0.0,3619,9074,5455
2020-05-16T21:00:00,5580.0,0.0,0.0,0.0,0.0,2067.535388127855,0.0,93.62769080234771,0.0,0.0,1200,8941,7741
2020-05-16T22:00:00,5580.0,4.5474735088646414e-14,0.0,0.0,0.0,2429.163078930203,0.0,0.0,0.0,0.0,1222,9231,8009
2020-05-16T23:00:00,5580.0,7.275957614183426e-13,0.0,0.0,0.0,2562.163078930202,0.0,0.0,0.0,0.0,1213,9355,8142
2020-05-17T00:00:00,5580.0,0.0,0.0,0.0,0.0,1729.163078930203,0.0,0.0,0.0,0.0,1439,8748,7309
2020-05-17T01:00:00,5580.0,5.456968210637569e-13,0.0,0.0,0.0,0.0,18.836921069797427,0.0,0.0,0.0,2781,8342,5561
2020-05-17T02:00:00,5580.0,1.0913936421275138e-12,0.0,0.0,0.0,0.0,84.83692106979788,0.0,0.0,0.0,2537,8032,5495
2020-05-17T03:00:00,5580.0,0.0,0.0,0.0,0.0,564.4076973255065,0.0,77.75538160469648,0.0,0.0,1418,7640,6222
2020-05-17T04:00:00,5580.0,0.0,0.0,0.0,0.0,0.0,197.83692106979743,0.0,0.0,0.0,2186,7568,5382
2020-05-17T05:00:00,5580.0,0.0,0.0,0.0,0.0,0.0,385.8369210697972,0.0,0.0,0.0,2787,7981,5194
2020-05-17T06:00:00,5580.0,0.0,0.0,0.0,0.0,0.0,752.8369210697974,0.0,0.0,0.0,4003,8830,4827
2020-05-17T07:00:00,5580.0,5.456968210637569e-13,0.0,0.0,0.0,1127.780006523158,0.0,1002.383072407044,0.0,0.0,2010,9720,7710
2020-05-17T08:00:00,5580.0,0.0,225.16307893020272,0.0,0.0,0.0,0.0,0.0,0.0,0.0,4402,10207,5805
2020-05-17T09:00:00,5580.0,0.0,540.0,0.0,0.0,2101.1630789302017,0.0,0.0,0.0,0.0,2254,10475,8221
2020-05-17T10:00:00,5580.0,-4.547473508864643e-14,210.0,0.0,0.0,0.0,19.836921069797267,0.0,0.0,0.0,4782,10552,5770
2020-05-17T11:00:00,5580.0,0.0,420.0,0.0,0.0,0.0,61.83692106979731,0.0,0.0,0.0,4707,10645,5938
2020-05-17T12:00:00,5580.0,0.0,1080.0,0.0,0.0,641.9076973255068,0.0,61.255381604695934,0.0,0.0,3311,10674,7363
2020-05-17T13:00:00,5580.0,0.0,595.1630789302028,0.0,0.0,0.0,0.0,0.0,0.0,0.0,4279,10454,6175
2020-05-17T14:00:00,5580.0,2.728484105318785e-13,1080.0,0.0,0.0,804.1630789302023,0.0,0.0,0.0,0.0,2749,10213,7464
2020-05-17T15:00:00,5580.0,0.0,420.0,0.0,0.0,0.0,26.836921069797427,0.0,0.0,0.0,3878,9851,5973
2020-05-17T16:00:00,5580.0,0.0,210.0,0.0,0.0,0.0,119.83692106979731,0.0,0.0,0.0,3927,9597,5670
2020-05-17T17:00:00,5580.0,0.0,540.0,0.0,0.0,1484.157697325507,0.0,110.00538160469604,0.0,0.0,1777,9491,7714
2020-05-17T18:00:00,5580.0,1.0913936421275138e-12,540.0,0.0,0.0,1212.163078930202,0.0,0.0,0.0,0.0,2479,9811,7332
2020-05-17T19:00:00,5580.0,-5.6843418860808e-15,0.0,0.0,0.0,18.16307893020272,0.0,0.0,0.0,0.0,4224,9822,5598
2020-05-17T20:00:00,5580.0,0.0,0.0,0.0,0.0,0.0,357.8369210697974,0.0,0.0,0.0,4159,9381,5222
2020-05-17T21:00:00,5580.0,0.0,0.0,0.0,0.0,0.0,0.0,138.16307893020257,0.0,0.0,3488,9206,5718
2020-05-17T22:00:00,5580.0,-2.728484105318785e-13,0.0,0.0,0.0,2343.9484670580573,0.0,130.2146118721455,0.0,0.0,1478,9532,8054
2020-05-17T23:00:00,5580.0,3.637978807091713e-13,0.0,0.0,0.0,2607.1630789302026,0.0,0.0,0.0,0.0,1488,9675,8187
2020-05-18T00:00:00,5580.0,1.818989403545857e-13,423.16307893020274,0.0,0.0,0.0,0.0,0.0,0.0,0.0,3056,9059,6003
2020-05-18T01:00:00,5580.0,3.637978807091713e-13,540.0,0.0,0.0,955.1630789302022,0.0,0.0,0.0,0.0,1601,8676,7075
2020-05-18T02:00:00,5580.0,1.818989403545857e-13,379.1630789302025,0.0,0.0,0.0,0.0,0.0,0.0,0.0,2435,8394,5959
2020-05-18T03:00:00,5580.0,1.818989403545857e-13,540.0,0.0,0.0,213.16307893020252,0.0,0.0,0.0,0.0,1697,8030,6333
2020-05-18T04:00:00,5580.0,1.818989403545857e-13,371.16307893020235,0.0,0.0,0.0,0.0,0.0,0.0,0.0,2035,7986,5951
2020-05-18T05:00:00,5580.0,1.818989403545857e-13,540.0,0.0,0.0,579.1630789302028,0.0,0.0,0.0,0.0,1730,8429,6699
2020-05-18T06:00:00,5580.0,0.0,540.0,0.0,0.0,1408.1630789302026,0.0,0.0,0.0,0.0,1758,9286,7528
2020-05-18T07:00:00,5580.0,0.0,217.16307893020291,0.0,0.0,0.0,0.0,0.0,0.0,0.0,4348,10145,5797
2020-05-18T08:00:00,5580.0,0.0,540.0,0.0,0.0,2399.1630789302017,0.0,0.0,0.0,0.0,2027,10546,8519
2020-05-18T09:00:00,5580.0,0.0,279.1630789302025,0.0,0.0,0.0,0.0,0.0,0.0,0.0,4821,10680,5859
2020-05-18T10:00:00,5580.0,0.0,352.1630789302026,0.0,0.0,0.0,0.0,0.0,0.0,0.0,4718,10650,5932
2020-05-18T11:00:00,5580.0,0.0,415.1630789302026,0.0,0.0,0.0,0.0,0.0,0.0,0.0,4686,10681,5995
2020-05-18T12:00:00,5580.0,0.0,478.1630789302025,0.0,0.0,0.0,0.0,0.0,0.0,0.0,4609,10667,6058
2020-05-18T13:00:00,5580.0,0.0,525.1630789302028,0.0,0.0,0.0,0.0,0.0,0.0,0.0,4317,10422,6105
2020-05-18T14:00:00,5580.0,0.0,210.0,0.0,0.0,711.1630789302026,0.0,0.0,0.0,0.0,3694,10195,6501
2020-05-18T15:00:00,5580.0,0.0,297.1630789302028,0.0,0.0,0.0,0.0,0.0,0.0,0.0,3956,9833,5877
2020-05-18T16:00:00,5580.0,0.0,0.0,0.0,0.0,0.0,50.836921069797086,0.0,0.0,0.0,4062,9591,5529
2020-05-18T17:00:00,5580.0,0.0,0.0,0.0,0.0,1655.0353881278547,0.0,38.127690802347814,0.0,0.0,2256,9529,7273
2020-05-18T18:00:00,5580.0,0.0,0.0,0.0,0.0,1659.1630789302026,0.0,0.0,0.0,0.0,2651,9890,7239
2020-05-18T19:00:00,5580.0,1.818989403545857e-13,0.0,0.0,0.0,1995.1630789302028,0.0,0.0,0.0,0.0,2420,9995,7575
2020-05-18T20:00:00,5580.0,1.818989403545857e-13,0.0,0.0,0.0,1949.1630789302028,0.0,0.0,0.0,0.0,1987,9516,7529
2020-05-18T21:00:00,5580.0,2.728484105318785e-13,0.0,0.0,0.0,0.0,27.836921069797594,0.0,0.0,0.0,3763,9315,5552
2020-05-18T22:00:00,5580.0,0.0,0.0,0.0,0.0,2189.2853881278543,0.0,20.87769080234819,0.0,0.0,1881,9671,7790
2020-05-18T23:00:00,5580.0,3.637978807091713e-13,0.0,0.0,0.0,256.1630789302023,0.0,0.0,0.0,0.0,4004,9840,5836
2020-05-19T00:00:00,5580.0,1.0913936421275138e-12,0.0,0.0,0.0,1886.1630789302012,0.0,0.0,0.0,0.0,1781,9247,7466
2020-05-19T01:00:00,5580.0,-2.728484105318785e-13,0.0,0.0,0.0,1399.163078930203,0.0,0.0,0.0,0.0,1900,8879,6979
2020-05-19T02:00:00,5580.0,1.818989403545857e-13,0.0,0.0,0.0,1158.163078930202,0.0,0.0,0.0,0.0,1868,8606,6738
2020-05-19T03:00:00,5580.0,0.0,0.0,0.0,0.0,174.16307893020198,0.0,0.0,0.0,0.0,2489,8243,5754
2020-05-19T04:00:00,5580.0,0.0,0.0,0.0,0.0,823.163078930202,0.0,0.0,0.0,0.0,1797,8200,6403
2020-05-19T05:00:00,5580.0,1.0913936421275138e-12,0.0,0.0,0.0,0.0,12.836921069798336,0.0,0.0,0.0,3076,8643,5567
2020-05-19T06:00:00,5580.0,1.818989403545857e-13,0.0,0.0,0.0,2218.535388127854,0.0,9.627690802348752,0.0,0.0,1686,9494,7808
2020-05-19T07:00:00,5580.0,2.2737367544323207e-14,0.0,0.0,0.0,2468.163078930202,0.0,0.0,0.0,0.0,2285,10333,8048
2020-05-19T08:00:00,5580.0,0.0,0.0,0.0,0.0,631.163078930202,0.0,0.0,0.0,0.0,4467,10678,6211
2020-05-19T09:00:00,5580.0,0.0,0.0,0.0,0.0,118.163078930202,0.0,0.0,0.0,0.0,5080,10778,5698
2020-05-19T10:00:00,5580.0,0.0,0.0,0.0,0.0,0.0,21.836921069797356,0.0,0.0,0.0,5168,10726,5558
2020-05-19T11:00:00,5580.0,0.0,0.0,0.0,0.0,89.78538812785398,0.0,16.377690802348017,0.0,0.0,5060,10746,5686
2020-05-19T12:00:00,5580.0,0.0,0.0,0.0,0.0,1598.163078930202,0.0,0.0,0.0,0.0,3547,10725,7178
2020-05-19T13:00:00,5580.0,0.0,0.0,0.0,0.0,346.163078930202,0.0,0.0,0.0,0.0,4553,10479,5926
2020-05-19T14:00:00,5580.0,0.0,0.0,0.0,0.0,351.163078930202,0.0,0.0,0.0,0.0,4269,10200,5931
2020-05-19T15:00:00,5580.0,0.0,0.0,0.0,0.0,206.163078930202,0.0,0.0,0.0,0.0,4000,9786,5786
2020-05-19T16:00:00,5580.0,0.0,0.0,0.0,0.0,1807.163078930202,0.0,0.0,0.0,0.0,2087,9474,7387
2020-05-19T17:00:00,5580.0,0.0,0.0,0.0,0.0,0.0,773.8369210697975,0.0,0.0,0.0,4550,9356,4806
2020-05-19T18:00:00,5580.0,0.0,0.0,0.0,0.0,1025.7853881278538,0.0,580.3776908023482,0.0,0.0,2481,9667,7186
2020-05-19T19:00:00,5580.0,0.0,0.0,0.0,0.0,0.0,367.83692106979726,0.0,0.0,0.0,4527,9739,5212
2020-05-19T20:00:00,5580.0,1.818989403545857e-13,0.0,0.0,0.0,0.0,901.8369210697974,0.0,0.0,0.0,4573,9251,4678
2020-05-19T21:00:00,5580.0,1.818989403545857e-13,0.0,0.0,0.0,460.907697325506,0.0,952.255381604696,0.0,0.0,2067,9060,6993
2020-05-19T22:00:00,5580.0,0.0,0.0,0.0,0.0,0.0,493.836921069798,0.0,0.0,0.0,4323,9409,5086
2020-05-19T23:00:00,5580.0,-3.637978807091713e-13,0.0,0.0,0.0,1754.7853881278545,0.0,370.3776908023485,0.0,0.0,1869,9574,7705
2020-01-15T00:00:00,5580.0,1886.1630789302021,2160.0,58.5,85.5,0.0,1200.0,0.0,0.0,0.0,3120,11690,8570
2020-01-15T01:00:00,5580.0,2103.1630789302017,2160.0,58.5,85.5,0.0,1200.0,0.0,0.0,0.0,2623,11410,8787
2020-01-15T02:00:00,5580.0,1033.1630789302023,2160.0,58.5,85.5,0.0,0.0,0.0,0.0,0.0,2264,11181,8917
2020-01-15T03:00:00,5580.0,1137.1630789302026,2160.0,58.5,85.5,0.0,0.0,0.0,0.0,0.0,1796,10817,9021
2020-01-15T04:00:00,5580.0,1151.1630789302035,2160.0,58.5,85.5,0.0,0.0,0.0,0.0,0.0,1752,10787,9035
2020-01-15T05:00:00,5580.0,1687.1630789302028,2160.0,58.5,85.5,0.0,0.0,0.0,0.0,0.0,1767,11338,9571
2020-01-15T06:00:00,5580.0,2598.525289006891,2160.0,58.5,85.5,0.0,0.0,334.63778992331135,0.0,0.0,1740,12557,10817
2020-01-15T07:00:00,5580.0,2149.7626445034393,2160.0,58.5,85.5,112.40043442676324,0.0,1200.0,0.0,0.0,2309,13655,11346
2020-01-15T08:00:00,5580.0,2149.7626445034393,2160.0,58.5,85.5,315.40043442676324,0.0,1200.0,0.0,0.0,2430,13979,11549
2020-01-15T09:00:00,5580.0,2149.7626445034393,2160.0,58.5,85.5,0.0,0.0,592.4004344267632,0.0,0.0,3444,14070,10626
2020-01-15T10:00:00,5580.0,2149.7626445034393,2160.0,58.5,85.5,0.0,0.0,382.4004344267632,0.0,0.0,3623,14039,10416
2020-01-15T11:00:00,5580.0,2149.7626445034393,2160.0,58.5,85.5,0.0,0.0,173.40043442676324,0.0,0.0,3894,14101,10207
2020-01-15T12:00:00,5580.0,1932.3622100768484,2160.0,58.5,85.5,0.0,0.0,158.80086885335405,0.0,0.0,4072,14047,9975
2020-01-15T13:00:00,5580.0,1593.1630789302026,2160.0,58.5,85.5,0.0,0.0,0.0,0.0,0.0,4262,13739,9477
2020-01-15T14:00:00,5580.0,1306.1630789302033,2160.0,58.5,85.5,0.0,0.0,0.0,0.0,0.0,4300,13490,9190
2020-01-15T15:00:00,5580.0,1092.6000000000004,2160.0,58.5,85.5,0.0,0.0,13.563078930202664,0.0,0.0,4264,13254,8990
2020-01-15T16:00:00,5580.0,1213.1630789302023,2160.0,58.5,85.5,0.0,0.0,0.0,0.0,0.0,4070,13167,9097
2020-01-15T17:00:00,5580.0,1866.6000000000004,2160.0,58.5,85.5,0.0,0.0,118.56307893020312,0.0,0.0,3804,13673,9869
2020-01-15T18:00:00,5580.0,2253.6,2160.0,58.5,85.5,0.0,0.0,813.5630789302022,0.0,0.0,3205,14156,10951
2020-01-15T19:00:00,5580.0,2608.2,2160.0,58.5,85.5,0.0,0.0,629.9630789302028,0.0,0.0,2901,14023,11122
2020-01-15T20:00:00,5580.0,2608.2,2160.0,58.5,85.5,0.0,0.0,521.9630789302028,0.0,0.0,2155,13169,11014
2020-01-15T21:00:00,5580.0,2499.163078930202,2160.0,58.5,85.5,0.0,0.0,0.0,0.0,0.0,2104,12487,10383
2020-01-15T22:00:00,5580.0,1663.1630789302026,2160.0,58.5,85.5,0.0,0.0,0.0,0.0,0.0,3124,12671,9547
2020-01-15T23:00:00,5580.0,2692.1630789302026,2160.0,58.5,85.5,0.0,0.0,0.0,0.0,0.0,2193,12769,10576
2020-01-16T00:00:00,5580.0,2243.1630789302017,2160.0,58.5,85.5,0.0,0.0,0.0,0.0,0.0,2039,12166,10127
2020-01-16T01:00:00,5580.0,2138.163078930202,2160.0,58.5,85.5,0.0,0.0,0.0,0.0,0.0,1761,11783,10022
2020-01-16T02:00:00,5580.0,1479.6000000000001,2160.0,58.5,85.5,0.0,0.0,542.5630789302013,0.0,0.0,1554,11460,9906
2020-01-16T03:00:00,5580.0,1479.5999999999997,2160.0,58.5,85.5,0.0,0.0,105.5630789302013,0.0,0.0,1523,10992,9469
2020-01-16T04:00:00,5580.0,1409.1630789302008,2160.0,58.5,85.5,0.0,0.0,0.0,0.0,0.0,1529,10822,9293
2020-01-16T05:00:00,5580.0,1479.5999999999997,2160.0,58.5,85.5,0.0,0.0,109.5630789302013,0.0,0.0,1535,11008,9473
2020-01-16T06:00:00,5580.0,1866.5999999999997,2160.0,58.5,85.5,0.0,0.0,42.5630789302013,0.0,0.0,1630,11423,9793
2020-01-16T07:00:00,5580.0,1866.5999999999995,2160.0,58.5,85.5,0.0,0.0,333.5630789302022,0.0,0.0,1817,11901,10084
2020-01-16T08:00:00,5580.0,2221.2,2160.0,58.5,85.5,0.0,0.0,64.96307893020094,0.0,0.0,2290,12460,10170
2020-01-16T09:00:00,5580.0,2184.1630789302008,2160.0,58.5,85.5,0.0,0.0,0.0,0.0,0.0,2858,12926,10068
2020-01-16T10:00:00,5580.0,1675.163078930201,2160.0,58.5,85.5,0.0,0.0,0.0,0.0,0.0,3441,13000,9559
2020-01-16T11:00:00,5580.0,1214.163078930202,2160.0,58.5,85.5,0.0,0.0,0.0,0.0,0.0,3925,13023,9098
2020-01-16T12:00:00,5580.0,1139.163078930202,2160.0,58.5,85.5,0.0,0.0,0.0,0.0,0.0,4176,13199,9023
2020-01-16T13:00:00,5580.0,563.1630789302019,2160.0,58.5,85.5,0.0,0.0,0.0,0.0,0.0,4249,12696,8447
2020-01-16T14:00:00,5580.0,189.16307893020365,2160.0,58.5,85.5,0.0,0.0,0.0,0.0,0.0,4194,12267,8073
2020-01-16T15:00:00,5580.0,3.637978807091713e-13,2160.0,58.5,85.5,0.0,31.836921069796972,0.0,0.0,0.0,4164,12016,7852
2020-01-16T16:00:00,5580.0,216.1630789302024,2160.0,58.5,85.5,0.0,0.0,0.0,0.0,0.0,3887,11987,8100
2020-01-16T17:00:00,5580.0,1092.6000000000004,2160.0,58.5,85.5,0.0,0.0,59.563078930200845,0.0,0.0,3629,12665,9036
2020-01-16T18:00:00,5580.0,2221.2000000000003,2160.0,58.5,85.5,0.0,0.0,99.96307893020094,0.0,0.0,3202,13407,10205
2020-01-16T19:00:00,5580.0,2608.2000000000003,2160.0,58.5,85.5,0.0,0.0,409.9630789302014,0.0,0.0,2608,13510,10902
2020-01-16T20:00:00,5580.0,2608.2,2160.0,58.5,85.5,0.0,0.0,234.9630789302014,0.0,0.0,2165,12892,10727
2020-01-16T21:00:00,5580.0,2416.163078930202,2160.0,58.5,85.5,0.0,0.0,0.0,0.0,0.0,2006,12306,10300
2020-01-16T22:00:00,5580.0,2955.1630789302008,2160.0,58.5,85.5,0.0,0.0,0.0,0.0,0.0,1860,12699,10839
2020-01-16T23:00:00,5580.0,3285.1630789302017,2160.0,58.5,85.5,0.0,0.0,0.0,0.0,0.0,1845,13014,11169
2020-01-17T00:00:00,5580.0,2995.1630789302017,2160.0,58.5,85.5,0.0,0.0,0.0,0.0,0.0,1793,12672,10879
2020-01-17T01:00:00,5580.0,2495.163078930201,2160.0,58.5,85.5,0.0,0.0,0.0,0.0,0.0,1993,12372,10379
2020-01-17T02:00:00,5580.0,2608.2000000000007,2160.0,58.5,85.5,0.0,0.0,33.96307893019991,0.0,0.0,1530,12056,10526
2020-01-17T03:00:00,5580.0,2210.1630789302008,2160.0,58.5,85.5,0.0,0.0,0.0,0.0,0.0,1433,11527,10094
2020-01-17T04:00:00,5580.0,1981.163078930201,2160.0,58.5,85.5,0.0,0.0,0.0,0.0,0.0,1412,11277,9865
2020-01-17T05:00:00,5580.0,1651.163078930201,2160.0,58.5,85.5,0.0,0.0,0.0,0.0,0.0,1803,11338,9535
2020-01-17T06:00:00,5580.0,1241.163078930202,2160.0,58.5,85.5,0.0,0.0,0.0,0.0,0.0,2390,11515,9125
2020-01-17T07:00:00,5580.0,855.1630789302014,2160.0,58.5,85.5,0.0,0.0,0.0,0.0,0.0,2961,11700,8739
2020-01-17T08:00:00,5580.0,589.9999999999999,2160.0,58.5,85.5,0.0,61.836921069798336,0.0,0.0,0.0,3648,12060,8412
2020-01-17T09:00:00,5580.0,2002.163078930201,2160.0,58.5,85.5,0.0,0.0,0.0,0.0,0.0,2654,12540,9886
2020-01-17T10:00:00,5580.0,1743.1630789302012,2160.0,58.5,85.5,0.0,0.0,0.0,0.0,0.0,3189,12816,9627
2020-01-17T11:00:00,5580.0,1512.0000000000005,2160.0,58.5,85.5,0.0,0.0,62.163078930200754,0.0,0.0,3522,12980,9458
2020-01-17T12:00:00,5580.0,326.163078930201,2160.0,58.5,85.5,0.0,0.0,0.0,0.0,0.0,4965,13175,8210
2020-01-17T13:00:00,5580.0,-3.637978807091713e-13,2160.0,58.5,85.5,0.0,210.8369210697988,0.0,0.0,0.0,4871,12544,7673
2020-01-17T14:00:00,5580.0,-3.637978807091713e-13,2160.0,58.5,85.5,0.0,739.8369210697988,0.0,0.0,0.0,4814,11958,7144
2020-01-17T15:00:00,5580.0,-3.637978807091713e-13,2160.0,58.5,85.5,0.0,821.8369210697988,0.0,0.0,0.0,4582,11644,7062
2020-01-17T16:00:00,5580.0,-5.456968210637569e-13,2160.0,58.5,85.5,0.0,592.8369210697983,0.0,0.0,0.0,4368,11659,7291
2020-01-17T17:00:00,5580.0,289.16307893020115,2160.0,58.5,85.5,0.0,0.0,0.0,0.0,0.0,4223,12396,8173
2020-01-17T18:00:00,5580.0,1096.1630789302012,2160.0,58.5,85.5,0.0,0.0,0.0,0.0,0.0,4348,13328,8980
2020-01-17T19:00:00,5580.0,1412.1630789301998,2160.0,58.5,85.5,0.0,0.0,0.0,0.0,0.0,4293,13589,9296
2020-01-17T20:00:00,5580.0,1491.1630789300896,2160.0,58.5,85.5,0.0,0.0,0.0,0.0,0.0,3790,13165,9375
2020-01-17T21:00:00,5580.0,1258.163078930201,2160.0,58.5,85.5,0.0,0.0,0.0,0.0,0.0,3495,12637,9142
2020-01-17T22:00:00,5580.0,1528.9907170621018,2160.0,58.5,85.5,0.0,142.82763813190044,0.0,0.0,0.0,3637,12907,9270
2020-01-17T23:00:00,5580.0,2608.2000000000007,2160.0,58.5,85.5,0.0,866.0369210697999,0.0,0.0,0.0,3509,13135,9626
2020-01-18T00:00:00,5580.0,2221.1999999999994,2160.0,58.5,85.5,0.0,395.0369210697986,0.0,0.0,0.0,3144,12854,9710
2020-01-18T01:00:00,5580.0,2064.1630789302026,2160.0,58.5,85.5,0.0,0.0,0.0,0.0,0.0,2739,12687,9948
2020-01-18T02:00:00,5580.0,2195.1630789302008,2160.0,58.5,85.5,0.0,0.0,0.0,0.0,0.0,2423,12502,10079
2020-01-18T03:00:00,5580.0,2221.1999999999994,2160.0,58.5,85.5,0.0,0.0,120.96307893020094,0.0,0.0,1894,12120,10226
2020-01-18T04:00:00,5580.0,2401.1630789302017,2160.0,58.5,85.5,0.0,0.0,0.0,0.0,0.0,1817,12102,10285
2020-01-18T05:00:00,5580.0,2170.620317350473,2160.0,58.5,85.5,0.0,0.0,600.5427615797271,0.0,0.0,2105,12760,10655
2020-01-18T06:00:00,5580.0,2170.6203173504737,2160.0,58.5,85.5,1574.542761579727,0.0,1200.0,0.0,0.0,1233,14062,12829
2020-01-18T07:00:00,5580.0,2170.620317350473,2160.0,58.5,85.5,574.5427615797271,0.0,1200.0,0.0,0.0,3297,15126,11829
2020-01-18T08:00:00,5580.0,2170.6203173504737,2160.0,58.5,85.5,196.54276157972708,0.0,1200.0,0.0,0.0,3947,15398,11451
2020-01-18T09:00:00,5580.0,2170.620317350473,2160.0,58.5,85.5,0.0,0.0,951.5427615797272,0.0,0.0,4387,15393,11006
2020-01-18T10:00:00,5580.0,2170.620317350475,2160.0,58.5,85.5,0.0,0.0,574.5427615797271,0.0,0.0,4622,15251,10629
2020-01-18T11:00:00,5580.0,2170.620317350473,2160.0,58.5,85.5,249.54276157972708,0.0,1200.0,0.0,0.0,3699,15203,11504
2020-01-18T12:00:00,5580.0,2233.1630789302003,2160.0,58.5,85.5,0.0,0.0,0.0,0.0,0.0,4924,15041,10117
2020-01-18T13:00:00,5580.0,1939.1630789302021,2160.0,58.5,85.5,0.0,0.0,0.0,0.0,0.0,4882,14705,9823
2020-01-18T14:00:00,5580.0,1659.1630789302005,2160.0,58.5,85.5,0.0,0.0,0.0,0.0,0.0,4834,14377,9543
2020-01-18T15:00:00,5580.0,1630.1630789302012,2160.0,58.5,85.5,0.0,0.0,0.0,0.0,0.0,4589,14103,9514
2020-01-18T16:00:00,5580.0,1867.1630789302003,2160.0,58.5,85.5,0.0,0.0,0.0,0.0,0.0,4369,14120,9751
2020-01-18T17:00:00,5580.0,2474.077555770945,2160.0,58.5,85.5,0.0,0.0,140.08552315925556,0.0,0.0,4218,14716,10498
2020-01-18T18:00:00,5580.0,2170.620317350473,2160.0,58.5,85.5,0.0,0.0,984.5427615797272,0.0,0.0,4495,15534,11039
2020-01-18T19:00:00,5580.0,2608.200000000001,2160.0,58.5,85.5,0.0,0.0,536.9630789302009,0.0,0.0,4361,15390,11029
2020-01-18T20:00:00,5580.0,2608.1999999999994,2160.0,58.5,85.5,0.0,0.0,217.96307893020096,0.0,0.0,3857,14567,10710
2020-01-18T21:00:00,5580.0,2417.1630789302003,2160.0,58.5,85.5,0.0,0.0,0.0,0.0,0.0,3569,13870,10301
2020-01-18T22:00:00,5580.0,2177.1630789302017,2160.0,58.5,85.5,0.0,0.0,0.0,0.0,0.0,3988,14049,10061
2020-01-18T23:00:00,5580.0,3402.0000000000005,2160.0,58.5,85.5,0.0,0.0,1156.1630789301998,0.0,0.0,1686,14128,12442
2020-01-19T00:00:00,5580.0,3402.0,2160.0,58.5,85.5,658.1630789302009,0.0,0.0,0.0,0.0,1802,13746,11944
2020-01-19T01:00:00,5580.0,2542.2226454126358,2160.0,58.5,85.5,589.9404335175649,0.0,0.0,0.0,0.0,2523,13539,11016
2020-01-19T02:00:00,5580.0,2253.5999999999995,2160.0,58.5,85.5,1607.5630789302022,0.0,0.0,0.0,0.0,1580,13325,11745
2020-01-19T03:00:00,5580.0,2253.5999999999995,2160.0,58.5,85.5,945.5630789302012,0.0,0.0,0.0,0.0,1837,12920,11083
2020-01-19T04:00:00,5580.0,2158.8317460588687,2160.0,58.5,85.5,126.33133287133388,0.0,1200.0,0.0,0.0,1493,12862,11369
2020-01-19T05:00:00,5580.0,2158.8317460588664,2160.0,58.5,85.5,1108.331332871334,0.0,0.0,0.0,0.0,2284,13435,11151
2020-01-19T06:00:00,5580.0,2158.8317460588664,2160.0,58.5,85.5,1842.331332871334,0.0,0.0,0.0,0.0,2796,14681,11885
2020-01-19T07:00:00,5580.0,2158.8317460588664,2160.0,58.5,85.5,2195.331332871335,0.0,0.0,0.0,0.0,3476,15714,12238
2020-01-19T08:00:00,5580.0,2158.8317460588664,2160.0,58.5,85.5,1766.331332871334,0.0,0.0,0.0,0.0,4126,15935,11809
2020-01-19T09:00:00,5580.0,2158.831746058867,2160.0,58.5,85.5,1476.331332871334,0.0,0.0,0.0,0.0,4330,15849,11519
2020-01-19T10:00:00,5580.0,2158.8317460588664,2160.0,58.5,85.5,2240.331332871334,0.0,0.0,0.0,0.0,3383,15666,12283
2020-01-19T11:00:00,5580.0,2158.831746058867,2160.0,58.5,85.5,758.3313328713339,0.0,0.0,0.0,0.0,4791,15592,10801
2020-01-19T12:00:00,5580.0,2158.8317460588664,2160.0,58.5,85.5,1399.331332871334,0.0,0.0,0.0,0.0,3955,15397,11442
2020-01-19T13:00:00,5580.0,2158.8317460588687,2160.0,58.5,85.5,0.0,0.0,200.33133287133387,0.0,0.0,4772,15015,10243
2020-01-19T14:00:00,5580.0,2253.5999999999995,2160.0,58.5,85.5,542.5630789302013,0.0,0.0,0.0,0.0,3987,14667,10680
2020-01-19T15:00:00,5580.0,1892.1630789302008,2160.0,58.5,85.5,0.0,0.0,0.0,0.0,0.0,4595,14371,9776
2020-01-19T16:00:00,5580.0,2056.1630789302017,2160.0,58.5,85.5,0.0,0.0,0.0,0.0,0.0,4390,14330,9940
2020-01-19T17:00:00,5580.0,2253.5999999999995,2160.0,58.5,85.5,480.5630789302013,0.0,0.0,0.0,0.0,4247,14865,10618
2020-01-19T18:00:00,5580.0,2158.831746058867,2160.0,58.5,85.5,2583.331332871334,0.0,0.0,0.0,0.0,3041,15667,12626
2020-01-19T19:00:00,5580.0,2608.1999999999994,2160.0,58.5,85.5,831.9630789302009,0.0,0.0,0.0,0.0,4129,15453,11324
2020-01-19T20:00:00,5580.0,2608.2000000000003,2160.0,58.5,85.5,2126.963078930201,0.0,0.0,0.0,0.0,2025,14644,12619
2020-01-19T21:00:00,5580.0,2608.2000000000003,2160.0,58.5,85.5,1724.9630789302005,0.0,0.0,0.0,0.0,1761,13978,12217
2020-01-19T22:00:00,5580.0,2482.1630789302017,2160.0,58.5,85.5,0.0,0.0,0.0,0.0,0.0,3760,14126,10366
2020-01-19T23:00:00,5580.0,2608.1999999999994,2160.0,58.5,85.5,0.0,35.03692106979895,0.0,0.0,0.0,3746,14203,10457
2020-01-20T00:00:00,5580.0,3402.0,2160.0,58.5,85.5,714.1630789302028,0.0,0.0,0.0,0.0,1714,13714,12000
2020-01-20T01:00:00,5580.0,2608.2,2160.0,58.5,85.5,1445.9630789302014,0.0,0.0,0.0,0.0,1559,13497,11938
2020-01-20T02:00:00,5580.0,2608.2000000000003,2160.0,58.5,85.5,1419.9630789302023,0.0,0.0,0.0,0.0,1360,13272,11912
2020-01-20T03:00:00,5580.0,2608.2,2160.0,58.5,85.5,1044.9630789302028,0.0,0.0,0.0,0.0,1317,12854,11537
2020-01-20T04:00:00,5580.0,2159.0297548997614,2160.0,58.5,85.5,1409.1333240304411,0.0,0.0,0.0,0.0,1328,12780,11452
2020-01-20T05:00:00,5580.0,2159.0297548997614,2160.0,58.5,85.5,1203.1333240304411,0.0,0.0,0.0,0.0,2094,13340,11246
2020-01-20T06:00:00,5580.0,2159.029754899761,2160.0,58.5,85.5,1926.1333240304411,0.0,0.0,0.0,0.0,2601,14570,11969
2020-01-20T07:00:00,5580.0,2159.0297548997614,2160.0,58.5,85.5,1985.9423297902,0.0,271.19099424024125,0.0,0.0,3288,15588,12300
2020-01-20T08:00:00,5580.0,2159.0297548997614,2160.0,58.5,85.5,3455.1333240304393,0.0,0.0,0.0,0.0,2309,15807,13498
2020-01-20T09:00:00,5580.0,2159.0297548997614,2160.0,58.5,85.5,2817.1333240304393,0.0,0.0,0.0,0.0,2876,15736,12860
2020-01-20T10:00:00,5580.0,2159.0297548997614,2160.0,58.5,85.5,813.1333240304411,0.0,0.0,0.0,0.0,4714,15570,10856
2020-01-20T11:00:00,5580.0,2159.0297548997614,2160.0,58.5,85.5,510.13332403044114,0.0,0.0,0.0,0.0,4934,15487,10553
2020-01-20T12:00:00,5580.0,2159.0297548997614,2160.0,58.5,85.5,246.13332403044112,0.0,0.0,0.0,0.0,5021,15310,10289
2020-01-20T13:00:00,5580.0,2159.0297548997614,2160.0,58.5,85.5,947.1333240304411,0.0,0.0,0.0,0.0,3941,14931,10990
2020-01-20T14:00:00,5580.0,2159.0297548997614,2160.0,58.5,85.5,599.1333240304411,0.0,0.0,0.0,0.0,3936,14578,10642
2020-01-20T15:00:00,5580.0,2221.2,2160.0,58.5,85.5,165.96307893020276,0.0,0.0,0.0,0.0,4030,14301,10271
2020-01-20T16:00:00,5580.0,2044.1630789302026,2160.0,58.5,85.5,0.0,0.0,0.0,0.0,0.0,4324,14252,9928
2020-01-20T17:00:00,5580.0,2211.726185769535,2160.0,58.5,85.5,480.4368931606681,0.0,0.0,0.0,0.0,4161,14737,10576
2020-01-20T18:00:00,5580.0,2608.2,2160.0,58.5,85.5,1896.9630789302028,0.0,0.0,0.0,0.0,3129,15518,12389
2020-01-20T19:00:00,5580.0,2608.2,2160.0,58.5,85.5,661.9630789302014,0.0,0.0,0.0,0.0,4099,15253,11154
2020-01-20T20:00:00,5580.0,2608.2000000000003,2160.0,58.5,85.5,424.9630789302023,0.0,0.0,0.0,0.0,3585,14502,10917
2020-01-20T21:00:00,5580.0,2701.1630789302026,2160.0,58.5,85.5,0.0,0.0,0.0,0.0,0.0,3292,13877,10585
2020-01-20T22:00:00,5580.0,3402.0000000000005,2160.0,58.5,85.5,825.1630789302026,0.0,0.0,0.0,0.0,1909,14020,12111
2020-01-20T23:00:00,5580.0,2608.1999999999994,2160.0,58.5,85.5,0.0,104.0369210697968,0.0,0.0,0.0,3705,14093,10388
2020-01-21T00:00:00,5580.0,2725.1630789302026,2160.0,58.5,85.5,0.0,0.0,0.0,0.0,0.0,2982,13591,10609
2020-01-21T01:00:00,5580.0,2586.1630789302026,2160.0,58.5,85.5,0.0,0.0,0.0,0.0,0.0,2889,13359,10470
2020-01-21T02:00:00,5580.0,2672.1630789302026,2160.0,58.5,85.5,0.0,0.0,0.0,0.0,0.0,2564,13120,10556
2020-01-21T03:00:00,5580.0,2598.1630789302026,2160.0,58.5,85.5,0.0,0.0,0.0,0.0,0.0,2202,12684,10482
2020-01-21T04:00:00,5580.0,2579.163078930202,2160.0,58.5,85.5,0.0,0.0,0.0,0.0,0.0,2125,12588,10463
2020-01-21T05:00:00,5580.0,2169.472311036973,2160.0,58.5,85.5,648.6907678932293,0.0,0.0,0.0,0.0,2420,13122,10702
2020-01-21T06:00:00,5580.0,2169.472311036973,2160.0,58.5,85.5,2319.6907678932293,0.0,0.0,0.0,0.0,1943,14316,12373
2020-01-21T07:00:00,5580.0,2169.472311036973,2160.0,58.5,85.5,1911.6907678932291,0.0,0.0,0.0,0.0,3323,15288,11965
2020-01-21T08:00:00,5580.0,2169.472311036973,2160.0,58.5,85.5,1460.6907678932291,0.0,0.0,0.0,0.0,3958,15472,11514
2020-01-21T09:00:00,5580.0,2169.472311036973,2160.0,58.5,85.5,2049.6907678932293,0.0,0.0,0.0,0.0,3253,15356,12103
2020-01-21T10:00:00,5580.0,2172.7815431439644,2160.0,58.5,85.5,492.38153578623826,0.0,0.0,0.0,0.0,4592,15141,10549
2020-01-21T11:00:00,5580.0,2166.1630789302026,2160.0,58.5,85.5,0.0,0.0,0.0,0.0,0.0,4937,14987,10050
2020-01-21T12:00:00,5580.0,1782.4723110369732,2160.0,58.5,85.5,64.69076789322935,0.0,0.0,0.0,0.0,5019,14750,9731
2020-01-21T13:00:00,5580.0,1483.2,2160.0,58.5,85.5,138.96307893020185,0.0,0.0,0.0,0.0,4831,14337,9506
2020-01-21T14:00:00,5580.0,1334.1630789302028,2160.0,58.5,85.5,0.0,0.0,0.0,0.0,0.0,4746,13964,9218
2020-01-21T15:00:00,5580.0,963.1630789302025,2160.0,58.5,85.5,0.0,0.0,0.0,0.0,0.0,4824,13671,8847
2020-01-21T16:00:00,5580.0,1199.1630789302028,2160.0,58.5,85.5,0.0,0.0,0.0,0.0,0.0,4537,13620,9083
2020-01-21T17:00:00,5580.0,2100.1630789302026,2160.0,58.5,85.5,0.0,0.0,0.0,0.0,0.0,4152,14136,9984
2020-01-21T18:00:00,5580.0,2238.7815431439644,2160.0,58.5,85.5,1264.381535786238,0.0,0.0,0.0,0.0,3591,14978,11387
2020-01-21T19:00:00,5580.0,2608.2,2160.0,58.5,85.5,360.9630789302027,0.0,0.0,0.0,0.0,3865,14718,10853
2020-01-21T20:00:00,5580.0,2608.1999999999994,2160.0,58.5,85.5,863.9630789302028,0.0,0.0,0.0,0.0,2690,14046,11356
2020-01-21T21:00:00,5580.0,2608.2,2160.0,58.5,85.5,487.9630789302024,0.0,0.0,0.0,0.0,2487,13467,10980
2020-01-21T22:00:00,5580.0,2183.1630789302017,2160.0,58.5,85.5,0.0,0.0,0.0,0.0,0.0,3549,13616,10067
2020-01-21T23:00:00,5580.0,2608.2,2160.0,58.5,85.5,0.0,356.0369210697976,0.0,0.0,0.0,3564,13700,10136
2020-05-20T00:00:00,1860.0,7.275957614183426e-13,0.0,0.0,4.547473508864641e-13,3543.1630789302017,0.0,0.0,0.0,0.0,3630,9033,5403
2020-05-20T01:00:00,5062.163078930203,9.094947017729285e-14,0.0,-1.1368683772161605e-13,0.0,0.0,0.0,0.0,0.0,0.0,3605,8667,5062
2020-05-20T02:00:00,5257.163078930203,-1.818989403545857e-13,0.0,0.0,0.0,0.0,0.0,0.0,0.0,0.0,3113,8370,5257
2020-05-20T03:00:00,4280.163078930203,-2.728484105318785e-13,0.0,0.0,0.0,0.0,0.0,0.0,0.0,0.0,3725,8005,4280
2020-05-20T04:00:00,5388.163078930202,9.094947017729282e-13,0.0,0.0,0.0,0.0,0.0,0.0,0.0,0.0,2581,7969,5388
2020-05-20T05:00:00,4538.163078930203,0.0,0.0,0.0,0.0,0.0,0.0,0.0,0.0,0.0,3849,8387,4538
2020-05-20T06:00:00,5580.0,2.728484105318785e-13,0.0,0.0,0.0,212.1630789302025,0.0,0.0,0.0,0.0,3474,9266,5792
2020-05-20T07:00:00,5580.0,0.0,0.0,0.0,0.0,404.1630789302026,0.0,0.0,0.0,0.0,4128,10112,5984
2020-05-20T08:00:00,5580.0,0.0,0.0,0.0,0.0,623.1630789302028,0.0,0.0,0.0,0.0,4275,10478,6203
2020-05-20T09:00:00,5580.0,9.09494701772928e-14,0.0,0.0,0.0,439.1630789302031,0.0,0.0,0.0,0.0,4598,10617,6019
2020-05-20T10:00:00,5580.0,0.0,0.0,0.0,0.0,444.1630789302029,0.0,0.0,0.0,0.0,4574,10598,6024
2020-05-20T11:00:00,5580.0,0.0,0.0,0.0,0.0,439.1630789302029,0.0,0.0,0.0,0.0,4590,10609,6019
2020-05-20T12:00:00,5580.0,1.3642420526593928e-13,0.0,0.0,0.0,254.1630789302024,0.0,0.0,0.0,0.0,4759,10593,5834
2020-05-20T13:00:00,1860.0,0.0,0.0,0.0,0.0,4159.163078930203,0.0,0.0,0.0,0.0,4272,10291,6019
2020-05-20T14:00:00,5580.0,0.0,0.0,0.0,0.0,551.1630789302029,0.0,0.0,0.0,0.0,3834,9965,6131
2020-05-20T15:00:00,5580.0,0.0,0.0,0.0,0.0,371.1630789302026,0.0,0.0,0.0,0.0,3589,9540,5951
2020-05-20T16:00:00,5580.0,0.0,0.0,0.0,0.0,45.163078930202936,0.0,0.0,0.0,0.0,3565,9190,5625
2020-05-20T17:00:00,4871.163078930202,9.094947017729282e-13,0.0,0.0,0.0,0.0,0.0,0.0,0.0,0.0,4201,9072,4871
2020-05-20T18:00:00,4597.163078930202,0.0,0.0,0.0,0.0,0.0,0.0,0.0,0.0,0.0,4689,9286,4597
2020-05-20T19:00:00,4754.163078930203,0.0,0.0,0.0,0.0,0.0,0.0,0.0,0.0,0.0,4468,9222,4754
2020-05-20T20:00:00,5109.163078930203,0.0,0.0,0.0,0.0,0.0,0.0,0.0,0.0,0.0,3734,8843,5109
2020-05-20T21:00:00,5090.163078930203,0.0,0.0,0.0,0.0,0.0,0.0,0.0,0.0,0.0,3695,8785,5090
2020-05-20T22:00:00,5293.163078930203,1.3642420526593928e-13,0.0,0.0,0.0,0.0,0.0,0.0,0.0,0.0,3940,9233,5293
2020-05-20T23:00:00,5397.163078930203,7.275957614183426e-13,0.0,0.0,0.0,0.0,0.0,0.0,0.0,0.0,4015,9412,5397
2020-05-21T00:00:00,4865.163078930203,4.547473508864642e-13,0.0,0.0,0.0,0.0,0.0,0.0,0.0,0.0,3869,8734,4865
2020-05-21T01:00:00,4482.163078930203,3.4106051316484814e-14,0.0,0.0,0.0,0.0,0.0,0.0,0.0,0.0,3840,8322,4482
2020-05-21T02:00:00,4162.163078930203,4.547473508864642e-13,0.0,0.0,0.0,0.0,0.0,0.0,0.0,0.0,3837,7999,4162
2020-05-21T03:00:00,3580.163078930202,4.547473508864642e-13,0.0,0.0,0.0,0.0,0.0,0.0,0.0,0.0,4002,7582,3580
2020-05-21T04:00:00,3337.1630789302026,0.0,0.0,0.0,0.0,0.0,0.0,0.0,0.0,0.0,4109,7446,3337
2020-05-21T05:00:00,3256.163078930202,4.547473508864642e-13,0.0,0.0,0.0,0.0,0.0,0.0,0.0,0.0,4385,7641,3256
2020-05-21T06:00:00,3577.163078930202,2.728484105318785e-13,0.0,0.0,0.0,0.0,0.0,0.0,0.0,0.0,4379,7956,3577
2020-05-21T07:00:00,3979.1630789302026,0.0,0.0,0.0,0.0,0.0,0.0,0.0,0.0,0.0,4449,8428,3979
2020-05-21T08:00:00,3895.1630789302026,0.0,0.0,0.0,0.0,0.0,0.0,0.0,0.0,0.0,5067,8962,3895
2020-05-21T09:00:00,4150.163078930203,0.0,0.0,0.0,0.0,0.0,0.0,0.0,0.0,0.0,5171,9321,4150
2020-05-21T10:00:00,3754.163078930202,0.0,0.0,0.0,0.0,0.0,0.0,0.0,0.0,0.0,5597,9351,3754
2020-05-21T11:00:00,3686.1630789302026,6.821210263296964e-14,0.0,0.0,0.0,0.0,0.0,0.0,0.0,0.0,5687,9373,3686
2020-05-21T12:00:00,3640.1630789302026,0.0,0.0,0.0,0.0,0.0,0.0,0.0,0.0,0.0,5898,9538,3640
2020-05-21T13:00:00,3116.1630789302017,0.0,0.0,0.0,0.0,0.0,0.0,0.0,0.0,0.0,6019,9135,3116
2020-05-21T14:00:00,2988.1630789302026,0.0,0.0,0.0,0.0,0.0,0.0,0.0,0.0,0.0,5786,8774,2988
2020-05-21T15:00:00,2934.163078930202,0.0,0.0,0.0,0.0,0.0,0.0,0.0,0.0,0.0,5420,8354,2934
2020-05-21T16:00:00,3017.1630789302026,0.0,0.0,0.0,0.0,0.0,0.0,0.0,0.0,0.0,5065,8082,3017
2020-05-21T17:00:00,2928.1630789302017,2.728484105318785e-13,0.0,0.0,0.0,0.0,0.0,0.0,0.0,0.0,5123,8051,2928
2020-05-21T18:00:00,3233.1630789302017,4.547473508864642e-13,0.0,0.0,0.0,0.0,0.0,0.0,0.0,0.0,5098,8331,3233
2020-05-21T19:00:00,3433.1630789302026,0.0,0.0,0.0,0.0,0.0,0.0,0.0,0.0,0.0,4894,8327,3433
2020-05-21T20:00:00,3240.163078930202,-9.09494701772928e-14,0.0,0.0,0.0,0.0,0.0,0.0,0.0,0.0,4815,8055,3240
2020-05-21T21:00:00,3461.163078930202,4.547473508864642e-13,0.0,0.0,0.0,0.0,0.0,0.0,0.0,0.0,4559,8020,3461
2020-05-21T22:00:00,4195.163078930203,0.0,0.0,0.0,0.0,0.0,0.0,0.0,0.0,0.0,4325,8520,4195
2020-05-21T23:00:00,4350.163078930203,8.185452315956354e-13,0.0,0.0,0.0,0.0,0.0,0.0,0.0,0.0,4442,8792,4350
2020-05-22T00:00:00,3327.1630789302017,4.547473508864642e-13,0.0,0.0,0.0,0.0,0.0,0.0,0.0,0.0,4873,8200,3327
2020-05-22T01:00:00,3582.1630789302017,4.547473508864642e-13,0.0,0.0,0.0,0.0,0.0,0.0,0.0,0.0,4183,7765,3582
2020-05-22T02:00:00,3197.1630789302017,0.0,0.0,0.0,0.0,0.0,0.0,0.0,0.0,0.0,4191,7388,3197
2020-05-22T03:00:00,2854.163078930202,0.0,0.0,0.0,0.0,0.0,0.0,0.0,0.0,0.0,4070,6924,2854
2020-05-22T04:00:00,1560.0,4.547473508864642e-13,0.0,0.0,0.0,1201.1630789302017,0.0,0.0,0.0,0.0,3922,6683,2761
2020-05-22T05:00:00,3068.1630789302017,4.547473508864642e-13,0.0,0.0,0.0,0.0,0.0,0.0,0.0,0.0,3606,6674,3068
2020-05-22T06:00:00,2976.1630789302017,9.09494701772928e-14,0.0,0.0,0.0,0.0,0.0,0.0,0.0,0.0,3717,6693,2976
2020-05-22T07:00:00,2918.163078930202,2.728484105318785e-13,0.0,0.0,0.0,0.0,0.0,0.0,0.0,0.0,4004,6922,2918
2020-05-22T08:00:00,1860.0,0.0,0.0,0.0,0.0,1229.163078930202,0.0,0.0,0.0,0.0,4285,7374,3089
2020-05-22T09:00:00,3354.163078930202,0.0,0.0,0.0,0.0,0.0,0.0,0.0,0.0,0.0,4460,7814,3354
2020-05-22T10:00:00,3615.1630789302017,1.818989403545857e-13,0.0,0.0,0.0,0.0,0.0,0.0,0.0,0.0,4444,8059,3615
2020-05-22T11:00:00,3721.1630789302017,0.0,0.0,0.0,0.0,0.0,0.0,0.0,0.0,0.0,4505,8226,3721
2020-05-22T12:00:00,4014.1630789302017,0.0,0.0,0.0,0.0,0.0,0.0,0.0,0.0,0.0,4501,8515,4014
2020-05-22T13:00:00,3782.1630789302017,0.0,0.0,0.0,0.0,0.0,0.0,0.0,0.0,0.0,4266,8048,3782
2020-05-22T14:00:00,3596.1630789302017,0.0,0.0,0.0,0.0,0.0,0.0,0.0,0.0,0.0,4022,7618,3596
2020-05-22T15:00:00,3428.163078930202,0.0,0.0,0.0,0.0,0.0,0.0,0.0,0.0,0.0,3816,7244,3428
2020-05-22T16:00:00,3132.1630789302017,2.728484105318785e-13,0.0,0.0,0.0,0.0,0.0,0.0,0.0,0.0,3903,7035,3132
2020-05-22T17:00:00,3179.1630789302017,0.0,0.0,0.0,0.0,0.0,0.0,0.0,0.0,0.0,3900,7079,3179
2020-05-22T18:00:00,3794.1630789302017,4.547473508864642e-13,0.0,0.0,0.0,0.0,0.0,0.0,0.0,0.0,3697,7491,3794
2020-05-22T19:00:00,4078.1630789302017,-9.09494701772928e-14,0.0,0.0,0.0,0.0,0.0,0.0,0.0,0.0,3680,7758,4078
2020-05-22T20:00:00,3951.1630789302017,4.547473508864642e-13,0.0,0.0,0.0,0.0,0.0,0.0,0.0,0.0,3712,7663,3951
2020-05-22T21:00:00,4287.163078930202,4.547473508864642e-13,0.0,0.0,0.0,0.0,0.0,0.0,0.0,0.0,3357,7644,4287
2020-05-22T22:00:00,3960.0,4.547473508864642e-13,0.0,0.0,0.0,647.1630789302021,0.0,0.0,0.0,0.0,3484,8091,4607
2020-05-22T23:00:00,3960.0,4.547473508864642e-13,0.0,0.0,0.0,798.1630789302016,0.0,0.0,0.0,0.0,3568,8326,4758
2020-05-23T00:00:00,3960.0,3.4106051316484814e-14,0.0,0.0,0.0,811.1630789302028,0.0,0.0,0.0,0.0,3052,7823,4771
2020-05-23T01:00:00,3960.0,0.0,0.0,0.0,0.0,765.1630789302026,0.0,0.0,0.0,0.0,2667,7392,4725
2020-05-23T02:00:00,3960.0,9.094947017729285e-14,0.0,0.0,0.0,185.16307893020272,0.0,0.0,0.0,0.0,2878,7023,4145
2020-05-23T03:00:00,3319.163078930202,9.094947017729285e-14,0.0,0.0,0.0,0.0,0.0,0.0,0.0,0.0,3252,6571,3319
2020-05-23T04:00:00,930.0,9.094947017729285e-14,0.0,0.0,0.0,983.163078930202,0.0,0.0,0.0,0.0,4426,6339,1913
2020-05-23T05:00:00,2204.163078930202,9.094947017729285e-14,0.0,0.0,0.0,0.0,0.0,0.0,0.0,0.0,4095,6299,2204
2020-05-23T06:00:00,1980.0,9.094947017729285e-14,0.0,0.0,0.0,133.16307893020203,0.0,0.0,0.0,0.0,4206,6319,2113
2020-05-23T07:00:00,1980.0,9.094947017729285e-14,0.0,0.0,0.0,122.16307893020203,0.0,0.0,0.0,0.0,4469,6571,2102
2020-05-23T08:00:00,1980.0,9.094947017729285e-14,0.0,0.0,0.0,462.16307893020206,0.0,0.0,0.0,0.0,4586,7028,2442
2020-05-23T09:00:00,1170.0,-9.09494701772928e-14,0.0,0.0,0.0,1666.1630789302023,0.0,0.0,0.0,0.0,4617,7453,2836
2020-05-23T10:00:00,1170.0,0.0,0.0,0.0,0.0,479.1630789302022,0.0,0.0,0.0,0.0,6027,7676,1649
2020-05-23T11:00:00,1170.0,0.0,0.0,0.0,0.0,169.16307893020215,0.0,0.0,0.0,0.0,6507,7846,1339
2020-05-23T12:00:00,1170.0,0.0,0.0,0.0,0.0,1157.163078930202,0.0,0.0,0.0,0.0,5787,8114,2327
2020-05-23T13:00:00,330.0,0.0,0.0,0.0,0.0,1305.163078930202,0.0,0.0,0.0,0.0,6054,7689,1635
2020-05-23T14:00:00,1242.1630789302021,0.0,0.0,0.0,0.0,0.0,0.0,0.0,0.0,0.0,6051,7293,1242
2020-05-23T15:00:00,717.1630789302022,0.0,0.0,0.0,0.0,0.0,0.0,0.0,0.0,0.0,6263,6980,717
2020-05-23T16:00:00,1349.1630789302017,2.728484105318785e-13,0.0,0.0,0.0,0.0,0.0,0.0,0.0,0.0,5441,6790,1349
2020-05-23T17:00:00,699.1630789302017,4.547473508864642e-13,0.0,0.0,0.0,0.0,0.0,0.0,0.0,0.0,6108,6807,699
2020-05-23T18:00:00,1980.0,2.728484105318785e-13,0.0,0.0,0.0,29.163078930202023,0.0,0.0,0.0,0.0,5130,7139,2009
2020-05-23T19:00:00,1980.0,0.0,0.0,0.0,0.0,377.1630789302021,0.0,0.0,0.0,0.0,5019,7376,2357
2020-05-23T20:00:00,1980.0,0.0,0.0,0.0,0.0,360.1630789302021,0.0,0.0,0.0,0.0,4925,7265,2340
2020-05-23T21:00:00,1547.1630789302021,0.0,0.0,0.0,0.0,0.0,0.0,0.0,0.0,0.0,5665,7212,1547
2020-05-23T22:00:00,2790.0,0.0,0.0,0.0,0.0,238.16307893020235,0.0,0.0,0.0,0.0,4697,7725,3028
2020-05-23T23:00:00,2472.1630789302017,5.45696821063757e-13,0.0,0.0,0.0,0.0,0.0,0.0,0.0,0.0,5501,7973,2472
2020-05-24T00:00:00,2790.0,4.547473508864642e-13,0.0,0.0,0.0,371.16307893020166,0.0,0.0,0.0,0.0,4454,7615,3161
2020-05-24T01:00:00,2790.0,4.547473508864642e-13,0.0,0.0,0.0,175.16307893020166,0.0,0.0,0.0,0.0,4304,7269,2965
2020-05-24T02:00:00,2790.0,0.0,0.0,0.0,0.0,24.16307893020221,0.0,0.0,0.0,0.0,4155,6969,2814
2020-05-24T03:00:00,930.0,0.0,0.0,0.0,0.0,1334.163078930202,0.0,0.0,0.0,0.0,4324,6588,2264
2020-05-24T04:00:00,2180.1630789302026,-5.456968210637568e-13,0.0,0.0,0.0,0.0,0.0,0.0,0.0,0.0,4378,6558,2180
2020-05-24T05:00:00,2913.1630789302017,-2.728484105318785e-13,0.0,0.0,0.0,0.0,0.0,0.0,0.0,0.0,4097,7010,2913
2020-05-24T06:00:00,3960.0,4.547473508864642e-13,0.0,0.0,0.0,0.1630789302016637,0.0,0.0,0.0,0.0,3887,7847,3960
2020-05-24T07:00:00,3960.0,4.547473508864642e-13,0.0,0.0,0.0,753.1630789302021,0.0,0.0,0.0,0.0,3992,8705,4713
2020-05-24T08:00:00,4770.0,-2.728484105318785e-13,0.0,0.0,0.0,266.1630789302031,0.0,0.0,0.0,0.0,4156,9192,5036
2020-05-24T09:00:00,5239.163078930203,0.0,0.0,0.0,0.0,0.0,0.0,0.0,0.0,0.0,4240,9479,5239
2020-05-24T10:00:00,5374.163078930203,0.0,0.0,0.0,0.0,0.0,0.0,0.0,0.0,0.0,4205,9579,5374
2020-05-24T11:00:00,5464.163078930203,0.0,0.0,0.0,0.0,0.0,0.0,0.0,0.0,0.0,4268,9732,5464
2020-05-24T12:00:00,5580.0,0.0,0.0,0.0,0.0,249.16307893020283,0.0,0.0,0.0,0.0,3976,9805,5829
2020-05-24T13:00:00,5580.0,0.0,0.0,0.0,0.0,82.16307893020327,0.0,0.0,0.0,0.0,3980,9642,5662
2020-05-24T14:00:00,5580.0,0.0,0.0,0.0,0.0,160.16307893020277,0.0,0.0,0.0,0.0,3724,9464,5740
2020-05-24T15:00:00,5529.1630789302035,-4.547473508864642e-13,0.0,0.0,0.0,0.0,0.0,0.0,0.0,0.0,3635,9164,5529
2020-05-24T16:00:00,5189.163078930203,0.0,0.0,0.0,0.0,0.0,0.0,0.0,0.0,0.0,3737,8926,5189
2020-05-24T17:00:00,4705.163078930203,0.0,0.0,0.0,0.0,0.0,0.0,0.0,0.0,0.0,4095,8800,4705
2020-05-24T18:00:00,4683.163078930202,4.547473508864642e-13,0.0,0.0,0.0,0.0,0.0,0.0,0.0,0.0,4355,9038,4683
2020-05-24T19:00:00,4627.163078930202,4.547473508864642e-13,0.0,0.0,0.0,0.0,0.0,0.0,0.0,0.0,4394,9021,4627
2020-05-24T20:00:00,1860.0,0.0,0.0,0.0,0.0,2156.1630789302017,0.0,0.0,0.0,0.0,4436,8452,4016
2020-05-24T21:00:00,3654.1630789302017,0.0,0.0,0.0,0.0,0.0,0.0,0.0,0.0,0.0,4553,8207,3654
2020-05-24T22:00:00,4108.163078930203,-5.456968210637568e-13,0.0,0.0,0.0,0.0,0.0,0.0,0.0,0.0,4446,8554,4108
2020-05-24T23:00:00,4315.163078930202,8.185452315956354e-13,0.0,0.0,0.0,0.0,0.0,0.0,0.0,0.0,4365,8680,4315
2020-05-25T00:00:00,3815.1630789302017,0.0,0.0,0.0,0.0,0.0,0.0,0.0,0.0,0.0,4251,8066,3815
2020-05-25T01:00:00,3325.163078930202,1.818989403545857e-13,0.0,0.0,0.0,0.0,0.0,0.0,0.0,0.0,4341,7666,3325
2020-05-25T02:00:00,3051.1630789302008,5.456968210637569e-13,0.0,0.0,0.0,0.0,0.0,0.0,0.0,0.0,4312,7363,3051
2020-05-25T03:00:00,2602.1630789302017,-5.6843418860808e-15,0.0,0.0,0.0,0.0,0.0,0.0,0.0,0.0,4373,6975,2602
2020-05-25T04:00:00,2642.1630789302017,1.818989403545857e-13,0.0,0.0,0.0,0.0,0.0,0.0,0.0,0.0,4244,6886,2642
2020-05-25T05:00:00,2845.163078930202,0.0,0.0,0.0,0.0,0.0,0.0,0.0,0.0,0.0,4392,7237,2845
2020-05-25T06:00:00,3826.1630789302017,1.818989403545857e-13,0.0,0.0,0.0,0.0,0.0,0.0,0.0,0.0,4219,8045,3826
2020-05-25T07:00:00,4675.163078930203,0.0,0.0,0.0,0.0,0.0,0.0,0.0,0.0,0.0,4226,8901,4675
2020-05-25T08:00:00,5255.163078930202,0.0,0.0,0.0,0.0,0.0,0.0,0.0,0.0,0.0,4133,9388,5255
2020-05-25T09:00:00,5437.163078930202,-5.6843418860808e-15,0.0,0.0,0.0,0.0,0.0,0.0,0.0,0.0,4240,9677,5437
2020-05-25T10:00:00,5314.163078930202,0.0,0.0,0.0,0.0,0.0,0.0,0.0,0.0,0.0,4502,9816,5314
2020-05-25T11:00:00,5319.163078930202,4.5474735088646414e-14,0.0,0.0,0.0,0.0,0.0,0.0,0.0,0.0,4650,9969,5319
2020-05-25T12:00:00,5163.163078930202,-5.6843418860808e-15,0.0,0.0,0.0,0.0,0.0,0.0,0.0,0.0,4896,10059,5163
2020-05-25T13:00:00,4911.163078930202,0.0,0.0,0.0,0.0,0.0,0.0,0.0,0.0,0.0,4958,9869,4911
2020-05-25T14:00:00,4842.163078930203,1.818989403545857e-13,0.0,0.0,0.0,0.0,0.0,0.0,0.0,0.0,4861,9703,4842
2020-05-25T15:00:00,4652.163078930202,9.09494701772928e-14,0.0,0.0,0.0,0.0,0.0,0.0,0.0,0.0,4734,9386,4652
2020-05-25T16:00:00,4444.163078930203,0.0,0.0,0.0,0.0,0.0,0.0,0.0,0.0,0.0,4693,9137,4444
2020-05-25T17:00:00,4172.163078930202,-5.6843418860808e-15,0.0,0.0,0.0,0.0,0.0,0.0,0.0,0.0,4853,9025,4172
2020-05-25T18:00:00,4380.163078930202,5.456968210637569e-13,0.0,0.0,0.0,0.0,0.0,0.0,0.0,0.0,4909,9289,4380
2020-05-25T19:00:00,4618.163078930202,1.818989403545857e-13,0.0,0.0,0.0,0.0,0.0,0.0,0.0,0.0,4706,9324,4618
2020-05-25T20:00:00,3945.1630789302017,1.818989403545857e-13,0.0,0.0,0.0,0.0,0.0,0.0,0.0,0.0,4818,8763,3945
2020-05-25T21:00:00,3706.1630789302017,5.456968210637569e-13,0.0,0.0,0.0,0.0,0.0,0.0,0.0,0.0,4741,8447,3706
2020-05-25T22:00:00,4189.163078930202,5.456968210637569e-13,0.0,0.0,0.0,0.0,0.0,0.0,0.0,0.0,4642,8831,4189
2020-05-25T23:00:00,1860.0,0.0,0.0,0.0,0.0,2340.163078930202,0.0,0.0,0.0,0.0,4776,8976,4200
2020-05-26T00:00:00,3405.1630789302017,1.818989403545857e-13,0.0,0.0,0.0,0.0,0.0,0.0,0.0,0.0,4952,8357,3405
2020-05-26T01:00:00,3176.163078930202,0.0,0.0,0.0,0.0,0.0,0.0,0.0,0.0,0.0,4792,7968,3176
2020-05-26T02:00:00,3077.163078930201,5.456968210637569e-13,0.0,0.0,0.0,0.0,0.0,0.0,0.0,0.0,4594,7671,3077
2020-05-26T03:00:00,2572.1630789302026,-1.3642420526593928e-13,0.0,0.0,0.0,0.0,0.0,0.0,0.0,0.0,4719,7291,2572
2020-05-26T04:00:00,2749.163078930202,1.818989403545857e-13,0.0,0.0,0.0,0.0,0.0,0.0,0.0,0.0,4471,7220,2749
2020-05-26T05:00:00,3186.1630789302017,2.728484105318785e-13,0.0,0.0,0.0,0.0,0.0,0.0,0.0,0.0,4415,7601,3186
2020-05-26T06:00:00,3961.163078930202,-1.3642420526593928e-13,0.0,0.0,0.0,0.0,0.0,0.0,0.0,0.0,4463,8424,3961
2020-05-26T07:00:00,4875.163078930203,-1.3642420526593928e-13,0.0,0.0,0.0,0.0,0.0,0.0,0.0,0.0,4387,9262,4875
2020-05-26T08:00:00,5472.163078930203,0.0,0.0,0.0,0.0,0.0,0.0,0.0,0.0,0.0,4202,9674,5472
2020-05-26T09:00:00,5462.1630789302035,0.0,0.0,0.0,0.0,0.0,0.0,0.0,0.0,0.0,4391,9853,5462
2020-05-26T10:00:00,5456.1630789302035,-1.3642420526593928e-13,0.0,0.0,0.0,0.0,0.0,0.0,0.0,0.0,4436,9892,5456
2020-05-26T11:00:00,5580.0,0.0,0.0,0.0,0.0,48.16307893020292,0.0,0.0,0.0,0.0,4338,9966,5628
2020-05-26T12:00:00,5580.0,-2.728484105318785e-13,0.0,0.0,0.0,197.1630789302031,0.0,0.0,0.0,0.0,4210,9987,5777
2020-05-26T13:00:00,5580.0,0.0,0.0,0.0,0.0,137.16307893020283,0.0,0.0,0.0,0.0,4034,9751,5717
2020-05-26T14:00:00,5580.0,0.0,0.0,0.0,0.0,368.1630789302029,0.0,0.0,0.0,0.0,3623,9571,5948
2020-05-26T15:00:00,5580.0,1.818989403545857e-13,0.0,0.0,0.0,567.163078930203,0.0,0.0,0.0,0.0,3105,9252,6147
2020-05-26T16:00:00,5580.0,-3.637978807091713e-13,0.0,0.0,0.0,395.1630789302031,0.0,0.0,0.0,0.0,3027,9002,5975
2020-05-26T17:00:00,5580.0,0.0,0.0,0.0,0.0,65.16307893020291,0.0,0.0,0.0,0.0,3259,8904,5645
2020-05-26T18:00:00,5580.0,0.0,0.0,0.0,0.0,511.1630789302029,0.0,0.0,0.0,0.0,3106,9197,6091
2020-05-26T19:00:00,5580.0,-1.3642420526593928e-13,0.0,0.0,0.0,1160.163078930203,0.0,0.0,0.0,0.0,2523,9263,6740
2020-05-26T20:00:00,5580.0,0.0,0.0,0.0,0.0,185.16307893020291,0.0,0.0,0.0,0.0,2914,8679,5765
2020-05-26T21:00:00,5580.0,1.818989403545857e-13,0.0,0.0,0.0,407.163078930203,0.0,0.0,0.0,0.0,2392,8379,5987
2020-05-26T22:00:00,5580.0,1.818989403545857e-13,0.0,0.0,0.0,572.163078930203,0.0,0.0,0.0,0.0,2623,8775,6152
2020-05-26T23:00:00,5580.0,3.637978807091713e-13,0.0,0.0,0.0,890.1630789302029,0.0,0.0,0.0,0.0,2462,8932,6470
2020-05-27T00:00:00,5580.0,0.0,0.0,0.0,1.7053025658242404e-13,370.16307893020286,0.0,0.0,0.0,0.0,2417,8367,5950
2020-05-27T01:00:00,5580.0,-1.818989403545857e-13,0.0,0.0,0.0,26.163078930203028,0.0,0.0,0.0,0.0,2360,7966,5606
2020-05-27T02:00:00,5580.0,-4.5474735088646414e-14,0.0,0.0,0.0,0.0,147.83692106979697,0.0,0.0,0.0,2234,7666,5432
2020-05-27T03:00:00,5580.0,2.728484105318785e-13,0.0,0.0,0.0,0.0,530.836921069797,0.0,0.0,0.0,2234,7283,5049
2020-05-27T04:00:00,5028.163078930204,-8.185452315956354e-13,0.0,0.0,0.0,0.0,0.0,0.0,0.0,0.0,2188,7216,5028
2020-05-27T05:00:00,5372.1630789302035,2.728484105318785e-13,0.0,0.0,0.0,0.0,0.0,0.0,0.0,0.0,2231,7603,5372
2020-05-27T06:00:00,5580.0,4.547473508864642e-13,0.0,0.0,0.0,0.0,0.0,664.1630789302035,0.0,0.0,2178,8422,6244
2020-05-27T07:00:00,5580.0,0.0,0.0,0.0,0.0,1519.943085453363,0.0,215.2199934768405,0.0,0.0,1975,9290,7315
2020-05-27T08:00:00,5580.0,0.0,0.0,0.0,0.0,2201.1630789302035,0.0,0.0,0.0,0.0,1887,9668,7781
2020-05-27T09:00:00,5580.0,0.0,0.0,0.0,0.0,2121.1630789302035,0.0,0.0,0.0,0.0,2134,9835,7701
2020-05-27T10:00:00,5580.0,-2.728484105318785e-13,0.0,0.0,0.0,1836.1630789302037,0.0,0.0,0.0,0.0,2414,9830,7416
2020-05-27T11:00:00,5580.0,-9.094947017729285e-14,0.0,0.0,0.0,1696.1630789302037,0.0,0.0,0.0,0.0,2558,9834,7276
2020-05-27T12:00:00,5580.0,0.0,0.0,0.0,0.0,1772.163078930203,0.0,0.0,0.0,0.0,2488,9840,7352
2020-05-27T13:00:00,5580.0,-1.818989403545857e-13,0.0,0.0,0.0,1569.1630789302037,0.0,0.0,0.0,0.0,2399,9548,7149
2020-05-27T14:00:00,5580.0,-9.094947017729285e-14,0.0,0.0,0.0,1562.1630789302037,0.0,0.0,0.0,0.0,2188,9330,7142
2020-05-27T15:00:00,5580.0,0.0,0.0,0.0,0.0,1455.1630789302033,0.0,0.0,0.0,0.0,1959,8994,7035
2020-05-27T16:00:00,5580.0,2.728484105318785e-13,0.0,0.0,0.0,1505.1630789302037,0.0,0.0,0.0,0.0,1628,8713,7085
2020-05-27T17:00:00,5580.0,0.0,0.0,0.0,0.0,1587.1630789302033,0.0,0.0,0.0,0.0,1454,8621,7167
2020-05-27T18:00:00,5580.0,4.547473508864642e-13,0.0,0.0,0.0,1840.163078930203,0.0,0.0,0.0,0.0,1372,8792,7420
2020-05-27T19:00:00,5580.0,2.728484105318785e-13,0.0,0.0,0.0,816.1630789302035,0.0,0.0,0.0,0.0,2335,8731,6396
2020-05-27T20:00:00,5580.0,2.728484105318785e-13,0.0,0.0,0.0,1406.1630789302037,0.0,0.0,0.0,0.0,1255,8241,6986
2020-05-27T21:00:00,5580.0,0.0,0.0,0.0,0.0,1179.1630789302033,0.0,0.0,0.0,0.0,1288,8047,6759
2020-05-27T22:00:00,5580.0,0.0,0.0,0.0,0.0,1344.1630789302037,0.0,0.0,0.0,0.0,1615,8539,6924
2020-05-27T23:00:00,5580.0,9.09494701772928e-14,0.0,0.0,0.0,1159.163078930204,0.0,0.0,0.0,0.0,1976,8715,6739
2020-05-28T00:00:00,5580.0,9.094947017729282e-13,0.0,0.0,0.0,1078.1630789302026,0.0,0.0,0.0,0.0,1286,7944,6658
2020-05-28T01:00:00,5580.0,1.818989403545857e-13,0.0,0.0,0.0,598.1630789302026,0.0,0.0,0.0,0.0,1290,7468,6178
2020-05-28T02:00:00,5580.0,9.094947017729282e-13,0.0,0.0,0.0,214.16307893020257,0.0,0.0,0.0,0.0,1328,7122,5794
2020-05-28T03:00:00,5363.163078930203,1.3642420526593928e-13,0.0,0.0,0.0,0.0,0.0,0.0,0.0,0.0,1343,6706,5363
2020-05-28T04:00:00,5005.163078930203,1.3642420526593928e-13,0.0,0.0,0.0,0.0,0.0,0.0,0.0,0.0,1552,6557,5005
2020-05-28T05:00:00,5094.163078930203,1.818989403545857e-13,0.0,0.0,0.0,0.0,0.0,0.0,0.0,0.0,1565,6659,5094
2020-05-28T06:00:00,5246.1630789302035,1.818989403545857e-13,0.0,0.0,0.0,0.0,0.0,0.0,0.0,0.0,1690,6936,5246
2020-05-28T07:00:00,5580.0,0.0,0.0,0.0,0.0,178.16307893020291,0.0,0.0,0.0,0.0,1641,7399,5758
2020-05-28T08:00:00,5580.0,1.818989403545857e-13,0.0,0.0,0.0,657.1630789302026,0.0,0.0,0.0,0.0,1726,7963,6237
2020-05-28T09:00:00,5580.0,3.637978807091713e-13,0.0,0.0,0.0,682.1630789302025,0.0,0.0,0.0,0.0,2114,8376,6262
2020-05-28T10:00:00,5580.0,1.3642420526593928e-13,0.0,0.0,0.0,389.1630789302026,0.0,0.0,0.0,0.0,2533,8502,5969
2020-05-28T11:00:00,5580.0,1.3642420526593928e-13,0.0,0.0,0.0,17.163078930202573,0.0,0.0,0.0,0.0,3010,8607,5597
2020-05-28T12:00:00,5580.0,0.0,0.0,0.0,0.0,63.16307893020269,0.0,0.0,0.0,0.0,3189,8832,5643
2020-05-28T13:00:00,5247.163078930203,1.3642420526593928e-13,0.0,0.0,0.0,0.0,0.0,0.0,0.0,0.0,3267,8514,5247
2020-05-28T14:00:00,5180.163078930203,0.0,0.0,0.0,0.0,0.0,0.0,0.0,0.0,0.0,3051,8231,5180
2020-05-28T15:00:00,5331.427701674279,0.0,0.0,0.0,0.0,0.0,14.2646227440761,0.0,0.0,0.0,2579,7896,5317
2020-05-28T16:00:00,5580.0,1.818989403545857e-13,0.0,0.0,0.0,0.0,76.83692106979743,0.0,0.0,0.0,2148,7651,5503
2020-05-28T17:00:00,5500.163078930203,1.1368683772161605e-13,0.0,0.0,0.0,0.0,0.0,0.0,0.0,0.0,2090,7590,5500
2020-05-28T18:00:00,5580.0,1.818989403545857e-13,0.0,0.0,0.0,0.0,0.0,63.16307893020257,0.0,0.0,2152,7795,5643
2020-05-28T19:00:00,5580.0,1.3642420526593928e-13,0.0,0.0,0.0,0.0,0.0,5.163078930202573,0.0,0.0,2212,7797,5585
2020-05-28T20:00:00,5144.163078930202,9.094947017729282e-13,0.0,0.0,0.0,0.0,0.0,0.0,0.0,0.0,2293,7437,5144
2020-05-28T21:00:00,5237.380517503806,0.0,0.0,0.0,0.0,0.0,284.2174385736033,0.0,0.0,0.0,2347,7300,4953
2020-05-28T22:00:00,5559.1630789302035,0.0,0.0,0.0,0.0,0.0,0.0,0.0,0.0,0.0,2303,7862,5559
2020-05-28T23:00:00,5580.0,0.0,0.0,0.0,0.0,0.0,0.0,213.1630789302025,0.0,0.0,2338,8131,5793
2020-05-29T00:00:00,5310.163078930203,0.0,0.0,0.0,0.0,0.0,0.0,0.0,0.0,0.0,2261,7571,5310
2020-05-29T01:00:00,4952.163078930203,0.0,0.0,0.0,0.0,0.0,0.0,0.0,0.0,0.0,2161,7113,4952
2020-05-29T02:00:00,4436.163078930203,0.0,0.0,0.0,0.0,0.0,0.0,0.0,0.0,0.0,2288,6724,4436
2020-05-29T03:00:00,3868.163078930202,0.0,0.0,0.0,0.0,0.0,0.0,0.0,0.0,0.0,2387,6255,3868
2020-05-29T04:00:00,3575.163078930202,0.0,0.0,0.0,0.0,0.0,0.0,0.0,0.0,0.0,2424,5999,3575
2020-05-29T05:00:00,3409.163078930201,5.456968210637569e-13,0.0,0.0,0.0,0.0,0.0,0.0,0.0,0.0,2506,5915,3409
2020-05-29T06:00:00,3046.163078930202,-6.821210263296964e-14,0.0,0.0,0.0,0.0,0.0,0.0,0.0,0.0,2859,5905,3046
2020-05-29T07:00:00,3885.163078930202,0.0,0.0,0.0,0.0,0.0,0.0,0.0,0.0,0.0,2264,6149,3885
2020-05-29T08:00:00,2769.163078930202,0.0,0.0,0.0,0.0,0.0,0.0,0.0,0.0,0.0,3875,6644,2769
2020-05-29T09:00:00,4401.163078930203,0.0,0.0,0.0,0.0,0.0,0.0,0.0,0.0,0.0,2721,7122,4401
2020-05-29T10:00:00,3798.163078930202,0.0,0.0,0.0,0.0,0.0,0.0,0.0,0.0,0.0,3630,7428,3798
2020-05-29T11:00:00,3929.163078930202,0.0,0.0,0.0,0.0,0.0,0.0,0.0,0.0,0.0,3730,7659,3929
2020-05-29T12:00:00,4212.163078930203,-1.3642420526593928e-13,0.0,0.0,0.0,0.0,0.0,0.0,0.0,0.0,3764,7976,4212
2020-05-29T13:00:00,4012.1630789302026,-2.728484105318785e-13,0.0,0.0,0.0,0.0,0.0,0.0,0.0,0.0,3582,7594,4012
2020-05-29T14:00:00,3987.1630789302026,-4.547473508864642e-13,0.0,0.0,0.0,0.0,0.0,0.0,0.0,0.0,3254,7241,3987
2020-05-29T15:00:00,4168.163078930203,-1.3642420526593928e-13,0.0,0.0,0.0,0.0,0.0,0.0,0.0,0.0,2797,6965,4168
2020-05-29T16:00:00,4444.163078930203,-1.3642420526593928e-13,0.0,0.0,0.0,0.0,0.0,0.0,0.0,0.0,2348,6792,4444
2020-05-29T17:00:00,4713.163078930202,5.456968210637569e-13,0.0,0.0,0.0,0.0,0.0,0.0,0.0,0.0,2101,6814,4713
2020-05-29T18:00:00,3523.1630789302017,0.0,0.0,0.0,0.0,0.0,0.0,0.0,0.0,0.0,3590,7113,3523
2020-05-29T19:00:00,3781.163078930202,0.0,0.0,0.0,0.0,0.0,0.0,0.0,0.0,0.0,3574,7355,3781
2020-05-29T20:00:00,5203.163078930203,0.0,0.0,0.0,0.0,0.0,0.0,0.0,0.0,0.0,2027,7230,5203
2020-05-29T21:00:00,5217.163078930202,4.547473508864642e-13,0.0,0.0,0.0,0.0,0.0,0.0,0.0,0.0,1962,7179,5217
2020-05-29T22:00:00,4728.163078930203,0.0,0.0,0.0,0.0,0.0,0.0,0.0,0.0,0.0,2959,7687,4728
2020-05-29T23:00:00,5580.0,9.09494701772928e-14,0.0,0.0,0.0,422.163078930202,0.0,0.0,0.0,0.0,1906,7908,6002
2020-05-30T00:00:00,5340.163078930203,4.547473508864642e-13,0.0,0.0,0.0,0.0,0.0,0.0,0.0,0.0,2034,7374,5340
2020-05-30T01:00:00,4662.1630789302035,-5.45696821063757e-13,0.0,0.0,0.0,0.0,0.0,0.0,0.0,0.0,2329,6991,4662
2020-05-30T02:00:00,4453.163078930203,-9.09494701772928e-14,0.0,0.0,0.0,0.0,0.0,0.0,0.0,0.0,2225,6678,4453
2020-05-30T03:00:00,4097.163078930202,4.547473508864642e-13,0.0,0.0,0.0,0.0,0.0,0.0,0.0,0.0,2218,6315,4097
2020-05-30T04:00:00,4039.1630789302017,4.547473508864642e-13,0.0,0.0,0.0,0.0,0.0,0.0,0.0,0.0,2244,6283,4039
2020-05-30T05:00:00,4458.163078930203,0.0,0.0,0.0,0.0,0.0,0.0,0.0,0.0,0.0,2246,6704,4458
2020-05-30T06:00:00,4070.163078930202,0.0,0.0,0.0,0.0,0.0,0.0,0.0,0.0,0.0,3464,7534,4070
2020-05-30T07:00:00,4499.1630789302035,-4.547473508864642e-13,0.0,0.0,0.0,0.0,0.0,0.0,0.0,0.0,3941,8440,4499
2020-05-30T08:00:00,4970.163078930203,4.547473508864642e-13,0.0,0.0,0.0,0.0,0.0,0.0,0.0,0.0,4011,8981,4970
2020-05-30T09:00:00,5580.0,2.728484105318785e-13,0.0,0.0,0.0,1411.163078930202,0.0,0.0,0.0,0.0,2316,9307,6991
2020-05-30T10:00:00,5580.0,-3.4106051316484827e-14,0.0,0.0,0.0,0.0,90.83692106979764,0.0,0.0,0.0,3969,9458,5489
2020-05-30T11:00:00,5580.0,-1.2505552149377767e-13,0.0,0.0,0.0,780.0353881278544,0.0,68.12769080234821,0.0,0.0,3209,9637,6428
2020-05-30T12:00:00,5580.0,5.6843418860808e-15,0.0,0.0,0.0,443.16307893020246,0.0,0.0,0.0,0.0,3678,9701,6023
2020-05-30T13:00:00,5580.0,5.6843418860808e-15,0.0,0.0,0.0,718.1630789302025,0.0,0.0,0.0,0.0,3270,9568,6298
2020-05-30T14:00:00,5580.0,-9.09494701772928e-14,0.0,0.0,0.0,700.1630789302028,0.0,0.0,0.0,0.0,3169,9449,6280
2020-05-30T15:00:00,5580.0,0.0,0.0,0.0,0.0,1248.1630789302026,0.0,0.0,0.0,0.0,2369,9197,6828
2020-05-30T16:00:00,5580.0,0.0,0.0,0.0,0.0,211.1630789302025,0.0,0.0,0.0,0.0,3186,8977,5791
2020-05-30T17:00:00,5580.0,4.547473508864642e-13,0.0,0.0,0.0,0.0,320.8369210697974,0.0,0.0,0.0,3602,8861,5259
2020-05-30T18:00:00,5580.0,-4.547473508864642e-13,0.0,0.0,0.0,0.0,0.0,8.163078930203028,0.0,0.0,3490,9078,5588
2020-05-30T19:00:00,5580.0,2.728484105318785e-13,0.0,0.0,0.0,1595.698467058057,0.0,232.46461187214504,0.0,0.0,1617,9025,7408
2020-05-30T20:00:00,5580.0,4.547473508864642e-13,0.0,0.0,0.0,1477.1630789302023,0.0,0.0,0.0,0.0,1388,8445,7057
2020-05-30T21:00:00,5580.0,-2.728484105318785e-13,0.0,0.0,0.0,1200.1630789302026,0.0,0.0,0.0,0.0,1340,8120,6780
2020-05-30T22:00:00,5393.163078930203,4.547473508864642e-13,0.0,0.0,0.0,0.0,0.0,0.0,0.0,0.0,3109,8502,5393
2020-05-30T23:00:00,5580.0,4.547473508864642e-13,0.0,0.0,0.0,1547.1630789302028,0.0,0.0,0.0,0.0,1481,8608,7127
2020-05-31T00:00:00,5580.0,9.09494701772928e-14,0.0,0.0,0.0,0.0,350.83692106979703,0.0,0.0,0.0,2771,8000,5229
2020-05-31T01:00:00,5580.0,4.547473508864642e-13,0.0,0.0,0.0,112.0353881278548,0.0,263.1276908023478,0.0,0.0,1608,7563,5955
2020-05-31T02:00:00,5017.163078930203,4.547473508864642e-13,0.0,0.0,0.0,0.0,0.0,0.0,0.0,0.0,2242,7259,5017
2020-05-31T03:00:00,5026.163078930203,0.0,0.0,0.0,0.0,0.0,0.0,0.0,0.0,0.0,1870,6896,5026
2020-05-31T04:00:00,4937.163078930203,0.0,0.0,0.0,0.0,0.0,0.0,0.0,0.0,0.0,1874,6811,4937
2020-05-31T05:00:00,5572.163078930203,0.0,0.0,0.0,0.0,0.0,0.0,0.0,0.0,0.0,1548,7120,5572
2020-05-31T06:00:00,4157.163078930202,4.547473508864642e-13,0.0,0.0,0.0,0.0,0.0,0.0,0.0,0.0,3714,7871,4157
2020-05-31T07:00:00,5580.0,0.0,0.0,0.0,0.0,0.0,745.8369210697975,0.0,0.0,0.0,3906,8740,4834
2020-05-31T08:00:00,5580.0,-9.09494701772928e-14,0.0,0.0,0.0,0.0,267.836921069797,0.0,0.0,0.0,3935,9247,5312
2020-05-31T09:00:00,5580.0,-2.2737367544323216e-13,0.0,0.0,0.0,0.0,324.836921069797,0.0,0.0,0.0,4278,9533,5255
2020-05-31T10:00:00,5580.0,0.0,0.0,0.0,0.0,703.2800065231592,0.0,1003.8830724070436,0.0,0.0,2373,9660,7287
2020-05-31T11:00:00,5580.0,0.0,0.0,0.0,0.0,51.1630789302028,0.0,0.0,0.0,0.0,4181,9812,5631
2020-05-31T12:00:00,5580.0,0.0,0.0,0.0,0.0,1152.1630789302028,0.0,0.0,0.0,0.0,3137,9869,6732
2020-05-31T13:00:00,5580.0,0.0,0.0,0.0,0.0,1124.1630789302033,0.0,0.0,0.0,0.0,2995,9699,6704
2020-05-31T14:00:00,5580.0,4.547473508864642e-13,0.0,0.0,0.0,1317.1630789302026,0.0,0.0,0.0,0.0,2679,9576,6897
2020-05-31T15:00:00,5580.0,0.0,0.0,0.0,0.0,402.16307893020286,0.0,0.0,0.0,0.0,3311,9293,5982
2020-05-31T16:00:00,5580.0,0.0,0.0,0.0,0.0,22.1630789302028,0.0,0.0,0.0,0.0,3440,9042,5602
2020-05-31T17:00:00,5033.163078930203,4.547473508864642e-13,0.0,0.0,0.0,0.0,0.0,0.0,0.0,0.0,3865,8898,5033
2020-05-31T18:00:00,5270.163078930203,4.547473508864642e-13,0.0,0.0,0.0,0.0,0.0,0.0,0.0,0.0,3807,9077,5270
2020-05-31T19:00:00,5270.163078930203,0.0,0.0,0.0,0.0,0.0,0.0,0.0,0.0,0.0,3775,9045,5270
2020-05-31T20:00:00,4732.163078930202,4.547473508864642e-13,0.0,0.0,0.0,0.0,0.0,0.0,0.0,0.0,3740,8472,4732
2020-05-31T21:00:00,5580.0,9.09494701772928e-14,0.0,0.0,0.0,0.0,674.8369210697975,0.0,0.0,0.0,3272,8177,4905
2020-05-31T22:00:00,5580.0,0.0,0.0,0.0,0.0,1291.0353881278552,0.0,506.1276908023482,0.0,0.0,1209,8586,7377
2020-05-31T23:00:00,5580.0,8.185452315956354e-13,0.0,0.0,0.0,0.0,476.8369210697974,0.0,0.0,0.0,3605,8708,5103
2020-06-01T00:00:00,5580.0,7.275957614183426e-13,0.0,0.0,0.0,860.535388127854,0.0,357.62769080234807,0.0,0.0,1204,8002,6798
2020-06-01T01:00:00,5580.0,1.3642420526593928e-13,0.0,0.0,0.0,775.1630789302023,0.0,0.0,0.0,0.0,1220,7575,6355
2020-06-01T02:00:00,4687.163078930203,1.3642420526593928e-13,0.0,0.0,0.0,0.0,0.0,0.0,0.0,0.0,2592,7279,4687
2020-06-01T03:00:00,4706.163078930203,0.0,0.0,0.0,0.0,0.0,0.0,0.0,0.0,0.0,2218,6924,4706
2020-06-01T04:00:00,5354.163078930203,0.0,0.0,0.0,0.0,0.0,0.0,0.0,0.0,0.0,1501,6855,5354
2020-06-01T05:00:00,4379.163078930203,0.0,0.0,0.0,0.0,0.0,0.0,0.0,0.0,0.0,2809,7188,4379
2020-06-01T06:00:00,5133.163078930202,1.3642420526593928e-13,0.0,0.0,0.0,0.0,1200.0,0.0,0.0,0.0,4029,7962,3933
2020-06-01T07:00:00,5209.163078930203,1.3642420526593928e-13,0.0,0.0,0.0,0.0,400.0,0.0,0.0,0.0,4027,8836,4809
2020-06-01T08:00:00,5580.0,0.0,0.0,0.0,0.0,351.1630789302026,0.0,1200.0,0.0,0.0,2191,9322,7131
2020-06-01T09:00:00,5580.0,1.3642420526593928e-13,0.0,0.0,0.0,1924.1630789302023,0.0,0.0,0.0,0.0,2070,9574,7504
2020-06-01T10:00:00,4986.163078930203,0.0,0.0,0.0,0.0,0.0,0.0,0.0,0.0,0.0,4671,9657,4986
2020-06-01T11:00:00,5580.0,1.3642420526593928e-13,0.0,0.0,0.0,1105.1630789302023,0.0,0.0,0.0,0.0,3099,9784,6685
2020-06-01T12:00:00,5556.163078930203,0.0,0.0,0.0,0.0,0.0,0.0,0.0,0.0,0.0,4265,9821,5556
2020-06-01T13:00:00,5580.0,0.0,0.0,0.0,0.0,150.16307893020257,0.0,0.0,0.0,0.0,3907,9637,5730
2020-06-01T14:00:00,5580.0,0.0,0.0,0.0,0.0,258.1630789302025,0.0,0.0,0.0,0.0,3662,9500,5838
2020-06-01T15:00:00,5580.0,0.0,0.0,0.0,0.0,92.16307893020256,0.0,0.0,0.0,0.0,3539,9211,5672
2020-06-01T16:00:00,5275.163078930202,-5.456968210637569e-13,0.0,0.0,0.0,0.0,0.0,0.0,0.0,0.0,3684,8959,5275
2020-06-01T17:00:00,5097.320287018812,0.0,0.0,0.0,0.0,0.0,769.1572080886095,0.0,0.0,0.0,4489,8817,4328
2020-06-01T18:00:00,5580.0,0.0,0.0,0.0,0.0,578.2951728637454,0.0,576.8679060664572,0.0,0.0,2272,9007,6735
2020-06-01T19:00:00,4583.163078930203,0.0,0.0,0.0,0.0,0.0,0.0,0.0,0.0,0.0,4407,8990,4583
2020-06-01T20:00:00,4246.163078930203,0.0,0.0,0.0,0.0,0.0,0.0,0.0,0.0,0.0,4179,8425,4246
2020-06-01T21:00:00,4654.163078930203,0.0,0.0,0.0,0.0,0.0,0.0,0.0,0.0,0.0,3485,8139,4654
2020-06-01T22:00:00,4903.163078930203,1.818989403545857e-13,0.0,0.0,0.0,0.0,0.0,0.0,0.0,0.0,3652,8555,4903
2020-06-01T23:00:00,4907.163078930203,7.275957614183426e-13,0.0,0.0,0.0,0.0,0.0,0.0,0.0,0.0,3783,8690,4907
2020-06-02T00:00:00,4823.713850837139,3.637978807091713e-13,0.0,0.0,0.0,0.0,49.55077190693677,0.0,0.0,0.0,3222,7996,4774
2020-06-02T01:00:00,5580.0,0.0,0.0,0.0,0.0,0.0,0.0,37.16307893020257,0.0,0.0,1959,7576,5617
2020-06-02T02:00:00,4623.163078930202,2.728484105318785e-13,0.0,0.0,0.0,0.0,0.0,0.0,0.0,0.0,2663,7286,4623
2020-06-02T03:00:00,4879.163078930202,0.0,0.0,0.0,0.0,0.0,0.0,0.0,0.0,0.0,2060,6939,4879
2020-06-02T04:00:00,5505.047184170472,0.0,0.0,0.0,0.0,0.0,674.8841052402701,0.0,0.0,0.0,2049,6879,4830
2020-06-02T05:00:00,4713.163078930202,0.0,0.0,0.0,0.0,0.0,0.0,0.0,0.0,0.0,2513,7226,4713
2020-06-02T06:00:00,5580.0,1.818989403545857e-13,0.0,0.0,0.0,0.0,0.0,506.1630789302026,0.0,0.0,1930,8016,6086
2020-06-02T07:00:00,5580.0,2.728484105318785e-13,0.0,0.0,0.0,1109.163078930202,0.0,0.0,0.0,0.0,2210,8899,6689
2020-06-02T08:00:00,5580.0,0.0,0.0,0.0,0.0,1492.1630789302023,0.0,0.0,0.0,0.0,2296,9368,7072
2020-06-02T09:00:00,5572.163078930202,0.0,0.0,0.0,0.0,0.0,0.0,0.0,0.0,0.0,4024,9596,5572
2020-06-02T10:00:00,5580.0,0.0,0.0,0.0,0.0,1422.1630789302026,0.0,0.0,0.0,0.0,2660,9662,7002
2020-06-02T11:00:00,5580.0,0.0,0.0,0.0,0.0,1071.163078930202,0.0,0.0,0.0,0.0,3131,9782,6651
2020-06-02T12:00:00,5340.163078930202,0.0,0.0,0.0,0.0,0.0,0.0,0.0,0.0,0.0,4482,9822,5340
2020-06-02T13:00:00,5580.0,0.0,0.0,0.0,0.0,850.1630789302021,0.0,0.0,0.0,0.0,3206,9636,6430
2020-06-02T14:00:00,5580.0,0.0,0.0,0.0,0.0,157.16307893020212,0.0,0.0,0.0,0.0,3760,9497,5737
2020-06-02T15:00:00,5580.0,0.0,0.0,0.0,0.0,1239.163078930202,0.0,0.0,0.0,0.0,2388,9207,6819
2020-06-02T16:00:00,5416.163078930203,1.818989403545857e-13,0.0,0.0,0.0,0.0,0.0,0.0,0.0,0.0,3542,8958,5416
2020-06-02T17:00:00,5196.163078930202,5.456968210637569e-13,0.0,0.0,0.0,0.0,0.0,0.0,0.0,0.0,3624,8820,5196
2020-06-02T18:00:00,5354.163078930202,0.0,0.0,0.0,0.0,0.0,0.0,0.0,0.0,0.0,3656,9010,5354
2020-06-02T19:00:00,5237.163078930203,0.0,0.0,0.0,0.0,0.0,0.0,0.0,0.0,0.0,3747,8984,5237
2020-06-02T20:00:00,4654.163078930202,1.818989403545857e-13,0.0,0.0,0.0,0.0,0.0,0.0,0.0,0.0,3764,8418,4654
2020-06-02T21:00:00,5580.0,1.818989403545857e-13,0.0,0.0,0.0,0.0,833.8369210697977,0.0,0.0,0.0,3390,8136,4746
2020-06-02T22:00:00,4906.163078930203,3.637978807091713e-13,0.0,0.0,0.0,0.0,0.0,0.0,0.0,0.0,3643,8549,4906
2020-06-02T23:00:00,5580.0,3.637978807091713e-13,0.0,0.0,0.0,369.7853881278543,0.0,625.3776908023483,0.0,0.0,2097,8672,6575
2020-06-03T00:00:00,1860.0,-7.275957614183426e-13,0.0,0.0,4.547473508864641e-13,4209.163078930203,0.0,0.0,0.0,0.0,1977,8046,6069
2020-06-03T01:00:00,4798.163078930203,-7.275957614183426e-13,0.0,9.094947017729282e-13,0.0,0.0,0.0,0.0,0.0,0.0,2805,7603,4798
2020-06-03T02:00:00,4825.163078930203,3.637978807091713e-13,0.0,0.0,0.0,0.0,0.0,0.0,0.0,0.0,2483,7308,4825
2020-06-03T03:00:00,4535.264888443676,0.0,0.0,0.0,-3.979039320256561e-13,288.8981904865272,0.0,0.0,0.0,0.0,2112,6936,4824
2020-06-03T04:00:00,4689.163078930203,0.0,0.0,0.0,0.0,0.0,0.0,0.0,0.0,0.0,2172,6861,4689
2020-06-03T05:00:00,5095.163078930203,0.0,0.0,0.0,0.0,0.0,0.0,0.0,0.0,0.0,2073,7168,5095
2020-06-03T06:00:00,5580.0,0.0,0.0,0.0,0.0,476.1630789302022,0.0,0.0,0.0,0.0,1871,7927,6056
2020-06-03T07:00:00,5580.0,0.0,0.0,0.0,0.0,280.16307893020263,0.0,0.0,0.0,0.0,2934,8794,5860
2020-06-03T08:00:00,5580.0,1.3642420526593928e-13,0.0,0.0,0.0,1494.163078930202,0.0,0.0,0.0,0.0,2184,9258,7074
2020-06-03T09:00:00,5580.0,1.3642420526593928e-13,0.0,0.0,0.0,295.16307893020223,0.0,0.0,0.0,0.0,3613,9488,5875
2020-06-03T10:00:00,5580.0,1.3642420526593928e-13,0.0,0.0,0.0,430.16307893020223,0.0,0.0,0.0,0.0,3558,9568,6010
2020-06-03T11:00:00,5580.0,1.3642420526593928e-13,0.0,0.0,0.0,778.1630789302022,0.0,0.0,0.0,0.0,3332,9690,6358
2020-06-03T12:00:00,5580.0,1.3642420526593928e-13,0.0,0.0,0.0,532.1630789302019,0.0,0.0,0.0,0.0,3641,9753,6112
2020-06-03T13:00:00,5580.0,1.3642420526593928e-13,0.0,0.0,0.0,582.1630789302021,0.0,0.0,0.0,0.0,3376,9538,6162
2020-06-03T14:00:00,5580.0,0.0,0.0,0.0,0.0,801.1630789302023,0.0,0.0,0.0,0.0,3021,9402,6381
2020-06-03T15:00:00,5580.0,-2.728484105318785e-13,0.0,0.0,0.0,900.1630789302026,0.0,0.0,0.0,0.0,2639,9119,6480
2020-06-03T16:00:00,5580.0,0.0,0.0,0.0,0.0,599.1630789302023,0.0,0.0,0.0,0.0,2710,8889,6179
2020-06-03T17:00:00,5580.0,1.3642420526593928e-13,0.0,0.0,0.0,1342.1630789302023,0.0,0.0,0.0,0.0,1909,8831,6922
2020-06-03T18:00:00,5580.0,1.3642420526593928e-13,0.0,0.0,0.0,1607.163078930202,0.0,0.0,0.0,0.0,1756,8943,7187
2020-06-03T19:00:00,5580.0,0.0,0.0,0.0,0.0,106.16307893020264,0.0,0.0,0.0,0.0,3183,8869,5686
2020-06-03T20:00:00,5224.163078930202,1.3642420526593928e-13,0.0,0.0,0.0,0.0,0.0,0.0,0.0,0.0,3147,8371,5224
2020-06-03T21:00:00,5513.163078930203,0.0,0.0,0.0,0.0,0.0,0.0,0.0,0.0,0.0,2630,8143,5513
2020-06-03T22:00:00,5580.0,7.275957614183426e-13,0.0,0.0,0.0,73.1630789302023,0.0,0.0,0.0,0.0,2986,8639,5653
2020-06-03T23:00:00,5580.0,7.275957614183426e-13,0.0,0.0,0.0,1483.1630789302023,0.0,0.0,0.0,0.0,1672,8735,7063
2020-06-04T00:00:00,5052.163078930203,3.637978807091713e-13,0.0,0.0,0.0,0.0,0.0,0.0,0.0,0.0,2884,7936,5052
2020-06-04T01:00:00,4926.1630789302035,0.0,0.0,0.0,0.0,0.0,0.0,0.0,0.0,0.0,2530,7456,4926
2020-06-04T02:00:00,4911.163078930202,9.094947017729282e-13,0.0,0.0,0.0,0.0,0.0,0.0,0.0,0.0,2170,7081,4911
2020-06-04T03:00:00,4610.163078930203,1.818989403545857e-13,0.0,0.0,0.0,0.0,0.0,0.0,0.0,0.0,2041,6651,4610
2020-06-04T04:00:00,4566.163078930203,0.0,0.0,0.0,0.0,0.0,0.0,0.0,0.0,0.0,1907,6473,4566
2020-06-04T05:00:00,4687.163078930203,1.818989403545857e-13,0.0,0.0,0.0,0.0,0.0,0.0,0.0,0.0,1841,6528,4687
2020-06-04T06:00:00,4999.1630789302035,1.818989403545857e-13,0.0,0.0,0.0,0.0,0.0,0.0,0.0,0.0,1763,6762,4999
2020-06-04T07:00:00,5467.163078930202,5.456968210637569e-13,0.0,0.0,0.0,0.0,0.0,0.0,0.0,0.0,1755,7222,5467
2020-06-04T08:00:00,5533.163078930203,1.3642420526593928e-13,0.0,0.0,0.0,0.0,0.0,0.0,0.0,0.0,2247,7780,5533
2020-06-04T09:00:00,5577.163078930203,1.3642420526593928e-13,0.0,0.0,0.0,0.0,0.0,0.0,0.0,0.0,2701,8278,5577
2020-06-04T10:00:00,5580.0,0.0,0.0,0.0,0.0,916.1630789302028,0.0,0.0,0.0,0.0,2035,8531,6496
2020-06-04T11:00:00,5580.0,0.0,0.0,0.0,0.0,990.1630789302028,0.0,0.0,0.0,0.0,2209,8779,6570
2020-06-04T12:00:00,5580.0,1.3642420526593928e-13,0.0,0.0,0.0,11.163078930202587,0.0,0.0,0.0,0.0,3540,9131,5591
2020-06-04T13:00:00,5580.0,1.3642420526593928e-13,0.0,0.0,0.0,1119.1630789302026,0.0,0.0,0.0,0.0,2221,8920,6699
2020-06-04T14:00:00,5580.0,0.0,0.0,0.0,0.0,635.1630789302028,0.0,0.0,0.0,0.0,2586,8801,6215
2020-06-04T15:00:00,5580.0,1.3642420526593928e-13,0.0,0.0,0.0,1214.1630789302026,0.0,0.0,0.0,0.0,1815,8609,6794
2020-06-04T16:00:00,5580.0,5.456968210637569e-13,0.0,0.0,0.0,404.1630789302026,0.0,0.0,0.0,0.0,2502,8486,5984
2020-06-04T17:00:00,5438.1630789302035,1.818989403545857e-13,0.0,0.0,0.0,0.0,0.0,0.0,0.0,0.0,3049,8487,5438
2020-06-04T18:00:00,5477.1630789302035,1.818989403545857e-13,0.0,0.0,0.0,0.0,0.0,0.0,0.0,0.0,3103,8580,5477
2020-06-04T19:00:00,5430.163078930203,1.3642420526593928e-13,0.0,0.0,0.0,0.0,0.0,0.0,0.0,0.0,3082,8512,5430
2020-06-04T20:00:00,5580.0,9.094947017729282e-13,0.0,0.0,0.0,912.163078930202,0.0,0.0,0.0,0.0,1614,8106,6492
2020-06-04T21:00:00,5131.163078930203,0.0,0.0,0.0,0.0,0.0,0.0,0.0,0.0,0.0,2800,7931,5131
2020-06-04T22:00:00,5580.0,-5.456968210637569e-13,0.0,0.0,0.0,24.16307893020371,0.0,0.0,0.0,0.0,2941,8545,5604
2020-06-04T23:00:00,5580.0,3.637978807091713e-13,0.0,0.0,0.0,120.16307893020247,0.0,0.0,0.0,0.0,2948,8648,5700
2020-06-05T00:00:00,4988.1630789302035,-9.09494701772928e-14,0.0,0.0,0.0,0.0,0.0,0.0,0.0,0.0,2885,7873,4988
2020-06-05T01:00:00,4817.163078930203,0.0,0.0,0.0,0.0,0.0,0.0,0.0,0.0,0.0,2616,7433,4817
2020-06-05T02:00:00,4679.163078930203,0.0,0.0,0.0,0.0,0.0,0.0,0.0,0.0,0.0,2368,7047,4679
2020-06-05T03:00:00,4607.163078930203,0.0,0.0,0.0,0.0,0.0,0.0,0.0,0.0,0.0,1985,6592,4607
2020-06-05T04:00:00,4358.1630789302035,-9.09494701772928e-14,0.0,0.0,0.0,0.0,0.0,0.0,0.0,0.0,1993,6351,4358
2020-06-05T05:00:00,4600.163078930202,2.728484105318785e-13,0.0,0.0,0.0,0.0,0.0,0.0,0.0,0.0,1610,6210,4600
2020-06-05T06:00:00,2907.1630789302026,-9.09494701772928e-14,0.0,0.0,0.0,0.0,0.0,0.0,0.0,0.0,3262,6169,2907
2020-06-05T07:00:00,3032.163078930202,-1.3642420526593928e-13,0.0,0.0,0.0,0.0,0.0,0.0,0.0,0.0,3403,6435,3032
2020-06-05T08:00:00,3423.163078930203,-4.547473508864642e-13,0.0,0.0,0.0,0.0,0.0,0.0,0.0,0.0,3493,6916,3423
2020-06-05T09:00:00,3624.163078930202,0.0,0.0,0.0,0.0,0.0,0.0,0.0,0.0,0.0,3886,7510,3624
2020-06-05T10:00:00,5080.163078930203,0.0,0.0,0.0,0.0,0.0,0.0,0.0,0.0,0.0,2889,7969,5080
2020-06-05T11:00:00,3508.163078930202,0.0,0.0,0.0,0.0,0.0,0.0,0.0,0.0,0.0,4854,8362,3508
2020-06-05T12:00:00,3574.1630789302017,2.728484105318785e-13,0.0,0.0,0.0,0.0,0.0,0.0,0.0,0.0,5260,8834,3574
2020-06-05T13:00:00,3572.163078930202,0.0,0.0,0.0,0.0,0.0,0.0,0.0,0.0,0.0,5009,8581,3572
2020-06-05T14:00:00,3652.163078930202,0.0,0.0,0.0,0.0,0.0,0.0,0.0,0.0,0.0,4782,8434,3652
2020-06-05T15:00:00,3684.163078930201,1.0004441719502211e-12,0.0,0.0,0.0,0.0,0.0,0.0,0.0,0.0,4589,8273,3684
2020-06-05T16:00:00,3590.1630789302026,-5.45696821063757e-13,0.0,0.0,0.0,0.0,0.0,0.0,0.0,0.0,4587,8177,3590
2020-06-05T17:00:00,3044.163078930202,2.2737367544323226e-14,0.0,0.0,0.0,0.0,0.0,0.0,0.0,0.0,5162,8206,3044
2020-06-05T18:00:00,2803.1630789302026,-9.09494701772928e-14,0.0,0.0,0.0,0.0,0.0,0.0,0.0,0.0,5507,8310,2803
2020-06-05T19:00:00,3993.163078930202,0.0,0.0,0.0,0.0,0.0,0.0,0.0,0.0,0.0,4400,8393,3993
2020-06-05T20:00:00,3539.163078930202,0.0,0.0,0.0,0.0,0.0,0.0,0.0,0.0,0.0,4597,8136,3539
2020-06-05T21:00:00,3144.1630789302026,-9.09494701772928e-14,0.0,0.0,0.0,0.0,0.0,0.0,0.0,0.0,4888,8032,3144
2020-06-05T22:00:00,3753.1630789302026,-4.547473508864642e-13,0.0,0.0,0.0,0.0,0.0,0.0,0.0,0.0,4861,8614,3753
2020-06-05T23:00:00,3844.1630789302026,-4.547473508864642e-13,0.0,0.0,0.0,0.0,0.0,0.0,0.0,0.0,4784,8628,3844
2020-06-06T00:00:00,3256.1630789302017,3.637978807091713e-13,0.0,0.0,0.0,0.0,0.0,0.0,0.0,0.0,4660,7916,3256
2020-06-06T01:00:00,2727.163078930202,0.0,0.0,0.0,0.0,0.0,0.0,0.0,0.0,0.0,4792,7519,2727
2020-06-06T02:00:00,2205.163078930202,0.0,0.0,0.0,0.0,0.0,0.0,0.0,0.0,0.0,5004,7209,2205
2020-06-06T03:00:00,1637.1630789302021,4.547473508864643e-14,0.0,0.0,0.0,0.0,0.0,0.0,0.0,0.0,5225,6862,1637
2020-06-06T04:00:00,1560.0,1.0913936421275138e-12,0.0,0.0,0.0,0.0,15.836921069798336,0.0,0.0,0.0,5300,6844,1544
2020-06-06T05:00:00,1838.1630789302021,0.0,0.0,0.0,0.0,0.0,0.0,0.0,0.0,0.0,5348,7186,1838
2020-06-06T06:00:00,2571.1630789302026,0.0,0.0,0.0,0.0,0.0,0.0,0.0,0.0,0.0,5393,7964,2571
2020-06-06T07:00:00,3427.1630789302017,1.3642420526593928e-13,0.0,0.0,0.0,0.0,0.0,0.0,0.0,0.0,5461,8888,3427
2020-06-06T08:00:00,4025.163078930202,0.0,0.0,0.0,0.0,0.0,0.0,0.0,0.0,0.0,5407,9432,4025
2020-06-06T09:00:00,4314.163078930203,1.3642420526593928e-13,0.0,0.0,0.0,0.0,0.0,0.0,0.0,0.0,5508,9822,4314
2020-06-06T10:00:00,4442.163078930203,1.3642420526593928e-13,0.0,0.0,0.0,0.0,0.0,0.0,0.0,0.0,5653,10095,4442
2020-06-06T11:00:00,4556.163078930203,1.3642420526593928e-13,0.0,0.0,0.0,0.0,0.0,0.0,0.0,0.0,5783,10339,4556
2020-06-06T12:00:00,4702.163078930203,1.3642420526593928e-13,0.0,0.0,0.0,0.0,0.0,0.0,0.0,0.0,5811,10513,4702
2020-06-06T13:00:00,4636.163078930203,1.3642420526593928e-13,0.0,0.0,0.0,0.0,0.0,0.0,0.0,0.0,5831,10467,4636
2020-06-06T14:00:00,5142.163078930202,1.3642420526593928e-13,0.0,0.0,0.0,0.0,0.0,0.0,0.0,0.0,5371,10513,5142
2020-06-06T15:00:00,5336.163078930203,0.0,0.0,0.0,0.0,0.0,0.0,0.0,0.0,0.0,5009,10345,5336
2020-06-06T16:00:00,5580.0,1.3642420526593928e-13,0.0,0.0,0.0,309.1630789302024,0.0,0.0,0.0,0.0,4258,10147,5889
2020-06-06T17:00:00,5580.0,1.3642420526593928e-13,0.0,0.0,0.0,340.1630789302024,0.0,0.0,0.0,0.0,4067,9987,5920
2020-06-06T18:00:00,5109.163078930202,1.3642420526593928e-13,0.0,0.0,0.0,0.0,0.0,0.0,0.0,0.0,4862,9971,5109
2020-06-06T19:00:00,5446.163078930202,-5.456968210637569e-13,0.0,0.0,0.0,0.0,0.0,0.0,0.0,0.0,4316,9762,5446
2020-06-06T20:00:00,5075.163078930203,0.0,0.0,0.0,0.0,0.0,0.0,0.0,0.0,0.0,4040,9115,5075
2020-06-06T21:00:00,4574.163078930203,0.0,0.0,0.0,0.0,0.0,0.0,0.0,0.0,0.0,4220,8794,4574
2020-06-06T22:00:00,5121.163078930202,3.637978807091713e-13,0.0,0.0,0.0,0.0,0.0,0.0,0.0,0.0,4123,9244,5121
2020-06-06T23:00:00,5147.163078930202,3.637978807091713e-13,0.0,0.0,0.0,0.0,0.0,0.0,0.0,0.0,4039,9186,5147
2020-06-07T00:00:00,4150.163078930203,3.637978807091713e-13,0.0,0.0,0.0,0.0,0.0,0.0,0.0,0.0,4227,8377,4150
2020-06-07T01:00:00,3852.1630789302017,1.818989403545857e-13,0.0,0.0,0.0,0.0,0.0,0.0,0.0,0.0,4076,7928,3852
2020-06-07T02:00:00,3362.163078930202,1.818989403545857e-13,0.0,0.0,0.0,0.0,0.0,0.0,0.0,0.0,4249,7611,3362
2020-06-07T03:00:00,3033.163078930202,1.818989403545857e-13,0.0,0.0,0.0,0.0,0.0,0.0,0.0,0.0,4211,7244,3033
2020-06-07T04:00:00,3086.163078930202,0.0,0.0,0.0,0.0,0.0,0.0,0.0,0.0,0.0,4066,7152,3086
2020-06-07T05:00:00,3715.1630789302017,1.818989403545857e-13,0.0,0.0,0.0,0.0,0.0,0.0,0.0,0.0,3676,7391,3715
2020-06-07T06:00:00,4702.163078930203,1.818989403545857e-13,0.0,0.0,0.0,0.0,0.0,0.0,0.0,0.0,3392,8094,4702
2020-06-07T07:00:00,4658.163078930202,1.818989403545857e-13,0.0,0.0,0.0,0.0,0.0,0.0,0.0,0.0,4352,9010,4658
2020-06-07T08:00:00,5269.163078930203,-1.3642420526593928e-13,0.0,0.0,0.0,0.0,0.0,0.0,0.0,0.0,4253,9522,5269
2020-06-07T09:00:00,5580.0,-1.3642420526593928e-13,0.0,0.0,0.0,1518.1630789302023,0.0,0.0,0.0,0.0,2795,9893,7098
2020-06-07T10:00:00,5580.0,-1.3642420526593928e-13,0.0,0.0,0.0,261.1630789302025,0.0,0.0,0.0,0.0,4284,10125,5841
2020-06-07T11:00:00,5580.0,-1.3642420526593928e-13,0.0,0.0,0.0,1727.1630789302023,0.0,0.0,0.0,0.0,3044,10351,7307
2020-06-07T12:00:00,5580.0,0.0,0.0,0.0,0.0,1874.1630789302023,0.0,0.0,0.0,0.0,3042,10496,7454
2020-06-07T13:00:00,5580.0,-1.3642420526593928e-13,0.0,0.0,0.0,437.16307893020286,0.0,0.0,0.0,0.0,4394,10411,6017
2020-06-07T14:00:00,5580.0,-5.456968210637569e-13,0.0,0.0,0.0,2139.1630789302026,0.0,0.0,0.0,0.0,2751,10470,7719
2020-06-07T15:00:00,5580.0,-1.3642420526593928e-13,0.0,0.0,0.0,878.1630789302025,0.0,0.0,0.0,0.0,3860,10318,6458
2020-06-07T16:00:00,5580.0,1.818989403545857e-13,0.0,0.0,0.0,858.1630789302022,0.0,0.0,0.0,0.0,3685,10123,6438
2020-06-07T17:00:00,5580.0,1.818989403545857e-13,0.0,0.0,0.0,947.1630789302023,0.0,0.0,0.0,0.0,3450,9977,6527
2020-06-07T18:00:00,5580.0,-1.3642420526593928e-13,0.0,0.0,0.0,2209.1630789302026,0.0,0.0,0.0,0.0,2168,9957,7789
2020-06-07T19:00:00,5580.0,-1.3642420526593928e-13,0.0,0.0,0.0,844.1630789302025,0.0,0.0,0.0,0.0,3318,9742,6424
2020-06-07T20:00:00,5580.0,-1.3642420526593928e-13,0.0,0.0,0.0,1262.1630789302023,0.0,0.0,0.0,0.0,2258,9100,6842
2020-06-07T21:00:00,5580.0,-1.3642420526593928e-13,0.0,0.0,0.0,1598.1630789302023,0.0,0.0,0.0,0.0,1633,8811,7178
2020-06-07T22:00:00,5580.0,-5.456968210637569e-13,0.0,0.0,0.0,2061.163078930203,0.0,0.0,0.0,0.0,1624,9265,7641
2020-06-07T23:00:00,5580.0,3.637978807091713e-13,0.0,0.0,0.0,2017.1630789302023,0.0,0.0,0.0,0.0,1603,9200,7597
2020-06-08T00:00:00,5428.1630789302035,3.6379788070917137e-13,0.0,0.0,0.0,0.0,0.0,0.0,0.0,0.0,2931,8359,5428
2020-06-08T01:00:00,5313.1630789302035,2.728484105318785e-13,0.0,0.0,0.0,0.0,0.0,0.0,0.0,0.0,2599,7912,5313
2020-06-08T02:00:00,5272.1630789302035,-9.09494701772928e-14,0.0,0.0,0.0,0.0,0.0,0.0,0.0,0.0,2325,7597,5272
2020-06-08T03:00:00,5300.1630789302035,2.728484105318785e-13,0.0,0.0,0.0,0.0,0.0,0.0,0.0,0.0,1931,7231,5300
2020-06-08T04:00:00,5580.0,0.0,0.0,0.0,0.0,157.16307893020314,0.0,0.0,0.0,0.0,1403,7140,5737
2020-06-08T05:00:00,4904.163078930203,0.0,0.0,0.0,0.0,0.0,0.0,0.0,0.0,0.0,2476,7380,4904
2020-06-08T06:00:00,5580.0,8.185452315956354e-13,0.0,0.0,0.0,979.1630789302026,0.0,0.0,0.0,0.0,1528,8087,6559
2020-06-08T07:00:00,5580.0,0.0,0.0,0.0,0.0,1566.1630789302033,0.0,0.0,0.0,0.0,1857,9003,7146
2020-06-08T08:00:00,5580.0,0.0,0.0,0.0,0.0,849.1630789302031,0.0,0.0,0.0,0.0,3090,9519,6429
2020-06-08T09:00:00,5580.0,0.0,0.0,0.0,0.0,852.1630789302031,0.0,0.0,0.0,0.0,3462,9894,6432
2020-06-08T10:00:00,5580.0,0.0,0.0,0.0,0.0,341.1630789302032,0.0,0.0,0.0,0.0,4212,10133,5921
2020-06-08T11:00:00,5530.1630789302035,0.0,0.0,0.0,0.0,0.0,0.0,0.0,0.0,0.0,4838,10368,5530
2020-06-08T12:00:00,5580.0,0.0,0.0,0.0,0.0,553.1630789302031,0.0,0.0,0.0,0.0,4390,10523,6133
2020-06-08T13:00:00,5580.0,2.728484105318785e-13,0.0,0.0,0.0,298.163078930203,0.0,0.0,0.0,0.0,4572,10450,5878
2020-06-08T14:00:00,5580.0,2.728484105318785e-13,0.0,0.0,0.0,214.16307893020308,0.0,0.0,0.0,0.0,4730,10524,5794
2020-06-08T15:00:00,5580.0,0.0,0.0,0.0,0.0,143.16307893020317,0.0,0.0,0.0,0.0,4662,10385,5723
2020-06-08T16:00:00,5501.1630789302035,0.0,0.0,0.0,0.0,0.0,0.0,0.0,0.0,0.0,4695,10196,5501
2020-06-08T17:00:00,5279.163078930203,8.185452315956354e-13,0.0,0.0,0.0,0.0,0.0,0.0,0.0,0.0,4769,10048,5279
2020-06-08T18:00:00,4850.163078930203,2.728484105318785e-13,0.0,0.0,0.0,0.0,0.0,0.0,0.0,0.0,5164,10014,4850
2020-06-08T19:00:00,4696.163078930203,-3.4106051316484814e-14,0.0,0.0,0.0,0.0,0.0,0.0,0.0,0.0,5091,9787,4696
2020-06-08T20:00:00,3853.1630789302026,2.728484105318785e-13,0.0,0.0,0.0,0.0,0.0,0.0,0.0,0.0,5286,9139,3853
2020-06-08T21:00:00,3637.1630789302026,3.637978807091713e-13,0.0,0.0,0.0,0.0,0.0,0.0,0.0,0.0,5210,8847,3637
2020-06-08T22:00:00,4270.163078930203,4.547473508864642e-13,0.0,0.0,0.0,0.0,0.0,0.0,0.0,0.0,5031,9301,4270
2020-06-08T23:00:00,4239.163078930203,4.547473508864642e-13,0.0,0.0,0.0,0.0,0.0,0.0,0.0,0.0,4988,9227,4239
2020-06-09T00:00:00,3584.1630789302017,7.275957614183426e-13,0.0,0.0,0.0,0.0,0.0,0.0,0.0,0.0,4796,8380,3584
2020-06-09T01:00:00,3231.163078930202,0.0,0.0,0.0,0.0,0.0,0.0,0.0,0.0,0.0,4701,7932,3231
2020-06-09T02:00:00,2710.163078930202,0.0,0.0,0.0,0.0,0.0,0.0,0.0,0.0,0.0,4907,7617,2710
2020-06-09T03:00:00,2373.163078930202,0.0,0.0,0.0,0.0,0.0,0.0,0.0,0.0,0.0,4879,7252,2373
2020-06-09T04:00:00,2187.163078930202,0.0,0.0,0.0,0.0,0.0,0.0,0.0,0.0,0.0,4976,7163,2187
2020-06-09T05:00:00,2254.163078930202,0.0,0.0,0.0,0.0,0.0,0.0,0.0,0.0,0.0,5150,7404,2254
2020-06-09T06:00:00,2990.163078930202,0.0,0.0,0.0,0.0,0.0,0.0,0.0,0.0,0.0,5120,8110,2990
2020-06-09T07:00:00,3947.163078930202,0.0,0.0,0.0,0.0,0.0,0.0,0.0,0.0,0.0,5086,9033,3947
2020-06-09T08:00:00,4622.163078930203,0.0,0.0,0.0,0.0,0.0,0.0,0.0,0.0,0.0,4929,9551,4622
2020-06-09T09:00:00,5021.163078930203,0.0,0.0,0.0,0.0,0.0,0.0,0.0,0.0,0.0,4912,9933,5021
2020-06-09T10:00:00,5172.163078930202,2.728484105318785e-13,0.0,0.0,0.0,0.0,0.0,0.0,0.0,0.0,5007,10179,5172
2020-06-09T11:00:00,5580.0,1.3642420526593928e-13,0.0,0.0,0.0,60.1630789302024,0.0,0.0,0.0,0.0,4778,10418,5640
2020-06-09T12:00:00,5580.0,5.5451728413685453e-14,0.0,0.0,0.0,304.16307893020246,0.0,0.0,0.0,0.0,4689,10573,5884
2020-06-09T13:00:00,5580.0,0.0,0.0,0.0,0.0,553.1630789302026,0.0,0.0,0.0,0.0,4368,10501,6133
2020-06-09T14:00:00,5580.0,1.3642420526593928e-13,0.0,0.0,0.0,879.1630789302025,0.0,0.0,0.0,0.0,4120,10579,6459
2020-06-09T15:00:00,5580.0,1.3642420526593928e-13,0.0,0.0,0.0,892.1630789302025,0.0,0.0,0.0,0.0,3965,10437,6472
2020-06-09T16:00:00,5580.0,1.0913936421275138e-12,0.0,0.0,0.0,966.1630789302016,0.0,0.0,0.0,0.0,3697,10243,6546
2020-06-09T17:00:00,5580.0,0.0,0.0,0.0,0.0,34.163078930202595,0.0,0.0,0.0,0.0,4475,10089,5614
2020-06-09T18:00:00,5580.0,0.0,0.0,0.0,0.0,1126.1630789302026,0.0,0.0,0.0,0.0,3338,10044,6706
2020-06-09T19:00:00,5580.0,0.0,0.0,0.0,0.0,301.16307893020166,0.0,0.0,0.0,0.0,3930,9811,5881
2020-06-09T20:00:00,5554.163078930203,0.0,0.0,0.0,0.0,0.0,0.0,0.0,0.0,0.0,3605,9159,5554
2020-06-09T21:00:00,5580.0,0.0,0.0,0.0,0.0,837.1630789302025,0.0,0.0,0.0,0.0,2449,8866,6417
2020-06-09T22:00:00,5580.0,7.275957614183426e-13,0.0,0.0,0.0,1490.1630789302026,0.0,0.0,0.0,0.0,2251,9321,7070
2020-06-09T23:00:00,5580.0,7.275957614183426e-13,0.0,0.0,0.0,1493.1630789302026,0.0,0.0,0.0,0.0,2169,9242,7073
2020-06-10T00:00:00,1860.0,-7.275957614183426e-13,0.0,0.0,4.547473508864641e-13,4198.163078930203,0.0,0.0,0.0,0.0,2330,8388,6058
2020-06-10T01:00:00,1860.0,-7.275957614183426e-13,0.0,4.547473508864641e-13,0.0,3668.1630789302026,0.0,0.0,0.0,0.0,2390,7918,5528
2020-06-10T02:00:00,1860.0,3.637978807091713e-13,0.0,0.0,4.547473508864641e-13,2937.369158094735,0.0,465.7939208354665,0.0,0.0,2338,7601,5263
2020-06-10T03:00:00,4949.163078930203,-2.728484105318785e-13,0.0,0.0,0.0,0.0,0.0,0.0,0.0,0.0,2299,7248,4949
2020-06-10T04:00:00,1860.0,0.0,0.0,0.0,0.0,2878.1630789302026,0.0,0.0,0.0,0.0,2427,7165,4738
2020-06-10T05:00:00,5012.163078930203,2.728484105318785e-13,0.0,0.0,0.0,0.0,0.0,0.0,0.0,0.0,2379,7391,5012
2020-06-10T06:00:00,5516.163078930203,0.0,0.0,0.0,0.0,0.0,0.0,0.0,0.0,0.0,2548,8064,5516
2020-06-10T07:00:00,5580.0,0.0,0.0,0.0,0.0,895.1630789302021,0.0,0.0,0.0,0.0,2517,8992,6475
2020-06-10T08:00:00,5580.0,0.0,0.0,0.0,0.0,1242.1630789302023,0.0,0.0,0.0,0.0,2678,9500,6822
2020-06-10T09:00:00,5580.0,0.0,0.0,0.0,0.0,1220.1630789302023,0.0,0.0,0.0,0.0,3099,9899,6800
2020-06-10T10:00:00,5580.0,0.0,0.0,0.0,0.0,960.1630789302023,0.0,0.0,0.0,0.0,3592,10132,6540
2020-06-10T11:00:00,1860.0,0.0,0.0,0.0,0.0,4441.163078930203,0.0,0.0,0.0,0.0,4032,10333,6301
2020-06-10T12:00:00,5580.0,1.3642420526593928e-13,0.0,0.0,0.0,530.1630789302019,0.0,0.0,0.0,0.0,4364,10474,6110
2020-06-10T13:00:00,5580.0,0.0,0.0,0.0,0.0,424.16307893020235,0.0,0.0,0.0,0.0,4323,10327,6004
2020-06-10T14:00:00,1860.0,0.0,0.0,0.0,0.0,4300.163078930203,0.0,0.0,0.0,0.0,4169,10329,6160
2020-06-10T15:00:00,5580.0,0.0,0.0,0.0,0.0,410.1630789302026,0.0,0.0,0.0,0.0,4107,10097,5990
2020-06-10T16:00:00,5580.0,1.3642420526593928e-13,0.0,0.0,0.0,289.16307893020223,0.0,0.0,0.0,0.0,3992,9861,5869
2020-06-10T17:00:00,5486.163078930202,1.3642420526593928e-13,0.0,0.0,0.0,0.0,0.0,0.0,0.0,0.0,4213,9699,5486
2020-06-10T18:00:00,5248.163078930202,1.3642420526593928e-13,0.0,0.0,0.0,0.0,0.0,0.0,0.0,0.0,4358,9606,5248
2020-06-10T19:00:00,4883.163078930203,0.0,0.0,0.0,0.0,0.0,0.0,0.0,0.0,0.0,4458,9341,4883
2020-06-10T20:00:00,4378.163078930203,9.094947017729282e-13,0.0,0.0,0.0,0.0,0.0,0.0,0.0,0.0,4392,8770,4378
2020-06-10T21:00:00,3963.163078930201,2.728484105318785e-13,0.0,0.0,0.0,0.0,0.0,0.0,0.0,0.0,4552,8515,3963
2020-06-10T22:00:00,1860.0,0.0,0.0,0.0,0.0,2423.1630789302026,0.0,0.0,0.0,0.0,4714,8997,4283
2020-06-10T23:00:00,4433.163078930203,7.275957614183426e-13,0.0,0.0,0.0,0.0,0.0,0.0,0.0,0.0,4557,8990,4433
2020-06-11T00:00:00,3275.1630789302017,2.728484105318785e-13,0.0,0.0,0.0,0.0,0.0,0.0,0.0,0.0,4849,8124,3275
2020-06-11T01:00:00,2619.163078930202,2.728484105318785e-13,0.0,0.0,0.0,0.0,0.0,0.0,0.0,0.0,4994,7613,2619
2020-06-11T02:00:00,2086.163078930202,2.728484105318785e-13,0.0,0.0,0.0,0.0,0.0,0.0,0.0,0.0,5146,7232,2086
2020-06-11T03:00:00,1699.163078930202,2.728484105318785e-13,0.0,0.0,0.0,0.0,0.0,0.0,0.0,0.0,5105,6804,1699
2020-06-11T04:00:00,1599.163078930202,0.0,0.0,0.0,0.0,0.0,0.0,0.0,0.0,0.0,4999,6598,1599
2020-06-11T05:00:00,1578.1630789302021,-3.5713404106889623e-14,0.0,0.0,0.0,0.0,0.0,0.0,0.0,0.0,4965,6543,1578
2020-06-11T06:00:00,1793.1630789302017,4.547473508864642e-13,0.0,0.0,0.0,0.0,0.0,0.0,0.0,0.0,4854,6647,1793
2020-06-11T07:00:00,2317.1630789302017,2.728484105318785e-13,0.0,0.0,0.0,0.0,0.0,0.0,0.0,0.0,4742,7059,2317
2020-06-11T08:00:00,3224.1630789302017,-1.818989403545857e-13,0.0,0.0,0.0,0.0,0.0,0.0,0.0,0.0,4406,7630,3224
2020-06-11T09:00:00,3781.163078930202,-2.728484105318785e-13,0.0,0.0,0.0,0.0,0.0,0.0,0.0,0.0,4419,8200,3781
2020-06-11T10:00:00,4112.163078930203,-9.094947017729285e-14,0.0,0.0,0.0,0.0,0.0,0.0,0.0,0.0,4359,8471,4112
2020-06-11T11:00:00,4412.163078930203,0.0,0.0,0.0,0.0,0.0,0.0,0.0,0.0,0.0,4289,8701,4412
2020-06-11T12:00:00,4630.163078930203,0.0,0.0,0.0,0.0,0.0,0.0,0.0,0.0,0.0,4415,9045,4630
2020-06-11T13:00:00,4546.163078930203,0.0,0.0,0.0,0.0,0.0,0.0,0.0,0.0,0.0,4223,8769,4546
2020-06-11T14:00:00,4770.0,-3.5713404106889623e-14,0.0,0.0,0.0,145.16307893020252,0.0,0.0,0.0,0.0,3694,8609,4915
2020-06-11T15:00:00,4770.0,2.728484105318785e-13,0.0,0.0,0.0,71.16307893020257,0.0,0.0,0.0,0.0,3551,8392,4841
2020-06-11T16:00:00,4770.0,-1.3642420526593928e-13,0.0,0.0,0.0,181.16307893020263,0.0,0.0,0.0,0.0,3251,8202,4951
2020-06-11T17:00:00,4770.0,2.728484105318785e-13,0.0,0.0,0.0,519.1630789302035,0.0,0.0,0.0,0.0,2862,8151,5289
2020-06-11T18:00:00,4770.0,2.728484105318785e-13,0.0,0.0,0.0,870.1630789302035,0.0,0.0,0.0,0.0,2549,8189,5640
2020-06-11T19:00:00,4770.0,0.0,0.0,0.0,0.0,1060.1630789302033,0.0,0.0,0.0,0.0,2256,8086,5830
2020-06-11T20:00:00,4770.0,2.728484105318785e-13,0.0,0.0,0.0,815.1630789302035,0.0,0.0,0.0,0.0,2131,7716,5585
2020-06-11T21:00:00,4770.0,0.0,0.0,0.0,0.0,727.1630789302034,0.0,0.0,0.0,0.0,2042,7539,5497
2020-06-11T22:00:00,4770.0,0.0,0.0,0.0,0.0,1430.163078930203,0.0,0.0,0.0,0.0,1929,8129,6200
2020-06-11T23:00:00,5580.0,8.185452315956354e-13,0.0,0.0,0.0,184.16307893020303,0.0,0.0,0.0,0.0,2520,8284,5764
2020-06-12T00:00:00,5350.163078930203,3.637978807091713e-13,0.0,0.0,0.0,0.0,0.0,0.0,0.0,0.0,2254,7604,5350
2020-06-12T01:00:00,4707.163078930203,4.547473508864643e-14,0.0,0.0,0.0,0.0,0.0,0.0,0.0,0.0,2439,7146,4707
2020-06-12T02:00:00,4145.163078930203,0.0,0.0,0.0,0.0,0.0,0.0,0.0,0.0,0.0,2614,6759,4145
2020-06-12T03:00:00,3514.1630789302026,0.0,0.0,0.0,0.0,0.0,0.0,0.0,0.0,0.0,2807,6321,3514
2020-06-12T04:00:00,3031.163078930202,0.0,0.0,0.0,0.0,0.0,0.0,0.0,0.0,0.0,3064,6095,3031
2020-06-12T05:00:00,2546.1630789302008,1.0913936421275138e-12,0.0,0.0,0.0,0.0,0.0,0.0,0.0,0.0,3406,5952,2546
2020-06-12T06:00:00,930.0,1.3642420526593928e-13,0.0,0.0,0.0,1446.163078930202,0.0,0.0,0.0,0.0,3540,5916,2376
2020-06-12T07:00:00,2551.163078930202,1.3642420526593928e-13,0.0,0.0,0.0,0.0,0.0,0.0,0.0,0.0,3617,6168,2551
2020-06-12T08:00:00,1468.1630789302021,1.3642420526593928e-13,0.0,0.0,0.0,0.0,0.0,0.0,0.0,0.0,5176,6644,1468
2020-06-12T09:00:00,930.0,-2.728484105318785e-13,0.0,0.0,0.0,1883.163078930202,0.0,0.0,0.0,0.0,4357,7170,2813
2020-06-12T10:00:00,2708.163078930202,0.0,0.0,0.0,0.0,0.0,0.0,0.0,0.0,0.0,4833,7541,2708
2020-06-12T11:00:00,2488.163078930202,0.0,0.0,0.0,0.0,0.0,0.0,0.0,0.0,0.0,5340,7828,2488
2020-06-12T12:00:00,2551.163078930202,5.968558980384843e-14,0.0,0.0,0.0,0.0,0.0,0.0,0.0,0.0,5653,8204,2551
2020-06-12T13:00:00,1989.1630789302021,0.0,0.0,0.0,0.0,0.0,0.0,0.0,0.0,0.0,5889,7878,1989
2020-06-12T14:00:00,1749.163078930202,1.3642420526593928e-13,0.0,0.0,0.0,0.0,0.0,0.0,0.0,0.0,5885,7634,1749
2020-06-12T15:00:00,1714.163078930202,1.3642420526593928e-13,0.0,0.0,0.0,0.0,0.0,0.0,0.0,0.0,5688,7402,1714
2020-06-12T16:00:00,1783.1630789302021,1.3642420526593928e-13,0.0,0.0,0.0,0.0,0.0,0.0,0.0,0.0,5476,7259,1783
2020-06-12T17:00:00,1895.1630789302021,2.728484105318785e-13,0.0,0.0,0.0,0.0,0.0,0.0,0.0,0.0,5414,7309,1895
2020-06-12T18:00:00,2025.1630789302021,0.0,0.0,0.0,0.0,0.0,0.0,0.0,0.0,0.0,5524,7549,2025
2020-06-12T19:00:00,2428.1630789302008,1.0913936421275138e-12,0.0,0.0,0.0,0.0,0.0,0.0,0.0,0.0,5297,7725,2428
2020-06-12T20:00:00,2530.163078930202,0.0,0.0,0.0,0.0,0.0,0.0,0.0,0.0,0.0,5030,7560,2530
2020-06-12T21:00:00,2541.1630789302017,4.0927261579781777e-13,0.0,0.0,0.0,0.0,0.0,0.0,0.0,0.0,4915,7456,2541
2020-06-12T22:00:00,2790.0,3.637978807091713e-13,0.0,0.0,0.0,180.1630789302012,0.0,0.0,0.0,0.0,4973,7943,2970
2020-06-12T23:00:00,2790.0,3.637978807091713e-13,0.0,0.0,0.0,173.1630789302012,0.0,0.0,0.0,0.0,5077,8040,2963
2020-06-13T00:00:00,2678.1630789302017,4.547473508864642e-13,0.0,0.0,0.0,0.0,0.0,0.0,0.0,0.0,4737,7415,2678
2020-06-13T01:00:00,2208.163078930202,0.0,0.0,0.0,0.0,0.0,0.0,0.0,0.0,0.0,4790,6998,2208
2020-06-13T02:00:00,1868.163078930202,2.728484105318785e-13,0.0,0.0,0.0,0.0,0.0,0.0,0.0,0.0,4814,6682,1868
2020-06-13T03:00:00,1665.163078930202,2.728484105318785e-13,0.0,0.0,0.0,0.0,0.0,0.0,0.0,0.0,4682,6347,1665
2020-06-13T04:00:00,1615.1630789302021,0.0,0.0,0.0,0.0,0.0,0.0,0.0,0.0,0.0,4703,6318,1615
2020-06-13T05:00:00,1972.163078930202,-9.094947017729285e-14,0.0,0.0,0.0,0.0,0.0,0.0,0.0,0.0,4710,6682,1972
2020-06-13T06:00:00,3007.163078930202,0.0,0.0,0.0,0.0,0.0,0.0,0.0,0.0,0.0,4434,7441,3007
2020-06-13T07:00:00,3877.1630789302017,8.185452315956354e-13,0.0,0.0,0.0,0.0,0.0,0.0,0.0,0.0,4451,8328,3877
2020-06-13T08:00:00,1860.0,2.728484105318785e-13,0.0,0.0,0.0,2596.163078930202,0.0,0.0,0.0,0.0,4441,8897,4456
2020-06-13T09:00:00,4720.163078930203,-1.2505552149377767e-13,0.0,0.0,0.0,0.0,0.0,0.0,0.0,0.0,4566,9286,4720
2020-06-13T10:00:00,4699.163078930202,0.0,0.0,0.0,0.0,0.0,0.0,0.0,0.0,0.0,4774,9473,4699
2020-06-13T11:00:00,4507.163078930203,-9.094947017729285e-14,0.0,0.0,0.0,0.0,0.0,0.0,0.0,0.0,5176,9683,4507
2020-06-13T12:00:00,4389.163078930203,0.0,0.0,0.0,0.0,0.0,0.0,0.0,0.0,0.0,5420,9809,4389
2020-06-13T13:00:00,4331.163078930203,-2.728484105318785e-13,0.0,0.0,0.0,0.0,0.0,0.0,0.0,0.0,5373,9704,4331
2020-06-13T14:00:00,4618.163078930203,2.728484105318785e-13,0.0,0.0,0.0,0.0,0.0,0.0,0.0,0.0,5026,9644,4618
2020-06-13T15:00:00,5191.1630789302035,-1.2505552149377767e-13,0.0,0.0,0.0,0.0,0.0,0.0,0.0,0.0,4240,9431,5191
2020-06-13T16:00:00,5295.1630789302035,0.0,0.0,0.0,0.0,0.0,0.0,0.0,0.0,0.0,3922,9217,5295
2020-06-13T17:00:00,4874.163078930202,8.185452315956354e-13,0.0,0.0,0.0,0.0,0.0,0.0,0.0,0.0,4218,9092,4874
2020-06-13T18:00:00,4568.163078930203,2.2737367544323226e-14,0.0,0.0,0.0,0.0,0.0,0.0,0.0,0.0,4684,9252,4568
2020-06-13T19:00:00,4313.163078930202,0.0,0.0,0.0,0.0,0.0,0.0,0.0,0.0,0.0,4843,9156,4313
2020-06-13T20:00:00,4640.163078930203,2.728484105318785e-13,0.0,0.0,0.0,0.0,0.0,0.0,0.0,0.0,3927,8567,4640
2020-06-13T21:00:00,4900.163078930203,0.0,0.0,0.0,0.0,0.0,0.0,0.0,0.0,0.0,3313,8213,4900
2020-06-13T22:00:00,5376.163078930203,4.547473508864642e-13,0.0,0.0,0.0,0.0,0.0,0.0,0.0,0.0,3227,8603,5376
2020-06-13T23:00:00,5314.163078930203,4.547473508864642e-13,0.0,0.0,0.0,0.0,0.0,0.0,0.0,0.0,3316,8630,5314
2020-06-14T00:00:00,4688.163078930203,1.818989403545857e-13,0.0,0.0,0.0,0.0,0.0,0.0,0.0,0.0,3289,7977,4688
2020-06-14T01:00:00,4122.163078930203,3.637978807091713e-13,0.0,0.0,0.0,0.0,0.0,0.0,0.0,0.0,3419,7541,4122
2020-06-14T02:00:00,3910.163078930202,1.818989403545857e-13,0.0,0.0,0.0,0.0,0.0,0.0,0.0,0.0,3315,7225,3910
2020-06-14T03:00:00,3680.1630789302026,1.818989403545857e-13,0.0,0.0,0.0,0.0,0.0,0.0,0.0,0.0,3186,6866,3680
2020-06-14T04:00:00,1860.0,0.0,0.0,0.0,0.0,0.0,13.836921069797882,0.0,0.0,0.0,4934,6780,1846
2020-06-14T05:00:00,4055.1630789302026,0.0,0.0,0.0,0.0,0.0,0.0,0.0,0.0,0.0,2979,7034,4055
2020-06-14T06:00:00,1560.0,3.637978807091713e-13,0.0,0.0,0.0,0.0,176.83692106979788,0.0,0.0,0.0,6357,7740,1383
2020-06-14T07:00:00,3575.1630789302026,-1.1368683772161607e-14,0.0,0.0,0.0,0.0,0.0,0.0,0.0,0.0,5007,8582,3575
2020-06-14T08:00:00,3956.1630789302026,-1.1368683772161607e-14,0.0,0.0,0.0,0.0,0.0,0.0,0.0,0.0,5150,9106,3956
2020-06-14T09:00:00,4376.163078930203,2.728484105318785e-13,0.0,0.0,0.0,0.0,0.0,0.0,0.0,0.0,5058,9434,4376
2020-06-14T10:00:00,2750.163078930202,0.0,0.0,0.0,0.0,0.0,0.0,0.0,0.0,0.0,6832,9582,2750
2020-06-14T11:00:00,4770.0,0.0,0.0,0.0,0.0,85.16307893020274,0.0,0.0,0.0,0.0,4907,9762,4855
2020-06-14T12:00:00,4770.0,0.0,0.0,0.0,0.0,300.1630789302023,0.0,0.0,0.0,0.0,4773,9843,5070
2020-06-14T13:00:00,4770.0,0.0,0.0,0.0,0.0,501.1630789302025,0.0,0.0,0.0,0.0,4428,9699,5271
2020-06-14T14:00:00,2619.163078930202,0.0,0.0,0.0,0.0,0.0,0.0,0.0,0.0,0.0,7016,9635,2619
2020-06-14T15:00:00,4770.0,0.0,0.0,0.0,0.0,561.1630789302018,0.0,0.0,0.0,0.0,4064,9395,5331
2020-06-14T16:00:00,4770.0,0.0,0.0,0.0,0.0,222.16307893020272,0.0,0.0,0.0,0.0,4189,9181,4992
2020-06-14T17:00:00,4113.163078930203,0.0,0.0,0.0,0.0,0.0,0.0,0.0,0.0,0.0,4954,9067,4113
2020-06-14T18:00:00,3825.1630789302026,0.0,0.0,0.0,0.0,0.0,0.0,0.0,0.0,0.0,5383,9208,3825
2020-06-14T19:00:00,2988.163078930202,0.0,0.0,0.0,0.0,0.0,0.0,0.0,0.0,0.0,6144,9132,2988
2020-06-14T20:00:00,4186.163078930203,1.818989403545857e-13,0.0,0.0,0.0,0.0,0.0,0.0,0.0,0.0,4366,8552,4186
2020-06-14T21:00:00,1560.0,1.818989403545857e-13,0.0,0.0,0.0,3127.163078930202,0.0,0.0,0.0,0.0,3545,8232,4687
2020-06-14T22:00:00,4770.0,5.456968210637569e-13,0.0,0.0,0.0,222.16307893020212,0.0,0.0,0.0,0.0,3647,8639,4992
2020-06-14T23:00:00,1560.0,-3.637978807091713e-13,0.0,0.0,0.0,3457.163078930203,0.0,0.0,0.0,0.0,3692,8709,5017
2020-06-15T00:00:00,4741.163078930203,0.0,0.0,0.0,0.0,0.0,0.0,0.0,0.0,0.0,3207,7948,4741
2020-06-15T01:00:00,3960.0,1.818989403545857e-13,0.0,0.0,0.0,605.1630789302023,0.0,0.0,0.0,0.0,2950,7515,4565
2020-06-15T02:00:00,1581.163078930202,1.818989403545857e-13,0.0,0.0,0.0,0.0,0.0,0.0,0.0,0.0,5620,7201,1581
2020-06-15T03:00:00,1626.1630789302023,1.818989403545857e-13,0.0,0.0,0.0,0.0,0.0,0.0,0.0,0.0,5219,6845,1626
2020-06-15T04:00:00,3960.0,5.456968210637569e-13,0.0,0.0,0.0,551.1630789302019,0.0,0.0,0.0,0.0,2250,6761,4511
2020-06-15T05:00:00,1289.163078930202,1.3642420526593928e-13,0.0,0.0,0.0,0.0,0.0,0.0,0.0,0.0,5731,7020,1289
2020-06-15T06:00:00,3619.163078930202,1.3642420526593928e-13,0.0,0.0,0.0,0.0,0.0,0.0,0.0,0.0,4111,7730,3619
2020-06-15T07:00:00,3455.1630789302026,1.3642420526593928e-13,0.0,0.0,0.0,0.0,0.0,0.0,0.0,0.0,5117,8572,3455
2020-06-15T08:00:00,1560.0,1.3642420526593928e-13,0.0,0.0,0.0,2289.1630789302017,0.0,0.0,0.0,0.0,5249,9098,3849
2020-06-15T09:00:00,3431.163078930202,1.3642420526593928e-13,0.0,0.0,0.0,0.0,0.0,0.0,0.0,0.0,5999,9430,3431
2020-06-15T10:00:00,4571.163078930203,2.2737367544323216e-13,0.0,0.0,0.0,0.0,0.0,0.0,0.0,0.0,5016,9587,4571
2020-06-15T11:00:00,4770.0,6.821210263296964e-14,0.0,0.0,0.0,13.16307893020243,0.0,0.0,0.0,0.0,4996,9779,4783
2020-06-15T12:00:00,4770.0,-2.2737367544323214e-14,0.0,0.0,0.0,216.16307893020257,0.0,0.0,0.0,0.0,4889,9875,4986
2020-06-15T13:00:00,4770.0,0.0,0.0,0.0,0.0,436.1630789302026,0.0,0.0,0.0,0.0,4545,9751,5206
2020-06-15T14:00:00,4770.0,1.3642420526593928e-13,0.0,0.0,0.0,715.1630789302025,0.0,0.0,0.0,0.0,4231,9716,5485
2020-06-15T15:00:00,4770.0,1.3642420526593928e-13,0.0,0.0,0.0,683.1630789302025,0.0,0.0,0.0,0.0,4048,9501,5453
2020-06-15T16:00:00,4770.0,1.3642420526593928e-13,0.0,0.0,0.0,457.16307893020274,0.0,0.0,0.0,0.0,4080,9307,5227
2020-06-15T17:00:00,4445.163078930203,1.3642420526593928e-13,0.0,0.0,0.0,0.0,0.0,0.0,0.0,0.0,4759,9204,4445
2020-06-15T18:00:00,4162.163078930203,2.728484105318785e-13,0.0,0.0,0.0,0.0,0.0,0.0,0.0,0.0,5168,9330,4162
2020-06-15T19:00:00,4353.163078930203,1.818989403545857e-13,0.0,0.0,0.0,0.0,0.0,0.0,0.0,0.0,4889,9242,4353
2020-06-15T20:00:00,4640.163078930203,1.3642420526593928e-13,0.0,0.0,0.0,0.0,0.0,0.0,0.0,0.0,4019,8659,4640
2020-06-15T21:00:00,4770.0,3.637978807091713e-13,0.0,0.0,0.0,261.16307893020206,0.0,0.0,0.0,0.0,3317,8348,5031
2020-06-15T22:00:00,2453.1630789302026,0.0,0.0,0.0,0.0,0.0,0.0,0.0,0.0,0.0,6317,8770,2453
2020-06-15T23:00:00,4770.0,0.0,0.0,0.0,0.0,584.1630789302026,0.0,0.0,0.0,0.0,3467,8821,5354
2020-06-16T00:00:00,4770.0,1.1823431123048067e-12,0.0,0.0,0.0,332.16307893020166,0.0,0.0,0.0,0.0,2936,8038,5102
2020-06-16T01:00:00,4919.1630789302035,0.0,0.0,0.0,0.0,0.0,0.0,0.0,0.0,0.0,2691,7610,4919
2020-06-16T02:00:00,4803.163078930203,3.5527136788005016e-14,0.0,0.0,0.0,0.0,0.0,0.0,0.0,0.0,2498,7301,4803
2020-06-16T03:00:00,2005.1630789302017,2.728484105318785e-13,0.0,0.0,0.0,0.0,0.0,0.0,0.0,0.0,4948,6953,2005
2020-06-16T04:00:00,1989.163078930202,2.728484105318785e-13,0.0,0.0,0.0,0.0,0.0,0.0,0.0,0.0,4887,6876,1989
2020-06-16T05:00:00,4305.163078930203,2.728484105318785e-13,0.0,0.0,0.0,0.0,0.0,0.0,0.0,0.0,2824,7129,4305
2020-06-16T06:00:00,4026.1630789302017,4.547473508864642e-13,0.0,0.0,0.0,0.0,0.0,0.0,0.0,0.0,3804,7830,4026
2020-06-16T07:00:00,3871.163078930202,2.728484105318785e-13,0.0,0.0,0.0,0.0,0.0,0.0,0.0,0.0,4818,8689,3871
2020-06-16T08:00:00,4252.163078930202,4.547473508864642e-13,0.0,0.0,0.0,0.0,0.0,0.0,0.0,0.0,4969,9221,4252
2020-06-16T09:00:00,4679.163078930203,0.0,0.0,0.0,0.0,0.0,0.0,0.0,0.0,0.0,4899,9578,4679
2020-06-16T10:00:00,5013.163078930203,0.0,0.0,0.0,0.0,0.0,0.0,0.0,0.0,0.0,4750,9763,5013
2020-06-16T11:00:00,5276.163078930203,0.0,0.0,0.0,0.0,0.0,0.0,0.0,0.0,0.0,4695,9971,5276
2020-06-16T12:00:00,2620.1630789302017,0.0,0.0,0.0,0.0,0.0,0.0,0.0,0.0,0.0,7454,10074,2620
2020-06-16T13:00:00,5202.163078930202,0.0,0.0,0.0,0.0,0.0,0.0,0.0,0.0,0.0,4757,9959,5202
2020-06-16T14:00:00,3177.163078930202,9.09494701772928e-14,0.0,0.0,0.0,0.0,0.0,0.0,0.0,0.0,6765,9942,3177
2020-06-16T15:00:00,5577.163078930203,2.728484105318785e-13,0.0,0.0,0.0,0.0,0.0,0.0,0.0,0.0,4146,9723,5577
2020-06-16T16:00:00,3168.1630789302017,4.547473508864642e-13,0.0,0.0,0.0,0.0,0.0,0.0,0.0,0.0,6339,9507,3168
2020-06-16T17:00:00,5043.163078930203,0.0,0.0,0.0,0.0,0.0,0.0,0.0,0.0,0.0,4326,9369,5043
2020-06-16T18:00:00,4807.163078930203,0.0,0.0,0.0,0.0,0.0,0.0,0.0,0.0,0.0,4633,9440,4807
2020-06-16T19:00:00,5000.163078930203,0.0,0.0,0.0,0.0,0.0,0.0,0.0,0.0,0.0,4314,9314,5000
2020-06-16T20:00:00,5075.163078930202,0.0,0.0,0.0,0.0,0.0,0.0,0.0,0.0,0.0,3632,8707,5075
2020-06-16T21:00:00,5289.163078930203,2.728484105318785e-13,0.0,0.0,0.0,0.0,0.0,0.0,0.0,0.0,3093,8382,5289
2020-06-16T22:00:00,5539.163078930202,1.1823431123048067e-12,0.0,0.0,0.0,0.0,0.0,0.0,0.0,0.0,3255,8794,5539
2020-06-16T23:00:00,5535.163078930202,1.1823431123048067e-12,0.0,0.0,0.0,0.0,0.0,0.0,0.0,0.0,3299,8834,5535
2020-06-17T00:00:00,1860.0,-7.275957614183426e-13,0.0,0.0,9.094947017729282e-13,2922.1630789302026,0.0,0.0,0.0,0.0,3294,8076,4782
2020-06-17T01:00:00,2372.1630789302017,2.955857780762017e-13,0.0,1.9895196601282805e-13,0.0,0.0,0.0,0.0,0.0,0.0,5258,7630,2372
2020-06-17T02:00:00,1860.0,1.818989403545857e-13,0.0,0.0,-1.1368683772161605e-13,2248.4076973255055,0.0,263.75538160469716,0.0,0.0,2946,7318,4372
2020-06-17T03:00:00,2519.1630789302026,-2.728484105318785e-13,0.0,0.0,-2.273736754432321e-13,0.0,0.0,0.0,0.0,0.0,4442,6961,2519
2020-06-17T04:00:00,4512.163078930203,9.094947017729282e-13,0.0,0.0,0.0,0.0,0.0,0.0,0.0,0.0,2385,6897,4512
2020-06-17T05:00:00,5067.163078930203,0.0,0.0,0.0,0.0,0.0,0.0,0.0,0.0,0.0,2073,7140,5067
2020-06-17T06:00:00,3030.163078930202,0.0,0.0,0.0,0.0,0.0,0.0,0.0,0.0,0.0,4812,7842,3030
2020-06-17T07:00:00,5580.0,0.0,0.0,0.0,0.0,764.1630789302026,0.0,0.0,0.0,0.0,2353,8697,6344
2020-06-17T08:00:00,5580.0,0.0,0.0,0.0,0.0,821.1630789302021,0.0,0.0,0.0,0.0,2822,9223,6401
2020-06-17T09:00:00,4448.163078930203,0.0,0.0,0.0,0.0,0.0,0.0,0.0,0.0,0.0,5149,9597,4448
2020-06-17T10:00:00,5580.0,1.3642420526593928e-13,0.0,0.0,0.0,1116.163078930202,0.0,0.0,0.0,0.0,3080,9776,6696
2020-06-17T11:00:00,5580.0,1.3642420526593928e-13,0.0,0.0,0.0,1144.1630789302023,0.0,0.0,0.0,0.0,3218,9942,6724
2020-06-17T12:00:00,5580.0,1.3642420526593928e-13,0.0,0.0,0.0,1080.163078930202,0.0,0.0,0.0,0.0,3354,10014,6660
2020-06-17T13:00:00,4185.163078930203,0.0,0.0,0.0,0.0,0.0,0.0,0.0,0.0,0.0,5614,9799,4185
2020-06-17T14:00:00,5580.0,0.0,0.0,0.0,0.0,1146.1630789302023,0.0,0.0,0.0,0.0,2971,9697,6726
2020-06-17T15:00:00,5580.0,0.0,0.0,0.0,0.0,1504.1630789302023,0.0,0.0,0.0,0.0,2337,9421,7084
2020-06-17T16:00:00,4627.163078930203,8.185452315956353e-13,0.0,0.0,0.0,0.0,0.0,0.0,0.0,0.0,4510,9137,4627
2020-06-17T17:00:00,5580.0,0.0,0.0,0.0,0.0,813.1630789302021,0.0,0.0,0.0,0.0,2603,8996,6393
2020-06-17T18:00:00,5580.0,0.0,0.0,0.0,0.0,401.1630789302021,0.0,0.0,0.0,0.0,3044,9025,5981
2020-06-17T19:00:00,4730.163078930203,1.3642420526593928e-13,0.0,0.0,0.0,0.0,0.0,0.0,0.0,0.0,4111,8841,4730
2020-06-17T20:00:00,4222.163078930203,1.3642420526593928e-13,0.0,0.0,0.0,0.0,0.0,0.0,0.0,0.0,4107,8329,4222
2020-06-17T21:00:00,3922.1630789302026,-3.1832314562052486e-13,0.0,0.0,0.0,0.0,0.0,0.0,0.0,0.0,4122,8044,3922
2020-06-17T22:00:00,4434.163078930202,7.275957614183426e-13,0.0,0.0,0.0,0.0,0.0,0.0,0.0,0.0,4096,8530,4434
2020-06-17T23:00:00,4552.163078930203,7.275957614183426e-13,0.0,0.0,0.0,0.0,0.0,0.0,0.0,0.0,4070,8622,4552
2020-06-18T00:00:00,4754.163078930202,8.185452315956354e-13,0.0,0.0,0.0,0.0,0.0,0.0,0.0,0.0,3101,7855,4754
2020-06-18T01:00:00,5387.163078930203,4.547473508864642e-13,0.0,0.0,0.0,0.0,0.0,0.0,0.0,0.0,1996,7383,5387
2020-06-18T02:00:00,3846.1630789302017,4.547473508864642e-13,0.0,0.0,0.0,0.0,0.0,0.0,0.0,0.0,3160,7006,3846
2020-06-18T03:00:00,3397.1630789302017,4.547473508864642e-13,0.0,0.0,0.0,0.0,0.0,0.0,0.0,0.0,3201,6598,3397
2020-06-18T04:00:00,3130.1630789302017,4.547473508864642e-13,0.0,0.0,0.0,0.0,0.0,0.0,0.0,0.0,3275,6405,3130
2020-06-18T05:00:00,2972.163078930202,0.0,0.0,0.0,0.0,0.0,0.0,0.0,0.0,0.0,3407,6379,2972
2020-06-18T06:00:00,1860.0,4.547473508864642e-13,0.0,0.0,0.0,1010.1630789302016,0.0,0.0,0.0,0.0,3617,6487,2870
2020-06-18T07:00:00,3010.163078930202,-9.094947017729285e-14,0.0,0.0,0.0,0.0,0.0,0.0,0.0,0.0,3855,6865,3010
2020-06-18T08:00:00,4770.0,0.0,0.0,0.0,0.0,483.1630789302028,0.0,0.0,0.0,0.0,2170,7423,5253
2020-06-18T09:00:00,4770.0,-2.728484105318785e-13,0.0,0.0,0.0,562.163078930203,0.0,0.0,0.0,0.0,2610,7942,5332
2020-06-18T10:00:00,2985.163078930202,0.0,0.0,0.0,0.0,0.0,0.0,0.0,0.0,0.0,5204,8189,2985
2020-06-18T11:00:00,1260.0,0.0,0.0,0.0,0.0,3368.163078930202,0.0,0.0,0.0,0.0,3753,8381,4628
2020-06-18T12:00:00,3960.0,1.7053025658242404e-14,0.0,0.0,0.0,597.1630789302023,0.0,0.0,0.0,0.0,4119,8676,4557
2020-06-18T13:00:00,1260.0,2.728484105318785e-13,0.0,0.0,0.0,2666.1630789302017,0.0,0.0,0.0,0.0,4410,8336,3926
2020-06-18T14:00:00,3516.163078930201,4.547473508864642e-13,0.0,0.0,0.0,0.0,0.0,0.0,0.0,0.0,4555,8071,3516
2020-06-18T15:00:00,3960.0,4.547473508864642e-13,0.0,0.0,0.0,54.163078930201664,0.0,0.0,0.0,0.0,3752,7766,4014
2020-06-18T16:00:00,3803.1630789302017,0.0,0.0,0.0,0.0,0.0,0.0,0.0,0.0,0.0,3722,7525,3803
2020-06-18T17:00:00,3852.1630789302017,4.547473508864642e-13,0.0,0.0,0.0,0.0,0.0,0.0,0.0,0.0,3621,7473,3852
2020-06-18T18:00:00,2410.163078930202,0.0,0.0,0.0,0.0,0.0,0.0,0.0,0.0,0.0,5235,7645,2410
2020-06-18T19:00:00,3811.1630789302017,4.547473508864642e-13,0.0,0.0,0.0,0.0,0.0,0.0,0.0,0.0,3814,7625,3811
2020-06-18T20:00:00,3466.1630789302017,1.818989403545857e-13,0.0,0.0,0.0,0.0,0.0,0.0,0.0,0.0,3812,7278,3466
2020-06-18T21:00:00,1260.0,2.728484105318785e-13,0.0,0.0,0.0,2019.1630789302017,0.0,0.0,0.0,0.0,3784,7063,3279
2020-06-18T22:00:00,3355.163078930201,0.0,0.0,0.0,0.0,0.0,0.0,0.0,0.0,0.0,4272,7627,3355
2020-06-18T23:00:00,3960.0,8.185452315956354e-13,0.0,0.0,0.0,240.1630789302017,0.0,0.0,0.0,0.0,3692,7892,4200
2020-06-19T00:00:00,3899.1630789302017,3.637978807091713e-13,0.0,0.0,0.0,0.0,0.0,0.0,0.0,0.0,3385,7284,3899
2020-06-19T01:00:00,3080.1630789302017,0.0,0.0,0.0,0.0,0.0,0.0,0.0,0.0,0.0,3780,6860,3080
2020-06-19T02:00:00,3000.1630789302026,1.818989403545857e-13,0.0,0.0,0.0,0.0,0.0,0.0,0.0,0.0,3477,6477,3000
2020-06-19T03:00:00,3170.163078930202,1.818989403545857e-13,0.0,0.0,0.0,0.0,0.0,0.0,0.0,0.0,2870,6040,3170
2020-06-19T04:00:00,2993.1630789302026,1.818989403545857e-13,0.0,0.0,0.0,0.0,0.0,0.0,0.0,0.0,2845,5838,2993
2020-06-19T05:00:00,3012.163078930202,0.0,0.0,0.0,0.0,0.0,0.0,0.0,0.0,0.0,2728,5740,3012
2020-06-19T06:00:00,3078.163078930202,-3.637978807091713e-13,0.0,0.0,0.0,0.0,0.0,0.0,0.0,0.0,2669,5747,3078
2020-06-19T07:00:00,959.163078930202,0.0,0.0,0.0,0.0,0.0,0.0,0.0,0.0,0.0,5016,5975,959
2020-06-19T08:00:00,1580.1630789302021,0.0,0.0,0.0,0.0,0.0,0.0,0.0,0.0,0.0,4867,6447,1580
2020-06-19T09:00:00,1980.0,-3.637978807091713e-13,0.0,0.0,0.0,1634.163078930202,0.0,0.0,0.0,0.0,3328,6942,3614
2020-06-19T10:00:00,1980.0,-2.728484105318785e-13,0.0,0.0,0.0,1978.163078930202,0.0,0.0,0.0,0.0,3318,7276,3958
2020-06-19T11:00:00,1917.1630789302021,0.0,0.0,0.0,0.0,0.0,0.0,0.0,0.0,0.0,5635,7552,1917
2020-06-19T12:00:00,3156.163078930202,-1.3821697517389014e-14,0.0,0.0,0.0,0.0,0.0,0.0,0.0,0.0,4738,7894,3156
2020-06-19T13:00:00,3600.0,0.0,0.0,0.0,0.0,527.1630789302023,0.0,0.0,0.0,0.0,3366,7493,4127
2020-06-19T14:00:00,1644.1630789302021,-1.3642420526593928e-13,0.0,0.0,0.0,0.0,0.0,0.0,0.0,0.0,5508,7152,1644
2020-06-19T15:00:00,1230.0,-1.3642420526593928e-13,0.0,0.0,0.0,2678.163078930202,0.0,0.0,0.0,0.0,2944,6852,3908
2020-06-19T16:00:00,1750.1630789302021,0.0,0.0,0.0,0.0,0.0,0.0,0.0,0.0,0.0,4940,6690,1750
2020-06-19T17:00:00,3393.163078930202,1.818989403545857e-13,0.0,0.0,0.0,0.0,0.0,0.0,0.0,0.0,3334,6727,3393
2020-06-19T18:00:00,2388.163078930202,1.818989403545857e-13,0.0,0.0,0.0,0.0,0.0,0.0,0.0,0.0,4692,7080,2388
2020-06-19T19:00:00,1230.0,0.0,0.0,0.0,0.0,1372.1630789302026,0.0,0.0,0.0,0.0,4764,7366,2602
2020-06-19T20:00:00,3600.0,1.818989403545857e-13,0.0,0.0,0.0,977.1630789302026,0.0,0.0,0.0,0.0,2672,7249,4577
2020-06-19T21:00:00,3600.0,1.818989403545857e-13,0.0,0.0,0.0,1022.1630789302026,0.0,0.0,0.0,0.0,2482,7104,4622
2020-06-19T22:00:00,2785.1630789302026,1.818989403545857e-13,0.0,0.0,0.0,0.0,0.0,0.0,0.0,0.0,4806,7591,2785
2020-06-19T23:00:00,2905.1630789302017,3.637978807091713e-13,0.0,0.0,0.0,0.0,0.0,0.0,0.0,0.0,4887,7792,2905
2020-06-20T00:00:00,3600.0,4.547473508864642e-13,0.0,0.0,0.0,1087.1630789302023,0.0,0.0,0.0,0.0,2546,7233,4687
2020-06-20T01:00:00,3600.0,-5.45696821063757e-13,0.0,0.0,0.0,598.1630789302035,0.0,0.0,0.0,0.0,2649,6847,4198
2020-06-20T02:00:00,3312.1630789302017,4.547473508864642e-13,0.0,0.0,0.0,0.0,0.0,0.0,0.0,0.0,3236,6548,3312
2020-06-20T03:00:00,2813.163078930202,0.0,0.0,0.0,0.0,0.0,0.0,0.0,0.0,0.0,3404,6217,2813
2020-06-20T04:00:00,2502.163078930202,0.0,0.0,0.0,0.0,0.0,0.0,0.0,0.0,0.0,3711,6213,2502
2020-06-20T05:00:00,2573.1630789302026,9.09494701772928e-14,0.0,0.0,0.0,0.0,0.0,0.0,0.0,0.0,4039,6612,2573
2020-06-20T06:00:00,3228.1630789302017,4.547473508864642e-13,0.0,0.0,0.0,0.0,0.0,0.0,0.0,0.0,4165,7393,3228
2020-06-20T07:00:00,4088.163078930202,-9.09494701772928e-14,0.0,0.0,0.0,0.0,0.0,0.0,0.0,0.0,4186,8274,4088
2020-06-20T08:00:00,3179.163078930202,0.0,0.0,0.0,0.0,0.0,0.0,0.0,0.0,0.0,5672,8851,3179
2020-06-20T09:00:00,4638.163078930203,0.0,0.0,0.0,0.0,0.0,0.0,0.0,0.0,0.0,4533,9171,4638
2020-06-20T10:00:00,3193.163078930202,0.0,0.0,0.0,0.0,0.0,0.0,0.0,0.0,0.0,6132,9325,3193
2020-06-20T11:00:00,4492.163078930203,5.421198555670156e-14,0.0,0.0,0.0,0.0,0.0,0.0,0.0,0.0,4998,9490,4492
2020-06-20T12:00:00,4217.163078930203,-2.2737367544323214e-14,0.0,0.0,0.0,0.0,0.0,0.0,0.0,0.0,5363,9580,4217
2020-06-20T13:00:00,4059.1630789302017,4.547473508864642e-13,0.0,0.0,0.0,0.0,0.0,0.0,0.0,0.0,5356,9415,4059
2020-06-20T14:00:00,4350.163078930203,9.09494701772928e-14,0.0,0.0,0.0,0.0,0.0,0.0,0.0,0.0,4921,9271,4350
2020-06-20T15:00:00,4250.163078930203,0.0,0.0,0.0,0.0,0.0,0.0,0.0,0.0,0.0,4748,8998,4250
2020-06-20T16:00:00,4250.163078930203,0.0,0.0,0.0,0.0,0.0,0.0,0.0,0.0,0.0,4506,8756,4250
2020-06-20T17:00:00,2804.163078930202,-4.547473508864643e-14,0.0,0.0,0.0,0.0,0.0,0.0,0.0,0.0,5837,8641,2804
2020-06-20T18:00:00,3892.1630789302017,4.547473508864642e-13,0.0,0.0,0.0,0.0,0.0,0.0,0.0,0.0,4988,8880,3892
2020-06-20T19:00:00,3051.1630789302017,2.728484105318785e-13,0.0,0.0,0.0,0.0,0.0,0.0,0.0,0.0,5838,8889,3051
2020-06-20T20:00:00,3213.1630789302017,4.547473508864642e-13,0.0,0.0,0.0,0.0,0.0,0.0,0.0,0.0,5102,8315,3213
2020-06-20T21:00:00,3026.1630789302026,0.0,0.0,0.0,0.0,0.0,0.0,0.0,0.0,0.0,4916,7942,3026
2020-06-20T22:00:00,3355.1630789302017,4.547473508864642e-13,0.0,0.0,0.0,0.0,0.0,0.0,0.0,0.0,4982,8337,3355
2020-06-20T23:00:00,3494.1630789302017,4.547473508864642e-13,0.0,0.0,0.0,0.0,0.0,0.0,0.0,0.0,4977,8471,3494
2020-06-21T00:00:00,3022.1630789302017,3.637978807091713e-13,0.0,0.0,0.0,0.0,0.0,0.0,0.0,0.0,4843,7865,3022
2020-06-21T01:00:00,2525.1630789302017,0.0,0.0,0.0,0.0,0.0,0.0,0.0,0.0,0.0,4923,7448,2525
2020-06-21T02:00:00,2072.1630789302017,0.0,0.0,0.0,0.0,0.0,0.0,0.0,0.0,0.0,5074,7146,2072
2020-06-21T03:00:00,1660.1630789302012,9.094947017729282e-13,0.0,0.0,0.0,0.0,0.0,0.0,0.0,0.0,5131,6791,1660
2020-06-21T04:00:00,1560.0,-2.728484105318785e-13,0.0,0.0,0.0,0.0,228.83692106979788,0.0,0.0,0.0,5373,6704,1331
2020-06-21T05:00:00,1708.1630789302021,1.3642420526593928e-13,0.0,0.0,0.0,0.0,0.0,0.0,0.0,0.0,5280,6988,1708
2020-06-21T06:00:00,2392.1630789302017,0.0,0.0,0.0,0.0,0.0,0.0,0.0,0.0,0.0,5317,7709,2392
2020-06-21T07:00:00,3156.1630789302026,0.0,0.0,0.0,0.0,0.0,0.0,0.0,0.0,0.0,5394,8550,3156
2020-06-21T08:00:00,3638.163078930202,5.456968210637569e-13,0.0,0.0,0.0,0.0,0.0,0.0,0.0,0.0,5449,9087,3638
2020-06-21T09:00:00,3659.163078930202,1.818989403545857e-13,0.0,0.0,0.0,0.0,0.0,0.0,0.0,0.0,5748,9407,3659
2020-06-21T10:00:00,3624.1630789302026,0.0,0.0,0.0,0.0,0.0,0.0,0.0,0.0,0.0,5921,9545,3624
2020-06-21T11:00:00,3734.1630789302026,6.821210263296964e-14,0.0,0.0,0.0,0.0,0.0,0.0,0.0,0.0,5971,9705,3734
2020-06-21T12:00:00,3782.1630789302026,0.0,0.0,0.0,0.0,0.0,0.0,0.0,0.0,0.0,5971,9753,3782
2020-06-21T13:00:00,3630.1630789302017,1.3642420526593928e-13,0.0,0.0,0.0,0.0,0.0,0.0,0.0,0.0,5945,9575,3630
2020-06-21T14:00:00,3682.1630789302026,0.0,0.0,0.0,0.0,0.0,0.0,0.0,0.0,0.0,5758,9440,3682
2020-06-21T15:00:00,3602.1630789302026,0.0,0.0,0.0,0.0,0.0,0.0,0.0,0.0,0.0,5548,9150,3602
2020-06-21T16:00:00,3766.1630789302026,0.0,0.0,0.0,0.0,0.0,0.0,0.0,0.0,0.0,5142,8908,3766
2020-06-21T17:00:00,3183.163078930201,9.094947017729282e-13,0.0,0.0,0.0,0.0,0.0,0.0,0.0,0.0,5605,8788,3183
2020-06-21T18:00:00,4263.1630789302035,0.0,0.0,0.0,0.0,0.0,0.0,0.0,0.0,0.0,4696,8959,4263
2020-06-21T19:00:00,4789.1630789302035,0.0,0.0,0.0,0.0,0.0,0.0,0.0,0.0,0.0,4107,8896,4789
2020-06-21T20:00:00,4494.163078930202,9.094947017729282e-13,0.0,0.0,0.0,0.0,0.0,0.0,0.0,0.0,3849,8343,4494
2020-06-21T21:00:00,1860.0,1.818989403545857e-13,0.0,0.0,0.0,1869.1630789302017,0.0,0.0,0.0,0.0,4279,8008,3729
2020-06-21T22:00:00,4099.163078930203,-5.456968210637569e-13,0.0,0.0,0.0,0.0,0.0,0.0,0.0,0.0,4336,8435,4099
2020-06-21T23:00:00,5086.163078930203,3.637978807091713e-13,0.0,0.0,0.0,0.0,0.0,0.0,0.0,0.0,3477,8563,5086
2020-06-22T00:00:00,3950.1630789302017,7.275957614183426e-13,0.0,0.0,0.0,0.0,0.0,0.0,0.0,0.0,3919,7869,3950
2020-06-22T01:00:00,3892.1630789302026,0.0,0.0,0.0,0.0,0.0,0.0,0.0,0.0,0.0,3560,7452,3892
2020-06-22T02:00:00,3771.163078930202,2.728484105318785e-13,0.0,0.0,0.0,0.0,0.0,0.0,0.0,0.0,3380,7151,3771
2020-06-22T03:00:00,3856.1630789302026,0.0,0.0,0.0,0.0,0.0,0.0,0.0,0.0,0.0,2939,6795,3856
2020-06-22T04:00:00,1860.0,0.0,0.0,0.0,0.0,1973.1630789302023,0.0,0.0,0.0,0.0,2874,6707,3833
2020-06-22T05:00:00,4193.163078930203,0.0,0.0,0.0,0.0,0.0,0.0,0.0,0.0,0.0,2795,6988,4193
2020-06-22T06:00:00,5030.163078930203,0.0,0.0,0.0,0.0,0.0,0.0,0.0,0.0,0.0,2675,7705,5030
2020-06-22T07:00:00,5580.0,0.0,0.0,0.0,0.0,413.163078930202,0.0,0.0,0.0,0.0,2552,8545,5993
2020-06-22T08:00:00,5580.0,0.0,0.0,0.0,0.0,652.1630789302021,0.0,0.0,0.0,0.0,2857,9089,6232
2020-06-22T09:00:00,4643.163078930203,2.728484105318785e-13,0.0,0.0,0.0,0.0,0.0,0.0,0.0,0.0,4776,9419,4643
2020-06-22T10:00:00,4687.163078930203,0.0,0.0,0.0,0.0,0.0,0.0,0.0,0.0,0.0,4876,9563,4687
2020-06-22T11:00:00,5580.0,0.0,0.0,0.0,0.0,1017.1630789302022,0.0,0.0,0.0,0.0,3127,9724,6597
2020-06-22T12:00:00,5580.0,0.0,0.0,0.0,0.0,1066.1630789302023,0.0,0.0,0.0,0.0,3126,9772,6646
2020-06-22T13:00:00,5580.0,1.3642420526593928e-13,0.0,0.0,0.0,1103.1630789302023,0.0,0.0,0.0,0.0,2909,9592,6683
2020-06-22T14:00:00,5580.0,0.0,0.0,0.0,0.0,1173.163078930202,0.0,0.0,0.0,0.0,2701,9454,6753
2020-06-22T15:00:00,5580.0,9.094947017729282e-13,0.0,0.0,0.0,1022.1630789302016,0.0,0.0,0.0,0.0,2559,9161,6602
2020-06-22T16:00:00,5580.0,0.0,0.0,0.0,0.0,733.163078930202,0.0,0.0,0.0,0.0,2602,8915,6313
2020-06-22T17:00:00,4366.163078930203,0.0,0.0,0.0,0.0,0.0,0.0,0.0,0.0,0.0,4428,8794,4366
2020-06-22T18:00:00,5442.163078930203,0.0,0.0,0.0,0.0,0.0,0.0,0.0,0.0,0.0,3524,8966,5442
2020-06-22T19:00:00,4624.1630789302035,0.0,0.0,0.0,0.0,0.0,0.0,0.0,0.0,0.0,4280,8904,4624
2020-06-22T20:00:00,5580.0,0.0,0.0,0.0,0.0,161.16307893020235,0.0,0.0,0.0,0.0,2611,8352,5741
2020-06-22T21:00:00,5580.0,9.094947017729282e-13,0.0,0.0,0.0,305.16307893020166,0.0,0.0,0.0,0.0,2132,8017,5885
2020-06-22T22:00:00,3724.1630789302026,0.0,0.0,0.0,0.0,0.0,0.0,0.0,0.0,0.0,4717,8441,3724
2020-06-22T23:00:00,5580.0,7.275957614183426e-13,0.0,0.0,0.0,778.1630789302021,0.0,0.0,0.0,0.0,2212,8570,6358
2020-06-23T00:00:00,5580.0,-3.637978807091713e-13,0.0,0.0,0.0,50.16307893020327,0.0,0.0,0.0,0.0,2247,7877,5630
2020-06-23T01:00:00,3288.163078930202,0.0,0.0,0.0,0.0,0.0,0.0,0.0,0.0,0.0,4172,7460,3288
2020-06-23T02:00:00,3231.163078930202,0.0,0.0,0.0,0.0,0.0,0.0,0.0,0.0,0.0,3927,7158,3231
2020-06-23T03:00:00,4037.163078930202,1.818989403545857e-13,0.0,0.0,0.0,0.0,0.0,0.0,0.0,0.0,2766,6803,4037
2020-06-23T04:00:00,3609.163078930202,1.818989403545857e-13,0.0,0.0,0.0,0.0,0.0,0.0,0.0,0.0,3108,6717,3609
2020-06-23T05:00:00,3713.163078930202,0.0,0.0,0.0,0.0,0.0,0.0,0.0,0.0,0.0,3290,7003,3713
2020-06-23T06:00:00,1860.0,0.0,0.0,0.0,0.0,2435.163078930202,0.0,0.0,0.0,0.0,3428,7723,4295
2020-06-23T07:00:00,2949.163078930202,0.0,0.0,0.0,0.0,0.0,0.0,0.0,0.0,0.0,5611,8560,2949
2020-06-23T08:00:00,3615.163078930202,0.0,0.0,0.0,0.0,0.0,0.0,0.0,0.0,0.0,5476,9091,3615
2020-06-23T09:00:00,3710.163078930202,0.0,0.0,0.0,0.0,0.0,0.0,0.0,0.0,0.0,5695,9405,3710
2020-06-23T10:00:00,5384.1630789302035,-2.728484105318785e-13,0.0,0.0,0.0,0.0,0.0,0.0,0.0,0.0,4154,9538,5384
2020-06-23T11:00:00,5356.1630789302035,-2.728484105318785e-13,0.0,0.0,0.0,0.0,0.0,0.0,0.0,0.0,4341,9697,5356
2020-06-23T12:00:00,5289.163078930203,1.3642420526593928e-13,0.0,0.0,0.0,0.0,0.0,0.0,0.0,0.0,4457,9746,5289
2020-06-23T13:00:00,3725.163078930202,1.818989403545857e-13,0.0,0.0,0.0,0.0,0.0,0.0,0.0,0.0,5846,9571,3725
2020-06-23T14:00:00,5126.163078930203,3.637978807091713e-13,0.0,0.0,0.0,0.0,0.0,0.0,0.0,0.0,4318,9444,5126
2020-06-23T15:00:00,5126.1630789302035,0.0,0.0,0.0,0.0,0.0,0.0,0.0,0.0,0.0,4039,9165,5126
2020-06-23T16:00:00,5083.163078930203,0.0,0.0,0.0,0.0,0.0,0.0,0.0,0.0,0.0,3852,8935,5083
2020-06-23T17:00:00,1860.0,0.0,0.0,0.0,0.0,3175.163078930202,0.0,0.0,0.0,0.0,3792,8827,5035
2020-06-23T18:00:00,5329.1630789302035,0.0,0.0,0.0,0.0,0.0,0.0,0.0,0.0,0.0,3670,8999,5329
2020-06-23T19:00:00,5448.1630789302035,0.0,0.0,0.0,0.0,0.0,0.0,0.0,0.0,0.0,3490,8938,5448
2020-06-23T20:00:00,1860.0,1.818989403545857e-13,0.0,0.0,0.0,3323.1630789302026,0.0,0.0,0.0,0.0,3205,8388,5183
2020-06-23T21:00:00,5077.163078930203,-4.547473508864643e-14,0.0,0.0,0.0,0.0,0.0,0.0,0.0,0.0,2980,8057,5077
2020-06-23T22:00:00,5476.163078930203,3.637978807091713e-13,0.0,0.0,0.0,0.0,0.0,0.0,0.0,0.0,3016,8492,5476
2020-06-23T23:00:00,5580.0,3.637978807091713e-13,0.0,0.0,0.0,21.163078930203028,0.0,0.0,0.0,0.0,3005,8606,5601
2020-06-24T00:00:00,4907.163078930202,0.0,0.0,0.0,9.094947017729282e-13,0.0,0.0,0.0,0.0,0.0,3009,7916,4907
2020-06-24T01:00:00,1860.0,0.0,0.0,4.547473508864641e-13,0.0,752.823927358623,0.0,222.33915157157867,0.0,0.0,4660,7495,2835
2020-06-24T02:00:00,4311.163078930203,0.0,0.0,0.0,2.2737367544302526e-14,0.0,0.0,0.0,0.0,0.0,2870,7181,4311
2020-06-24T03:00:00,2955.163078930202,0.0,0.0,0.0,0.0,0.0,0.0,0.0,0.0,0.0,3879,6834,2955
2020-06-24T04:00:00,3046.163078930202,1.818989403545857e-13,0.0,0.0,0.0,0.0,0.0,0.0,0.0,0.0,3707,6753,3046
2020-06-24T05:00:00,4168.163078930203,0.0,0.0,0.0,0.0,0.0,0.0,0.0,0.0,0.0,2844,7012,4168
2020-06-24T06:00:00,4903.163078930203,1.818989403545857e-13,0.0,0.0,0.0,0.0,0.0,0.0,0.0,0.0,2807,7710,4903
2020-06-24T07:00:00,5580.0,0.0,0.0,0.0,0.0,217.16307893020215,0.0,0.0,0.0,0.0,2722,8519,5797
2020-06-24T08:00:00,5580.0,0.0,0.0,0.0,0.0,751.1630789302022,0.0,0.0,0.0,0.0,2706,9037,6331
2020-06-24T09:00:00,4477.163078930203,0.0,0.0,0.0,0.0,0.0,0.0,0.0,0.0,0.0,4875,9352,4477
2020-06-24T10:00:00,1860.0,0.0,0.0,0.0,0.0,4272.163078930202,0.0,0.0,0.0,0.0,3339,9471,6132
2020-06-24T11:00:00,3994.1630789302017,0.0,0.0,0.0,0.0,0.0,0.0,0.0,0.0,0.0,5623,9617,3994
2020-06-24T12:00:00,3262.796198693409,0.0,0.0,0.0,0.0,2383.3668802367933,0.0,0.0,0.0,0.0,4046,9692,5646
2020-06-24T13:00:00,4112.163078930203,0.0,0.0,0.0,0.0,0.0,0.0,0.0,0.0,0.0,5363,9475,4112
2020-06-24T14:00:00,5580.0,0.0,0.0,0.0,0.0,48.16307893020194,0.0,0.0,0.0,0.0,3719,9347,5628
2020-06-24T15:00:00,4242.163078930203,-5.456968210637569e-13,0.0,0.0,0.0,0.0,0.0,0.0,0.0,0.0,4838,9080,4242
2020-06-24T16:00:00,3840.163078930201,1.818989403545857e-13,0.0,0.0,0.0,0.0,0.0,0.0,0.0,0.0,4987,8827,3840
2020-06-24T17:00:00,1860.0,2.8421709430404e-15,0.0,0.0,0.0,1863.163078930202,0.0,0.0,0.0,0.0,5052,8775,3723
2020-06-24T18:00:00,3931.1630789302017,5.456968210637569e-13,0.0,0.0,0.0,0.0,0.0,0.0,0.0,0.0,4927,8858,3931
2020-06-24T19:00:00,1860.0,5.456968210637569e-13,0.0,0.0,0.0,1713.163078930201,0.0,0.0,0.0,0.0,5134,8707,3573
2020-06-24T20:00:00,1860.0,1.818989403545857e-13,0.0,0.0,0.0,1078.1630789302023,0.0,0.0,0.0,0.0,5285,8223,2938
2020-06-24T21:00:00,3042.163078930202,0.0,0.0,0.0,0.0,0.0,0.0,0.0,0.0,0.0,4900,7942,3042
2020-06-24T22:00:00,4939.163078930202,0.0,0.0,0.0,0.0,0.0,0.0,0.0,0.0,0.0,3496,8435,4939
2020-06-24T23:00:00,5090.163078930203,0.0,0.0,0.0,0.0,0.0,0.0,0.0,0.0,0.0,3487,8577,5090
2020-06-25T00:00:00,3360.1630789302017,4.547473508864642e-13,0.0,0.0,0.0,0.0,0.0,0.0,0.0,0.0,4448,7808,3360
2020-06-25T01:00:00,3355.163078930202,0.0,0.0,0.0,0.0,0.0,0.0,0.0,0.0,0.0,3979,7334,3355
2020-06-25T02:00:00,2650.1630789302017,2.728484105318785e-13,0.0,0.0,0.0,0.0,0.0,0.0,0.0,0.0,4330,6980,2650
2020-06-25T03:00:00,2203.1630789302017,4.547473508864642e-13,0.0,0.0,0.0,0.0,0.0,0.0,0.0,0.0,4373,6576,2203
2020-06-25T04:00:00,1869.163078930202,4.547473508864642e-13,0.0,0.0,0.0,0.0,0.0,0.0,0.0,0.0,4519,6388,1869
2020-06-25T05:00:00,1737.1630789302017,4.547473508864642e-13,0.0,0.0,0.0,0.0,0.0,0.0,0.0,0.0,4632,6369,1737
2020-06-25T06:00:00,1917.1630789302021,0.0,0.0,0.0,0.0,0.0,0.0,0.0,0.0,0.0,4580,6497,1917
2020-06-25T07:00:00,1530.0,0.0,0.0,0.0,0.0,799.1630789302022,0.0,0.0,0.0,0.0,4528,6857,2329
2020-06-25T08:00:00,2883.163078930202,0.0,0.0,0.0,0.0,0.0,0.0,0.0,0.0,0.0,4528,7411,2883
2020-06-25T09:00:00,3617.163078930202,-9.09494701772928e-14,0.0,0.0,0.0,0.0,0.0,0.0,0.0,0.0,4284,7901,3617
2020-06-25T10:00:00,3936.163078930202,0.0,0.0,0.0,0.0,0.0,0.0,0.0,0.0,0.0,4198,8134,3936
2020-06-25T11:00:00,3887.163078930202,0.0,0.0,0.0,0.0,0.0,0.0,0.0,0.0,0.0,4471,8358,3887
2020-06-25T12:00:00,1530.0,0.0,0.0,0.0,0.0,2678.1630789302026,0.0,0.0,0.0,0.0,4470,8678,4208
2020-06-25T13:00:00,3895.1630789302026,0.0,0.0,0.0,0.0,0.0,0.0,0.0,0.0,0.0,4492,8387,3895
2020-06-25T14:00:00,3743.163078930202,5.3475088901470185e-14,0.0,0.0,0.0,0.0,0.0,0.0,0.0,0.0,4422,8165,3743
2020-06-25T15:00:00,3678.163078930202,0.0,0.0,0.0,0.0,0.0,0.0,0.0,0.0,0.0,4246,7924,3678
2020-06-25T16:00:00,3468.1630789302017,4.547473508864642e-13,0.0,0.0,0.0,0.0,0.0,0.0,0.0,0.0,4266,7734,3468
2020-06-25T17:00:00,3604.1630789302017,4.547473508864642e-13,0.0,0.0,0.0,0.0,0.0,0.0,0.0,0.0,4126,7730,3604
2020-06-25T18:00:00,3911.163078930202,0.0,0.0,0.0,0.0,0.0,0.0,0.0,0.0,0.0,3971,7882,3911
2020-06-25T19:00:00,1530.0,0.0,0.0,0.0,0.0,2211.1630789302017,0.0,0.0,0.0,0.0,4074,7815,3741
2020-06-25T20:00:00,3611.1630789302017,4.547473508864642e-13,0.0,0.0,0.0,0.0,0.0,0.0,0.0,0.0,3854,7465,3611
2020-06-25T21:00:00,3527.1630789302017,4.547473508864642e-13,0.0,0.0,0.0,0.0,0.0,0.0,0.0,0.0,3750,7277,3527
2020-06-25T22:00:00,4176.163078930203,0.0,0.0,0.0,0.0,0.0,0.0,0.0,0.0,0.0,3660,7836,4176
2020-06-25T23:00:00,4410.0,4.547473508864642e-13,0.0,0.0,0.0,6.163078930202488,0.0,0.0,0.0,0.0,3650,8066,4416
2020-06-26T00:00:00,3423.1630789302026,2.2737367544323188e-14,0.0,0.0,0.0,0.0,0.0,0.0,0.0,0.0,4041,7464,3423
2020-06-26T01:00:00,2986.1630789302017,2.728484105318785e-13,0.0,0.0,0.0,0.0,0.0,0.0,0.0,0.0,4060,7046,2986
2020-06-26T02:00:00,2394.1630789302017,2.728484105318785e-13,0.0,0.0,0.0,0.0,0.0,0.0,0.0,0.0,4258,6652,2394
2020-06-26T03:00:00,1889.1630789302021,0.0,0.0,0.0,0.0,0.0,0.0,0.0,0.0,0.0,4335,6224,1889
2020-06-26T04:00:00,1230.0,0.0,0.0,0.0,0.0,0.0,25.83692106979788,0.0,0.0,0.0,4807,6011,1204
2020-06-26T05:00:00,1230.0,0.0,0.0,0.0,0.0,0.0,175.83692106979788,0.0,0.0,0.0,4815,5869,1054
2020-06-26T06:00:00,1230.0,0.0,0.0,0.0,0.0,0.0,152.83692106979782,0.0,0.0,0.0,4747,5824,1077
2020-06-26T07:00:00,1230.0,0.0,0.0,0.0,0.0,276.6191580947357,0.0,43.54392083546651,0.0,0.0,4498,6048,1550
2020-06-26T08:00:00,2287.1630789302017,3.4106051316484814e-14,0.0,0.0,0.0,0.0,0.0,0.0,0.0,0.0,4211,6498,2287
2020-06-26T09:00:00,3106.1630789302017,0.0,0.0,0.0,0.0,0.0,0.0,0.0,0.0,0.0,3897,7003,3106
2020-06-26T10:00:00,3401.163078930202,0.0,0.0,0.0,0.0,0.0,0.0,0.0,0.0,0.0,3963,7364,3401
2020-06-26T11:00:00,3741.163078930202,0.0,0.0,0.0,0.0,0.0,0.0,0.0,0.0,0.0,3915,7656,3741
2020-06-26T12:00:00,4150.163078930203,0.0,0.0,0.0,0.0,0.0,0.0,0.0,0.0,0.0,3855,8005,4150
2020-06-26T13:00:00,3639.163078930202,0.0,0.0,0.0,0.0,0.0,0.0,0.0,0.0,0.0,4008,7647,3639
2020-06-26T14:00:00,3640.163078930202,0.0,0.0,0.0,0.0,0.0,0.0,0.0,0.0,0.0,3705,7345,3640
2020-06-26T15:00:00,3525.163078930202,0.0,0.0,0.0,0.0,0.0,0.0,0.0,0.0,0.0,3552,7077,3525
2020-06-26T16:00:00,3542.1630789302026,0.0,0.0,0.0,0.0,0.0,0.0,0.0,0.0,0.0,3350,6892,3542
2020-06-26T17:00:00,3597.163078930202,2.728484105318785e-13,0.0,0.0,0.0,0.0,0.0,0.0,0.0,0.0,3329,6926,3597
2020-06-26T18:00:00,4023.163078930202,2.728484105318785e-13,0.0,0.0,0.0,0.0,0.0,0.0,0.0,0.0,3200,7223,4023
2020-06-26T19:00:00,4277.163078930203,4.547473508864642e-13,0.0,0.0,0.0,0.0,0.0,0.0,0.0,0.0,3156,7433,4277
2020-06-26T20:00:00,3973.163078930202,1.3642420526593928e-13,0.0,0.0,0.0,0.0,0.0,0.0,0.0,0.0,3346,7319,3973
2020-06-26T21:00:00,1560.0,2.728484105318785e-13,0.0,0.0,0.0,2545.163078930202,0.0,0.0,0.0,0.0,3096,7201,4105
2020-06-26T22:00:00,4615.163078930202,1.1823431123048067e-12,0.0,0.0,0.0,0.0,0.0,0.0,0.0,0.0,3108,7723,4615
2020-06-26T23:00:00,4770.0,1.1823431123048067e-12,0.0,0.0,0.0,6.163078930201396,0.0,0.0,0.0,0.0,3119,7895,4776
2020-06-27T00:00:00,3909.1630789302017,4.547473508864642e-13,0.0,0.0,0.0,0.0,0.0,0.0,0.0,0.0,3383,7292,3909
2020-06-27T01:00:00,3652.1630789302026,0.0,0.0,0.0,0.0,0.0,0.0,0.0,0.0,0.0,3266,6918,3652
2020-06-27T02:00:00,3467.1630789302017,0.0,0.0,0.0,0.0,0.0,0.0,0.0,0.0,0.0,3146,6613,3467
2020-06-27T03:00:00,3417.1630789302017,0.0,0.0,0.0,0.0,0.0,0.0,0.0,0.0,0.0,2887,6304,3417
2020-06-27T04:00:00,3504.1630789302017,4.547473508864642e-13,0.0,0.0,0.0,0.0,0.0,0.0,0.0,0.0,2791,6295,3504
2020-06-27T05:00:00,3577.1630789302017,4.547473508864642e-13,0.0,0.0,0.0,0.0,0.0,0.0,0.0,0.0,3103,6680,3577
2020-06-27T06:00:00,4324.163078930202,9.09494701772928e-14,0.0,0.0,0.0,0.0,0.0,0.0,0.0,0.0,3092,7416,4324
2020-06-27T07:00:00,5102.163078930203,0.0,0.0,0.0,0.0,0.0,0.0,0.0,0.0,0.0,3161,8263,5102
2020-06-27T08:00:00,5580.0,0.0,0.0,0.0,0.0,529.1630789302025,0.0,0.0,0.0,0.0,2751,8860,6109
2020-06-27T09:00:00,5295.163078930203,0.0,0.0,0.0,0.0,0.0,0.0,0.0,0.0,0.0,3938,9233,5295
2020-06-27T10:00:00,5287.163078930203,0.0,0.0,0.0,0.0,0.0,0.0,0.0,0.0,0.0,4133,9420,5287
2020-06-27T11:00:00,5301.163078930203,0.0,0.0,0.0,0.0,0.0,0.0,0.0,0.0,0.0,4319,9620,5301
2020-06-27T12:00:00,5176.163078930203,1.3642420526593928e-13,0.0,0.0,0.0,0.0,0.0,0.0,0.0,0.0,4529,9705,5176
2020-06-27T13:00:00,5346.163078930203,4.547473508864642e-13,0.0,0.0,0.0,0.0,0.0,0.0,0.0,0.0,4203,9549,5346
2020-06-27T14:00:00,5507.163078930203,6.821210263296964e-14,0.0,0.0,0.0,0.0,0.0,0.0,0.0,0.0,3919,9426,5507
2020-06-27T15:00:00,5466.163078930202,2.728484105318785e-13,0.0,0.0,0.0,0.0,0.0,0.0,0.0,0.0,3673,9139,5466
2020-06-27T16:00:00,5259.163078930202,4.547473508864642e-13,0.0,0.0,0.0,0.0,0.0,0.0,0.0,0.0,3637,8896,5259
2020-06-27T17:00:00,5580.0,2.728484105318785e-13,0.0,0.0,0.0,879.1630789302022,0.0,0.0,0.0,0.0,2316,8775,6459
2020-06-27T18:00:00,5580.0,4.547473508864642e-13,0.0,0.0,0.0,1254.1630789302023,0.0,0.0,0.0,0.0,2142,8976,6834
2020-06-27T19:00:00,5580.0,0.0,0.0,0.0,0.0,1291.1630789302023,0.0,0.0,0.0,0.0,2080,8951,6871
2020-06-27T20:00:00,5580.0,4.547473508864642e-13,0.0,0.0,0.0,746.1630789302023,0.0,0.0,0.0,0.0,2037,8363,6326
2020-06-27T21:00:00,4667.163078930203,0.0,0.0,0.0,0.0,0.0,0.0,0.0,0.0,0.0,3317,7984,4667
2020-06-27T22:00:00,4960.163078930203,4.547473508864642e-13,0.0,0.0,0.0,0.0,0.0,0.0,0.0,0.0,3436,8396,4960
2020-06-27T23:00:00,5580.0,4.547473508864642e-13,0.0,0.0,0.0,827.1630789302025,0.0,0.0,0.0,0.0,2111,8518,6407
2020-06-28T00:00:00,4524.163078930203,9.09494701772928e-14,0.0,0.0,0.0,0.0,0.0,0.0,0.0,0.0,3320,7844,4524
2020-06-28T01:00:00,4415.163078930203,4.547473508864642e-13,0.0,0.0,0.0,0.0,0.0,0.0,0.0,0.0,3014,7429,4415
2020-06-28T02:00:00,4781.163078930202,4.547473508864642e-13,0.0,0.0,0.0,0.0,0.0,0.0,0.0,0.0,2348,7129,4781
2020-06-28T03:00:00,1860.0,0.0,0.0,0.0,0.0,2623.1630789302026,0.0,0.0,0.0,0.0,2308,6791,4483
2020-06-28T04:00:00,4591.163078930203,0.0,0.0,0.0,0.0,0.0,0.0,0.0,0.0,0.0,2129,6720,4591
2020-06-28T05:00:00,4488.163078930203,4.547473508864642e-13,0.0,0.0,0.0,0.0,0.0,0.0,0.0,0.0,2526,7014,4488
2020-06-28T06:00:00,4488.163078930202,4.547473508864642e-13,0.0,0.0,0.0,0.0,0.0,0.0,0.0,0.0,3199,7687,4488
2020-06-28T07:00:00,4689.163078930203,0.0,0.0,0.0,0.0,0.0,0.0,0.0,0.0,0.0,3831,8520,4689
2020-06-28T08:00:00,1860.0,4.547473508864642e-13,0.0,0.0,0.0,5131.163078930203,0.0,0.0,0.0,0.0,2068,9059,6991
2020-06-28T09:00:00,5413.163078930203,-9.09494701772928e-14,0.0,0.0,0.0,0.0,0.0,0.0,0.0,0.0,3977,9390,5413
2020-06-28T10:00:00,1860.0,0.0,0.0,0.0,0.0,3286.163078930202,0.0,0.0,0.0,0.0,4372,9518,5146
2020-06-28T11:00:00,5096.163078930203,0.0,0.0,0.0,0.0,0.0,0.0,0.0,0.0,0.0,4583,9679,5096
2020-06-28T12:00:00,4968.163078930203,0.0,0.0,0.0,0.0,0.0,0.0,0.0,0.0,0.0,4751,9719,4968
2020-06-28T13:00:00,5580.0,0.0,0.0,0.0,0.0,1016.1630789302023,0.0,0.0,0.0,0.0,2931,9527,6596
2020-06-28T14:00:00,5019.163078930203,9.09494701772928e-14,0.0,0.0,0.0,0.0,0.0,0.0,0.0,0.0,4380,9399,5019
2020-06-28T15:00:00,5580.0,-4.547473508864642e-13,0.0,0.0,0.0,1124.1630789302028,0.0,0.0,0.0,0.0,2404,9108,6704
2020-06-28T16:00:00,4962.163078930203,4.547473508864642e-13,0.0,0.0,0.0,0.0,0.0,0.0,0.0,0.0,3902,8864,4962
2020-06-28T17:00:00,4836.163078930202,3.1832314562052496e-13,0.0,0.0,0.0,0.0,0.0,0.0,0.0,0.0,3888,8724,4836
2020-06-28T18:00:00,1860.0,4.547473508864642e-13,0.0,0.0,0.0,2915.163078930202,0.0,0.0,0.0,0.0,4144,8919,4775
2020-06-28T19:00:00,1860.0,3.1832314562052496e-13,0.0,0.0,0.0,4525.163078930203,0.0,0.0,0.0,0.0,2503,8888,6385
2020-06-28T20:00:00,5580.0,4.547473508864642e-13,0.0,0.0,0.0,199.1630789302021,0.0,0.0,0.0,0.0,2557,8336,5779
2020-06-28T21:00:00,5401.163078930203,0.0,0.0,0.0,0.0,0.0,0.0,0.0,0.0,0.0,2591,7992,5401
2020-06-28T22:00:00,5580.0,-5.456968210637569e-13,0.0,0.0,0.0,276.16307893020274,0.0,0.0,0.0,0.0,2564,8420,5856
2020-06-28T23:00:00,4356.163078930203,9.09494701772928e-14,0.0,0.0,0.0,0.0,0.0,0.0,0.0,0.0,4197,8553,4356
2020-06-29T00:00:00,5287.1630789302035,0.0,0.0,0.0,0.0,0.0,0.0,0.0,0.0,0.0,2565,7852,5287
2020-06-29T01:00:00,4003.1630789302026,0.0,0.0,0.0,0.0,0.0,0.0,0.0,0.0,0.0,3438,7441,4003
2020-06-29T02:00:00,3978.1630789302026,0.0,0.0,0.0,0.0,0.0,0.0,0.0,0.0,0.0,3165,7143,3978
2020-06-29T03:00:00,1860.0,5.456968210637569e-13,0.0,0.0,0.0,1834.1630789302023,0.0,0.0,0.0,0.0,3113,6807,3694
2020-06-29T04:00:00,3566.1630789302026,0.0,0.0,0.0,0.0,0.0,0.0,0.0,0.0,0.0,3176,6742,3566
2020-06-29T05:00:00,4000.1630789302017,9.094947017729282e-13,0.0,0.0,0.0,0.0,0.0,0.0,0.0,0.0,3045,7045,4000
2020-06-29T06:00:00,4648.1630789302035,-9.094947017729285e-14,0.0,0.0,0.0,0.0,0.0,0.0,0.0,0.0,3081,7729,4648
2020-06-29T07:00:00,4379.1630789302035,-2.728484105318785e-13,0.0,0.0,0.0,0.0,0.0,0.0,0.0,0.0,4189,8568,4379
2020-06-29T08:00:00,4581.1630789302035,0.0,0.0,0.0,0.0,0.0,0.0,0.0,0.0,0.0,4521,9102,4581
2020-06-29T09:00:00,4741.1630789302035,0.0,0.0,0.0,0.0,0.0,0.0,0.0,0.0,0.0,4683,9424,4741
2020-06-29T10:00:00,4578.1630789302035,0.0,0.0,0.0,0.0,0.0,0.0,0.0,0.0,0.0,4959,9537,4578
2020-06-29T11:00:00,4629.1630789302035,0.0,0.0,0.0,0.0,0.0,0.0,0.0,0.0,0.0,5064,9693,4629
2020-06-29T12:00:00,5580.0,0.0,0.0,0.0,0.0,375.16307893020286,0.0,0.0,0.0,0.0,3770,9725,5955
2020-06-29T13:00:00,4766.1630789302035,0.0,0.0,0.0,0.0,0.0,0.0,0.0,0.0,0.0,4764,9530,4766
2020-06-29T14:00:00,4976.1630789302035,0.0,0.0,0.0,0.0,0.0,0.0,0.0,0.0,0.0,4424,9400,4976
2020-06-29T15:00:00,4922.1630789302035,0.0,0.0,0.0,0.0,0.0,0.0,0.0,0.0,0.0,4184,9106,4922
2020-06-29T16:00:00,5580.0,-2.728484105318785e-13,0.0,0.0,0.0,81.16307893020301,0.0,0.0,0.0,0.0,3199,8860,5661
2020-06-29T17:00:00,5504.1630789302035,9.09494701772928e-14,0.0,0.0,0.0,0.0,0.0,0.0,0.0,0.0,3215,8719,5504
2020-06-29T18:00:00,5580.0,0.0,0.0,0.0,0.0,8.163078930203083,0.0,0.0,0.0,0.0,3324,8912,5588
2020-06-29T19:00:00,5543.163078930202,9.094947017729282e-13,0.0,0.0,0.0,0.0,0.0,0.0,0.0,0.0,3325,8868,5543
2020-06-29T20:00:00,4160.1630789302035,0.0,0.0,0.0,0.0,0.0,0.0,0.0,0.0,0.0,4158,8318,4160
2020-06-29T21:00:00,4655.1630789302035,0.0,0.0,0.0,0.0,0.0,0.0,0.0,0.0,0.0,3327,7982,4655
2020-06-29T22:00:00,5236.163078930203,3.637978807091713e-13,0.0,0.0,0.0,0.0,0.0,0.0,0.0,0.0,3176,8412,5236
2020-06-29T23:00:00,5305.163078930203,3.637978807091713e-13,0.0,0.0,0.0,0.0,0.0,0.0,0.0,0.0,3243,8548,5305
2020-06-30T00:00:00,4435.163078930203,6.366462912410497e-13,0.0,0.0,0.0,0.0,0.0,0.0,0.0,0.0,3416,7851,4435
2020-06-30T01:00:00,4128.1630789302035,-5.45696821063757e-13,0.0,0.0,0.0,0.0,0.0,0.0,0.0,0.0,3316,7444,4128
2020-06-30T02:00:00,3915.1630789302026,-2.728484105318785e-13,0.0,0.0,0.0,0.0,0.0,0.0,0.0,0.0,3235,7150,3915
2020-06-30T03:00:00,3622.163078930202,9.09494701772928e-14,0.0,0.0,0.0,0.0,0.0,0.0,0.0,0.0,3195,6817,3622
2020-06-30T04:00:00,3338.163078930202,0.0,0.0,0.0,0.0,0.0,0.0,0.0,0.0,0.0,3419,6757,3338
2020-06-30T05:00:00,3817.1630789302026,-2.728484105318785e-13,0.0,0.0,0.0,0.0,0.0,0.0,0.0,0.0,3249,7066,3817
2020-06-30T06:00:00,4636.163078930203,1.3642420526593928e-13,0.0,0.0,0.0,0.0,0.0,0.0,0.0,0.0,3115,7751,4636
2020-06-30T07:00:00,5131.163078930203,-2.728484105318785e-13,0.0,0.0,0.0,0.0,0.0,0.0,0.0,0.0,3453,8584,5131
2020-06-30T08:00:00,5356.163078930203,0.0,0.0,0.0,0.0,0.0,0.0,0.0,0.0,0.0,3738,9094,5356
2020-06-30T09:00:00,5419.163078930203,-2.2737367544323216e-13,0.0,0.0,0.0,0.0,0.0,0.0,0.0,0.0,3970,9389,5419
2020-06-30T10:00:00,5580.0,0.0,0.0,0.0,0.0,731.1630789302023,0.0,0.0,0.0,0.0,3179,9490,6311
2020-06-30T11:00:00,5408.163078930203,-1.3642420526593928e-13,0.0,0.0,0.0,0.0,0.0,0.0,0.0,0.0,4235,9643,5408
2020-06-30T12:00:00,5580.0,0.0,0.0,0.0,0.0,733.1630789302027,0.0,0.0,0.0,0.0,3367,9680,6313
2020-06-30T13:00:00,5580.0,0.0,0.0,0.0,0.0,460.16307893020263,0.0,0.0,0.0,0.0,3453,9493,6040
2020-06-30T14:00:00,5580.0,4.547473508864642e-13,0.0,0.0,0.0,133.1630789302021,0.0,0.0,0.0,0.0,3663,9376,5713
2020-06-30T15:00:00,5580.0,-2.728484105318785e-13,0.0,0.0,0.0,112.16307893020304,0.0,0.0,0.0,0.0,3405,9097,5692
2020-06-30T16:00:00,5536.163078930203,-1.4210854715202004e-13,0.0,0.0,0.0,0.0,0.0,0.0,0.0,0.0,3327,8863,5536
2020-06-30T17:00:00,5388.1630789302035,-2.728484105318785e-13,0.0,0.0,0.0,0.0,0.0,0.0,0.0,0.0,3342,8730,5388
2020-06-30T18:00:00,1860.0,0.0,0.0,0.0,0.0,5345.163078930203,0.0,0.0,0.0,0.0,1715,8920,7205
2020-06-30T19:00:00,5580.0,0.0,0.0,0.0,0.0,1687.1630789302023,0.0,0.0,0.0,0.0,1594,8861,7267
2020-06-30T20:00:00,5391.163078930203,0.0,0.0,0.0,0.0,0.0,0.0,0.0,0.0,0.0,2923,8314,5391
2020-06-30T21:00:00,5104.163078930203,4.547473508864642e-13,0.0,0.0,0.0,0.0,0.0,0.0,0.0,0.0,2881,7985,5104
2020-06-30T22:00:00,5580.0,6.366462912410497e-13,0.0,0.0,0.0,1342.1630789302023,0.0,0.0,0.0,0.0,1497,8419,6922
2020-06-30T23:00:00,5465.163078930203,6.366462912410497e-13,0.0,0.0,0.0,0.0,0.0,0.0,0.0,0.0,3077,8542,5465
2020-07-01T00:00:00,5161.163078930202,0.0,0.0,0.0,4.547473508864641e-13,0.0,0.0,0.0,0.0,0.0,2684,7845,5161
2020-07-01T01:00:00,4518.823927358624,0.0,0.0,-2.273736754432321e-13,0.0,0.0,0.0,222.33915157157867,0.0,0.0,2681,7422,4741
2020-07-01T02:00:00,1860.0,-9.094947017729285e-14,0.0,0.0,0.0,2505.1630789302026,0.0,0.0,0.0,0.0,2764,7129,4365
2020-07-01T03:00:00,4479.1630789302035,0.0,0.0,0.0,-4.547473508864641e-13,0.0,0.0,0.0,0.0,0.0,2321,6800,4479
2020-07-01T04:00:00,4542.163078930203,1.818989403545857e-13,0.0,0.0,0.0,0.0,0.0,0.0,0.0,0.0,2184,6726,4542
2020-07-01T05:00:00,4587.163078930203,0.0,0.0,0.0,0.0,0.0,0.0,0.0,0.0,0.0,2417,7004,4587
2020-07-01T06:00:00,4780.163078930203,-4.547473508864643e-14,0.0,0.0,0.0,0.0,0.0,0.0,0.0,0.0,2869,7649,4780
2020-07-01T07:00:00,5173.163078930203,-4.547473508864643e-14,0.0,0.0,0.0,0.0,0.0,0.0,0.0,0.0,3290,8463,5173
2020-07-01T08:00:00,5360.163078930203,-4.547473508864643e-14,0.0,0.0,0.0,0.0,0.0,0.0,0.0,0.0,3649,9009,5360
2020-07-01T09:00:00,5430.163078930203,-4.547473508864643e-14,0.0,0.0,0.0,0.0,0.0,0.0,0.0,0.0,3925,9355,5430
2020-07-01T10:00:00,5487.163078930203,-2.728484105318785e-13,0.0,0.0,0.0,0.0,0.0,0.0,0.0,0.0,4022,9509,5487
2020-07-01T11:00:00,5556.1630789302035,-2.728484105318785e-13,0.0,0.0,0.0,0.0,0.0,0.0,0.0,0.0,4090,9646,5556
2020-07-01T12:00:00,5324.1630789302035,-2.728484105318785e-13,0.0,0.0,0.0,0.0,0.0,0.0,0.0,0.0,4383,9707,5324
2020-07-01T13:00:00,4941.163078930203,1.818989403545857e-13,0.0,0.0,0.0,0.0,0.0,0.0,0.0,0.0,4517,9458,4941
2020-07-01T14:00:00,5129.163078930203,1.818989403545857e-13,0.0,0.0,0.0,0.0,0.0,0.0,0.0,0.0,4156,9285,5129
2020-07-01T15:00:00,4998.1630789302035,-2.728484105318785e-13,0.0,0.0,0.0,0.0,0.0,0.0,0.0,0.0,3990,8988,4998
2020-07-01T16:00:00,4598.1630789302035,-2.728484105318785e-13,0.0,0.0,0.0,0.0,0.0,0.0,0.0,0.0,4102,8700,4598
2020-07-01T17:00:00,4651.1630789302035,-2.728484105318785e-13,0.0,0.0,0.0,0.0,0.0,0.0,0.0,0.0,3948,8599,4651
2020-07-01T18:00:00,4585.1630789302035,-2.728484105318785e-13,0.0,0.0,0.0,0.0,0.0,0.0,0.0,0.0,4120,8705,4585
2020-07-01T19:00:00,4602.163078930203,1.818989403545857e-13,0.0,0.0,0.0,0.0,0.0,0.0,0.0,0.0,3965,8567,4602
2020-07-01T20:00:00,4029.163078930202,1.818989403545857e-13,0.0,0.0,0.0,0.0,0.0,0.0,0.0,0.0,4058,8087,4029
2020-07-01T21:00:00,3688.163078930203,0.0,0.0,0.0,0.0,0.0,0.0,0.0,0.0,0.0,4159,7847,3688
2020-07-01T22:00:00,4099.163078930202,0.0,0.0,0.0,0.0,0.0,0.0,0.0,0.0,0.0,4230,8329,4099
2020-07-01T23:00:00,4410.0,0.0,0.0,0.0,0.0,13.163078930202571,0.0,0.0,0.0,0.0,4040,8463,4423
2020-07-02T00:00:00,3532.1630789302017,9.094947017729282e-13,0.0,0.0,0.0,0.0,0.0,0.0,0.0,0.0,4313,7845,3532
2020-07-02T01:00:00,1530.0,1.3642420526593928e-13,0.0,0.0,0.0,1494.163078930202,0.0,0.0,0.0,0.0,4398,7422,3024
2020-07-02T02:00:00,3438.1630789302017,9.094947017729282e-13,0.0,0.0,0.0,0.0,0.0,0.0,0.0,0.0,3691,7129,3438
2020-07-02T03:00:00,2644.163078930202,0.0,0.0,0.0,0.0,0.0,0.0,0.0,0.0,0.0,4156,6800,2644
2020-07-02T04:00:00,2506.1630789302017,5.456968210637569e-13,0.0,0.0,0.0,0.0,0.0,0.0,0.0,0.0,4220,6726,2506
2020-07-02T05:00:00,3054.163078930202,1.3642420526593928e-13,0.0,0.0,0.0,0.0,0.0,0.0,0.0,0.0,3950,7004,3054
2020-07-02T06:00:00,3719.1630789302017,5.456968210637569e-13,0.0,0.0,0.0,0.0,0.0,0.0,0.0,0.0,3930,7649,3719
2020-07-02T07:00:00,4410.0,5.456968210637569e-13,0.0,0.0,0.0,75.16307893020257,0.0,0.0,0.0,0.0,3978,8463,4485
2020-07-02T08:00:00,1530.0,5.456968210637569e-13,0.0,0.0,0.0,3613.163078930202,0.0,0.0,0.0,0.0,3866,9009,5143
2020-07-02T09:00:00,4410.0,5.456968210637569e-13,0.0,0.0,0.0,497.1630789302026,0.0,0.0,0.0,0.0,4448,9355,4907
2020-07-02T10:00:00,4410.0,1.3642420526593928e-13,0.0,0.0,0.0,331.1630789302024,0.0,0.0,0.0,0.0,4768,9509,4741
2020-07-02T11:00:00,1530.0,0.0,0.0,0.0,0.0,3885.163078930203,0.0,0.0,0.0,0.0,4231,9646,5415
2020-07-02T12:00:00,4410.0,0.0,0.0,0.0,0.0,403.16307893020263,0.0,0.0,0.0,0.0,4894,9707,4813
2020-07-02T13:00:00,4410.0,0.0,0.0,0.0,0.0,463.16307893020223,0.0,0.0,0.0,0.0,4585,9458,4873
2020-07-02T14:00:00,4410.0,0.0,0.0,0.0,0.0,393.16307893020274,0.0,0.0,0.0,0.0,4482,9285,4803
2020-07-02T15:00:00,4410.0,1.818989403545857e-13,0.0,0.0,0.0,159.1630789302025,0.0,0.0,0.0,0.0,4419,8988,4569
2020-07-02T16:00:00,4410.0,5.456968210637569e-13,0.0,0.0,0.0,4.163078930202573,0.0,0.0,0.0,0.0,4286,8700,4414
2020-07-02T17:00:00,4410.0,0.0,0.0,0.0,0.0,15.163078930202635,0.0,0.0,0.0,0.0,4174,8599,4425
2020-07-02T18:00:00,4396.163078930203,1.3642420526593928e-13,0.0,0.0,0.0,0.0,0.0,0.0,0.0,0.0,4309,8705,4396
2020-07-02T19:00:00,3696.1630789302017,5.456968210637569e-13,0.0,0.0,0.0,0.0,0.0,0.0,0.0,0.0,4871,8567,3696
2020-07-02T20:00:00,3834.163078930202,0.0,0.0,0.0,0.0,0.0,0.0,0.0,0.0,0.0,4253,8087,3834
2020-07-02T21:00:00,3492.163078930202,1.3642420526593928e-13,0.0,0.0,0.0,0.0,0.0,0.0,0.0,0.0,4355,7847,3492
2020-07-02T22:00:00,3895.1630789302017,0.0,0.0,0.0,0.0,0.0,0.0,0.0,0.0,0.0,4434,8329,3895
2020-07-02T23:00:00,4049.1630789302017,9.094947017729282e-13,0.0,0.0,0.0,0.0,0.0,0.0,0.0,0.0,4414,8463,4049
2020-07-03T00:00:00,3300.1630789302003,1.2732925824820995e-12,0.0,0.0,0.0,0.0,0.0,0.0,0.0,0.0,4463,7763,3300
2020-07-03T01:00:00,2809.1630789302017,5.456968210637569e-13,0.0,0.0,0.0,0.0,0.0,0.0,0.0,0.0,4479,7288,2809
2020-07-03T02:00:00,2479.1630789302017,5.456968210637569e-13,0.0,0.0,0.0,0.0,0.0,0.0,0.0,0.0,4434,6913,2479
2020-07-03T03:00:00,1860.0,6.821210263296964e-14,0.0,0.0,0.0,0.0,89.83692106979781,0.0,0.0,0.0,4716,6486,1770
2020-07-03T04:00:00,1860.0,9.094947017729282e-13,0.0,0.0,0.0,0.0,465.83692106979834,0.0,0.0,0.0,4890,6284,1394
2020-07-03T05:00:00,1860.0,5.456968210637569e-13,0.0,0.0,0.0,0.0,351.83692106979834,0.0,0.0,0.0,4773,6281,1508
2020-07-03T06:00:00,1860.0,5.456968210637569e-13,0.0,0.0,0.0,0.0,168.83692106979834,0.0,0.0,0.0,4714,6405,1691
2020-07-03T07:00:00,2233.1630789302017,2.728484105318784e-13,0.0,0.0,0.0,0.0,0.0,0.0,0.0,0.0,4509,6742,2233
2020-07-03T08:00:00,3041.1630789302026,-3.637978807091713e-13,0.0,0.0,0.0,0.0,0.0,0.0,0.0,0.0,4268,7309,3041
2020-07-03T09:00:00,3986.1630789302026,-4.547473508864642e-13,0.0,0.0,0.0,0.0,0.0,0.0,0.0,0.0,3828,7814,3986
2020-07-03T10:00:00,1530.0,2.2737367544323216e-13,0.0,0.0,0.0,1699.9023157208076,0.0,807.2607632093946,0.0,0.0,3984,8021,4037
2020-07-03T11:00:00,4144.163078930203,2.2737367544323216e-13,0.0,0.0,0.0,0.0,0.0,0.0,0.0,0.0,4085,8229,4144
2020-07-03T12:00:00,4410.0,9.09494701772928e-14,0.0,0.0,0.0,231.16307893020257,0.0,0.0,0.0,0.0,3904,8545,4641
2020-07-03T13:00:00,3642.163078930202,0.0,0.0,0.0,0.0,0.0,0.0,0.0,0.0,0.0,4566,8208,3642
2020-07-03T14:00:00,4255.163078930203,0.0,0.0,0.0,0.0,0.0,0.0,0.0,0.0,0.0,3726,7981,4255
2020-07-03T15:00:00,4061.1630789302017,4.092726157978177e-13,0.0,0.0,0.0,0.0,0.0,0.0,0.0,0.0,3651,7712,4061
2020-07-03T16:00:00,3600.0,2.728484105318784e-13,0.0,0.0,0.0,462.16307893020166,0.0,0.0,0.0,0.0,3476,7538,4062
2020-07-03T17:00:00,3600.0,4.092726157978177e-13,0.0,0.0,0.0,472.16307893020166,0.0,0.0,0.0,0.0,3458,7530,4072
2020-07-03T18:00:00,3600.0,5.456968210637569e-13,0.0,0.0,0.0,774.1630789302026,0.0,0.0,0.0,0.0,3381,7755,4374
2020-07-03T19:00:00,3600.0,2.728484105318785e-13,0.0,0.0,0.0,809.1630789302023,0.0,0.0,0.0,0.0,3344,7753,4409
2020-07-03T20:00:00,3600.0,9.094947017729282e-13,0.0,0.0,0.0,216.1630789302017,0.0,0.0,0.0,0.0,3593,7409,3816
2020-07-03T21:00:00,2929.1630789302017,5.456968210637569e-13,0.0,0.0,0.0,0.0,0.0,0.0,0.0,0.0,4303,7232,2929
2020-07-03T22:00:00,3600.0,1.2732925824820995e-12,0.0,0.0,0.0,73.16307893020166,0.0,0.0,0.0,0.0,4107,7780,3673
2020-07-03T23:00:00,3600.0,1.2732925824820995e-12,0.0,0.0,0.0,391.16307893020166,0.0,0.0,0.0,0.0,4029,8020,3991
2020-07-04T00:00:00,2931.1630789302017,3.637978807091713e-13,0.0,0.0,0.0,0.0,0.0,0.0,0.0,0.0,4470,7401,2931
2020-07-04T01:00:00,2355.163078930202,0.0,0.0,0.0,0.0,0.0,0.0,0.0,0.0,0.0,4616,6971,2355
2020-07-04T02:00:00,1814.1630789302021,0.0,0.0,0.0,0.0,0.0,0.0,0.0,0.0,0.0,4782,6596,1814
2020-07-04T03:00:00,1152.163078930202,0.0,0.0,0.0,0.0,0.0,0.0,0.0,0.0,0.0,5017,6169,1152
2020-07-04T04:00:00,982.1630789302021,0.0,0.0,0.0,0.0,0.0,0.0,0.0,0.0,0.0,4958,5940,982
2020-07-04T05:00:00,765.1630789302028,-5.456968210637569e-13,0.0,0.0,0.0,0.0,0.0,0.0,0.0,0.0,5051,5816,765
2020-07-04T06:00:00,708.1630789302021,0.0,0.0,0.0,0.0,0.0,0.0,0.0,0.0,0.0,5049,5757,708
2020-07-04T07:00:00,1060.1630789302028,-5.456968210637569e-13,0.0,0.0,0.0,0.0,0.0,0.0,0.0,0.0,4928,5988,1060
2020-07-04T08:00:00,1413.163078930202,0.0,0.0,0.0,0.0,0.0,0.0,0.0,0.0,0.0,5038,6451,1413
2020-07-04T09:00:00,1620.0,0.0,0.0,0.0,0.0,114.16307893020203,0.0,0.0,0.0,0.0,5245,6979,1734
2020-07-04T10:00:00,1620.0,0.0,0.0,0.0,0.0,270.1630789302022,0.0,0.0,0.0,0.0,5494,7384,1890
2020-07-04T11:00:00,1620.0,0.0,0.0,0.0,0.0,436.1630789302022,0.0,0.0,0.0,0.0,5673,7729,2056
2020-07-04T12:00:00,1620.0,0.0,0.0,0.0,0.0,833.1630789302021,0.0,0.0,0.0,0.0,5686,8139,2453
2020-07-04T13:00:00,1620.0,0.0,0.0,0.0,0.0,637.1630789302022,0.0,0.0,0.0,0.0,5562,7819,2257
2020-07-04T14:00:00,1620.0,0.0,0.0,0.0,0.0,685.1630789302025,0.0,0.0,0.0,0.0,5272,7577,2305
2020-07-04T15:00:00,1620.0,0.0,0.0,0.0,0.0,865.1630789302021,0.0,0.0,0.0,0.0,4894,7379,2485
2020-07-04T16:00:00,2430.0,0.0,0.0,0.0,0.0,444.1630789302026,0.0,0.0,0.0,0.0,4407,7281,2874
2020-07-04T17:00:00,2430.0,0.0,0.0,0.0,0.0,623.1630789302026,0.0,0.0,0.0,0.0,4299,7352,3053
2020-07-04T18:00:00,2430.0,0.0,0.0,0.0,0.0,1133.1630789302017,0.0,0.0,0.0,0.0,4021,7584,3563
2020-07-04T19:00:00,2430.0,-5.456968210637569e-13,0.0,0.0,0.0,1365.1630789302026,0.0,0.0,0.0,0.0,3975,7770,3795
2020-07-04T20:00:00,2430.0,5.456968210637569e-13,0.0,0.0,0.0,670.1630789302012,0.0,0.0,0.0,0.0,4564,7664,3100
2020-07-04T21:00:00,2430.0,0.0,0.0,0.0,0.0,766.1630789302021,0.0,0.0,0.0,0.0,4348,7544,3196
2020-07-04T22:00:00,2430.0,-3.637978807091713e-13,0.0,0.0,0.0,1074.163078930203,0.0,0.0,0.0,0.0,4570,8074,3504
2020-07-04T23:00:00,900.0,3.637978807091713e-13,0.0,0.0,0.0,2874.163078930201,0.0,0.0,0.0,0.0,4404,8178,3774
2020-07-05T00:00:00,2430.0,4.547473508864642e-13,0.0,0.0,0.0,509.1630789302026,0.0,0.0,0.0,0.0,4566,7505,2939
2020-07-05T01:00:00,900.0,0.0,0.0,0.0,0.0,1587.1630789302023,0.0,0.0,0.0,0.0,4623,7110,2487
2020-07-05T02:00:00,1975.1630789302021,0.0,0.0,0.0,0.0,0.0,0.0,0.0,0.0,0.0,4809,6784,1975
2020-07-05T03:00:00,1453.1630789302021,0.0,0.0,0.0,0.0,0.0,0.0,0.0,0.0,0.0,4988,6441,1453
2020-07-05T04:00:00,1521.1630789302021,0.0,0.0,0.0,0.0,0.0,0.0,0.0,0.0,0.0,4912,6433,1521
2020-07-05T05:00:00,1964.1630789302021,0.0,0.0,0.0,0.0,0.0,0.0,0.0,0.0,0.0,4827,6791,1964
2020-07-05T06:00:00,2806.1630789302026,0.0,0.0,0.0,0.0,0.0,0.0,0.0,0.0,0.0,4675,7481,2806
2020-07-05T07:00:00,3688.1630789302026,0.0,0.0,0.0,0.0,0.0,0.0,0.0,0.0,0.0,4677,8365,3688
2020-07-05T08:00:00,3960.1630789302026,0.0,0.0,0.0,0.0,0.0,0.0,0.0,0.0,0.0,5005,8965,3960
2020-07-05T09:00:00,3717.1630789302026,0.0,0.0,0.0,0.0,0.0,0.0,0.0,0.0,0.0,5677,9394,3717
2020-07-05T10:00:00,1860.0,0.0,0.0,0.0,0.0,2659.1630789302026,0.0,0.0,0.0,0.0,5126,9645,4519
2020-07-05T11:00:00,4658.163078930203,0.0,0.0,0.0,0.0,0.0,0.0,0.0,0.0,0.0,5208,9866,4658
2020-07-05T12:00:00,4422.163078930203,0.0,0.0,0.0,0.0,0.0,0.0,0.0,0.0,0.0,5607,10029,4422
2020-07-05T13:00:00,3918.163078930202,0.0,0.0,0.0,0.0,0.0,0.0,0.0,0.0,0.0,6017,9935,3918
2020-07-05T14:00:00,4144.163078930203,4.547473508864642e-13,0.0,0.0,0.0,0.0,0.0,0.0,0.0,0.0,5771,9915,4144
2020-07-05T15:00:00,4226.163078930203,4.547473508864642e-13,0.0,0.0,0.0,0.0,0.0,0.0,0.0,0.0,5449,9675,4226
2020-07-05T16:00:00,4544.163078930203,4.547473508864642e-13,0.0,0.0,0.0,0.0,0.0,0.0,0.0,0.0,4912,9456,4544
2020-07-05T17:00:00,4294.163078930203,4.547473508864642e-13,0.0,0.0,0.0,0.0,0.0,0.0,0.0,0.0,5010,9304,4294
2020-07-05T18:00:00,1860.0,4.547473508864642e-13,0.0,0.0,0.0,2125.1630789302017,0.0,0.0,0.0,0.0,5371,9356,3985
2020-07-05T19:00:00,4115.163078930203,4.547473508864642e-13,0.0,0.0,0.0,0.0,0.0,0.0,0.0,0.0,5112,9227,4115
2020-07-05T20:00:00,4116.163078930203,4.547473508864642e-13,0.0,0.0,0.0,0.0,0.0,0.0,0.0,0.0,4569,8685,4116
2020-07-05T21:00:00,3553.1630789302017,4.547473508864642e-13,0.0,0.0,0.0,0.0,0.0,0.0,0.0,0.0,4812,8365,3553
2020-07-05T22:00:00,4835.1630789302035,-5.456968210637568e-13,0.0,0.0,0.0,0.0,0.0,0.0,0.0,0.0,3974,8809,4835
2020-07-05T23:00:00,4712.163078930203,4.547473508864642e-13,0.0,0.0,0.0,0.0,0.0,0.0,0.0,0.0,4120,8832,4712
2020-07-06T00:00:00,4581.163078930203,-9.09494701772928e-14,0.0,0.0,0.0,0.0,0.0,0.0,0.0,0.0,3505,8086,4581
2020-07-06T01:00:00,4376.163078930202,1.3642420526593928e-13,0.0,0.0,0.0,0.0,0.0,0.0,0.0,0.0,3268,7644,4376
2020-07-06T02:00:00,4439.163078930203,-9.09494701772928e-14,0.0,0.0,0.0,0.0,0.0,0.0,0.0,0.0,2882,7321,4439
2020-07-06T03:00:00,4223.163078930203,-9.09494701772928e-14,0.0,0.0,0.0,0.0,0.0,0.0,0.0,0.0,2725,6948,4223
2020-07-06T04:00:00,2725.163078930202,4.547473508864642e-13,0.0,0.0,0.0,0.0,0.0,0.0,0.0,0.0,4136,6861,2725
2020-07-06T05:00:00,4153.163078930203,-9.09494701772928e-14,0.0,0.0,0.0,0.0,0.0,0.0,0.0,0.0,2975,7128,4153
2020-07-06T06:00:00,4007.1630789302017,4.547473508864643e-14,0.0,0.0,0.0,0.0,0.0,0.0,0.0,0.0,3726,7733,4007
2020-07-06T07:00:00,4962.1630789302035,-5.45696821063757e-13,0.0,0.0,0.0,0.0,0.0,0.0,0.0,0.0,3591,8553,4962
2020-07-06T08:00:00,5580.0,-9.09494701772928e-14,0.0,0.0,0.0,70.16307893020249,0.0,0.0,0.0,0.0,3518,9168,5650
2020-07-06T09:00:00,4770.0,4.547473508864643e-14,0.0,0.0,0.0,1102.163078930202,0.0,0.0,0.0,0.0,3703,9575,5872
2020-07-06T10:00:00,4770.0,-9.09494701772928e-14,0.0,0.0,0.0,1081.1630789302023,0.0,0.0,0.0,0.0,3955,9806,5851
2020-07-06T11:00:00,4770.0,0.0,0.0,0.0,0.0,946.1630789302022,0.0,0.0,0.0,0.0,4321,10037,5716
2020-07-06T12:00:00,4770.0,4.547473508864643e-14,0.0,0.0,0.0,749.1630789302022,0.0,0.0,0.0,0.0,4630,10149,5519
2020-07-06T13:00:00,4770.0,0.0,0.0,0.0,0.0,424.1630789302022,0.0,0.0,0.0,0.0,4848,10042,5194
2020-07-06T14:00:00,4770.0,-9.09494701772928e-14,0.0,0.0,0.0,281.1630789302025,0.0,0.0,0.0,0.0,4996,10047,5051
2020-07-06T15:00:00,1560.0,-9.09494701772928e-14,0.0,0.0,0.0,3392.163078930202,0.0,0.0,0.0,0.0,4890,9842,4952
2020-07-06T16:00:00,4770.0,0.0,0.0,0.0,0.0,76.16307893020262,0.0,0.0,0.0,0.0,4802,9648,4846
2020-07-06T17:00:00,4192.163078930203,-9.09494701772928e-14,0.0,0.0,0.0,0.0,0.0,0.0,0.0,0.0,5318,9510,4192
2020-07-06T18:00:00,3799.1630789302017,0.0,0.0,0.0,0.0,0.0,0.0,0.0,0.0,0.0,5751,9550,3799
2020-07-06T19:00:00,3600.0,0.0,0.0,0.0,0.0,179.16307893020183,0.0,0.0,0.0,0.0,5625,9404,3779
2020-07-06T20:00:00,2790.0,0.0,0.0,0.0,0.0,690.1630789302018,0.0,0.0,0.0,0.0,5351,8831,3480
2020-07-06T21:00:00,2790.0,0.0,0.0,0.0,0.0,354.16307893020206,0.0,0.0,0.0,0.0,5346,8490,3144
2020-07-06T22:00:00,2330.1630789302026,-9.09494701772928e-14,0.0,0.0,0.0,0.0,0.0,0.0,0.0,0.0,6622,8952,2330
2020-07-06T23:00:00,2150.1630789302026,-9.09494701772928e-14,0.0,0.0,0.0,0.0,0.0,0.0,0.0,0.0,6810,8960,2150
2020-07-07T00:00:00,2790.0,9.09494701772928e-14,0.0,0.0,0.0,70.16307893020269,0.0,0.0,0.0,0.0,5287,8147,2860
2020-07-07T01:00:00,2291.163078930202,2.728484105318785e-13,0.0,0.0,0.0,0.0,0.0,0.0,0.0,0.0,5421,7712,2291
2020-07-07T02:00:00,1919.1630789302017,4.547473508864642e-13,0.0,0.0,0.0,0.0,0.0,0.0,0.0,0.0,5479,7398,1919
2020-07-07T03:00:00,1346.1630789302021,9.09494701772928e-14,0.0,0.0,0.0,0.0,0.0,0.0,0.0,0.0,5692,7038,1346
2020-07-07T04:00:00,1192.1630789302017,4.547473508864642e-13,0.0,0.0,0.0,0.0,0.0,0.0,0.0,0.0,5774,6966,1192
2020-07-07T05:00:00,1493.1630789302017,2.728484105318785e-13,0.0,0.0,0.0,0.0,0.0,0.0,0.0,0.0,5742,7235,1493
2020-07-07T06:00:00,2184.163078930202,0.0,0.0,0.0,0.0,0.0,0.0,0.0,0.0,0.0,5654,7838,2184
2020-07-07T07:00:00,2790.0,0.0,0.0,0.0,0.0,371.16307893020223,0.0,0.0,0.0,0.0,5518,8679,3161
2020-07-07T08:00:00,2790.0,0.0,0.0,0.0,0.0,1052.163078930202,0.0,0.0,0.0,0.0,5451,9293,3842
2020-07-07T09:00:00,3600.0,0.0,0.0,0.0,0.0,530.1630789302026,0.0,0.0,0.0,0.0,5574,9704,4130
2020-07-07T10:00:00,3481.163078930202,0.0,0.0,0.0,0.0,0.0,0.0,0.0,0.0,0.0,6443,9924,3481
2020-07-07T11:00:00,3600.0,0.0,0.0,0.0,0.0,713.1630789302025,0.0,0.0,0.0,0.0,5805,10118,4313
2020-07-07T12:00:00,3600.0,4.547473508864642e-13,0.0,0.0,0.0,567.1630789302019,0.0,0.0,0.0,0.0,6009,10176,4167
2020-07-07T13:00:00,3600.0,0.0,0.0,0.0,0.0,529.1630789302025,0.0,0.0,0.0,0.0,5877,10006,4129
2020-07-07T14:00:00,3600.0,4.547473508864642e-13,0.0,0.0,0.0,511.1630789302026,0.0,0.0,0.0,0.0,5815,9926,4111
2020-07-07T15:00:00,3600.0,4.547473508864642e-13,0.0,0.0,0.0,341.16307893020166,0.0,0.0,0.0,0.0,5692,9633,3941
2020-07-07T16:00:00,3600.0,4.547473508864642e-13,0.0,0.0,0.0,332.16307893020166,0.0,0.0,0.0,0.0,5428,9360,3932
2020-07-07T17:00:00,3600.0,4.547473508864642e-13,0.0,0.0,0.0,227.1630789302017,0.0,0.0,0.0,0.0,5340,9167,3827
2020-07-07T18:00:00,3600.0,4.547473508864642e-13,0.0,0.0,0.0,353.16307893020166,0.0,0.0,0.0,0.0,5271,9224,3953
2020-07-07T19:00:00,4117.163078930203,3.4106051316484814e-14,0.0,0.0,0.0,0.0,0.0,0.0,0.0,0.0,4981,9098,4117
2020-07-07T20:00:00,3440.1630789302017,4.547473508864642e-13,0.0,0.0,0.0,0.0,0.0,0.0,0.0,0.0,5088,8528,3440
2020-07-07T21:00:00,4512.163078930203,4.547473508864642e-13,0.0,0.0,0.0,0.0,0.0,0.0,0.0,0.0,3654,8166,4512
2020-07-07T22:00:00,5387.163078930203,9.09494701772928e-14,0.0,0.0,0.0,0.0,0.0,0.0,0.0,0.0,3213,8600,5387
2020-07-07T23:00:00,5349.163078930203,9.09494701772928e-14,0.0,0.0,0.0,0.0,0.0,0.0,0.0,0.0,3326,8675,5349
2020-07-08T00:00:00,1860.0,-3.637978807091713e-13,0.0,0.0,4.547473508864641e-13,3104.1630789302026,0.0,0.0,0.0,0.0,2966,7930,4964
2020-07-08T01:00:00,4673.1630789302035,-3.637978807091713e-13,0.0,-4.547473508864641e-13,0.0,0.0,0.0,0.0,0.0,0.0,2823,7496,4673
2020-07-08T02:00:00,4674.163078930203,1.818989403545857e-13,0.0,0.0,0.0,0.0,0.0,0.0,0.0,0.0,2506,7180,4674
2020-07-08T03:00:00,4522.163078930202,0.0,0.0,0.0,4.547473508864641e-13,0.0,0.0,0.0,0.0,0.0,2288,6810,4522
2020-07-08T04:00:00,4648.163078930203,8.185452315956354e-13,0.0,0.0,0.0,0.0,0.0,0.0,0.0,0.0,2079,6727,4648
2020-07-08T05:00:00,5079.163078930202,2.728484105318785e-13,0.0,0.0,0.0,0.0,0.0,0.0,0.0,0.0,1931,7010,5079
2020-07-08T06:00:00,5580.0,2.728484105318785e-13,0.0,0.0,0.0,92.16307893020256,0.0,0.0,0.0,0.0,1957,7629,5672
2020-07-08T07:00:00,5580.0,0.0,0.0,0.0,0.0,770.163078930203,0.0,0.0,0.0,0.0,2084,8434,6350
2020-07-08T08:00:00,5580.0,8.185452315956354e-13,0.0,0.0,0.0,532.1630789302021,0.0,0.0,0.0,0.0,2930,9042,6112
2020-07-08T09:00:00,5580.0,2.728484105318785e-13,0.0,0.0,0.0,1300.1630789302028,0.0,0.0,0.0,0.0,2535,9415,6880
2020-07-08T10:00:00,5580.0,9.09494701772928e-14,0.0,0.0,0.0,235.16307893020297,0.0,0.0,0.0,0.0,3779,9594,5815
2020-07-08T11:00:00,5580.0,0.0,0.0,0.0,0.0,993.1630789302028,0.0,0.0,0.0,0.0,3199,9772,6573
2020-07-08T12:00:00,5580.0,0.0,0.0,0.0,0.0,859.163078930203,0.0,0.0,0.0,0.0,3387,9826,6439
2020-07-08T13:00:00,5580.0,9.09494701772928e-14,0.0,0.0,0.0,176.1630789302027,0.0,0.0,0.0,0.0,3890,9646,5756
2020-07-08T14:00:00,5580.0,2.728484105318785e-13,0.0,0.0,0.0,376.1630789302026,0.0,0.0,0.0,0.0,3571,9527,5956
2020-07-08T15:00:00,5580.0,-9.094947017729285e-14,0.0,0.0,0.0,268.1630789302031,0.0,0.0,0.0,0.0,3375,9223,5848
2020-07-08T16:00:00,5580.0,2.728484105318785e-13,0.0,0.0,0.0,75.16307893020257,0.0,0.0,0.0,0.0,3307,8962,5655
2020-07-08T17:00:00,5329.1630789302035,0.0,0.0,0.0,0.0,0.0,0.0,0.0,0.0,0.0,3476,8805,5329
2020-07-08T18:00:00,4683.163078930202,2.728484105318785e-13,0.0,0.0,0.0,0.0,0.0,0.0,0.0,0.0,4268,8951,4683
2020-07-08T19:00:00,4659.163078930202,2.728484105318785e-13,0.0,0.0,0.0,0.0,0.0,0.0,0.0,0.0,4239,8898,4659
2020-07-08T20:00:00,4653.163078930202,2.728484105318785e-13,0.0,0.0,0.0,0.0,0.0,0.0,0.0,0.0,3701,8354,4653
2020-07-08T21:00:00,4458.163078930202,2.728484105318785e-13,0.0,0.0,0.0,0.0,0.0,0.0,0.0,0.0,3541,7999,4458
2020-07-08T22:00:00,4952.163078930202,4.547473508864642e-13,0.0,0.0,0.0,0.0,0.0,0.0,0.0,0.0,3482,8434,4952
2020-07-08T23:00:00,5079.163078930202,4.547473508864642e-13,0.0,0.0,0.0,0.0,0.0,0.0,0.0,0.0,3476,8555,5079
2020-07-09T00:00:00,4875.163078930202,4.547473508864642e-13,0.0,0.0,0.0,0.0,0.0,0.0,0.0,0.0,3063,7938,4875
2020-07-09T01:00:00,4533.163078930202,2.728484105318785e-13,0.0,0.0,0.0,0.0,0.0,0.0,0.0,0.0,2974,7507,4533
2020-07-09T02:00:00,4248.163078930202,0.0,0.0,0.0,0.0,0.0,0.0,0.0,0.0,0.0,2943,7191,4248
2020-07-09T03:00:00,3834.1630789302017,2.728484105318785e-13,0.0,0.0,0.0,0.0,0.0,0.0,0.0,0.0,2985,6819,3834
2020-07-09T04:00:00,3802.1630789302017,0.0,0.0,0.0,0.0,0.0,0.0,0.0,0.0,0.0,2930,6732,3802
2020-07-09T05:00:00,4055.1630789302017,0.0,0.0,0.0,0.0,0.0,0.0,0.0,0.0,0.0,2989,7044,4055
2020-07-09T06:00:00,4771.163078930202,4.547473508864642e-13,0.0,0.0,0.0,0.0,0.0,0.0,0.0,0.0,2884,7655,4771
2020-07-09T07:00:00,5580.0,0.0,0.0,0.0,0.0,128.16307893020266,0.0,0.0,0.0,0.0,2724,8432,5708
2020-07-09T08:00:00,5580.0,2.728484105318785e-13,0.0,0.0,0.0,594.1630789302023,0.0,0.0,0.0,0.0,2851,9025,6174
2020-07-09T09:00:00,5580.0,-4.547473508864642e-13,0.0,0.0,0.0,948.163078930203,0.0,0.0,0.0,0.0,2865,9393,6528
2020-07-09T10:00:00,5580.0,0.0,0.0,0.0,0.0,602.1630789302027,0.0,0.0,0.0,0.0,3359,9541,6182
2020-07-09T11:00:00,5580.0,0.0,0.0,0.0,0.0,253.16307893020263,0.0,0.0,0.0,0.0,3838,9671,5833
2020-07-09T12:00:00,5386.163078930203,0.0,0.0,0.0,0.0,0.0,0.0,0.0,0.0,0.0,4339,9725,5386
2020-07-09T13:00:00,4856.163078930203,0.0,0.0,0.0,0.0,0.0,0.0,0.0,0.0,0.0,4632,9488,4856
2020-07-09T14:00:00,4706.163078930202,0.0,0.0,0.0,0.0,0.0,0.0,0.0,0.0,0.0,4604,9310,4706
2020-07-09T15:00:00,4477.163078930202,2.728484105318785e-13,0.0,0.0,0.0,0.0,0.0,0.0,0.0,0.0,4499,8976,4477
2020-07-09T16:00:00,4275.163078930203,-9.09494701772928e-14,0.0,0.0,0.0,0.0,0.0,0.0,0.0,0.0,4409,8684,4275
2020-07-09T17:00:00,1860.0,2.728484105318785e-13,0.0,0.0,0.0,2218.1630789302017,0.0,0.0,0.0,0.0,4492,8570,4078
2020-07-09T18:00:00,3988.1630789302017,6.821210263296964e-14,0.0,0.0,0.0,0.0,0.0,0.0,0.0,0.0,4690,8678,3988
2020-07-09T19:00:00,3793.1630789302017,4.547473508864642e-13,0.0,0.0,0.0,0.0,0.0,0.0,0.0,0.0,4726,8519,3793
2020-07-09T20:00:00,3274.1630789302017,4.547473508864642e-13,0.0,0.0,0.0,0.0,0.0,0.0,0.0,0.0,4785,8059,3274
2020-07-09T21:00:00,3247.163078930202,-4.547473508864642e-13,0.0,0.0,0.0,0.0,0.0,0.0,0.0,0.0,4531,7778,3247
2020-07-09T22:00:00,3692.1630789302026,-5.456968210637568e-13,0.0,0.0,0.0,0.0,0.0,0.0,0.0,0.0,4590,8282,3692
2020-07-09T23:00:00,3886.1630789302017,4.547473508864642e-13,0.0,0.0,0.0,0.0,0.0,0.0,0.0,0.0,4545,8431,3886
2020-07-10T00:00:00,3426.1630789302017,9.09494701772928e-14,0.0,0.0,0.0,0.0,0.0,0.0,0.0,0.0,4355,7781,3426
2020-07-10T01:00:00,2952.1630789302017,4.547473508864642e-13,0.0,0.0,0.0,0.0,0.0,0.0,0.0,0.0,4351,7303,2952
2020-07-10T02:00:00,2484.1630789302026,2.728484105318785e-13,0.0,0.0,0.0,0.0,0.0,0.0,0.0,0.0,4436,6920,2484
2020-07-10T03:00:00,1764.1630789302017,4.547473508864642e-13,0.0,0.0,0.0,0.0,0.0,0.0,0.0,0.0,4713,6477,1764
2020-07-10T04:00:00,1425.1630789302017,4.547473508864642e-13,0.0,0.0,0.0,0.0,0.0,0.0,0.0,0.0,4849,6274,1425
2020-07-10T05:00:00,1437.1630789302014,4.547473508864642e-13,0.0,0.0,0.0,0.0,0.0,0.0,0.0,0.0,4844,6281,1437
2020-07-10T06:00:00,630.0,0.0,0.0,0.0,0.0,815.1630789302021,0.0,0.0,0.0,0.0,4959,6404,1445
2020-07-10T07:00:00,1580.1630789302017,2.728484105318785e-13,0.0,0.0,0.0,0.0,0.0,0.0,0.0,0.0,5144,6724,1580
2020-07-10T08:00:00,1980.0,0.0,0.0,0.0,0.0,52.16307893020199,0.0,0.0,0.0,0.0,5259,7291,2032
2020-07-10T09:00:00,1980.0,9.09494701772928e-14,0.0,0.0,0.0,344.16307893020183,0.0,0.0,0.0,0.0,5471,7795,2324
2020-07-10T10:00:00,1980.0,0.0,0.0,0.0,0.0,313.1630789302021,0.0,0.0,0.0,0.0,5722,8015,2293
2020-07-10T11:00:00,1980.0,0.0,0.0,0.0,0.0,203.163078930202,0.0,0.0,0.0,0.0,5984,8167,2183
2020-07-10T12:00:00,1980.0,0.0,0.0,0.0,0.0,223.163078930202,0.0,0.0,0.0,0.0,6221,8424,2203
2020-07-10T13:00:00,1814.1630789302021,0.0,0.0,0.0,0.0,0.0,0.0,0.0,0.0,0.0,6250,8064,1814
2020-07-10T14:00:00,1513.163078930202,9.09494701772928e-14,0.0,0.0,0.0,0.0,0.0,0.0,0.0,0.0,6256,7769,1513
2020-07-10T15:00:00,1570.1630789302021,0.0,0.0,0.0,0.0,0.0,0.0,0.0,0.0,0.0,5880,7450,1570
2020-07-10T16:00:00,1617.1630789302021,0.0,0.0,0.0,0.0,0.0,0.0,0.0,0.0,0.0,5619,7236,1617
2020-07-10T17:00:00,1802.1630789302021,0.0,0.0,0.0,0.0,0.0,0.0,0.0,0.0,0.0,5378,7180,1802
2020-07-10T18:00:00,1980.0,0.0,0.0,0.0,0.0,92.163078930202,0.0,0.0,0.0,0.0,5324,7396,2072
2020-07-10T19:00:00,2247.1630789302017,4.547473508864642e-13,0.0,0.0,0.0,0.0,0.0,0.0,0.0,0.0,5167,7414,2247
2020-07-10T20:00:00,2161.163078930202,-1.818989403545857e-13,0.0,0.0,0.0,0.0,0.0,0.0,0.0,0.0,4971,7132,2161
2020-07-10T21:00:00,2343.1630789302017,4.547473508864642e-13,0.0,0.0,0.0,0.0,0.0,0.0,0.0,0.0,4669,7012,2343
2020-07-10T22:00:00,3317.1630789302017,4.547473508864642e-13,0.0,0.0,0.0,0.0,0.0,0.0,0.0,0.0,4349,7666,3317
2020-07-10T23:00:00,3600.0,9.09494701772928e-14,0.0,0.0,0.0,106.16307893020166,0.0,0.0,0.0,0.0,4226,7932,3706
2020-07-11T00:00:00,3170.1630789302026,0.0,0.0,0.0,0.0,0.0,0.0,0.0,0.0,0.0,4171,7341,3170
2020-07-11T01:00:00,2614.163078930202,0.0,0.0,0.0,0.0,0.0,0.0,0.0,0.0,0.0,4300,6914,2614
2020-07-11T02:00:00,2340.1630789302017,5.456968210637569e-13,0.0,0.0,0.0,0.0,0.0,0.0,0.0,0.0,4186,6526,2340
2020-07-11T03:00:00,900.0,0.0,0.0,0.0,0.0,967.1630789302026,0.0,0.0,0.0,0.0,4217,6084,1867
2020-07-11T04:00:00,1675.1630789302021,0.0,0.0,0.0,0.0,0.0,0.0,0.0,0.0,0.0,4186,5861,1675
2020-07-11T05:00:00,1388.1630789302023,0.0,0.0,0.0,0.0,0.0,0.0,0.0,0.0,0.0,4380,5768,1388
2020-07-11T06:00:00,1279.163078930202,5.456968210637569e-13,0.0,0.0,0.0,0.0,0.0,0.0,0.0,0.0,4444,5723,1279
2020-07-11T07:00:00,1308.1630789302023,0.0,0.0,0.0,0.0,0.0,0.0,0.0,0.0,0.0,4580,5888,1308
2020-07-11T08:00:00,1768.1630789302021,1.3642420526593928e-13,0.0,0.0,0.0,0.0,0.0,0.0,0.0,0.0,4574,6342,1768
2020-07-11T09:00:00,900.0,-5.456968210637569e-13,0.0,0.0,0.0,1116.1630789302023,0.0,0.0,0.0,0.0,4805,6821,2016
2020-07-11T10:00:00,2333.163078930202,0.0,0.0,0.0,0.0,0.0,0.0,0.0,0.0,0.0,4796,7129,2333
2020-07-11T11:00:00,2430.0,0.0,0.0,0.0,0.0,83.16307893020208,0.0,0.0,0.0,0.0,4879,7392,2513
2020-07-11T12:00:00,1200.0,0.0,0.0,0.0,0.0,1583.163078930202,0.0,0.0,0.0,0.0,4936,7719,2783
2020-07-11T13:00:00,2384.163078930202,7.887024366937113e-14,0.0,0.0,0.0,0.0,0.0,0.0,0.0,0.0,4957,7341,2384
2020-07-11T14:00:00,1200.0,0.0,0.0,0.0,0.0,932.1630789302026,0.0,0.0,0.0,0.0,4854,6986,2132
2020-07-11T15:00:00,2281.1630789302026,0.0,0.0,0.0,0.0,0.0,0.0,0.0,0.0,0.0,4396,6677,2281
2020-07-11T16:00:00,2281.163078930202,0.0,0.0,0.0,0.0,0.0,0.0,0.0,0.0,0.0,4219,6500,2281
2020-07-11T17:00:00,2070.1630789302017,3.637978807091713e-13,0.0,0.0,0.0,0.0,0.0,0.0,0.0,0.0,4442,6512,2070
2020-07-11T18:00:00,2114.1630789302026,0.0,0.0,0.0,0.0,0.0,0.0,0.0,0.0,0.0,4713,6827,2114
2020-07-11T19:00:00,2472.163078930202,0.0,0.0,0.0,0.0,0.0,0.0,0.0,0.0,0.0,4645,7117,2472
2020-07-11T20:00:00,1530.0,0.0,0.0,0.0,0.0,1931.163078930202,0.0,0.0,0.0,0.0,3633,7094,3461
2020-07-11T21:00:00,3679.1630789302017,5.456968210637569e-13,0.0,0.0,0.0,0.0,0.0,0.0,0.0,0.0,3392,7071,3679
2020-07-11T22:00:00,4110.163078930202,7.275957614183426e-13,0.0,0.0,0.0,0.0,0.0,0.0,0.0,0.0,3580,7690,4110
2020-07-11T23:00:00,4292.163078930203,0.0,0.0,0.0,0.0,0.0,0.0,0.0,0.0,0.0,3597,7889,4292
2020-07-12T00:00:00,3303.1630789302017,9.094947017729282e-13,0.0,0.0,0.0,0.0,0.0,0.0,0.0,0.0,3942,7245,3303
2020-07-12T01:00:00,1530.0,-1.818989403545857e-13,0.0,0.0,0.0,1366.1630789302028,0.0,0.0,0.0,0.0,3944,6840,2896
2020-07-12T02:00:00,2580.1630789302017,0.0,0.0,0.0,0.0,0.0,0.0,0.0,0.0,0.0,3955,6535,2580
2020-07-12T03:00:00,2236.1630789302026,-1.818989403545857e-13,0.0,0.0,0.0,0.0,0.0,0.0,0.0,0.0,3973,6209,2236
2020-07-12T04:00:00,2121.1630789302017,5.456968210637569e-13,0.0,0.0,0.0,0.0,0.0,0.0,0.0,0.0,4097,6218,2121
2020-07-12T05:00:00,2588.163078930202,4.547473508864643e-14,0.0,0.0,0.0,0.0,0.0,0.0,0.0,0.0,4036,6624,2588
2020-07-12T06:00:00,3347.163078930201,9.094947017729282e-13,0.0,0.0,0.0,0.0,0.0,0.0,0.0,0.0,3941,7288,3347
2020-07-12T07:00:00,3452.1630789302017,2.2737367544323216e-13,0.0,0.0,0.0,0.0,0.0,0.0,0.0,0.0,4612,8064,3452
2020-07-12T08:00:00,1860.0,-1.818989403545857e-13,0.0,0.0,0.0,3758.163078930203,0.0,0.0,0.0,0.0,3143,8761,5618
2020-07-12T09:00:00,4536.163078930203,4.547473508864643e-14,0.0,0.0,0.0,0.0,0.0,0.0,0.0,0.0,4650,9186,4536
2020-07-12T10:00:00,4812.163078930203,4.547473508864643e-14,0.0,0.0,0.0,0.0,0.0,0.0,0.0,0.0,4612,9424,4812
2020-07-12T11:00:00,5580.0,4.547473508864643e-14,0.0,0.0,0.0,1150.1630789302028,0.0,0.0,0.0,0.0,2893,9623,6730
2020-07-12T12:00:00,5047.1630789302035,-5.456968210637569e-13,0.0,0.0,0.0,0.0,0.0,0.0,0.0,0.0,4667,9714,5047
2020-07-12T13:00:00,5580.0,0.0,0.0,0.0,0.0,1112.1630789302028,0.0,0.0,0.0,0.0,2912,9604,6692
2020-07-12T14:00:00,5580.0,-1.818989403545857e-13,0.0,0.0,0.0,1171.1630789302033,0.0,0.0,0.0,0.0,2769,9520,6751
2020-07-12T15:00:00,4948.163078930203,2.2737367544323216e-13,0.0,0.0,0.0,0.0,0.0,0.0,0.0,0.0,4310,9258,4948
2020-07-12T16:00:00,5118.163078930202,9.094947017729282e-13,0.0,0.0,0.0,0.0,0.0,0.0,0.0,0.0,3892,9010,5118
2020-07-12T17:00:00,5037.163078930203,4.547473508864643e-14,0.0,0.0,0.0,0.0,0.0,0.0,0.0,0.0,3828,8865,5037
2020-07-12T18:00:00,5365.1630789302035,4.547473508864643e-14,0.0,0.0,0.0,0.0,0.0,0.0,0.0,0.0,3666,9031,5365
2020-07-12T19:00:00,5431.1630789302035,-1.818989403545857e-13,0.0,0.0,0.0,0.0,0.0,0.0,0.0,0.0,3573,9004,5431
2020-07-12T20:00:00,4923.163078930203,0.0,0.0,0.0,0.0,0.0,0.0,0.0,0.0,0.0,3584,8507,4923
2020-07-12T21:00:00,4671.163078930203,3.637978807091713e-13,0.0,0.0,0.0,0.0,0.0,0.0,0.0,0.0,3492,8163,4671
2020-07-12T22:00:00,5117.163078930202,0.0,0.0,0.0,0.0,0.0,0.0,0.0,0.0,0.0,3490,8607,5117
2020-07-12T23:00:00,5580.0,9.094947017729282e-13,0.0,0.0,0.0,1295.1630789302026,0.0,0.0,0.0,0.0,1773,8648,6875
2020-07-13T00:00:00,4657.163078930203,9.09494701772928e-14,0.0,0.0,0.0,0.0,0.0,0.0,0.0,0.0,3324,7981,4657
2020-07-13T01:00:00,5580.0,0.0,0.0,0.0,0.0,121.1630789302021,0.0,0.0,0.0,0.0,1872,7573,5701
2020-07-13T02:00:00,4579.163078930202,2.728484105318785e-13,0.0,0.0,0.0,0.0,0.0,0.0,0.0,0.0,2701,7280,4579
2020-07-13T03:00:00,5138.163078930202,2.728484105318785e-13,0.0,0.0,0.0,0.0,0.0,0.0,0.0,0.0,1789,6927,5138
2020-07-13T04:00:00,4661.163078930202,2.728484105318785e-13,0.0,0.0,0.0,0.0,0.0,0.0,0.0,0.0,2192,6853,4661
2020-07-13T05:00:00,4448.163078930202,2.728484105318785e-13,0.0,0.0,0.0,0.0,0.0,0.0,0.0,0.0,2700,7148,4448
2020-07-13T06:00:00,5519.163078930202,0.0,0.0,0.0,0.0,0.0,0.0,0.0,0.0,0.0,2193,7712,5519
2020-07-13T07:00:00,3901.1630789302017,2.728484105318785e-13,0.0,0.0,0.0,0.0,0.0,0.0,0.0,0.0,4583,8484,3901
2020-07-13T08:00:00,4596.163078930203,-9.09494701772928e-14,0.0,0.0,0.0,0.0,0.0,0.0,0.0,0.0,4533,9129,4596
2020-07-13T09:00:00,5580.0,0.0,0.0,0.0,0.0,1519.163078930202,0.0,0.0,0.0,0.0,2455,9554,7099
2020-07-13T10:00:00,5253.163078930203,4.547473508864643e-14,0.0,0.0,0.0,0.0,0.0,0.0,0.0,0.0,4545,9798,5253
2020-07-13T11:00:00,5580.0,2.2737367544323216e-13,0.0,0.0,0.0,1791.163078930202,0.0,0.0,0.0,0.0,2650,10021,7371
2020-07-13T12:00:00,5580.0,1.0231815394945445e-13,0.0,0.0,0.0,1829.163078930202,0.0,0.0,0.0,0.0,2690,10099,7409
2020-07-13T13:00:00,1860.0,0.0,0.0,0.0,0.0,3198.163078930203,0.0,0.0,0.0,0.0,4927,9985,5058
2020-07-13T14:00:00,5580.0,9.09494701772928e-14,0.0,0.0,0.0,1639.1630789302017,0.0,0.0,0.0,0.0,2742,9961,7219
2020-07-13T15:00:00,5580.0,2.728484105318785e-13,0.0,0.0,0.0,1522.1630789302023,0.0,0.0,0.0,0.0,2622,9724,7102
2020-07-13T16:00:00,4589.163078930202,7.673861546209084e-14,0.0,0.0,0.0,0.0,0.0,0.0,0.0,0.0,4924,9513,4589
2020-07-13T17:00:00,4495.1630789302035,-9.09494701772928e-14,0.0,0.0,0.0,0.0,0.0,0.0,0.0,0.0,4848,9343,4495
2020-07-13T18:00:00,4693.163078930203,0.0,0.0,0.0,0.0,0.0,0.0,0.0,0.0,0.0,4726,9419,4693
2020-07-13T19:00:00,4588.163078930203,0.0,0.0,0.0,0.0,0.0,0.0,0.0,0.0,0.0,4714,9302,4588
2020-07-13T20:00:00,3964.163078930201,1.0004441719502211e-12,0.0,0.0,0.0,0.0,0.0,0.0,0.0,0.0,4806,8770,3964
2020-07-13T21:00:00,5580.0,1.3642420526593928e-13,0.0,0.0,0.0,268.16307893020195,0.0,0.0,0.0,0.0,2593,8441,5848
2020-07-13T22:00:00,1860.0,9.09494701772928e-14,0.0,0.0,0.0,2805.1630789302026,0.0,0.0,0.0,0.0,4221,8886,4665
2020-07-13T23:00:00,4539.1630789302035,-4.547473508864642e-13,0.0,0.0,0.0,0.0,0.0,0.0,0.0,0.0,4348,8887,4539
2020-07-14T00:00:00,1860.0,3.637978807091713e-13,0.0,0.0,0.0,3626.1630789302008,0.0,0.0,0.0,0.0,2608,8094,5486
2020-07-14T01:00:00,5002.1630789302035,0.0,0.0,0.0,0.0,0.0,0.0,0.0,0.0,0.0,2680,7682,5002
2020-07-14T02:00:00,3946.1630789302026,1.818989403545857e-13,0.0,0.0,0.0,0.0,0.0,0.0,0.0,0.0,3439,7385,3946
2020-07-14T03:00:00,1860.0,9.094947017729282e-13,0.0,0.0,0.0,2362.1630789302026,0.0,0.0,0.0,0.0,2810,7032,4222
2020-07-14T04:00:00,3913.1630789302026,1.818989403545857e-13,0.0,0.0,0.0,0.0,0.0,0.0,0.0,0.0,3045,6958,3913
2020-07-14T05:00:00,4237.163078930203,-1.818989403545857e-13,0.0,0.0,0.0,0.0,0.0,0.0,0.0,0.0,3006,7243,4237
2020-07-14T06:00:00,2982.1630789302017,1.3642420526593928e-13,0.0,0.0,0.0,0.0,0.0,0.0,0.0,0.0,4815,7797,2982
2020-07-14T07:00:00,3302.1630789302026,-1.818989403545857e-13,0.0,0.0,0.0,0.0,0.0,0.0,0.0,0.0,5279,8581,3302
2020-07-14T08:00:00,5580.0,0.0,0.0,0.0,0.0,308.1630789302027,0.0,0.0,0.0,0.0,3339,9227,5888
2020-07-14T09:00:00,4313.163078930203,0.0,0.0,0.0,0.0,0.0,0.0,0.0,0.0,0.0,5353,9666,4313
2020-07-14T10:00:00,5580.0,0.0,0.0,0.0,0.0,832.1630789302027,0.0,0.0,0.0,0.0,3515,9927,6412
2020-07-14T11:00:00,5580.0,-4.547473508864643e-14,0.0,0.0,0.0,1067.1630789302028,0.0,0.0,0.0,0.0,3508,10155,6647
2020-07-14T12:00:00,4475.163078930203,-4.547473508864643e-14,0.0,0.0,0.0,0.0,0.0,0.0,0.0,0.0,5756,10231,4475
2020-07-14T13:00:00,4474.163078930203,0.0,0.0,0.0,0.0,0.0,0.0,0.0,0.0,0.0,5640,10114,4474
2020-07-14T14:00:00,5580.0,-1.818989403545857e-13,0.0,0.0,0.0,1273.1630789302028,0.0,0.0,0.0,0.0,3244,10097,6853
2020-07-14T15:00:00,4449.163078930203,0.0,0.0,0.0,0.0,0.0,0.0,0.0,0.0,0.0,5410,9859,4449
2020-07-14T16:00:00,5580.0,9.094947017729282e-13,0.0,0.0,0.0,1194.1630789302026,0.0,0.0,0.0,0.0,2868,9642,6774
2020-07-14T17:00:00,5580.0,-3.637978807091713e-13,0.0,0.0,0.0,847.1630789302029,0.0,0.0,0.0,0.0,3033,9460,6427
2020-07-14T18:00:00,4473.163078930203,0.0,0.0,0.0,0.0,0.0,0.0,0.0,0.0,0.0,5036,9509,4473
2020-07-14T19:00:00,4252.1630789302035,0.0,0.0,0.0,0.0,0.0,0.0,0.0,0.0,0.0,5122,9374,4252
2020-07-14T20:00:00,3477.1630789302026,1.818989403545857e-13,0.0,0.0,0.0,0.0,0.0,0.0,0.0,0.0,5354,8831,3477
2020-07-14T21:00:00,2608.9741462792836,-1.818989403545857e-13,0.0,0.0,0.0,2898.18893265092,0.0,0.0,0.0,0.0,2991,8498,5507
2020-07-14T22:00:00,4011.1630789302026,3.637978807091713e-13,0.0,0.0,0.0,0.0,0.0,0.0,0.0,0.0,4929,8940,4011
2020-07-14T23:00:00,1860.0,3.637978807091713e-13,0.0,0.0,0.0,4089.1630789302008,0.0,0.0,0.0,0.0,2977,8926,5949
2020-07-15T00:00:00,1860.0,3.637978807091713e-13,0.0,0.0,9.094947017729282e-13,3238.1630789302017,0.0,0.0,0.0,0.0,2925,8023,5098
2020-07-15T01:00:00,1860.0,3.637978807091713e-13,0.0,4.547473508864641e-13,0.0,2892.1630789302017,0.0,0.0,0.0,0.0,2778,7530,4752
2020-07-15T02:00:00,1860.0,3.637978807091713e-13,0.0,0.0,6.821210263296962e-13,2662.1630789302017,0.0,0.0,0.0,0.0,2656,7178,4522
2020-07-15T03:00:00,2151.9433135463587,2.728484105318785e-13,0.0,0.0,0.0,1957.219765383844,0.0,0.0,0.0,0.0,2665,6774,4109
2020-07-15T04:00:00,3857.163078930202,0.0,0.0,0.0,0.0,0.0,0.0,0.0,0.0,0.0,2763,6620,3857
2020-07-15T05:00:00,4027.163078930202,-2.728484105318785e-13,0.0,0.0,0.0,0.0,0.0,0.0,0.0,0.0,2677,6704,4027
2020-07-15T06:00:00,4403.1630789302035,-2.728484105318785e-13,0.0,0.0,0.0,0.0,0.0,0.0,0.0,0.0,2444,6847,4403
2020-07-15T07:00:00,4827.163078930203,4.547473508864642e-13,0.0,0.0,0.0,0.0,0.0,0.0,0.0,0.0,2446,7273,4827
2020-07-15T08:00:00,3467.1630789302017,-2.728484105318785e-13,0.0,0.0,0.0,0.0,0.0,0.0,0.0,0.0,4396,7863,3467
2020-07-15T09:00:00,5580.0,9.09494701772928e-14,0.0,0.0,0.0,411.16307893020223,0.0,0.0,0.0,0.0,2472,8463,5991
2020-07-15T10:00:00,3802.163078930202,0.0,0.0,0.0,0.0,0.0,0.0,0.0,0.0,0.0,4963,8765,3802
2020-07-15T11:00:00,5580.0,0.0,0.0,0.0,0.0,17.163078930202644,0.0,0.0,0.0,0.0,3369,8966,5597
2020-07-15T12:00:00,5412.163078930203,-8.48527523346716e-14,0.0,0.0,0.0,0.0,0.0,0.0,0.0,0.0,3780,9192,5412
2020-07-15T13:00:00,4765.163078930203,2.728484105318785e-13,0.0,0.0,0.0,0.0,0.0,0.0,0.0,0.0,4175,8940,4765
2020-07-15T14:00:00,4284.163078930203,0.0,0.0,0.0,0.0,0.0,0.0,0.0,0.0,0.0,4525,8809,4284
2020-07-15T15:00:00,4770.163078930203,0.0,0.0,0.0,0.0,0.0,0.0,0.0,0.0,0.0,3779,8549,4770
2020-07-15T16:00:00,5026.163078930203,0.0,0.0,0.0,0.0,0.0,0.0,0.0,0.0,0.0,3298,8324,5026
2020-07-15T17:00:00,5451.163078930203,4.547473508864642e-13,0.0,0.0,0.0,0.0,0.0,0.0,0.0,0.0,2750,8201,5451
2020-07-15T18:00:00,5448.1630789302035,-2.728484105318785e-13,0.0,0.0,0.0,0.0,0.0,0.0,0.0,0.0,2767,8215,5448
2020-07-15T19:00:00,5246.163078930203,-2.728484105318785e-13,0.0,0.0,0.0,0.0,0.0,0.0,0.0,0.0,2870,8116,5246
2020-07-15T20:00:00,5467.163078930203,-3.1832314562052486e-13,0.0,0.0,0.0,0.0,0.0,0.0,0.0,0.0,2261,7728,5467
2020-07-15T21:00:00,5530.163078930203,-6.821210263296964e-14,0.0,0.0,0.0,0.0,0.0,0.0,0.0,0.0,2126,7656,5530
2020-07-15T22:00:00,5580.0,-2.728484105318785e-13,0.0,0.0,0.0,320.16307893020297,0.0,0.0,0.0,0.0,2391,8291,5900
2020-07-15T23:00:00,5580.0,2.728484105318784e-13,0.0,0.0,0.0,436.1630789302027,0.0,0.0,0.0,0.0,2374,8390,6016
2020-07-16T00:00:00,2881.1630789302026,3.637978807091713e-13,0.0,0.0,0.0,0.0,0.0,0.0,0.0,0.0,4781,7662,2881
2020-07-16T01:00:00,4978.163078930233,-3.0013325158506625e-11,0.0,0.0,0.0,0.0,0.0,0.0,0.0,0.0,2240,7218,4978
2020-07-16T02:00:00,4653.163078930203,0.0,0.0,0.0,0.0,0.0,0.0,0.0,0.0,0.0,2190,6843,4653
2020-07-16T03:00:00,4078.1630789302026,-2.728484105318785e-13,0.0,0.0,0.0,0.0,0.0,0.0,0.0,0.0,2331,6409,4078
2020-07-16T04:00:00,3856.1630789302026,-2.728484105318785e-13,0.0,0.0,0.0,0.0,0.0,0.0,0.0,0.0,2321,6177,3856
2020-07-16T05:00:00,3928.1630789302026,1.818989403545857e-13,0.0,0.0,0.0,0.0,0.0,0.0,0.0,0.0,2138,6066,3928
2020-07-16T06:00:00,3798.163078930202,1.818989403545857e-13,0.0,0.0,0.0,0.0,0.0,0.0,0.0,0.0,2161,5959,3798
2020-07-16T07:00:00,2853.163078930202,0.0,0.0,0.0,0.0,0.0,0.0,0.0,0.0,0.0,3305,6158,2853
2020-07-16T08:00:00,4480.163078930203,1.818989403545857e-13,0.0,0.0,0.0,0.0,0.0,0.0,0.0,0.0,2145,6625,4480
2020-07-16T09:00:00,4692.163078930203,1.818989403545857e-13,0.0,0.0,0.0,0.0,0.0,0.0,0.0,0.0,2457,7149,4692
2020-07-16T10:00:00,4654.163078930203,-2.728484105318785e-13,0.0,0.0,0.0,0.0,0.0,0.0,0.0,0.0,2868,7522,4654
2020-07-16T11:00:00,4383.163078930203,-2.728484105318785e-13,0.0,0.0,0.0,0.0,0.0,0.0,0.0,0.0,3402,7785,4383
2020-07-16T12:00:00,4472.163078930203,-2.728484105318785e-13,0.0,0.0,0.0,0.0,0.0,0.0,0.0,0.0,3655,8127,4472
2020-07-16T13:00:00,4198.1630789302035,0.0,0.0,0.0,0.0,0.0,0.0,0.0,0.0,0.0,3585,7783,4198
2020-07-16T14:00:00,4264.163078930203,0.0,0.0,0.0,0.0,0.0,0.0,0.0,0.0,0.0,3250,7514,4264
2020-07-16T15:00:00,4504.163078930203,-4.547473508864643e-14,0.0,0.0,0.0,0.0,0.0,0.0,0.0,0.0,2737,7241,4504
2020-07-16T16:00:00,4914.163078930203,-4.547473508864643e-14,0.0,0.0,0.0,0.0,0.0,0.0,0.0,0.0,2159,7073,4914
2020-07-16T17:00:00,5195.163078930203,1.818989403545857e-13,0.0,0.0,0.0,0.0,0.0,0.0,0.0,0.0,1859,7054,5195
2020-07-16T18:00:00,4537.163078930203,-3.637978807091713e-13,0.0,0.0,0.0,0.0,0.0,0.0,0.0,0.0,2688,7225,4537
2020-07-16T19:00:00,4454.163078930203,1.818989403545857e-13,0.0,0.0,0.0,0.0,0.0,0.0,0.0,0.0,2949,7403,4454
2020-07-16T20:00:00,3366.1630789302026,1.818989403545857e-13,0.0,0.0,0.0,0.0,0.0,0.0,0.0,0.0,3962,7328,3366
2020-07-16T21:00:00,5337.163078930203,1.818989403545857e-13,0.0,0.0,0.0,0.0,0.0,0.0,0.0,0.0,1997,7334,5337
2020-07-16T22:00:00,5580.0,-5.456968210637569e-13,0.0,0.0,0.0,84.16307893020301,0.0,0.0,0.0,0.0,2267,7931,5664
2020-07-16T23:00:00,5570.163078930203,3.637978807091713e-13,0.0,0.0,0.0,0.0,0.0,0.0,0.0,0.0,2495,8065,5570
2020-07-17T00:00:00,5580.0,0.0,0.0,0.0,0.0,128.1630789302025,0.0,0.0,0.0,0.0,2214,7922,5708
2020-07-17T01:00:00,5378.163078930202,1.5916157281026248e-13,0.0,0.0,0.0,0.0,0.0,0.0,0.0,0.0,2047,7425,5378
2020-07-17T02:00:00,2306.1630789302026,-2.728484105318785e-13,0.0,0.0,0.0,0.0,0.0,0.0,0.0,0.0,4760,7066,2306
2020-07-17T03:00:00,4921.163078930203,1.818989403545857e-13,0.0,0.0,0.0,0.0,0.0,0.0,0.0,0.0,1730,6651,4921
2020-07-17T04:00:00,4789.163078930203,1.818989403545857e-13,0.0,0.0,0.0,0.0,0.0,0.0,0.0,0.0,1695,6484,4789
2020-07-17T05:00:00,4449.163078930203,0.0,0.0,0.0,0.0,0.0,0.0,0.0,0.0,0.0,2120,6569,4449
2020-07-17T06:00:00,3294.163078930202,1.818989403545857e-13,0.0,0.0,0.0,0.0,0.0,0.0,0.0,0.0,3422,6716,3294
2020-07-17T07:00:00,2625.163078930202,-2.728484105318785e-13,0.0,0.0,0.0,0.0,0.0,0.0,0.0,0.0,4486,7111,2625
2020-07-17T08:00:00,2928.163078930202,0.0,0.0,0.0,0.0,0.0,0.0,0.0,0.0,0.0,4758,7686,2928
2020-07-17T09:00:00,3493.163078930202,0.0,0.0,0.0,0.0,0.0,0.0,0.0,0.0,0.0,4753,8246,3493
2020-07-17T10:00:00,3600.0,0.0,0.0,0.0,0.0,290.1630789302022,0.0,0.0,0.0,0.0,4611,8501,3890
2020-07-17T11:00:00,3600.0,0.0,0.0,0.0,0.0,508.16307893020263,0.0,0.0,0.0,0.0,4563,8671,4108
2020-07-17T12:00:00,3600.0,0.0,0.0,0.0,0.0,873.1630789302027,0.0,0.0,0.0,0.0,4401,8874,4473
2020-07-17T13:00:00,3600.0,0.0,0.0,0.0,0.0,932.1630789302026,0.0,0.0,0.0,0.0,4065,8597,4532
2020-07-17T14:00:00,2430.0,0.0,0.0,0.0,0.0,2247.1630789302026,0.0,0.0,0.0,0.0,3737,8414,4677
2020-07-17T15:00:00,2430.0,0.0,0.0,0.0,0.0,2235.1630789302026,0.0,0.0,0.0,0.0,3463,8128,4665
2020-07-17T16:00:00,2430.0,-2.728484105318785e-13,0.0,0.0,0.0,1990.1630789302028,0.0,0.0,0.0,0.0,3480,7900,4420
2020-07-17T17:00:00,1620.0,0.0,0.0,0.0,0.0,80.1630789302022,0.0,0.0,0.0,0.0,6098,7798,1700
2020-07-17T18:00:00,1620.0,1.818989403545857e-13,0.0,0.0,0.0,1378.163078930202,0.0,0.0,0.0,0.0,4894,7892,2998
2020-07-17T19:00:00,1620.0,1.818989403545857e-13,0.0,0.0,0.0,292.1630789302021,0.0,0.0,0.0,0.0,5939,7851,1912
2020-07-17T20:00:00,1620.0,1.818989403545857e-13,0.0,0.0,0.0,1943.163078930202,0.0,0.0,0.0,0.0,3927,7490,3563
2020-07-17T21:00:00,1620.0,1.818989403545857e-13,0.0,0.0,0.0,2570.1630789302026,0.0,0.0,0.0,0.0,3230,7420,4190
2020-07-17T22:00:00,1620.0,0.0,0.0,0.0,0.0,3016.1630789302026,0.0,0.0,0.0,0.0,3409,8045,4636
2020-07-17T23:00:00,1620.0,0.0,0.0,0.0,0.0,819.1630789302025,0.0,0.0,0.0,0.0,5756,8195,2439
2020-07-18T00:00:00,1620.0,9.09494701772928e-14,0.0,0.0,0.0,2789.163078930203,0.0,0.0,0.0,0.0,3106,7515,4409
2020-07-18T01:00:00,1620.0,2.728484105318785e-13,0.0,0.0,0.0,2554.163078930202,0.0,0.0,0.0,0.0,2899,7073,4174
2020-07-18T02:00:00,1620.0,4.547473508864642e-13,0.0,0.0,0.0,2393.163078930201,0.0,0.0,0.0,0.0,2685,6698,4013
2020-07-18T03:00:00,1620.0,9.09494701772928e-14,0.0,0.0,0.0,2360.163078930202,0.0,0.0,0.0,0.0,2280,6260,3980
2020-07-18T04:00:00,1620.0,4.547473508864642e-13,0.0,0.0,0.0,2182.1630789302017,0.0,0.0,0.0,0.0,2222,6024,3802
2020-07-18T05:00:00,0.0,2.728484105318785e-13,0.0,0.0,0.0,233.16307893020192,0.0,0.0,0.0,0.0,5693,5926,233
2020-07-18T06:00:00,1792.1630789302021,0.0,0.0,0.0,0.0,0.0,0.0,0.0,0.0,0.0,4041,5833,1792
2020-07-18T07:00:00,941.1630789302019,4.547473508864642e-13,0.0,0.0,0.0,0.0,0.0,0.0,0.0,0.0,5074,6015,941
2020-07-18T08:00:00,1184.1630789302021,0.0,0.0,0.0,0.0,0.0,0.0,0.0,0.0,0.0,5295,6479,1184
2020-07-18T09:00:00,1771.1630789302021,0.0,0.0,0.0,0.0,0.0,0.0,0.0,0.0,0.0,5209,6980,1771
2020-07-18T10:00:00,1980.0,0.0,0.0,0.0,0.0,322.16307893020235,0.0,0.0,0.0,0.0,5026,7328,2302
2020-07-18T11:00:00,1980.0,0.0,0.0,0.0,0.0,647.1630789302022,0.0,0.0,0.0,0.0,4952,7579,2627
2020-07-18T12:00:00,1980.0,0.0,0.0,0.0,0.0,1180.1630789302023,0.0,0.0,0.0,0.0,4757,7917,3160
2020-07-18T13:00:00,1980.0,-9.09494701772928e-14,0.0,0.0,0.0,1212.1630789302023,0.0,0.0,0.0,0.0,4375,7567,3192
2020-07-18T14:00:00,1980.0,6.821210263296964e-14,0.0,0.0,0.0,1272.163078930202,0.0,0.0,0.0,0.0,4027,7279,3252
2020-07-18T15:00:00,3150.0,4.547473508864642e-13,0.0,0.0,0.0,124.16307893020186,0.0,0.0,0.0,0.0,3731,7005,3274
2020-07-18T16:00:00,3150.0,4.547473508864642e-13,0.0,0.0,0.0,8.163078930202083,0.0,0.0,0.0,0.0,3690,6848,3158
2020-07-18T17:00:00,2629.163078930202,0.0,0.0,0.0,0.0,0.0,0.0,0.0,0.0,0.0,4225,6854,2629
2020-07-18T18:00:00,2047.163078930202,0.0,0.0,0.0,0.0,0.0,0.0,0.0,0.0,0.0,5027,7074,2047
2020-07-18T19:00:00,2473.163078930202,0.0,0.0,0.0,0.0,0.0,0.0,0.0,0.0,0.0,4813,7286,2473
2020-07-18T20:00:00,3228.1630789302017,4.547473508864642e-13,0.0,0.0,0.0,0.0,0.0,0.0,0.0,0.0,4004,7232,3228
2020-07-18T21:00:00,1260.0,0.0,0.0,0.0,0.0,0.0,248.8369210697976,0.0,0.0,0.0,6236,7247,1011
2020-07-18T22:00:00,3960.0,9.09494701772928e-14,0.0,0.0,0.0,216.53538812785456,0.0,186.62769080234816,0.0,0.0,3486,7849,4363
2020-07-18T23:00:00,3960.0,9.09494701772928e-14,0.0,0.0,0.0,484.16307893020286,0.0,0.0,0.0,0.0,3563,8007,4444
2020-07-19T00:00:00,3960.0,4.547473508864642e-13,0.0,0.0,0.0,320.1630789302027,0.0,0.0,0.0,0.0,3074,7354,4280
2020-07-19T01:00:00,3960.0,4.547473508864642e-13,0.0,0.0,0.0,138.16307893020226,0.0,0.0,0.0,0.0,2857,6955,4098
2020-07-19T02:00:00,3960.0,4.547473508864642e-13,0.0,0.0,0.0,40.16307893020181,0.0,0.0,0.0,0.0,2632,6632,4000
2020-07-19T03:00:00,3960.0,4.547473508864642e-13,0.0,0.0,0.0,119.1630789302018,0.0,0.0,0.0,0.0,2214,6293,4079
2020-07-19T04:00:00,3960.0,2.728484105318785e-13,0.0,0.0,0.0,194.1630789302025,0.0,0.0,0.0,0.0,2140,6294,4154
2020-07-19T05:00:00,1260.0,7.275957614183426e-13,0.0,0.0,0.0,0.0,172.83692106979848,0.0,0.0,0.0,5598,6685,1087
2020-07-19T06:00:00,3212.5353881278525,4.547473508864642e-13,0.0,0.0,0.0,0.0,0.0,129.62769080234887,0.0,0.0,3930,7272,3342
2020-07-19T07:00:00,3055.163078930202,0.0,0.0,0.0,0.0,0.0,0.0,0.0,0.0,0.0,4948,8003,3055
2020-07-19T08:00:00,3523.1630789302017,4.547473508864642e-13,0.0,0.0,0.0,0.0,0.0,0.0,0.0,0.0,5167,8690,3523
2020-07-19T09:00:00,4054.163078930202,9.09494701772928e-14,0.0,0.0,0.0,0.0,0.0,0.0,0.0,0.0,5096,9150,4054
2020-07-19T10:00:00,4469.163078930203,0.0,0.0,0.0,0.0,0.0,0.0,0.0,0.0,0.0,4930,9399,4469
2020-07-19T11:00:00,4782.163078930203,0.0,0.0,0.0,0.0,0.0,0.0,0.0,0.0,0.0,4847,9629,4782
2020-07-19T12:00:00,5097.163078930203,0.0,0.0,0.0,0.0,0.0,0.0,0.0,0.0,0.0,4670,9767,5097
2020-07-19T13:00:00,2484.1630789302026,0.0,0.0,0.0,0.0,0.0,0.0,0.0,0.0,0.0,7189,9673,2484
2020-07-19T14:00:00,5580.0,4.547473508864642e-13,0.0,0.0,0.0,98.16307893020226,0.0,0.0,0.0,0.0,3938,9616,5678
2020-07-19T15:00:00,5580.0,6.821210263296964e-14,0.0,0.0,0.0,143.16307893020257,0.0,0.0,0.0,0.0,3661,9384,5723
2020-07-19T16:00:00,5558.163078930203,4.547473508864642e-13,0.0,0.0,0.0,0.0,0.0,0.0,0.0,0.0,3612,9170,5558
2020-07-19T17:00:00,4928.163078930203,0.0,0.0,0.0,0.0,0.0,0.0,0.0,0.0,0.0,4097,9025,4928
2020-07-19T18:00:00,4272.163078930203,0.0,0.0,0.0,0.0,0.0,0.0,0.0,0.0,0.0,4878,9150,4272
2020-07-19T19:00:00,4482.163078930203,0.0,0.0,0.0,0.0,0.0,0.0,0.0,0.0,0.0,4613,9095,4482
2020-07-19T20:00:00,4730.163078930203,0.0,0.0,0.0,0.0,0.0,0.0,0.0,0.0,0.0,3862,8592,4730
2020-07-19T21:00:00,5060.163078930203,0.0,0.0,0.0,0.0,0.0,0.0,0.0,0.0,0.0,3237,8297,5060
2020-07-19T22:00:00,2463.1630789302017,5.45696821063757e-13,0.0,0.0,0.0,0.0,0.0,0.0,0.0,0.0,6278,8741,2463
2020-07-19T23:00:00,5290.163078930203,4.547473508864642e-13,0.0,0.0,0.0,0.0,0.0,0.0,0.0,0.0,3453,8743,5290
2020-07-20T00:00:00,5075.163078930203,8.185452315956354e-13,0.0,0.0,0.0,0.0,0.0,0.0,0.0,0.0,2951,8026,5075
2020-07-20T01:00:00,4902.163078930203,4.547473508864642e-13,0.0,0.0,0.0,0.0,0.0,0.0,0.0,0.0,2719,7621,4902
2020-07-20T02:00:00,4825.163078930202,4.547473508864642e-13,0.0,0.0,0.0,0.0,0.0,0.0,0.0,0.0,2480,7305,4825
2020-07-20T03:00:00,4700.163078930203,0.0,0.0,0.0,0.0,0.0,0.0,0.0,0.0,0.0,2236,6936,4700
2020-07-20T04:00:00,4414.163078930203,4.547473508864642e-13,0.0,0.0,0.0,0.0,0.0,0.0,0.0,0.0,2445,6859,4414
2020-07-20T05:00:00,4610.163078930203,4.547473508864642e-13,0.0,0.0,0.0,0.0,0.0,0.0,0.0,0.0,2537,7147,4610
2020-07-20T06:00:00,3985.163078930202,0.0,0.0,0.0,0.0,0.0,0.0,0.0,0.0,0.0,3676,7661,3985
2020-07-20T07:00:00,3691.163078930202,0.0,0.0,0.0,0.0,0.0,0.0,0.0,0.0,0.0,4648,8339,3691
2020-07-20T08:00:00,4157.163078930203,0.0,0.0,0.0,0.0,0.0,0.0,0.0,0.0,0.0,4832,8989,4157
2020-07-20T09:00:00,3537.1630789302017,0.0,0.0,0.0,0.0,0.0,0.0,0.0,0.0,0.0,5892,9429,3537
2020-07-20T10:00:00,5163.1630789302035,-2.27373675443232e-14,0.0,0.0,0.0,0.0,0.0,0.0,0.0,0.0,4501,9664,5163
2020-07-20T11:00:00,5533.1630789302035,0.0,0.0,0.0,0.0,0.0,0.0,0.0,0.0,0.0,4347,9880,5533
2020-07-20T12:00:00,5086.163078930203,0.0,0.0,0.0,0.0,0.0,0.0,0.0,0.0,0.0,4880,9966,5086
2020-07-20T13:00:00,3249.163078930202,4.547473508864642e-13,0.0,0.0,0.0,0.0,0.0,0.0,0.0,0.0,6595,9844,3249
2020-07-20T14:00:00,5065.163078930203,0.0,0.0,0.0,0.0,0.0,0.0,0.0,0.0,0.0,4731,9796,5065
2020-07-20T15:00:00,5277.1630789302035,0.0,0.0,0.0,0.0,0.0,0.0,0.0,0.0,0.0,4274,9551,5277
2020-07-20T16:00:00,5580.0,0.0,0.0,0.0,0.0,10.163078930203431,0.0,0.0,0.0,0.0,3741,9331,5590
2020-07-20T17:00:00,5580.0,0.0,0.0,0.0,0.0,104.163078930203,0.0,0.0,0.0,0.0,3496,9180,5684
2020-07-20T18:00:00,4959.163078930203,0.0,0.0,0.0,0.0,0.0,0.0,0.0,0.0,0.0,4338,9297,4959
2020-07-20T19:00:00,5085.163078930202,4.547473508864642e-13,0.0,0.0,0.0,0.0,0.0,0.0,0.0,0.0,4078,9163,5085
2020-07-20T20:00:00,5211.163078930203,4.547473508864642e-13,0.0,0.0,0.0,0.0,0.0,0.0,0.0,0.0,3448,8659,5211
2020-07-20T21:00:00,2646.1630789302017,4.547473508864642e-13,0.0,0.0,0.0,0.0,0.0,0.0,0.0,0.0,5725,8371,2646
2020-07-20T22:00:00,5350.163078930203,8.185452315956354e-13,0.0,0.0,0.0,0.0,0.0,0.0,0.0,0.0,3440,8790,5350
2020-07-20T23:00:00,5427.163078930203,8.185452315956354e-13,0.0,0.0,0.0,0.0,0.0,0.0,0.0,0.0,3368,8795,5427
2020-07-21T00:00:00,4655.163078930202,4.547473508864642e-13,0.0,0.0,0.0,0.0,0.0,0.0,0.0,0.0,3396,8051,4655
2020-07-21T01:00:00,4184.163078930202,0.0,0.0,0.0,0.0,0.0,0.0,0.0,0.0,0.0,3461,7645,4184
2020-07-21T02:00:00,3792.163078930202,0.0,0.0,0.0,0.0,0.0,0.0,0.0,0.0,0.0,3536,7328,3792
2020-07-21T03:00:00,3248.1630789302017,2.728484105318785e-13,0.0,0.0,0.0,0.0,0.0,0.0,0.0,0.0,3711,6959,3248
2020-07-21T04:00:00,3210.1630789302017,0.0,0.0,0.0,0.0,0.0,0.0,0.0,0.0,0.0,3671,6881,3210
2020-07-21T05:00:00,3518.1630789302017,2.728484105318785e-13,0.0,0.0,0.0,0.0,0.0,0.0,0.0,0.0,3648,7166,3518
2020-07-21T06:00:00,4072.1630789302017,8.185452315956354e-13,0.0,0.0,0.0,0.0,0.0,0.0,0.0,0.0,3606,7678,4072
2020-07-21T07:00:00,4209.163078930203,2.728484105318785e-13,0.0,0.0,0.0,0.0,0.0,0.0,0.0,0.0,4149,8358,4209
2020-07-21T08:00:00,4665.163078930203,0.0,0.0,0.0,0.0,0.0,0.0,0.0,0.0,0.0,4343,9008,4665
2020-07-21T09:00:00,5195.1630789302035,0.0,0.0,0.0,0.0,0.0,0.0,0.0,0.0,0.0,4257,9452,5195
2020-07-21T10:00:00,5543.1630789302035,0.0,0.0,0.0,0.0,0.0,0.0,0.0,0.0,0.0,4149,9692,5543
2020-07-21T11:00:00,5457.1630789302035,0.0,0.0,0.0,0.0,0.0,0.0,0.0,0.0,0.0,4456,9913,5457
2020-07-21T12:00:00,5476.1630789302035,6.821210263296964e-14,0.0,0.0,0.0,0.0,0.0,0.0,0.0,0.0,4530,10006,5476
2020-07-21T13:00:00,5580.0,2.728484105318785e-13,0.0,0.0,0.0,171.16307893020286,0.0,0.0,0.0,0.0,4143,9894,5751
2020-07-21T14:00:00,5580.0,-6.5092530773380915e-15,0.0,0.0,0.0,468.16307893020297,0.0,0.0,0.0,0.0,3816,9864,6048
2020-07-21T15:00:00,5580.0,1.818989403545857e-13,0.0,0.0,0.0,922.1630789302028,0.0,0.0,0.0,0.0,3135,9637,6502
2020-07-21T16:00:00,5580.0,8.185452315956354e-13,0.0,0.0,0.0,1163.1630789302023,0.0,0.0,0.0,0.0,2689,9432,6743
2020-07-21T17:00:00,5580.0,2.728484105318785e-13,0.0,0.0,0.0,523.1630789302028,0.0,0.0,0.0,0.0,3186,9289,6103
2020-07-21T18:00:00,5516.163078930203,2.728484105318785e-13,0.0,0.0,0.0,0.0,0.0,0.0,0.0,0.0,3878,9394,5516
2020-07-21T19:00:00,5580.0,0.0,0.0,0.0,0.0,132.1630789302031,0.0,0.0,0.0,0.0,3539,9251,5712
2020-07-21T20:00:00,5580.0,2.728484105318785e-13,0.0,0.0,0.0,284.16307893020286,0.0,0.0,0.0,0.0,2879,8743,5864
2020-07-21T21:00:00,5580.0,2.728484105318785e-13,0.0,0.0,0.0,533.1630789302028,0.0,0.0,0.0,0.0,2344,8457,6113
2020-07-21T22:00:00,5580.0,4.547473508864642e-13,0.0,0.0,0.0,741.1630789302028,0.0,0.0,0.0,0.0,2561,8882,6321
2020-07-21T23:00:00,5580.0,4.547473508864642e-13,0.0,0.0,0.0,638.1630789302028,0.0,0.0,0.0,0.0,2650,8868,6218
2020-07-22T00:00:00,5580.0,0.0,0.0,0.0,0.0,94.16307893020348,0.0,0.0,0.0,0.0,2431,8105,5674
2020-07-22T01:00:00,5181.1630789302035,0.0,0.0,0.0,0.0,0.0,0.0,0.0,0.0,0.0,2517,7698,5181
2020-07-22T02:00:00,4791.163078930203,0.0,0.0,0.0,-2.273736754432321e-13,0.0,0.0,0.0,0.0,0.0,2588,7379,4791
2020-07-22T03:00:00,4409.163078930202,0.0,0.0,0.0,4.547473508864641e-13,0.0,0.0,0.0,0.0,0.0,2602,7011,4409
2020-07-22T04:00:00,1860.0,9.09494701772928e-14,0.0,0.0,0.0,2566.1630789302026,0.0,0.0,0.0,0.0,2508,6934,4426
2020-07-22T05:00:00,4557.163078930202,2.728484105318785e-13,0.0,0.0,0.0,0.0,0.0,0.0,0.0,0.0,2659,7216,4557
2020-07-22T06:00:00,4895.163078930203,0.0,0.0,0.0,0.0,0.0,0.0,0.0,0.0,0.0,2828,7723,4895
2020-07-22T07:00:00,5193.163078930203,0.0,0.0,0.0,0.0,0.0,0.0,0.0,0.0,0.0,3217,8410,5193
2020-07-22T08:00:00,4150.163078930203,8.185452315956354e-13,0.0,0.0,0.0,0.0,0.0,0.0,0.0,0.0,4910,9060,4150
2020-07-22T09:00:00,5580.0,2.728484105318785e-13,0.0,0.0,0.0,537.1630789302026,0.0,0.0,0.0,0.0,3393,9510,6117
2020-07-22T10:00:00,4463.163078930203,6.821210263296964e-14,0.0,0.0,0.0,0.0,0.0,0.0,0.0,0.0,5293,9756,4463
2020-07-22T11:00:00,4745.163078930203,0.0,0.0,0.0,0.0,0.0,0.0,0.0,0.0,0.0,5231,9976,4745
2020-07-22T12:00:00,5173.163078930203,0.0,0.0,0.0,0.0,0.0,0.0,0.0,0.0,0.0,4890,10063,5173
2020-07-22T13:00:00,5168.163078930203,0.0,0.0,0.0,0.0,0.0,0.0,0.0,0.0,0.0,4776,9944,5168
2020-07-22T14:00:00,5276.163078930203,2.728484105318785e-13,0.0,0.0,0.0,0.0,0.0,0.0,0.0,0.0,4631,9907,5276
2020-07-22T15:00:00,5545.1630789302035,9.09494701772928e-14,0.0,0.0,0.0,0.0,0.0,0.0,0.0,0.0,4122,9667,5545
2020-07-22T16:00:00,5580.0,2.728484105318785e-13,0.0,0.0,0.0,94.16307893020256,0.0,0.0,0.0,0.0,3772,9446,5674
2020-07-22T17:00:00,5580.0,2.728484105318785e-13,0.0,0.0,0.0,519.1630789302026,0.0,0.0,0.0,0.0,3184,9283,6099
2020-07-22T18:00:00,4586.163078930203,8.185452315956354e-13,0.0,0.0,0.0,0.0,0.0,0.0,0.0,0.0,4788,9374,4586
2020-07-22T19:00:00,1860.0,-4.547473508864642e-13,0.0,0.0,0.0,2567.163078930203,0.0,0.0,0.0,0.0,4794,9221,4427
2020-07-22T20:00:00,4032.163078930202,2.728484105318785e-13,0.0,0.0,0.0,0.0,0.0,0.0,0.0,0.0,4675,8707,4032
2020-07-22T21:00:00,5423.163078930203,2.728484105318785e-13,0.0,0.0,0.0,0.0,0.0,0.0,0.0,0.0,2991,8414,5423
2020-07-22T22:00:00,4222.163078930203,8.185452315956354e-13,0.0,0.0,0.0,0.0,0.0,0.0,0.0,0.0,4610,8832,4222
2020-07-22T23:00:00,4086.1630789302017,8.185452315956354e-13,0.0,0.0,0.0,0.0,0.0,0.0,0.0,0.0,4741,8827,4086
2020-07-23T00:00:00,3849.1630789302026,-9.09494701772928e-14,0.0,0.0,0.0,0.0,0.0,0.0,0.0,0.0,4255,8104,3849
2020-07-23T01:00:00,1860.0,-9.09494701772928e-14,0.0,0.0,0.0,3100.1630789302026,0.0,0.0,0.0,0.0,2731,7691,4960
2020-07-23T02:00:00,4710.163078930203,-9.09494701772928e-14,0.0,0.0,0.0,0.0,0.0,0.0,0.0,0.0,2656,7366,4710
2020-07-23T03:00:00,3563.1630789302026,-9.09494701772928e-14,0.0,0.0,0.0,0.0,0.0,0.0,0.0,0.0,3441,7004,3563
2020-07-23T04:00:00,4142.163078930203,-9.09494701772928e-14,0.0,0.0,0.0,0.0,0.0,0.0,0.0,0.0,2785,6927,4142
2020-07-23T05:00:00,4296.163078930202,1.0004441719502211e-12,0.0,0.0,0.0,0.0,0.0,0.0,0.0,0.0,2926,7222,4296
2020-07-23T06:00:00,1860.0,9.09494701772928e-14,0.0,0.0,0.0,2603.1630789302026,0.0,0.0,0.0,0.0,3243,7706,4463
2020-07-23T07:00:00,4998.1630789302035,-4.547473508864642e-13,0.0,0.0,0.0,0.0,0.0,0.0,0.0,0.0,3367,8365,4998
2020-07-23T08:00:00,5338.163078930203,-9.09494701772928e-14,0.0,0.0,0.0,0.0,0.0,0.0,0.0,0.0,3662,9000,5338
2020-07-23T09:00:00,5333.163078930202,0.0,0.0,0.0,0.0,0.0,0.0,0.0,0.0,0.0,4090,9423,5333
2020-07-23T10:00:00,5261.163078930203,0.0,0.0,0.0,0.0,0.0,0.0,0.0,0.0,0.0,4373,9634,5261
2020-07-23T11:00:00,5254.163078930203,1.1368683772161607e-14,0.0,0.0,0.0,0.0,0.0,0.0,0.0,0.0,4565,9819,5254
2020-07-23T12:00:00,5216.163078930203,0.0,0.0,0.0,0.0,0.0,0.0,0.0,0.0,0.0,4685,9901,5216
2020-07-23T13:00:00,4926.163078930203,0.0,0.0,0.0,0.0,0.0,0.0,0.0,0.0,0.0,4787,9713,4926
2020-07-23T14:00:00,5103.163078930203,1.1368683772161607e-14,0.0,0.0,0.0,0.0,0.0,0.0,0.0,0.0,4525,9628,5103
2020-07-23T15:00:00,5333.163078930202,9.09494701772928e-14,0.0,0.0,0.0,0.0,0.0,0.0,0.0,0.0,4000,9333,5333
2020-07-23T16:00:00,5426.163078930203,-9.09494701772928e-14,0.0,0.0,0.0,0.0,0.0,0.0,0.0,0.0,3648,9074,5426
2020-07-23T17:00:00,5517.163078930156,4.611706572177354e-11,0.0,0.0,0.0,0.0,0.0,0.0,0.0,0.0,3413,8930,5517
2020-07-23T18:00:00,1860.0,1.0004441719502211e-12,0.0,0.0,0.0,2707.163078930201,0.0,0.0,0.0,0.0,4431,8998,4567
2020-07-23T19:00:00,5580.0,-9.09494701772928e-14,0.0,0.0,0.0,274.1630789302021,0.0,0.0,0.0,0.0,2973,8827,5854
2020-07-23T20:00:00,5500.163078930203,-9.09494701772928e-14,0.0,0.0,0.0,0.0,0.0,0.0,0.0,0.0,2843,8343,5500
2020-07-23T21:00:00,5354.163078930202,-9.09494701772928e-14,0.0,0.0,0.0,0.0,0.0,0.0,0.0,0.0,2720,8074,5354
2020-07-23T22:00:00,5580.0,-1.0913936421275138e-12,0.0,0.0,0.0,87.16307893020257,0.0,0.0,0.0,0.0,2844,8511,5667
2020-07-23T23:00:00,5580.0,-9.09494701772928e-14,0.0,0.0,0.0,266.1630789302026,0.0,0.0,0.0,0.0,2680,8526,5846
2020-07-24T00:00:00,3765.1630789302017,3.637978807091713e-13,0.0,0.0,0.0,0.0,0.0,0.0,0.0,0.0,4003,7768,3765
2020-07-24T01:00:00,4659.163078930202,3.637978807091713e-13,0.0,0.0,0.0,0.0,0.0,0.0,0.0,0.0,2653,7312,4659
2020-07-24T02:00:00,3373.1630789302017,0.0,0.0,0.0,0.0,0.0,0.0,0.0,0.0,0.0,3580,6953,3373
2020-07-24T03:00:00,3399.1630789302017,0.0,0.0,0.0,0.0,0.0,0.0,0.0,0.0,0.0,3153,6552,3399
2020-07-24T04:00:00,3296.163078930202,0.0,0.0,0.0,0.0,0.0,0.0,0.0,0.0,0.0,3085,6381,3296
2020-07-24T05:00:00,4338.163078930203,0.0,0.0,0.0,0.0,0.0,0.0,0.0,0.0,0.0,2108,6446,4338
2020-07-24T06:00:00,4554.163078930203,0.0,0.0,0.0,0.0,0.0,0.0,0.0,0.0,0.0,1988,6542,4554
2020-07-24T07:00:00,2089.163078930202,0.0,0.0,0.0,0.0,0.0,0.0,0.0,0.0,0.0,4750,6839,2089
2020-07-24T08:00:00,2687.1630789302017,5.456968210637569e-13,0.0,0.0,0.0,0.0,0.0,0.0,0.0,0.0,4694,7381,2687
2020-07-24T09:00:00,4661.163078930203,0.0,0.0,0.0,0.0,0.0,0.0,0.0,0.0,0.0,3226,7887,4661
2020-07-24T10:00:00,4770.0,0.0,0.0,0.0,0.0,176.16307893020235,0.0,0.0,0.0,0.0,3178,8124,4946
2020-07-24T11:00:00,4770.0,3.276996586999324e-15,0.0,0.0,0.0,328.1630789302028,0.0,0.0,0.0,0.0,3214,8312,5098
2020-07-24T12:00:00,4770.0,0.0,0.0,0.0,0.0,620.1630789302034,0.0,0.0,0.0,0.0,3159,8549,5390
2020-07-24T13:00:00,2559.163078930202,0.0,0.0,0.0,0.0,0.0,0.0,0.0,0.0,0.0,5680,8239,2559
2020-07-24T14:00:00,2682.163078930202,0.0,0.0,0.0,0.0,0.0,0.0,0.0,0.0,0.0,5322,8004,2682
2020-07-24T15:00:00,4770.0,0.0,0.0,0.0,0.0,282.1630789302023,0.0,0.0,0.0,0.0,2665,7717,5052
2020-07-24T16:00:00,2680.163078930203,-5.456968210637569e-13,0.0,0.0,0.0,0.0,0.0,0.0,0.0,0.0,4820,7500,2680
2020-07-24T17:00:00,3600.0,-2.728484105318785e-13,0.0,0.0,0.0,1442.1630789302023,0.0,0.0,0.0,0.0,2386,7428,5042
2020-07-24T18:00:00,3600.0,0.0,0.0,0.0,0.0,796.1630789302026,0.0,0.0,0.0,0.0,3215,7611,4396
2020-07-24T19:00:00,1230.0,0.0,0.0,0.0,0.0,3350.1630789302026,0.0,0.0,0.0,0.0,3021,7601,4580
2020-07-24T20:00:00,3011.1630789302017,5.456968210637569e-13,0.0,0.0,0.0,0.0,0.0,0.0,0.0,0.0,4285,7296,3011
2020-07-24T21:00:00,1230.0,0.0,0.0,0.0,0.0,4387.163078930203,0.0,0.0,0.0,0.0,1595,7212,5617
2020-07-24T22:00:00,3600.0,3.637978807091713e-13,0.0,0.0,0.0,2385.163078930203,0.0,0.0,0.0,0.0,1784,7769,5985
2020-07-24T23:00:00,3578.1630789302017,3.637978807091713e-13,0.0,0.0,0.0,0.0,0.0,0.0,0.0,0.0,4336,7914,3578
2020-07-25T00:00:00,2885.1630789302017,8.185452315956354e-13,0.0,0.0,0.0,0.0,0.0,0.0,0.0,0.0,4405,7290,2885
2020-07-25T01:00:00,3600.0,0.0,0.0,0.0,0.0,1695.163078930203,0.0,0.0,0.0,0.0,1576,6871,5295
2020-07-25T02:00:00,2610.1630789302017,4.547473508864642e-13,0.0,0.0,0.0,0.0,0.0,0.0,0.0,0.0,3906,6516,2610
2020-07-25T03:00:00,3600.0,1.3642420526593928e-13,0.0,0.0,0.0,778.1630789302025,0.0,0.0,0.0,0.0,1724,6102,4378
2020-07-25T04:00:00,3600.0,4.547473508864642e-13,0.0,0.0,0.0,522.1630789302026,0.0,0.0,0.0,0.0,1777,5899,4122
2020-07-25T05:00:00,2790.0,4.547473508864642e-13,0.0,0.0,0.0,1347.1630789302026,0.0,0.0,0.0,0.0,1710,5847,4137
2020-07-25T06:00:00,974.1630789302023,-1.818989403545857e-13,0.0,0.0,0.0,0.0,0.0,0.0,0.0,0.0,4814,5788,974
2020-07-25T07:00:00,2754.163078930202,4.547473508864642e-13,0.0,0.0,0.0,0.0,0.0,0.0,0.0,0.0,3177,5931,2754
2020-07-25T08:00:00,2790.0,9.09494701772928e-14,0.0,0.0,0.0,140.16307893020203,0.0,0.0,0.0,0.0,3442,6372,2930
2020-07-25T09:00:00,2790.0,0.0,0.0,0.0,0.0,589.1630789302021,0.0,0.0,0.0,0.0,3480,6859,3379
2020-07-25T10:00:00,2790.0,0.0,0.0,0.0,0.0,944.163078930202,0.0,0.0,0.0,0.0,3453,7187,3734
2020-07-25T11:00:00,930.0,0.0,0.0,0.0,0.0,2355.163078930202,0.0,0.0,0.0,0.0,4164,7449,3285
2020-07-25T12:00:00,1638.163078930202,0.0,0.0,0.0,0.0,0.0,0.0,0.0,0.0,0.0,6149,7787,1638
2020-07-25T13:00:00,1230.0,0.0,0.0,0.0,0.0,3119.1630789302026,0.0,0.0,0.0,0.0,3067,7416,4349
2020-07-25T14:00:00,1529.1630789302021,1.3642420526593928e-13,0.0,0.0,0.0,0.0,0.0,0.0,0.0,0.0,5561,7090,1529
2020-07-25T15:00:00,3600.0,4.547473508864642e-13,0.0,0.0,0.0,728.1630789302026,0.0,0.0,0.0,0.0,2467,6795,4328
2020-07-25T16:00:00,1545.1630789302021,0.0,0.0,0.0,0.0,0.0,0.0,0.0,0.0,0.0,5085,6630,1545
2020-07-25T17:00:00,4029.163078930202,0.0,0.0,0.0,0.0,0.0,0.0,0.0,0.0,0.0,2604,6633,4029
2020-07-25T18:00:00,3453.1630789302017,3.1832314562052496e-13,0.0,0.0,0.0,0.0,0.0,0.0,0.0,0.0,3463,6916,3453
2020-07-25T19:00:00,3817.163078930202,2.728484105318785e-13,0.0,0.0,0.0,0.0,0.0,0.0,0.0,0.0,3335,7152,3817
2020-07-25T20:00:00,4547.163078930203,4.547473508864642e-13,0.0,0.0,0.0,0.0,0.0,0.0,0.0,0.0,2567,7114,4547
2020-07-25T21:00:00,4770.0,4.547473508864642e-13,0.0,0.0,0.0,409.1630789302026,0.0,0.0,0.0,0.0,1976,7155,5179
2020-07-25T22:00:00,4770.0,8.185452315956354e-13,0.0,0.0,0.0,688.1630789302026,0.0,0.0,0.0,0.0,2256,7714,5458
2020-07-25T23:00:00,2774.1630789302017,8.185452315956354e-13,0.0,0.0,0.0,0.0,0.0,0.0,0.0,0.0,5066,7840,2774
2020-07-26T00:00:00,4770.0,7.275957614183426e-13,0.0,0.0,0.0,163.16307893020212,0.0,0.0,0.0,0.0,2196,7129,4933
2020-07-26T01:00:00,2446.1630789302017,1.3642420526593928e-13,0.0,0.0,0.0,0.0,0.0,0.0,0.0,0.0,4317,6763,2446
2020-07-26T02:00:00,2415.1630789302026,0.0,0.0,0.0,0.0,0.0,0.0,0.0,0.0,0.0,4063,6478,2415
2020-07-26T03:00:00,4108.163078930203,1.3642420526593928e-13,0.0,0.0,0.0,0.0,0.0,0.0,0.0,0.0,2077,6185,4108
2020-07-26T04:00:00,4070.163078930202,1.3642420526593928e-13,0.0,0.0,0.0,0.0,0.0,0.0,0.0,0.0,2126,6196,4070
2020-07-26T05:00:00,2545.1630789302017,1.3642420526593928e-13,0.0,0.0,0.0,0.0,0.0,0.0,0.0,0.0,4053,6598,2545
2020-07-26T06:00:00,4827.163078930203,0.0,0.0,0.0,0.0,0.0,0.0,0.0,0.0,0.0,2355,7182,4827
2020-07-26T07:00:00,3106.1630789302017,2.728484105318785e-13,0.0,0.0,0.0,0.0,0.0,0.0,0.0,0.0,4787,7893,3106
2020-07-26T08:00:00,5050.163078930203,0.0,0.0,0.0,0.0,0.0,0.0,0.0,0.0,0.0,3542,8592,5050
2020-07-26T09:00:00,4041.163078930202,0.0,0.0,0.0,0.0,0.0,0.0,0.0,0.0,0.0,4989,9030,4041
2020-07-26T10:00:00,5580.0,0.0,0.0,0.0,0.0,243.16307893020257,0.0,0.0,0.0,0.0,3440,9263,5823
2020-07-26T11:00:00,1860.0,0.0,0.0,0.0,0.0,2445.1630789302026,0.0,0.0,0.0,0.0,5166,9471,4305
2020-07-26T12:00:00,4197.163078930203,0.0,0.0,0.0,0.0,0.0,0.0,0.0,0.0,0.0,5375,9572,4197
2020-07-26T13:00:00,3791.1630789302026,-1.3642420526593928e-13,0.0,0.0,0.0,0.0,0.0,0.0,0.0,0.0,5650,9441,3791
2020-07-26T14:00:00,5580.0,2.728484105318785e-13,0.0,0.0,0.0,441.1630789302023,0.0,0.0,0.0,0.0,3326,9347,6021
2020-07-26T15:00:00,5580.0,0.0,0.0,0.0,0.0,282.1630789302026,0.0,0.0,0.0,0.0,3216,9078,5862
2020-07-26T16:00:00,3651.163078930201,1.0913936421275138e-12,0.0,0.0,0.0,0.0,0.0,0.0,0.0,0.0,5209,8860,3651
2020-07-26T17:00:00,5273.163078930203,2.728484105318785e-13,0.0,0.0,0.0,0.0,0.0,0.0,0.0,0.0,3446,8719,5273
2020-07-26T18:00:00,5177.163078930201,1.0913936421275138e-12,0.0,0.0,0.0,0.0,0.0,0.0,0.0,0.0,3723,8900,5177
2020-07-26T19:00:00,5053.163078930203,0.0,0.0,0.0,0.0,0.0,0.0,0.0,0.0,0.0,3827,8880,5053
2020-07-26T20:00:00,4564.163078930203,0.0,0.0,0.0,0.0,0.0,0.0,0.0,0.0,0.0,3835,8399,4564
2020-07-26T21:00:00,4154.163078930203,0.0,0.0,0.0,0.0,0.0,0.0,0.0,0.0,0.0,3943,8097,4154
2020-07-26T22:00:00,3991.163078930204,-1.0913936421275138e-12,0.0,0.0,0.0,0.0,0.0,0.0,0.0,0.0,4532,8523,3991
2020-07-26T23:00:00,3918.1630789302017,7.275957614183426e-13,0.0,0.0,0.0,0.0,0.0,0.0,0.0,0.0,4634,8552,3918
2020-07-27T00:00:00,3811.1630789302026,-9.09494701772928e-14,0.0,0.0,0.0,0.0,0.0,0.0,0.0,0.0,4061,7872,3811
2020-07-27T01:00:00,3721.163078930202,-9.09494701772928e-14,0.0,0.0,0.0,0.0,0.0,0.0,0.0,0.0,3767,7488,3721
2020-07-27T02:00:00,2769.1630789302026,-9.09494701772928e-14,0.0,0.0,0.0,0.0,0.0,0.0,0.0,0.0,4416,7185,2769
2020-07-27T03:00:00,2396.1630789302026,-9.09494701772928e-14,0.0,0.0,0.0,0.0,0.0,0.0,0.0,0.0,4447,6843,2396
2020-07-27T04:00:00,2296.1630789302026,-9.09494701772928e-14,0.0,0.0,0.0,0.0,0.0,0.0,0.0,0.0,4482,6778,2296
2020-07-27T05:00:00,2634.1630789302026,2.1316282072803e-15,0.0,0.0,0.0,0.0,0.0,0.0,0.0,0.0,4445,7079,2634
2020-07-27T06:00:00,3314.163078930202,-9.094947017729285e-14,0.0,0.0,0.0,0.0,0.0,0.0,0.0,0.0,4262,7576,3314
2020-07-27T07:00:00,2788.5863786871537,0.0,0.0,0.0,0.0,1192.5767002430484,0.0,0.0,0.0,0.0,4262,8243,3981
2020-07-27T08:00:00,1860.0,-4.547473508864642e-13,0.0,0.0,0.0,1733.163078930202,0.0,0.0,0.0,0.0,5305,8898,3593
2020-07-27T09:00:00,5177.163078930203,0.0,0.0,0.0,0.0,0.0,0.0,0.0,0.0,0.0,4170,9347,5177
2020-07-27T10:00:00,5175.163078930203,-2.728484105318785e-13,0.0,0.0,0.0,0.0,0.0,0.0,0.0,0.0,4415,9590,5175
2020-07-27T11:00:00,3853.1630789302017,0.0,0.0,0.0,0.0,0.0,0.0,0.0,0.0,0.0,5939,9792,3853
2020-07-27T12:00:00,3799.1630789302017,0.0,0.0,0.0,0.0,0.0,0.0,0.0,0.0,0.0,6077,9876,3799
2020-07-27T13:00:00,3953.1630789302017,2.728484105318785e-13,0.0,0.0,0.0,0.0,0.0,0.0,0.0,0.0,5788,9741,3953
2020-07-27T14:00:00,4567.163078930203,-9.09494701772928e-14,0.0,0.0,0.0,0.0,0.0,0.0,0.0,0.0,5112,9679,4567
2020-07-27T15:00:00,4190.163078930202,9.09494701772928e-14,0.0,0.0,0.0,0.0,0.0,0.0,0.0,0.0,5232,9422,4190
2020-07-27T16:00:00,4125.1630789302035,-2.728484105318785e-13,0.0,0.0,0.0,0.0,0.0,0.0,0.0,0.0,5093,9218,4125
2020-07-27T17:00:00,3631.1630789302026,-1.818989403545857e-13,0.0,0.0,0.0,0.0,0.0,0.0,0.0,0.0,5443,9074,3631
2020-07-27T18:00:00,3864.1630789302017,0.0,0.0,0.0,0.0,0.0,0.0,0.0,0.0,0.0,5316,9180,3864
2020-07-27T19:00:00,3770.1630789302017,-9.09494701772928e-14,0.0,0.0,0.0,0.0,0.0,0.0,0.0,0.0,5295,9065,3770
2020-07-27T20:00:00,3197.1630789302026,-9.09494701772928e-14,0.0,0.0,0.0,0.0,0.0,0.0,0.0,0.0,5355,8552,3197
2020-07-27T21:00:00,3079.1630789302026,-9.09494701772928e-14,0.0,0.0,0.0,0.0,0.0,0.0,0.0,0.0,5225,8304,3079
2020-07-27T22:00:00,3833.1630789302026,-9.09494701772928e-14,0.0,0.0,0.0,0.0,0.0,0.0,0.0,0.0,4871,8704,3833
2020-07-27T23:00:00,3770.1630789302026,-9.09494701772928e-14,0.0,0.0,0.0,0.0,0.0,0.0,0.0,0.0,4924,8694,3770
2020-07-28T00:00:00,3222.1630789302017,7.275957614183426e-13,0.0,0.0,0.0,0.0,0.0,0.0,0.0,0.0,4718,7940,3222
2020-07-28T01:00:00,2970.1630789302035,-5.456968210637569e-13,0.0,0.0,0.0,0.0,0.0,0.0,0.0,0.0,4581,7551,2970
2020-07-28T02:00:00,2928.163078930202,-1.3642420526593928e-13,0.0,0.0,0.0,0.0,0.0,0.0,0.0,0.0,4315,7243,2928
2020-07-28T03:00:00,2868.163078930202,-1.3642420526593928e-13,0.0,0.0,0.0,0.0,0.0,0.0,0.0,0.0,4030,6898,2868
2020-07-28T04:00:00,3224.1630789302026,0.0,0.0,0.0,0.0,0.0,0.0,0.0,0.0,0.0,3605,6829,3224
2020-07-28T05:00:00,3118.1630789302026,0.0,0.0,0.0,0.0,0.0,0.0,0.0,0.0,0.0,4005,7123,3118
2020-07-28T06:00:00,3110.1630789302026,-2.728484105318785e-13,0.0,0.0,0.0,0.0,0.0,0.0,0.0,0.0,4503,7613,3110
2020-07-28T07:00:00,3953.1630789302017,9.094947017729282e-13,0.0,0.0,0.0,0.0,0.0,0.0,0.0,0.0,4330,8283,3953
2020-07-28T08:00:00,4770.0,0.0,0.0,0.0,0.0,51.16307893020285,0.0,0.0,0.0,0.0,4116,8937,4821
2020-07-28T09:00:00,4770.0,1.818989403545857e-13,0.0,0.0,0.0,168.16307893020243,0.0,0.0,0.0,0.0,4456,9394,4938
2020-07-28T10:00:00,4770.0,0.0,0.0,0.0,0.0,1112.1630789302028,0.0,0.0,0.0,0.0,3767,9649,5882
2020-07-28T11:00:00,4770.0,0.0,0.0,0.0,0.0,855.1630789302031,0.0,0.0,0.0,0.0,4240,9865,5625
2020-07-28T12:00:00,4770.0,-1.3642420526593928e-13,0.0,0.0,0.0,424.16307893020326,0.0,0.0,0.0,0.0,4771,9965,5194
2020-07-28T13:00:00,4626.163078930203,-1.818989403545857e-13,0.0,0.0,0.0,0.0,0.0,0.0,0.0,0.0,5226,9852,4626
2020-07-28T14:00:00,1560.0,0.0,0.0,0.0,0.0,2716.1630789302026,0.0,0.0,0.0,0.0,5551,9827,4276
2020-07-28T15:00:00,1560.0,0.0,0.0,0.0,0.0,2414.163078930202,0.0,0.0,0.0,0.0,5625,9599,3974
2020-07-28T16:00:00,1560.0,0.0,0.0,0.0,0.0,2416.163078930202,0.0,0.0,0.0,0.0,5441,9417,3976
2020-07-28T17:00:00,1560.0,-1.3642420526593928e-13,0.0,0.0,0.0,2009.1630789302023,0.0,0.0,0.0,0.0,5712,9281,3569
2020-07-28T18:00:00,3167.1630789302026,-1.3642420526593928e-13,0.0,0.0,0.0,0.0,0.0,0.0,0.0,0.0,6192,9359,3167
2020-07-28T19:00:00,3125.1630789302017,0.0,0.0,0.0,0.0,0.0,0.0,0.0,0.0,0.0,6099,9224,3125
2020-07-28T20:00:00,2918.1630789302026,0.0,0.0,0.0,0.0,0.0,0.0,0.0,0.0,0.0,5783,8701,2918
2020-07-28T21:00:00,2835.1630789302026,0.0,0.0,0.0,0.0,0.0,0.0,0.0,0.0,0.0,5620,8455,2835
2020-07-28T22:00:00,3422.1630789302017,7.275957614183426e-13,0.0,0.0,0.0,0.0,0.0,0.0,0.0,0.0,5441,8863,3422
2020-07-28T23:00:00,3358.1630789302017,7.275957614183426e-13,0.0,0.0,0.0,0.0,0.0,0.0,0.0,0.0,5462,8820,3358
2020-01-22T00:00:00,5580.0,3130.1630789302008,2160.0,58.5,85.5,0.0,0.0,0.0,0.0,0.0,2226,13240,11014
2020-01-22T01:00:00,5580.0,3007.804414209834,2160.0,58.5,85.5,264.358664720367,0.0,0.0,0.0,0.0,1840,12996,11156
2020-01-22T02:00:00,5580.0,2608.2,2160.0,58.5,85.5,0.0,0.0,451.96307893020094,0.0,0.0,1799,12743,10944
2020-01-22T03:00:00,5580.0,2608.2,2160.0,58.5,85.5,0.0,0.0,54.96307893020139,0.0,0.0,1745,12292,10547
2020-01-22T04:00:00,5580.0,2196.6707164295067,2160.0,58.5,85.5,0.0,0.0,472.492362500695,0.0,0.0,1637,12190,10553
2020-01-22T05:00:00,5580.0,2196.6707164295067,2160.0,58.5,85.5,0.0,0.0,985.492362500695,0.0,0.0,1629,12695,11066
2020-01-22T06:00:00,5580.0,1866.6000000000006,2160.0,58.5,85.5,1123.5630789302022,0.0,1200.0,0.0,0.0,1742,13816,12074
2020-01-22T07:00:00,5580.0,1412.9999999999995,2160.0,58.5,85.5,2412.1630789302044,0.0,1200.0,0.0,0.0,1880,14789,12909
2020-01-22T08:00:00,5580.0,1479.6000000000004,2160.0,58.5,85.5,2613.1815504176875,0.0,648.3815285125147,0.0,0.0,2358,14983,12625
2020-01-22T09:00:00,5580.0,1128.6000000000004,2160.0,58.5,85.5,2875.5630789302027,0.0,0.0,0.0,0.0,3009,14897,11888
2020-01-22T10:00:00,5580.0,1458.6707164295067,2160.0,58.5,85.5,1953.492362500695,0.0,0.0,0.0,0.0,3443,14739,11296
2020-01-22T11:00:00,5580.0,1458.6707164295067,2160.0,58.5,85.5,1582.492362500695,0.0,0.0,0.0,0.0,3723,14648,10925
2020-01-22T12:00:00,5580.0,288.00000000000057,2160.0,58.5,85.5,2539.1630789302017,0.0,0.0,0.0,0.0,3786,14497,10711
2020-01-22T13:00:00,5580.0,741.6000000000004,2160.0,58.5,85.5,1411.5630789302008,0.0,0.0,0.0,0.0,4025,14062,10037
2020-01-22T14:00:00,5580.0,741.6000000000004,2160.0,58.5,85.5,884.5630789302027,0.0,0.0,0.0,0.0,4191,13701,9510
2020-01-22T15:00:00,5580.0,1071.6707164295067,2160.0,58.5,85.5,172.49236250069498,0.0,0.0,0.0,0.0,4255,13383,9128
2020-01-22T16:00:00,5580.0,1124.9999999999995,2160.0,58.5,85.5,65.16307893020257,0.0,0.0,0.0,0.0,4255,13329,9074
2020-01-22T17:00:00,5580.0,1792.163078930203,2160.0,58.5,85.5,0.0,0.0,0.0,0.0,0.0,4150,13826,9676
2020-01-22T18:00:00,5580.0,2196.6707164295067,2160.0,58.5,85.5,618.492362500695,0.0,0.0,0.0,0.0,3819,14518,10699
2020-01-22T19:00:00,5580.0,2196.6707164295067,2160.0,58.5,85.5,854.492362500695,0.0,0.0,0.0,0.0,3244,14179,10935
2020-01-22T20:00:00,5580.0,2608.2000000000003,2160.0,58.5,85.5,256.96307893020185,0.0,0.0,0.0,0.0,2770,13519,10749
2020-01-22T21:00:00,5580.0,2547.1630789302026,2160.0,58.5,85.5,0.0,0.0,0.0,0.0,0.0,2553,12984,10431
2020-01-22T22:00:00,5580.0,2797.1630789302008,2160.0,58.5,85.5,0.0,0.0,0.0,0.0,0.0,2520,13201,10681
2020-01-22T23:00:00,5580.0,3028.1630789302017,2160.0,58.5,85.5,0.0,0.0,0.0,0.0,0.0,2378,13290,10912
2020-01-23T00:00:00,5580.0,2532.163078930201,2160.0,58.5,85.5,0.0,0.0,0.0,0.0,0.0,2303,12719,10416
2020-01-23T01:00:00,5580.0,2428.1630789302017,2160.0,58.5,85.5,0.0,0.0,0.0,0.0,0.0,2064,12376,10312
2020-01-23T02:00:00,5580.0,1881.1630789302012,2160.0,58.5,85.5,0.0,0.0,0.0,0.0,0.0,2272,12037,9765
2020-01-23T03:00:00,5580.0,1410.1630789302021,2160.0,58.5,85.5,0.0,0.0,0.0,0.0,0.0,2223,11517,9294
2020-01-23T04:00:00,5580.0,1179.1630789302026,2160.0,58.5,85.5,0.0,0.0,0.0,0.0,0.0,2209,11272,9063
2020-01-23T05:00:00,5580.0,1238.163078930202,2160.0,58.5,85.5,0.0,0.0,0.0,0.0,0.0,2294,11416,9122
2020-01-23T06:00:00,5580.0,1092.5999999999997,2160.0,58.5,85.5,339.5630789302022,0.0,0.0,0.0,0.0,2446,11762,9316
2020-01-23T07:00:00,5580.0,737.9999999999997,2160.0,58.5,85.5,966.1630789302012,0.0,0.0,0.0,0.0,2572,12160,9588
2020-01-23T08:00:00,5580.0,737.9999999999997,2160.0,58.5,85.5,1182.163078930202,0.0,0.0,0.0,0.0,2848,12652,9804
2020-01-23T09:00:00,5580.0,1092.5999999999997,2160.0,58.5,85.5,648.5630789302022,0.0,0.0,0.0,0.0,3418,13043,9625
2020-01-23T10:00:00,5580.0,1389.1630789302026,2160.0,58.5,85.5,0.0,0.0,0.0,0.0,0.0,3762,13035,9273
2020-01-23T11:00:00,5580.0,937.1630789302023,2160.0,58.5,85.5,0.0,0.0,0.0,0.0,0.0,4152,12973,8821
2020-01-23T12:00:00,5580.0,874.1630789302023,2160.0,58.5,85.5,0.0,0.0,0.0,0.0,0.0,4292,13050,8758
2020-01-23T13:00:00,5580.0,150.99999999999963,2160.0,58.5,85.5,0.0,4.836921069798336,0.0,0.0,0.0,4432,12462,8030
2020-01-23T14:00:00,5580.0,0.0,2160.0,58.5,85.5,0.0,771.8369210697979,0.0,0.0,0.0,4835,11947,7112
2020-01-23T15:00:00,5580.0,0.0,2160.0,47.66307893020385,85.5,0.0,1200.0,0.0,0.0,0.0,4942,11615,6673
2020-01-23T16:00:00,5580.0,0.0,2160.0,0.0,85.5,0.0,1170.3369210697963,0.0,0.0,0.0,4859,11514,6655
2020-01-23T17:00:00,5580.0,0.0,2160.0,58.5,85.5,0.0,667.8369210697979,0.0,0.0,0.0,4866,12082,7216
2020-01-23T18:00:00,5580.0,567.1630789302026,2160.0,58.5,85.5,0.0,0.0,0.0,0.0,0.0,4481,12932,8451
2020-01-23T19:00:00,5580.0,656.6,2160.0,58.5,85.5,0.0,0.0,516.5630789302023,0.0,0.0,3824,12881,9057
2020-01-23T20:00:00,5580.0,1033.1630789302021,2160.0,58.5,85.5,0.0,0.0,0.0,0.0,0.0,3500,12417,8917
2020-01-23T21:00:00,5580.0,618.1630789302026,2160.0,58.5,85.5,0.0,0.0,0.0,0.0,0.0,3467,11969,8502
2020-01-23T22:00:00,5580.0,1033.1630789302012,2160.0,58.5,85.5,0.0,0.0,0.0,0.0,0.0,3435,12352,8917
2020-01-23T23:00:00,5580.0,2608.2,2160.0,58.5,85.5,0.0,982.0369210697984,0.0,0.0,0.0,3190,12700,9510
2020-01-24T00:00:00,5580.0,1514.1630789302003,2160.0,58.5,85.5,0.0,0.0,0.0,0.0,0.0,2963,12361,9398
2020-01-24T01:00:00,5580.0,1457.1630789302017,2160.0,58.5,85.5,0.0,0.0,0.0,0.0,0.0,2740,12081,9341
2020-01-24T02:00:00,5580.0,1274.1630789302008,2160.0,58.5,85.5,0.0,0.0,0.0,0.0,0.0,2586,11744,9158
2020-01-24T03:00:00,5580.0,573.9999999999993,2160.0,58.5,85.5,208.1630789302017,0.0,0.0,0.0,0.0,2517,11183,8666
2020-01-24T04:00:00,5580.0,562.1630789302012,2160.0,58.5,85.5,0.0,0.0,0.0,0.0,0.0,2420,10866,8446
2020-01-24T05:00:00,5580.0,663.1630789302016,2160.0,58.5,85.5,0.0,0.0,0.0,0.0,0.0,2327,10874,8547
2020-01-24T06:00:00,5580.0,538.0000000000001,2160.0,58.5,85.5,0.0,0.0,173.16307893020075,0.0,0.0,2390,10985,8595
2020-01-24T07:00:00,5580.0,744.1630789302014,2160.0,58.5,85.5,0.0,0.0,0.0,0.0,0.0,2481,11109,8628
2020-01-24T08:00:00,5580.0,691.1630789302011,2160.0,58.5,85.5,0.0,0.0,0.0,0.0,0.0,2829,11404,8575
2020-01-24T09:00:00,5580.0,676.1630789302011,2160.0,58.5,85.5,0.0,0.0,0.0,0.0,0.0,3272,11832,8560
2020-01-24T10:00:00,5580.0,0.0,2160.0,58.5,85.5,0.0,229.83692106979697,0.0,0.0,0.0,4461,12115,7654
2020-01-24T11:00:00,5580.0,0.0,2160.0,58.5,85.5,0.0,0.0,343.1630789302012,0.0,0.0,4019,12246,8227
2020-01-24T12:00:00,5580.0,0.0,2160.0,58.5,85.5,0.0,235.83692106979697,0.0,0.0,0.0,4770,12418,7648
2020-01-24T13:00:00,5580.0,0.0,2160.0,58.5,85.5,0.0,811.836921069797,0.0,0.0,0.0,4639,11711,7072
2020-01-24T14:00:00,5580.0,0.0,2160.0,0.0,0.0,0.0,1194.8369210697972,0.0,0.0,0.0,4545,11090,6545
2020-01-24T15:00:00,5580.0,0.0,2063.1630789302026,0.0,0.0,0.0,1200.0,0.0,0.0,0.0,4276,10719,6443
2020-01-24T16:00:00,5580.0,0.0,2160.0,0.0,0.0,0.0,1170.8369210697974,0.0,0.0,0.0,4058,10627,6569
2020-01-24T17:00:00,5580.0,0.0,2160.0,58.5,85.5,0.0,645.836921069797,0.0,0.0,0.0,3917,11155,7238
2020-01-24T18:00:00,5580.0,191.16307893020291,2160.0,58.5,85.5,0.0,0.0,0.0,0.0,0.0,4098,12173,8075
2020-01-24T19:00:00,5580.0,369.1630789302012,2160.0,58.5,85.5,0.0,0.0,0.0,0.0,0.0,4078,12331,8253
2020-01-24T20:00:00,5580.0,515.1630789302001,2160.0,58.5,85.5,0.0,0.0,0.0,0.0,0.0,3597,11996,8399
2020-01-24T21:00:00,5580.0,452.99999999999966,2160.0,58.5,85.5,0.0,102.83692106980038,0.0,0.0,0.0,3295,11529,8234
2020-01-24T22:00:00,5580.0,1393.1630789302028,2160.0,58.5,85.5,0.0,1200.0,0.0,0.0,0.0,3721,11798,8077
2020-01-24T23:00:00,5580.0,2510.1630789302008,2160.0,58.5,85.5,0.0,1200.0,0.0,0.0,0.0,2823,12017,9194
2020-01-25T00:00:00,5580.0,2071.163078930202,2160.0,58.5,85.5,0.0,1200.0,0.0,0.0,0.0,2990,11745,8755
2020-01-25T01:00:00,5580.0,1219.1630789302014,2160.0,58.5,85.5,0.0,0.0,0.0,0.0,0.0,2440,11543,9103
2020-01-25T02:00:00,5580.0,1047.1630789302017,2160.0,58.5,85.5,0.0,0.0,0.0,0.0,0.0,2391,11322,8931
2020-01-25T03:00:00,5580.0,626.1630789302019,2160.0,58.5,85.5,0.0,0.0,0.0,0.0,0.0,2385,10895,8510
2020-01-25T04:00:00,5580.0,681.163078930203,2160.0,58.5,85.5,0.0,0.0,0.0,0.0,0.0,2262,10827,8565
2020-01-25T05:00:00,5580.0,1128.6000000000004,2160.0,58.5,85.5,0.0,0.0,72.56307893020221,0.0,0.0,2322,11407,9085
2020-01-25T06:00:00,5580.0,1178.6,2160.0,58.5,85.5,0.0,0.0,762.5630789302031,0.0,0.0,2774,12599,9825
2020-01-25T07:00:00,5580.0,1067.163078930202,2160.0,58.5,85.5,0.0,0.0,1200.0,0.0,0.0,3441,13592,10151
2020-01-25T08:00:00,5580.0,673.0000000000001,2160.0,58.5,85.5,0.0,0.0,1193.163078930203,0.0,0.0,4096,13846,9750
2020-01-25T09:00:00,5580.0,477.16307893020166,2160.0,58.5,85.5,0.0,0.0,1200.0,0.0,0.0,4305,13866,9561
2020-01-25T10:00:00,5580.0,151.00000000000017,2160.0,58.5,85.5,297.3291316503373,0.0,937.8339472798644,0.0,0.0,4548,13818,9270
2020-01-25T11:00:00,5580.0,811.9999999999999,2160.0,58.5,85.5,438.1630789302021,0.0,1200.0,0.0,0.0,3520,13854,10334
2020-01-25T12:00:00,5580.0,1096.2000000000003,2160.0,58.5,85.5,0.0,0.0,1096.9630789302018,0.0,0.0,3722,13799,10077
2020-01-25T13:00:00,5580.0,839.163078930203,2160.0,58.5,85.5,0.0,0.0,0.0,0.0,0.0,4699,13422,8723
2020-01-25T14:00:00,5580.0,575.9999999999997,2160.0,58.5,85.5,0.0,112.83692106979834,0.0,0.0,0.0,4717,13064,8347
2020-01-25T15:00:00,5580.0,386.16307893020195,2160.0,58.5,85.5,0.0,0.0,0.0,0.0,0.0,4460,12730,8270
2020-01-25T16:00:00,5580.0,486.16307893020246,2160.0,58.5,85.5,0.0,0.0,0.0,0.0,0.0,4256,12626,8370
2020-01-25T17:00:00,5580.0,1030.1630789302021,2160.0,58.5,85.5,0.0,0.0,0.0,0.0,0.0,4112,13026,8914
2020-01-25T18:00:00,5580.0,966.7524289114914,2160.0,58.5,85.5,0.0,0.0,786.4106500187112,0.0,0.0,4218,13855,9637
2020-01-25T19:00:00,5580.0,1743.3642483097588,2160.0,58.5,85.5,0.0,0.0,1093.7988306204431,0.0,0.0,2940,13661,10721
2020-01-25T20:00:00,5580.0,1511.1630789303308,2160.0,58.5,85.5,0.0,0.0,0.0,0.0,0.0,3510,12905,9395
2020-01-25T21:00:00,5580.0,1089.1630789302021,2160.0,58.5,85.5,0.0,0.0,0.0,0.0,0.0,3262,12235,8973
2020-01-25T22:00:00,5580.0,878.1630789302017,2160.0,58.5,85.5,0.0,0.0,0.0,0.0,0.0,3662,12424,8762
2020-01-25T23:00:00,5580.0,1866.6,2160.0,58.5,85.5,0.0,846.4369210697985,0.0,0.0,0.0,3652,12556,8904
2020-01-26T00:00:00,5580.0,1641.1630789302005,2160.0,58.5,85.5,0.0,0.0,0.0,0.0,0.0,2622,12147,9525
2020-01-26T01:00:00,5580.0,1125.0000000000007,2160.0,58.5,85.5,617.1630789302008,0.0,0.0,0.0,0.0,2280,11906,9626
2020-01-26T02:00:00,5580.0,1124.9999999999986,2160.0,58.5,85.5,278.1630789302026,0.0,0.0,0.0,0.0,2361,11648,9287
2020-01-26T03:00:00,5580.0,1125.0,2160.0,58.5,85.5,264.1630789302021,0.0,0.0,0.0,0.0,1936,11209,9273
2020-01-26T04:00:00,5580.0,659.3353881278531,2160.0,58.5,85.5,0.0,0.0,634.8276908023488,0.0,0.0,1947,11125,9178
2020-01-26T05:00:00,5580.0,1432.1630789302021,2160.0,58.5,85.5,0.0,0.0,0.0,0.0,0.0,2321,11637,9316
2020-01-26T06:00:00,5580.0,1700.9999999999995,2160.0,58.5,85.5,452.16307893020166,0.0,0.0,0.0,0.0,2811,12848,10037
2020-01-26T07:00:00,5580.0,2266.8919191509276,2160.0,58.5,85.5,185.2711597792741,0.0,0.0,0.0,0.0,3481,13817,10336
2020-01-26T08:00:00,5580.0,1162.9999999999998,2160.0,58.5,85.5,900.1630789302021,0.0,0.0,0.0,0.0,4135,14082,9947
2020-01-26T09:00:00,5580.0,1124.9999999999995,2160.0,58.5,85.5,519.1630789302017,0.0,0.0,0.0,0.0,4592,14120,9528
2020-01-26T10:00:00,5580.0,737.9999999999997,2160.0,58.5,85.5,624.1630789302017,0.0,0.0,0.0,0.0,4847,14093,9246
2020-01-26T11:00:00,5580.0,737.9999999999997,2160.0,58.5,85.5,412.1630789302021,0.0,0.0,0.0,0.0,5063,14097,9034
2020-01-26T12:00:00,5580.0,947.1630789302019,2160.0,58.5,85.5,0.0,0.0,0.0,0.0,0.0,5163,13994,8831
2020-01-26T13:00:00,5580.0,387.00000000000057,2160.0,58.5,85.5,313.16307893020166,0.0,0.0,0.0,0.0,5050,13634,8584
2020-01-26T14:00:00,5580.0,386.99999999999966,2160.0,58.5,85.5,7.1630789302021185,0.0,0.0,0.0,0.0,5025,13303,8278
2020-01-26T15:00:00,5580.0,386.99999999999966,2160.0,58.5,85.5,565.1630789302021,0.0,0.0,0.0,0.0,4155,12991,8836
2020-01-26T16:00:00,5580.0,386.99999999999966,2160.0,58.5,85.5,153.16307893020212,0.0,0.0,0.0,0.0,4455,12879,8424
2020-01-26T17:00:00,5580.0,1727.163078930201,2160.0,58.5,85.5,0.0,0.0,0.0,0.0,0.0,3633,13244,9611
2020-01-26T18:00:00,5580.0,1822.1630789302012,2160.0,58.5,85.5,0.0,0.0,0.0,0.0,0.0,4397,14103,9706
2020-01-26T19:00:00,5580.0,1829.1630789302014,2160.0,58.5,85.5,0.0,0.0,0.0,0.0,0.0,4262,13975,9713
2020-01-26T20:00:00,5580.0,1744.1630789302008,2160.0,58.5,85.5,0.0,0.0,0.0,0.0,0.0,3579,13207,9628
2020-01-26T21:00:00,5580.0,2473.1630789302008,2160.0,58.5,85.5,0.0,0.0,0.0,0.0,0.0,2156,12513,10357
2020-01-26T22:00:00,5580.0,1057.1630789302021,2160.0,58.5,85.5,0.0,0.0,0.0,0.0,0.0,3741,12682,8941
2020-01-26T23:00:00,5580.0,2844.163078930201,2160.0,58.5,85.5,0.0,0.0,0.0,0.0,0.0,2080,12808,10728
2020-01-27T00:00:00,5580.0,2286.163078930202,2160.0,58.5,85.5,0.0,0.0,0.0,0.0,0.0,2125,12295,10170
2020-01-27T01:00:00,5580.0,1495.1630789302021,2160.0,58.5,85.5,0.0,0.0,0.0,0.0,0.0,2680,12059,9379
2020-01-27T02:00:00,5580.0,1866.6,2160.0,58.5,85.5,264.5630789302015,0.0,0.0,0.0,0.0,1790,11805,10015
2020-01-27T03:00:00,5580.0,1458.1630789302026,2160.0,58.5,85.5,0.0,0.0,0.0,0.0,0.0,2027,11369,9342
2020-01-27T04:00:00,5580.0,1738.1630789302023,2160.0,58.5,85.5,0.0,0.0,0.0,0.0,0.0,1663,11285,9622
2020-01-27T05:00:00,5580.0,2227.163078930202,2160.0,58.5,85.5,0.0,0.0,0.0,0.0,0.0,1684,11795,10111
2020-01-27T06:00:00,5580.0,1944.072952686477,2160.0,58.5,85.5,602.0901262437246,0.0,0.0,0.0,0.0,2565,12995,10430
2020-01-27T07:00:00,5580.0,1198.9999999999998,2160.0,58.5,85.5,3189.1630789302035,0.0,0.0,0.0,0.0,1682,13954,12272
2020-01-27T08:00:00,5580.0,727.0000000000001,2160.0,58.5,85.5,1668.1630789302026,0.0,0.0,0.0,0.0,3903,14182,10279
2020-01-27T09:00:00,5580.0,1870.2000000000003,2160.0,58.5,85.5,30.96307893020185,0.0,0.0,0.0,0.0,4377,14162,9785
2020-01-27T10:00:00,5580.0,1539.1630789302017,2160.0,58.5,85.5,0.0,0.0,0.0,0.0,0.0,4657,14080,9423
2020-01-27T11:00:00,5580.0,1283.1630789302028,2160.0,58.5,85.5,0.0,0.0,0.0,0.0,0.0,4893,14060,9167
2020-01-27T12:00:00,5580.0,1092.6000000000004,2160.0,58.5,85.5,1478.563078930203,0.0,0.0,0.0,0.0,3488,13943,10455
2020-01-27T13:00:00,5580.0,737.9999999999997,2160.0,58.5,85.5,1314.1630789302026,0.0,0.0,0.0,0.0,3635,13571,9936
2020-01-27T14:00:00,5580.0,737.9999999999997,2160.0,58.5,85.5,972.1630789302026,0.0,0.0,0.0,0.0,3657,13251,9594
2020-01-27T15:00:00,5580.0,386.1630789302021,2160.0,58.5,85.5,0.0,0.0,0.0,0.0,0.0,4744,13014,8270
2020-01-27T16:00:00,5580.0,1479.6000000000006,2160.0,58.5,85.5,176.5630789302013,0.0,0.0,0.0,0.0,3411,12951,9540
2020-01-27T17:00:00,5580.0,1908.072952686477,2160.0,58.5,85.5,368.0901262437246,0.0,0.0,0.0,0.0,3122,13282,10160
2020-01-27T18:00:00,5580.0,1619.1630789302017,2160.0,58.5,85.5,0.0,0.0,0.0,0.0,0.0,4544,14047,9503
2020-01-27T19:00:00,5580.0,1524.1630789302017,2160.0,58.5,85.5,0.0,0.0,0.0,0.0,0.0,4372,13780,9408
2020-01-27T20:00:00,5580.0,1128.6000000000004,2160.0,58.5,85.5,43.56307893020221,0.0,0.0,0.0,0.0,3831,12887,9056
2020-01-27T21:00:00,5580.0,757.1630789302019,2160.0,58.5,85.5,0.0,0.0,0.0,0.0,0.0,3505,12146,8641
2020-01-27T22:00:00,5580.0,589.9999999999997,2160.0,58.5,85.5,0.0,118.83692106979696,0.0,0.0,0.0,3919,12274,8355
2020-01-27T23:00:00,5580.0,1854.1630789302021,2160.0,58.5,85.5,0.0,1200.0,0.0,0.0,0.0,3838,12376,8538
2020-01-28T00:00:00,5580.0,923.1630789302017,2160.0,58.5,85.5,0.0,0.0,0.0,0.0,0.0,3025,11832,8807
2020-01-28T01:00:00,5580.0,1059.1630789302014,2160.0,58.5,85.5,0.0,0.0,0.0,0.0,0.0,2614,11557,8943
2020-01-28T02:00:00,5580.0,908.1630789302021,2160.0,58.5,85.5,0.0,0.0,0.0,0.0,0.0,2470,11262,8792
2020-01-28T03:00:00,5580.0,285.9999999999998,2160.0,58.5,85.5,0.0,0.0,504.1630789302026,0.0,0.0,2117,10791,8674
2020-01-28T04:00:00,5580.0,727.0000000000001,2160.0,58.5,85.5,205.1984670580588,0.0,484.9646118721451,0.0,0.0,1375,10676,9301
2020-01-28T05:00:00,5580.0,1197.119328819146,2160.0,58.5,85.5,660.043750111055,0.0,0.0,0.0,0.0,1415,11156,9741
2020-01-28T06:00:00,5580.0,1197.119328819146,2160.0,58.5,85.5,477.04375011105503,0.0,0.0,0.0,0.0,2780,12338,9558
2020-01-28T07:00:00,5580.0,1197.119328819146,2160.0,58.5,85.5,951.043750111055,0.0,0.0,0.0,0.0,3272,13304,10032
2020-01-28T08:00:00,5580.0,1197.119328819146,2160.0,58.5,85.5,1596.043750111055,0.0,0.0,0.0,0.0,2908,13585,10677
2020-01-28T09:00:00,5580.0,1128.6000000000004,2160.0,58.5,85.5,263.56307893020175,0.0,0.0,0.0,0.0,4403,13679,9276
2020-01-28T10:00:00,5580.0,1128.6000000000004,2160.0,58.5,85.5,48.5630789302013,0.0,0.0,0.0,0.0,4666,13727,9061
2020-01-28T11:00:00,5580.0,741.6000000000003,2160.0,58.5,85.5,323.56307893020175,0.0,0.0,0.0,0.0,4888,13837,8949
2020-01-28T12:00:00,5580.0,741.6000000000003,2160.0,58.5,85.5,100.56307893020175,0.0,0.0,0.0,0.0,5093,13819,8726
2020-01-28T13:00:00,5580.0,743.1630789302017,2160.0,58.5,85.5,0.0,0.0,0.0,0.0,0.0,4903,13530,8627
2020-01-28T14:00:00,5580.0,287.99999999999994,2160.0,58.5,85.5,147.1630789302012,0.0,0.0,0.0,0.0,4930,13249,8319
2020-01-28T15:00:00,5580.0,359.1630789302023,2160.0,58.5,85.5,0.0,0.0,0.0,0.0,0.0,4722,12965,8243
2020-01-28T16:00:00,5580.0,387.0,2160.0,58.5,85.5,1183.1630789302017,0.0,0.0,0.0,0.0,3395,12849,9454
2020-01-28T17:00:00,5580.0,387.0,2160.0,58.5,85.5,617.1630789302021,0.0,0.0,0.0,0.0,4297,13185,8888
2020-01-28T18:00:00,5580.0,387.0,2160.0,58.5,85.5,1452.1630789302017,0.0,0.0,0.0,0.0,4279,14002,9723
2020-01-28T19:00:00,5580.0,1902.6000000000004,2160.0,58.5,85.5,1944.5630789302013,0.0,0.0,0.0,0.0,2071,13802,11731
2020-01-28T20:00:00,5580.0,1377.1630789302014,2160.0,58.5,85.5,0.0,0.0,0.0,0.0,0.0,3753,13014,9261
2020-01-28T21:00:00,5580.0,876.1630789302014,2160.0,58.5,85.5,0.0,0.0,0.0,0.0,0.0,3556,12316,8760
2020-01-28T22:00:00,5580.0,725.0,2160.0,58.5,85.5,0.0,111.83692106979652,0.0,0.0,0.0,3984,12481,8497
2020-01-28T23:00:00,5580.0,2103.1630789302017,2160.0,58.5,85.5,0.0,1200.0,0.0,0.0,0.0,3825,12612,8787
2020-07-29T00:00:00,2899.163078930202,3.637978807091713e-13,0.0,0.0,-4.547473508864641e-13,0.0,0.0,0.0,0.0,0.0,5135,8034,2899
2020-07-29T01:00:00,1560.0,3.637978807091713e-13,0.0,9.094947017729282e-13,0.0,884.1630789302008,0.0,0.0,0.0,0.0,5198,7642,2444
2020-07-29T02:00:00,1560.0,-3.637978807091713e-13,0.0,0.0,-1.1368683772161605e-13,602.1630789302027,0.0,0.0,0.0,0.0,5171,7333,2162
2020-07-29T03:00:00,1897.1630789302021,0.0,0.0,0.0,0.0,0.0,0.0,0.0,0.0,0.0,5092,6989,1897
2020-07-29T04:00:00,1560.0,0.0,0.0,0.0,0.0,633.1630789302021,0.0,0.0,0.0,0.0,4728,6921,2193
2020-07-29T05:00:00,2478.163078930202,5.684341886080802e-14,0.0,0.0,0.0,0.0,0.0,0.0,0.0,0.0,4728,7206,2478
2020-07-29T06:00:00,3076.163078930202,0.0,0.0,0.0,0.0,0.0,0.0,0.0,0.0,0.0,4611,7687,3076
2020-07-29T07:00:00,3947.163078930202,0.0,0.0,0.0,0.0,0.0,0.0,0.0,0.0,0.0,4421,8368,3947
2020-07-29T08:00:00,4730.163078930202,0.0,0.0,0.0,0.0,0.0,0.0,0.0,0.0,0.0,4295,9025,4730
2020-07-29T09:00:00,4770.0,1.3642420526593928e-13,0.0,0.0,0.0,524.1630789302023,0.0,0.0,0.0,0.0,4205,9499,5294
2020-07-29T10:00:00,4770.0,1.3642420526593928e-13,0.0,0.0,0.0,597.1630789302023,0.0,0.0,0.0,0.0,4412,9779,5367
2020-07-29T11:00:00,4770.0,1.3642420526593928e-13,0.0,0.0,0.0,699.1630789302023,0.0,0.0,0.0,0.0,4546,10015,5469
2020-07-29T12:00:00,4770.0,1.3642420526593928e-13,0.0,0.0,0.0,197.16307893020257,0.0,0.0,0.0,0.0,5167,10134,4967
2020-07-29T13:00:00,4770.0,0.0,0.0,0.0,0.0,600.1630789302028,0.0,0.0,0.0,0.0,4677,10047,5370
2020-07-29T14:00:00,4770.0,0.0,0.0,0.0,0.0,634.1630789302026,0.0,0.0,0.0,0.0,4660,10064,5404
2020-07-29T15:00:00,4770.0,0.0,0.0,0.0,0.0,767.1630789302026,0.0,0.0,0.0,0.0,4329,9866,5537
2020-07-29T16:00:00,4770.0,0.0,0.0,0.0,0.0,634.1630789302026,0.0,0.0,0.0,0.0,4293,9697,5404
2020-07-29T17:00:00,4770.0,5.6462607910957903e-14,0.0,0.0,0.0,524.1630789302026,0.0,0.0,0.0,0.0,4263,9557,5294
2020-07-29T18:00:00,4770.0,6.821210263296964e-14,0.0,0.0,0.0,596.1630789302025,0.0,0.0,0.0,0.0,4220,9586,5366
2020-07-29T19:00:00,4770.0,0.0,0.0,0.0,0.0,388.1630789302026,0.0,0.0,0.0,0.0,4256,9414,5158
2020-07-29T20:00:00,4770.0,0.0,0.0,0.0,0.0,108.16307893020256,0.0,0.0,0.0,0.0,3995,8873,4878
2020-07-29T21:00:00,4770.0,3.637978807091713e-13,0.0,0.0,0.0,31.16307893020212,0.0,0.0,0.0,0.0,3826,8627,4801
2020-07-29T22:00:00,4770.0,3.637978807091713e-13,0.0,0.0,0.0,463.1630789302026,0.0,0.0,0.0,0.0,3808,9041,5233
2020-07-29T23:00:00,5048.163078930202,3.637978807091713e-13,0.0,0.0,0.0,0.0,0.0,0.0,0.0,0.0,3912,8960,5048
2020-07-30T00:00:00,4124.163078930203,0.0,0.0,0.0,0.0,0.0,0.0,0.0,0.0,0.0,4023,8147,4124
2020-07-30T01:00:00,3696.163078930202,3.637978807091713e-13,0.0,0.0,0.0,0.0,0.0,0.0,0.0,0.0,4040,7736,3696
2020-07-30T02:00:00,3486.1630789302017,1.818989403545857e-13,0.0,0.0,0.0,0.0,0.0,0.0,0.0,0.0,3946,7432,3486
2020-07-30T03:00:00,3113.163078930202,1.818989403545857e-13,0.0,0.0,0.0,0.0,0.0,0.0,0.0,0.0,3966,7079,3113
2020-07-30T04:00:00,3285.1630789302026,0.0,0.0,0.0,0.0,0.0,0.0,0.0,0.0,0.0,3733,7018,3285
2020-07-30T05:00:00,3508.1630789302017,1.818989403545857e-13,0.0,0.0,0.0,0.0,0.0,0.0,0.0,0.0,3780,7288,3508
2020-07-30T06:00:00,4085.163078930202,1.818989403545857e-13,0.0,0.0,0.0,0.0,0.0,0.0,0.0,0.0,3657,7742,4085
2020-07-30T07:00:00,5016.163078930203,0.0,0.0,0.0,0.0,0.0,0.0,0.0,0.0,0.0,3378,8394,5016
2020-07-30T08:00:00,5580.0,-1.3642420526593928e-13,0.0,0.0,0.0,78.16307893020304,0.0,0.0,0.0,0.0,3374,9032,5658
2020-07-30T09:00:00,5580.0,0.0,0.0,0.0,0.0,117.16307893020304,0.0,0.0,0.0,0.0,3828,9525,5697
2020-07-30T10:00:00,5550.1630789302035,0.0,0.0,0.0,0.0,0.0,0.0,0.0,0.0,0.0,4238,9788,5550
2020-07-30T11:00:00,5571.1630789302035,0.0,0.0,0.0,0.0,0.0,0.0,0.0,0.0,0.0,4439,10010,5571
2020-07-30T12:00:00,5580.0,-1.3642420526593928e-13,0.0,0.0,0.0,7.163078930203045,0.0,0.0,0.0,0.0,4548,10135,5587
2020-07-30T13:00:00,5555.1630789302035,-1.3642420526593928e-13,0.0,0.0,0.0,0.0,0.0,0.0,0.0,0.0,4390,9945,5555
2020-07-30T14:00:00,5580.0,0.0,0.0,0.0,0.0,177.16307893020291,0.0,0.0,0.0,0.0,4215,9972,5757
2020-07-30T15:00:00,1860.0,-3.637978807091713e-13,0.0,0.0,0.0,3891.163078930203,0.0,0.0,0.0,0.0,4013,9764,5751
2020-07-30T16:00:00,5580.0,1.818989403545857e-13,0.0,0.0,0.0,281.1630789302026,0.0,0.0,0.0,0.0,3687,9548,5861
2020-07-30T17:00:00,5580.0,-2.728484105318785e-13,0.0,0.0,0.0,581.1630789302031,0.0,0.0,0.0,0.0,3258,9419,6161
2020-07-30T18:00:00,5580.0,3.637978807091713e-13,0.0,0.0,0.0,843.163078930203,0.0,0.0,0.0,0.0,2978,9401,6423
2020-07-30T19:00:00,5580.0,0.0,0.0,0.0,0.0,781.163078930203,0.0,0.0,0.0,0.0,2777,9138,6361
2020-07-30T20:00:00,5580.0,1.818989403545857e-13,0.0,0.0,0.0,358.163078930203,0.0,0.0,0.0,0.0,2697,8635,5938
2020-07-30T21:00:00,5580.0,3.637978807091713e-13,0.0,0.0,0.0,273.16307893020286,0.0,0.0,0.0,0.0,2585,8438,5853
2020-07-30T22:00:00,5580.0,0.0,0.0,0.0,0.0,892.163078930203,0.0,0.0,0.0,0.0,2394,8866,6472
2020-07-30T23:00:00,5580.0,0.0,0.0,0.0,0.0,782.163078930203,0.0,0.0,0.0,0.0,2404,8766,6362
2020-07-31T00:00:00,3570.1630789302017,3.637978807091713e-13,0.0,0.0,0.0,0.0,0.0,0.0,0.0,0.0,4397,7967,3570
2020-07-31T01:00:00,5387.163078930203,1.818989403545857e-13,0.0,0.0,0.0,0.0,0.0,0.0,0.0,0.0,2115,7502,5387
2020-07-31T02:00:00,3155.163078930202,-1.3073986337985842e-13,0.0,0.0,0.0,0.0,0.0,0.0,0.0,0.0,3993,7148,3155
2020-07-31T03:00:00,4727.163078930203,1.818989403545857e-13,0.0,0.0,0.0,0.0,0.0,0.0,0.0,0.0,2009,6736,4727
2020-07-31T04:00:00,4542.163078930203,0.0,0.0,0.0,0.0,0.0,0.0,0.0,0.0,0.0,2019,6561,4542
2020-07-31T05:00:00,2477.163078930202,1.818989403545857e-13,0.0,0.0,0.0,0.0,0.0,0.0,0.0,0.0,4100,6577,2477
2020-07-31T06:00:00,1860.0,5.456968210637569e-13,0.0,0.0,0.0,0.0,320.8369210697979,0.0,0.0,0.0,5077,6616,1539
2020-07-31T07:00:00,1860.0,0.0,0.0,0.0,0.0,0.0,9.836921069798336,0.0,0.0,0.0,5046,6896,1850
2020-07-31T08:00:00,3787.1630789302017,0.0,0.0,0.0,0.0,0.0,0.0,0.0,0.0,0.0,3639,7426,3787
2020-07-31T09:00:00,2663.163078930315,-1.1242041931318599e-10,0.0,0.0,0.0,0.0,0.0,0.0,0.0,0.0,5333,7996,2663
2020-07-31T10:00:00,4410.0,-1.1368683772161604e-14,0.0,0.0,0.0,8.157697325505245,0.0,248.00538160469716,0.0,0.0,3669,8335,4666
2020-07-31T11:00:00,2410.1630789302026,-1.3073986337985842e-13,0.0,0.0,0.0,0.0,0.0,0.0,0.0,0.0,6185,8595,2410
2020-07-31T12:00:00,4410.0,-1.3073986337985842e-13,0.0,0.0,0.0,858.1630789302025,0.0,0.0,0.0,0.0,3663,8931,5268
2020-07-31T13:00:00,4410.0,0.0,0.0,0.0,0.0,964.1630789302023,0.0,0.0,0.0,0.0,3343,8717,5374
2020-07-31T14:00:00,2735.163078930202,0.0,0.0,0.0,0.0,0.0,0.0,0.0,0.0,0.0,5915,8650,2735
2020-07-31T15:00:00,2893.163078930202,1.818989403545857e-13,0.0,0.0,0.0,0.0,0.0,0.0,0.0,0.0,5595,8488,2893
2020-07-31T16:00:00,4410.0,-2.728484105318785e-13,0.0,0.0,0.0,1279.163078930203,0.0,0.0,0.0,0.0,2649,8338,5689
2020-07-31T17:00:00,4410.0,-1.3073986337985842e-13,0.0,0.0,0.0,869.1630789302025,0.0,0.0,0.0,0.0,3007,8286,5279
2020-07-31T18:00:00,3275.1630789302017,2.728484105318785e-13,0.0,0.0,0.0,0.0,0.0,0.0,0.0,0.0,5011,8286,3275
2020-07-31T19:00:00,3114.1630789302017,1.818989403545857e-13,0.0,0.0,0.0,0.0,0.0,0.0,0.0,0.0,5039,8153,3114
2020-07-31T20:00:00,2842.163078930202,-1.3073986337985842e-13,0.0,0.0,0.0,0.0,0.0,0.0,0.0,0.0,4991,7833,2842
2020-07-31T21:00:00,4410.0,0.0,0.0,0.0,0.0,1439.1630789302026,0.0,0.0,0.0,0.0,1970,7819,5849
2020-07-31T22:00:00,3351.1630789302026,3.637978807091713e-13,0.0,0.0,0.0,0.0,0.0,0.0,0.0,0.0,5035,8386,3351
2020-07-31T23:00:00,3308.1630789302026,3.637978807091713e-13,0.0,0.0,0.0,0.0,0.0,0.0,0.0,0.0,5033,8341,3308
2020-08-01T00:00:00,4410.0,4.547473508864642e-13,0.0,0.0,0.0,1316.1630789302026,0.0,0.0,0.0,0.0,1855,7581,5726
2020-08-01T01:00:00,4410.0,0.0,0.0,0.0,0.0,931.163078930203,0.0,0.0,0.0,0.0,1830,7171,5341
2020-08-01T02:00:00,4410.0,2.728484105318785e-13,0.0,0.0,0.0,696.1630789302026,0.0,0.0,0.0,0.0,1719,6825,5106
2020-08-01T03:00:00,4410.0,0.0,0.0,0.0,0.0,397.16307893020263,0.0,0.0,0.0,0.0,1622,6429,4807
2020-08-01T04:00:00,4410.0,0.0,0.0,0.0,0.0,209.1630789302028,0.0,0.0,0.0,0.0,1619,6238,4619
2020-08-01T05:00:00,1957.1630789302021,-9.094947017729285e-14,0.0,0.0,0.0,0.0,0.0,0.0,0.0,0.0,4209,6166,1957
2020-08-01T06:00:00,3547.163078930203,-4.547473508864642e-13,0.0,0.0,0.0,0.0,0.0,0.0,0.0,0.0,2516,6063,3547
2020-08-01T07:00:00,2703.163078930202,0.0,0.0,0.0,0.0,0.0,0.0,0.0,0.0,0.0,3512,6215,2703
2020-08-01T08:00:00,2956.1630789302026,-5.456968210637569e-13,0.0,0.0,0.0,0.0,0.0,0.0,0.0,0.0,3706,6662,2956
2020-08-01T09:00:00,3512.163078930202,-9.094947017729285e-14,0.0,0.0,0.0,0.0,0.0,0.0,0.0,0.0,3710,7222,3512
2020-08-01T10:00:00,1860.0,0.0,0.0,0.0,0.0,0.0,174.83692106979788,0.0,0.0,0.0,5964,7649,1685
2020-08-01T11:00:00,3499.035388127854,-9.094947017729285e-14,0.0,0.0,0.0,0.0,0.0,131.1276908023484,0.0,0.0,4359,7989,3630
2020-08-01T12:00:00,4834.163078930203,-1.3642420526593928e-13,0.0,0.0,0.0,0.0,0.0,0.0,0.0,0.0,3538,8372,4834
2020-08-01T13:00:00,1984.1630789302021,0.0,0.0,0.0,0.0,0.0,0.0,0.0,0.0,0.0,6114,8098,1984
2020-08-01T14:00:00,3919.791748206032,0.0,0.0,0.0,0.0,1176.3713307241708,0.0,0.0,0.0,0.0,2882,7978,5096
2020-08-01T15:00:00,5258.1630789302035,9.09494701772928e-14,0.0,0.0,0.0,0.0,0.0,0.0,0.0,0.0,2560,7818,5258
2020-08-01T16:00:00,2406.1630789302017,2.728484105318785e-13,0.0,0.0,0.0,0.0,0.0,0.0,0.0,0.0,5305,7711,2406
2020-08-01T17:00:00,4956.163078930203,3.4106051316484814e-14,0.0,0.0,0.0,0.0,0.0,0.0,0.0,0.0,2762,7718,4956
2020-08-01T18:00:00,2782.163078930201,1.0004441719502211e-12,0.0,0.0,0.0,0.0,0.0,0.0,0.0,0.0,5011,7793,2782
2020-08-01T19:00:00,4489.163078930202,0.0,0.0,0.0,0.0,0.0,0.0,0.0,0.0,0.0,3404,7893,4489
2020-08-01T20:00:00,5259.1630789302035,0.0,0.0,0.0,0.0,0.0,0.0,0.0,0.0,0.0,2552,7811,5259
2020-08-01T21:00:00,5580.0,2.728484105318785e-13,0.0,0.0,0.0,467.16307893020286,0.0,0.0,0.0,0.0,1878,7925,6047
2020-08-01T22:00:00,3530.1630789302017,5.45696821063757e-13,0.0,0.0,0.0,0.0,0.0,0.0,0.0,0.0,4938,8468,3530
2020-08-01T23:00:00,5580.0,8.185452315956355e-13,0.0,0.0,0.0,612.1630789302025,0.0,0.0,0.0,0.0,2168,8360,6192
2020-08-02T00:00:00,5580.0,0.0,0.0,0.0,0.0,235.16307893020297,0.0,0.0,0.0,0.0,1669,7484,5815
2020-08-02T01:00:00,5580.0,1.818989403545857e-13,0.0,0.0,0.0,82.16307893020272,0.0,0.0,0.0,0.0,1441,7103,5662
2020-08-02T02:00:00,5245.163078930203,2.728484105318785e-13,0.0,0.0,0.0,0.0,0.0,0.0,0.0,0.0,1574,6819,5245
2020-08-02T03:00:00,4948.163078930203,0.0,0.0,0.0,0.0,0.0,0.0,0.0,0.0,0.0,1579,6527,4948
2020-08-02T04:00:00,4948.163078930203,0.0,0.0,0.0,0.0,0.0,0.0,0.0,0.0,0.0,1578,6526,4948
2020-08-02T05:00:00,5226.163078930203,2.728484105318785e-13,0.0,0.0,0.0,0.0,0.0,0.0,0.0,0.0,1631,6857,5226
2020-08-02T06:00:00,4897.1630789302035,1.818989403545857e-13,0.0,0.0,0.0,0.0,0.0,0.0,0.0,0.0,2422,7319,4897
2020-08-02T07:00:00,1860.0,0.0,0.0,0.0,0.0,2727.1630789302026,0.0,0.0,0.0,0.0,3454,8041,4587
2020-08-02T08:00:00,5048.163078930203,3.637978807091713e-13,0.0,0.0,0.0,0.0,0.0,0.0,0.0,0.0,3710,8758,5048
2020-08-02T09:00:00,3913.163078930202,0.0,0.0,0.0,0.0,0.0,0.0,0.0,0.0,0.0,5406,9319,3913
2020-08-02T10:00:00,5580.0,0.0,0.0,0.0,0.0,391.16307893020274,0.0,0.0,0.0,0.0,3721,9692,5971
2020-08-02T11:00:00,5580.0,3.6070136091849194e-14,0.0,0.0,0.0,658.1630789302027,0.0,0.0,0.0,0.0,3744,9982,6238
2020-08-02T12:00:00,5580.0,0.0,0.0,0.0,0.0,954.1630789302028,0.0,0.0,0.0,0.0,3644,10178,6534
2020-08-02T13:00:00,5580.0,0.0,0.0,0.0,0.0,1245.1630789302028,0.0,0.0,0.0,0.0,3294,10119,6825
2020-08-02T14:00:00,5580.0,-5.456968210637569e-13,0.0,0.0,0.0,1651.1630789302033,0.0,0.0,0.0,0.0,3006,10237,7231
2020-08-02T15:00:00,5580.0,2.728484105318785e-13,0.0,0.0,0.0,1815.1630789302023,0.0,0.0,0.0,0.0,2692,10087,7395
2020-08-02T16:00:00,5580.0,1.818989403545857e-13,0.0,0.0,0.0,1623.1630789302026,0.0,0.0,0.0,0.0,2716,9919,7203
2020-08-02T17:00:00,5580.0,0.0,0.0,0.0,0.0,1095.1630789302028,0.0,0.0,0.0,0.0,3080,9755,6675
2020-08-02T18:00:00,5580.0,0.0,0.0,0.0,0.0,92.16307893020272,0.0,0.0,0.0,0.0,3985,9657,5672
2020-08-02T19:00:00,5580.0,4.5474735088646414e-14,0.0,0.0,0.0,151.16307893020266,0.0,0.0,0.0,0.0,3733,9464,5731
2020-08-02T20:00:00,5580.0,9.094947017729282e-13,0.0,0.0,0.0,513.163078930202,0.0,0.0,0.0,0.0,2816,8909,6093
2020-08-02T21:00:00,5580.0,1.818989403545857e-13,0.0,0.0,0.0,596.1630789302029,0.0,0.0,0.0,0.0,2548,8724,6176
2020-08-02T22:00:00,5580.0,0.0,0.0,0.0,0.0,752.1630789302028,0.0,0.0,0.0,0.0,2799,9131,6332
2020-08-02T23:00:00,5580.0,0.0,0.0,0.0,0.0,451.16307893020286,0.0,0.0,0.0,0.0,2911,8942,6031
2020-08-03T00:00:00,4774.163078930203,7.275957614183426e-13,0.0,0.0,0.0,0.0,0.0,0.0,0.0,0.0,3333,8107,4774
2020-08-03T01:00:00,4297.163078930203,0.0,0.0,0.0,0.0,0.0,0.0,0.0,0.0,0.0,3407,7704,4297
2020-08-03T02:00:00,4627.1630789302035,0.0,0.0,0.0,0.0,0.0,0.0,0.0,0.0,0.0,2791,7418,4627
2020-08-03T03:00:00,3415.1630789302026,0.0,0.0,0.0,0.0,0.0,0.0,0.0,0.0,0.0,3681,7096,3415
2020-08-03T04:00:00,3884.1630789302026,0.0,0.0,0.0,0.0,0.0,0.0,0.0,0.0,0.0,3170,7054,3884
2020-08-03T05:00:00,3229.1630789302026,0.0,0.0,0.0,0.0,0.0,0.0,0.0,0.0,0.0,4077,7306,3229
2020-08-03T06:00:00,3364.1630789302026,0.0,0.0,0.0,0.0,0.0,0.0,0.0,0.0,0.0,4362,7726,3364
2020-08-03T07:00:00,4774.163078930203,0.0,0.0,0.0,0.0,0.0,0.0,0.0,0.0,0.0,3669,8443,4774
2020-08-03T08:00:00,5452.1630789302035,0.0,0.0,0.0,0.0,0.0,0.0,0.0,0.0,0.0,3681,9133,5452
2020-08-03T09:00:00,5580.0,0.0,0.0,0.0,0.0,395.1630789302029,0.0,0.0,0.0,0.0,3737,9712,5975
2020-08-03T10:00:00,5580.0,0.0,0.0,0.0,0.0,530.1630789302027,0.0,0.0,0.0,0.0,4007,10117,6110
2020-08-03T11:00:00,5580.0,0.0,0.0,0.0,0.0,496.1630789302029,0.0,0.0,0.0,0.0,4357,10433,6076
2020-08-03T12:00:00,5214.1630789302035,0.0,0.0,0.0,0.0,0.0,0.0,0.0,0.0,0.0,5382,10596,5214
2020-08-03T13:00:00,5220.1630789302035,0.0,0.0,0.0,0.0,0.0,0.0,0.0,0.0,0.0,5326,10546,5220
2020-08-03T14:00:00,5580.0,0.0,0.0,0.0,0.0,806.1630789302033,0.0,0.0,0.0,0.0,4313,10699,6386
2020-08-03T15:00:00,5580.0,5.456968210637569e-13,0.0,0.0,0.0,171.16307893020235,0.0,0.0,0.0,0.0,4821,10572,5751
2020-08-03T16:00:00,5580.0,0.0,0.0,0.0,0.0,1213.1630789302028,0.0,0.0,0.0,0.0,3609,10402,6793
2020-08-03T17:00:00,5580.0,5.456968210637569e-13,0.0,0.0,0.0,427.16307893020235,0.0,0.0,0.0,0.0,4218,10225,6007
2020-08-03T18:00:00,5580.0,0.0,0.0,0.0,0.0,634.1630789302029,0.0,0.0,0.0,0.0,3830,10044,6214
2020-08-03T19:00:00,5551.163078930203,0.0,0.0,0.0,0.0,0.0,0.0,0.0,0.0,0.0,4178,9729,5551
2020-08-03T20:00:00,4878.1630789302035,0.0,0.0,0.0,0.0,0.0,0.0,0.0,0.0,0.0,4272,9150,4878
2020-08-03T21:00:00,4765.1630789302035,-2.728484105318785e-13,0.0,0.0,0.0,0.0,0.0,0.0,0.0,0.0,4188,8953,4765
2020-08-03T22:00:00,5180.163078930203,7.275957614183426e-13,0.0,0.0,0.0,0.0,0.0,0.0,0.0,0.0,4169,9349,5180
2020-08-03T23:00:00,5089.163078930203,7.275957614183426e-13,0.0,0.0,0.0,0.0,0.0,0.0,0.0,0.0,4034,9123,5089
2020-08-04T00:00:00,5098.163078930203,-2.728484105318785e-13,0.0,0.0,0.0,0.0,0.0,0.0,0.0,0.0,3076,8174,5098
2020-08-04T01:00:00,4143.163078930203,0.0,0.0,0.0,0.0,0.0,0.0,0.0,0.0,0.0,3625,7768,4143
2020-08-04T02:00:00,3917.1630789302017,0.0,0.0,0.0,0.0,0.0,0.0,0.0,0.0,0.0,3565,7482,3917
2020-08-04T03:00:00,4044.1630789302026,-2.728484105318785e-13,0.0,0.0,0.0,0.0,0.0,0.0,0.0,0.0,3120,7164,4044
2020-08-04T04:00:00,3961.163078930202,0.0,0.0,0.0,0.0,0.0,0.0,0.0,0.0,0.0,3164,7125,3961
2020-08-04T05:00:00,4125.163078930202,1.0004441719502211e-12,0.0,0.0,0.0,0.0,0.0,0.0,0.0,0.0,3250,7375,4125
2020-08-04T06:00:00,4299.163078930203,0.0,0.0,0.0,0.0,0.0,0.0,0.0,0.0,0.0,3492,7791,4299
2020-08-04T07:00:00,4830.163078930203,0.0,0.0,0.0,0.0,0.0,0.0,0.0,0.0,0.0,3690,8520,4830
2020-08-04T08:00:00,5301.163078930203,0.0,0.0,0.0,0.0,0.0,0.0,0.0,0.0,0.0,3907,9208,5301
2020-08-04T09:00:00,5552.163078930203,0.0,0.0,0.0,0.0,0.0,0.0,0.0,0.0,0.0,4238,9790,5552
2020-08-04T10:00:00,4919.163078930203,0.0,0.0,0.0,0.0,0.0,0.0,0.0,0.0,0.0,5271,10190,4919
2020-08-04T11:00:00,5257.163078930203,0.0,0.0,0.0,0.0,0.0,0.0,0.0,0.0,0.0,5232,10489,5257
2020-08-04T12:00:00,5016.163078930203,-9.094947017729285e-14,0.0,0.0,0.0,0.0,0.0,0.0,0.0,0.0,5612,10628,5016
2020-08-04T13:00:00,4895.163078930203,0.0,0.0,0.0,0.0,0.0,0.0,0.0,0.0,0.0,5657,10552,4895
2020-08-04T14:00:00,5060.163078930203,0.0,0.0,0.0,0.0,0.0,0.0,0.0,0.0,0.0,5617,10677,5060
2020-08-04T15:00:00,5580.0,-9.094947017729285e-14,0.0,0.0,0.0,22.163078930202385,0.0,0.0,0.0,0.0,4920,10522,5602
2020-08-04T16:00:00,5479.163078930203,-9.094947017729285e-14,0.0,0.0,0.0,0.0,0.0,0.0,0.0,0.0,4851,10330,5479
2020-08-04T17:00:00,5580.0,-2.8421709430404e-15,0.0,0.0,0.0,378.16307893020223,0.0,0.0,0.0,0.0,4184,10142,5958
2020-08-04T18:00:00,5277.1630789302035,-2.728484105318785e-13,0.0,0.0,0.0,0.0,0.0,0.0,0.0,0.0,4694,9971,5277
2020-08-04T19:00:00,5136.163078930203,-2.728484105318784e-13,0.0,0.0,0.0,0.0,0.0,0.0,0.0,0.0,4530,9666,5136
2020-08-04T20:00:00,4602.163078930203,0.0,0.0,0.0,0.0,0.0,0.0,0.0,0.0,0.0,4491,9093,4602
2020-08-04T21:00:00,4395.1630789302035,-2.728484105318785e-13,0.0,0.0,0.0,0.0,0.0,0.0,0.0,0.0,4502,8897,4395
2020-08-04T22:00:00,4611.163078930203,0.0,0.0,0.0,0.0,0.0,0.0,0.0,0.0,0.0,4681,9292,4611
2020-08-04T23:00:00,4446.163078930203,-2.728484105318785e-13,0.0,0.0,0.0,0.0,0.0,0.0,0.0,0.0,4633,9079,4446
2020-08-05T00:00:00,2734.1242067695803,1.818989403545857e-13,0.0,0.0,-6.821210263296962e-13,958.0388721606224,0.0,0.0,0.0,0.0,4450,8142,3692
2020-08-05T01:00:00,3113.163078930203,1.818989403545857e-13,0.0,-9.094947017729282e-13,0.0,0.0,0.0,0.0,0.0,0.0,4624,7737,3113
2020-08-05T02:00:00,3031.163078930202,-1.3500311979441904e-14,0.0,0.0,2.403410803708332e-13,0.0,0.0,0.0,0.0,0.0,4420,7451,3031
2020-08-05T03:00:00,2739.163078930202,0.0,0.0,0.0,0.0,0.0,0.0,0.0,0.0,0.0,4390,7129,2739
2020-08-05T04:00:00,2710.1630789302017,2.728484105318785e-13,0.0,0.0,0.0,0.0,0.0,0.0,0.0,0.0,4378,7088,2710
2020-08-05T05:00:00,3180.1630789302017,2.728484105318785e-13,0.0,0.0,0.0,0.0,0.0,0.0,0.0,0.0,4157,7337,3180
2020-08-05T06:00:00,3753.163078930202,0.0,0.0,0.0,0.0,0.0,0.0,0.0,0.0,0.0,4001,7754,3753
2020-08-05T07:00:00,4700.163078930203,0.0,0.0,0.0,0.0,0.0,0.0,0.0,0.0,0.0,3774,8474,4700
2020-08-05T08:00:00,5533.163078930203,0.0,0.0,0.0,0.0,0.0,0.0,0.0,0.0,0.0,3627,9160,5533
2020-08-05T09:00:00,5580.0,-2.728484105318785e-13,0.0,0.0,0.0,563.163078930203,0.0,0.0,0.0,0.0,3595,9738,6143
2020-08-05T10:00:00,5580.0,0.0,0.0,0.0,0.0,549.1630789302028,0.0,0.0,0.0,0.0,4010,10139,6129
2020-08-05T11:00:00,5580.0,0.0,0.0,0.0,0.0,422.1630789302028,0.0,0.0,0.0,0.0,4444,10446,6002
2020-08-05T12:00:00,5580.0,0.0,0.0,0.0,0.0,56.163078930202815,0.0,0.0,0.0,0.0,4963,10599,5636
2020-08-05T13:00:00,5534.163078930203,0.0,0.0,0.0,0.0,0.0,0.0,0.0,0.0,0.0,5005,10539,5534
2020-08-05T14:00:00,5580.0,-2.728484105318785e-13,0.0,0.0,0.0,163.163078930203,0.0,0.0,0.0,0.0,4937,10680,5743
2020-08-05T15:00:00,5580.0,0.0,0.0,0.0,0.0,504.1630789302028,0.0,0.0,0.0,0.0,4459,10543,6084
2020-08-05T16:00:00,5580.0,2.728484105318785e-13,0.0,0.0,0.0,873.1630789302027,0.0,0.0,0.0,0.0,3913,10366,6453
2020-08-05T17:00:00,5580.0,2.728484105318785e-13,0.0,0.0,0.0,1138.1630789302026,0.0,0.0,0.0,0.0,3469,10187,6718
2020-08-05T18:00:00,5580.0,2.728484105318785e-13,0.0,0.0,0.0,1224.1630789302026,0.0,0.0,0.0,0.0,3209,10013,6804
2020-08-05T19:00:00,5580.0,6.366462912410498e-13,0.0,0.0,0.0,1115.1630789302023,0.0,0.0,0.0,0.0,3009,9704,6695
2020-08-05T20:00:00,5580.0,2.728484105318785e-13,0.0,0.0,0.0,738.1630789302027,0.0,0.0,0.0,0.0,2810,9128,6318
2020-08-05T21:00:00,5580.0,2.728484105318785e-13,0.0,0.0,0.0,730.1630789302026,0.0,0.0,0.0,0.0,2622,8932,6310
2020-08-05T22:00:00,5580.0,2.728484105318785e-13,0.0,0.0,0.0,1279.1630789302028,0.0,0.0,0.0,0.0,2468,9327,6859
2020-08-05T23:00:00,5580.0,2.728484105318785e-13,0.0,0.0,0.0,1137.1630789302028,0.0,0.0,0.0,0.0,2389,9106,6717
2020-08-06T00:00:00,5580.0,0.0,0.0,0.0,0.0,82.16307893020266,0.0,0.0,0.0,0.0,2470,8132,5662
2020-08-06T01:00:00,5233.163078930203,0.0,0.0,0.0,0.0,0.0,0.0,0.0,0.0,0.0,2501,7734,5233
2020-08-06T02:00:00,5058.163078930203,0.0,0.0,0.0,0.0,0.0,0.0,0.0,0.0,0.0,2372,7430,5058
2020-08-06T03:00:00,4881.163078930203,0.0,0.0,0.0,0.0,0.0,0.0,0.0,0.0,0.0,2209,7090,4881
2020-08-06T04:00:00,4765.163078930203,0.0,0.0,0.0,0.0,0.0,0.0,0.0,0.0,0.0,2267,7032,4765
2020-08-06T05:00:00,4910.163078930203,1.818989403545856e-13,0.0,0.0,0.0,0.0,0.0,0.0,0.0,0.0,2359,7269,4910
2020-08-06T06:00:00,5457.163078930203,-1.3642420526593928e-13,0.0,0.0,0.0,0.0,0.0,0.0,0.0,0.0,2196,7653,5457
2020-08-06T07:00:00,5580.0,-1.3642420526593928e-13,0.0,0.0,0.0,693.1630789302026,0.0,0.0,0.0,0.0,2066,8339,6273
2020-08-06T08:00:00,5580.0,-1.3642420526593928e-13,0.0,0.0,0.0,1333.1630789302023,0.0,0.0,0.0,0.0,2093,9006,6913
2020-08-06T09:00:00,5580.0,-9.09494701772928e-14,0.0,0.0,0.0,1614.1630789302026,0.0,0.0,0.0,0.0,2378,9572,7194
2020-08-06T10:00:00,5580.0,0.0,0.0,0.0,0.0,1390.1630789302023,0.0,0.0,0.0,0.0,2973,9943,6970
2020-08-06T11:00:00,5580.0,0.0,0.0,0.0,0.0,1259.1630789302023,0.0,0.0,0.0,0.0,3369,10208,6839
2020-08-06T12:00:00,5580.0,-1.3642420526593928e-13,0.0,0.0,0.0,1068.1630789302023,0.0,0.0,0.0,0.0,3716,10364,6648
2020-08-06T13:00:00,5580.0,-1.3642420526593928e-13,0.0,0.0,0.0,1056.1630789302028,0.0,0.0,0.0,0.0,3629,10265,6636
2020-08-06T14:00:00,5580.0,2.728484105318785e-13,0.0,0.0,0.0,1205.163078930202,0.0,0.0,0.0,0.0,3564,10349,6785
2020-08-06T15:00:00,5580.0,0.0,0.0,0.0,0.0,1331.1630789302026,0.0,0.0,0.0,0.0,3261,10172,6911
2020-08-06T16:00:00,5580.0,-1.3642420526593928e-13,0.0,0.0,0.0,1613.1630789302023,0.0,0.0,0.0,0.0,2766,9959,7193
2020-08-06T17:00:00,5580.0,-1.3642420526593928e-13,0.0,0.0,0.0,1603.1630789302023,0.0,0.0,0.0,0.0,2643,9826,7183
2020-08-06T18:00:00,5580.0,2.728484105318785e-13,0.0,0.0,0.0,1464.163078930202,0.0,0.0,0.0,0.0,2604,9648,7044
2020-08-06T19:00:00,5580.0,0.0,0.0,0.0,0.0,1136.1630789302026,0.0,0.0,0.0,0.0,2560,9276,6716
2020-08-06T20:00:00,5580.0,-1.3642420526593928e-13,0.0,0.0,0.0,700.1630789302026,0.0,0.0,0.0,0.0,2473,8753,6280
2020-08-06T21:00:00,5580.0,-1.3642420526593928e-13,0.0,0.0,0.0,688.1630789302026,0.0,0.0,0.0,0.0,2409,8677,6268
2020-08-06T22:00:00,5580.0,0.0,0.0,0.0,0.0,1121.1630789302026,0.0,0.0,0.0,0.0,2389,9090,6701
2020-08-06T23:00:00,5580.0,0.0,0.0,0.0,0.0,923.1630789302028,0.0,0.0,0.0,0.0,2385,8888,6503
2020-08-07T00:00:00,5497.1630789302035,2.728484105318785e-13,0.0,0.0,0.0,0.0,0.0,0.0,0.0,0.0,2486,7983,5497
2020-08-07T01:00:00,5049.1630789302035,2.728484105318785e-13,0.0,0.0,0.0,0.0,0.0,0.0,0.0,0.0,2480,7529,5049
2020-08-07T02:00:00,4854.163078930202,8.185452315956353e-13,0.0,0.0,0.0,0.0,0.0,0.0,0.0,0.0,2335,7189,4854
2020-08-07T03:00:00,4597.163078930203,-1.9895196601282804e-14,0.0,0.0,0.0,0.0,0.0,0.0,0.0,0.0,2221,6818,4597
2020-08-07T04:00:00,4418.163078930203,2.728484105318785e-13,0.0,0.0,0.0,0.0,0.0,0.0,0.0,0.0,2239,6657,4418
2020-08-07T05:00:00,4446.163078930203,-9.094947017729285e-14,0.0,0.0,0.0,0.0,0.0,0.0,0.0,0.0,2222,6668,4446
2020-08-07T06:00:00,3231.1630789302017,9.094947017729285e-14,0.0,0.0,0.0,0.0,0.0,0.0,0.0,0.0,3454,6685,3231
2020-08-07T07:00:00,2379.163078930202,0.0,0.0,0.0,0.0,0.0,0.0,0.0,0.0,0.0,4621,7000,2379
2020-08-07T08:00:00,4095.163078930202,-9.09494701772928e-14,0.0,0.0,0.0,0.0,0.0,0.0,0.0,0.0,3455,7550,4095
2020-08-07T09:00:00,3855.1630789302017,1.818989403545857e-13,0.0,0.0,0.0,0.0,0.0,0.0,0.0,0.0,4372,8227,3855
2020-08-07T10:00:00,4013.163078930202,0.0,0.0,0.0,0.0,0.0,0.0,0.0,0.0,0.0,4643,8656,4013
2020-08-07T11:00:00,4394.163078930203,9.094947017729285e-14,0.0,0.0,0.0,0.0,0.0,0.0,0.0,0.0,4567,8961,4394
2020-08-07T12:00:00,4759.163078930203,0.0,0.0,0.0,0.0,0.0,0.0,0.0,0.0,0.0,4568,9327,4759
2020-08-07T13:00:00,4620.163078930203,0.0,0.0,0.0,0.0,0.0,0.0,0.0,0.0,0.0,4544,9164,4620
2020-08-07T14:00:00,4925.1630789302035,0.0,0.0,0.0,0.0,0.0,0.0,0.0,0.0,0.0,4297,9222,4925
2020-08-07T15:00:00,5283.1630789302035,-2.728484105318785e-13,0.0,0.0,0.0,0.0,0.0,0.0,0.0,0.0,3821,9104,5283
2020-08-07T16:00:00,5580.0,2.728484105318785e-13,0.0,0.0,0.0,148.16307893020257,0.0,0.0,0.0,0.0,3235,8963,5728
2020-08-07T17:00:00,5580.0,8.185452315956353e-13,0.0,0.0,0.0,721.1630789302028,0.0,0.0,0.0,0.0,2578,8879,6301
2020-08-07T18:00:00,3989.163078930202,2.728484105318785e-13,0.0,0.0,0.0,0.0,0.0,0.0,0.0,0.0,4719,8708,3989
2020-08-07T19:00:00,3762.163078930202,2.728484105318785e-13,0.0,0.0,0.0,0.0,0.0,0.0,0.0,0.0,4694,8456,3762
2020-08-07T20:00:00,4196.163078930203,-3.4106051316484814e-14,0.0,0.0,0.0,0.0,0.0,0.0,0.0,0.0,3884,8080,4196
2020-08-07T21:00:00,5010.1630789302035,-9.09494701772928e-14,0.0,0.0,0.0,0.0,0.0,0.0,0.0,0.0,3156,8166,5010
2020-08-07T22:00:00,5374.163078930203,6.366462912410498e-13,0.0,0.0,0.0,0.0,0.0,0.0,0.0,0.0,3376,8750,5374
2020-08-07T23:00:00,5123.163078930203,6.366462912410498e-13,0.0,0.0,0.0,0.0,0.0,0.0,0.0,0.0,3487,8610,5123
2020-08-08T00:00:00,4731.163078930202,0.0,0.0,0.0,0.0,0.0,0.0,0.0,0.0,0.0,3006,7737,4731
2020-08-08T01:00:00,4332.163078930203,0.0,0.0,0.0,0.0,0.0,0.0,0.0,0.0,0.0,2977,7309,4332
2020-08-08T02:00:00,4190.163078930203,0.0,0.0,0.0,0.0,0.0,0.0,0.0,0.0,0.0,2777,6967,4190
2020-08-08T03:00:00,4221.163078930203,0.0,0.0,0.0,0.0,0.0,0.0,0.0,0.0,0.0,2373,6594,4221
2020-08-08T04:00:00,4128.163078930203,0.0,0.0,0.0,0.0,0.0,0.0,0.0,0.0,0.0,2307,6435,4128
2020-08-08T05:00:00,3484.1630789302017,0.0,0.0,0.0,0.0,0.0,0.0,0.0,0.0,0.0,2874,6358,3484
2020-08-08T06:00:00,2332.1630789302017,0.0,0.0,0.0,0.0,0.0,0.0,0.0,0.0,0.0,3918,6250,2332
2020-08-08T07:00:00,1563.1630789302021,0.0,0.0,0.0,0.0,0.0,0.0,0.0,0.0,0.0,4900,6463,1563
2020-08-08T08:00:00,1787.1630789302023,-5.456968210637569e-13,0.0,0.0,0.0,0.0,0.0,0.0,0.0,0.0,5151,6938,1787
2020-08-08T09:00:00,2420.1630789302017,2.728484105318785e-13,0.0,0.0,0.0,0.0,0.0,0.0,0.0,0.0,5175,7595,2420
2020-08-08T10:00:00,2922.163078930202,0.0,0.0,0.0,0.0,0.0,0.0,0.0,0.0,0.0,5192,8114,2922
2020-08-08T11:00:00,3476.1630789302017,0.0,0.0,0.0,0.0,0.0,0.0,0.0,0.0,0.0,4985,8461,3476
2020-08-08T12:00:00,3866.1630789302017,0.0,0.0,0.0,0.0,0.0,0.0,0.0,0.0,0.0,4997,8863,3866
2020-08-08T13:00:00,4047.1630789302017,0.0,0.0,0.0,0.0,0.0,0.0,0.0,0.0,0.0,4609,8656,4047
2020-08-08T14:00:00,4420.163078930203,0.0,0.0,0.0,0.0,0.0,0.0,0.0,0.0,0.0,4216,8636,4420
2020-08-08T15:00:00,4613.163078930202,0.0,0.0,0.0,0.0,0.0,0.0,0.0,0.0,0.0,3884,8497,4613
2020-08-08T16:00:00,4483.163078930202,0.0,0.0,0.0,0.0,0.0,0.0,0.0,0.0,0.0,3884,8367,4483
2020-08-08T17:00:00,3995.163078930202,0.0,0.0,0.0,0.0,0.0,0.0,0.0,0.0,0.0,4298,8293,3995
2020-08-08T18:00:00,2928.1630789302017,0.0,0.0,0.0,0.0,0.0,0.0,0.0,0.0,0.0,5239,8167,2928
2020-08-08T19:00:00,2864.1630789302017,0.0,0.0,0.0,0.0,0.0,0.0,0.0,0.0,0.0,5282,8146,2864
2020-08-08T20:00:00,3752.1630789302017,0.0,0.0,0.0,0.0,0.0,0.0,0.0,0.0,0.0,4260,8012,3752
2020-08-08T21:00:00,4492.163078930203,0.0,0.0,0.0,0.0,0.0,0.0,0.0,0.0,0.0,3710,8202,4492
2020-08-08T22:00:00,4770.0,0.0,0.0,0.0,0.0,87.16307893020148,0.0,0.0,0.0,0.0,3894,8751,4857
2020-08-08T23:00:00,4537.163078930202,0.0,0.0,0.0,0.0,0.0,0.0,0.0,0.0,0.0,4001,8538,4537
2020-08-09T00:00:00,4198.163078930202,7.275957614183426e-13,0.0,0.0,0.0,0.0,0.0,0.0,0.0,0.0,3371,7569,4198
2020-08-09T01:00:00,3886.163078930202,0.0,0.0,0.0,0.0,0.0,0.0,0.0,0.0,0.0,3321,7207,3886
2020-08-09T02:00:00,3775.163078930202,0.0,0.0,0.0,0.0,0.0,0.0,0.0,0.0,0.0,3136,6911,3775
2020-08-09T03:00:00,4035.1630789302026,-2.2737367544323216e-13,0.0,0.0,0.0,0.0,0.0,0.0,0.0,0.0,2573,6608,4035
2020-08-09T04:00:00,3955.1630789302026,0.0,0.0,0.0,0.0,0.0,0.0,0.0,0.0,0.0,2644,6599,3955
2020-08-09T05:00:00,3794.163078930202,0.0,0.0,0.0,0.0,0.0,0.0,0.0,0.0,0.0,3043,6837,3794
2020-08-09T06:00:00,2787.163078930202,-1.3642420526593928e-13,0.0,0.0,0.0,0.0,0.0,0.0,0.0,0.0,4419,7206,2787
2020-08-09T07:00:00,2437.163078930202,0.0,0.0,0.0,0.0,0.0,0.0,0.0,0.0,0.0,5408,7845,2437
2020-08-09T08:00:00,3003.163078930202,-9.09494701772928e-14,0.0,0.0,0.0,0.0,0.0,0.0,0.0,0.0,5512,8515,3003
2020-08-09T09:00:00,3384.163078930202,0.0,0.0,0.0,0.0,0.0,0.0,0.0,0.0,0.0,5765,9149,3384
2020-08-09T10:00:00,3878.163078930202,0.0,0.0,0.0,0.0,0.0,0.0,0.0,0.0,0.0,5692,9570,3878
2020-08-09T11:00:00,4173.163078930203,0.0,0.0,0.0,0.0,0.0,0.0,0.0,0.0,0.0,5716,9889,4173
2020-08-09T12:00:00,4510.163078930203,0.0,0.0,0.0,0.0,0.0,0.0,0.0,0.0,0.0,5645,10155,4510
2020-08-09T13:00:00,4767.163078930203,0.0,0.0,0.0,0.0,0.0,0.0,0.0,0.0,0.0,5302,10069,4767
2020-08-09T14:00:00,5425.163078930203,0.0,0.0,0.0,0.0,0.0,0.0,0.0,0.0,0.0,4742,10167,5425
2020-08-09T15:00:00,5443.163078930203,0.0,0.0,0.0,0.0,0.0,0.0,0.0,0.0,0.0,4556,9999,5443
2020-08-09T16:00:00,5291.163078930203,0.0,0.0,0.0,0.0,0.0,0.0,0.0,0.0,0.0,4505,9796,5291
2020-08-09T17:00:00,4855.163078930203,0.0,0.0,0.0,0.0,0.0,0.0,0.0,0.0,0.0,4765,9620,4855
2020-08-09T18:00:00,3722.1630789302026,-4.547473508864642e-13,0.0,0.0,0.0,0.0,0.0,0.0,0.0,0.0,5714,9436,3722
2020-08-09T19:00:00,3866.163078930202,0.0,0.0,0.0,0.0,0.0,0.0,0.0,0.0,0.0,5320,9186,3866
2020-08-09T20:00:00,4002.163078930202,0.0,0.0,0.0,0.0,0.0,0.0,0.0,0.0,0.0,4600,8602,4002
2020-08-09T21:00:00,4812.163078930203,0.0,0.0,0.0,0.0,0.0,0.0,0.0,0.0,0.0,3679,8491,4812
2020-08-09T22:00:00,4862.163078930202,0.0,0.0,0.0,0.0,0.0,0.0,0.0,0.0,0.0,4010,8872,4862
2020-08-09T23:00:00,4538.1630789302035,-9.09494701772928e-14,0.0,0.0,0.0,0.0,0.0,0.0,0.0,0.0,4109,8647,4538
2020-08-10T00:00:00,4602.163078930202,6.366462912410498e-13,0.0,0.0,0.0,0.0,0.0,0.0,0.0,0.0,3148,7750,4602
2020-08-10T01:00:00,3931.163078930202,2.728484105318785e-13,0.0,0.0,0.0,0.0,0.0,0.0,0.0,0.0,3445,7376,3931
2020-08-10T02:00:00,3846.163078930202,-2.8421709430404004e-14,0.0,0.0,0.0,0.0,0.0,0.0,0.0,0.0,3238,7084,3846
2020-08-10T03:00:00,4107.163078930203,2.728484105318785e-13,0.0,0.0,0.0,0.0,0.0,0.0,0.0,0.0,2654,6761,4107
2020-08-10T04:00:00,4147.1630789302035,-2.728484105318785e-13,0.0,0.0,0.0,0.0,0.0,0.0,0.0,0.0,2565,6712,4147
2020-08-10T05:00:00,3621.163078930202,2.728484105318785e-13,0.0,0.0,0.0,0.0,0.0,0.0,0.0,0.0,3292,6913,3621
2020-08-10T06:00:00,2768.1630789302017,2.728484105318785e-13,0.0,0.0,0.0,0.0,0.0,0.0,0.0,0.0,4489,7257,2768
2020-08-10T07:00:00,3744.163078930202,0.0,0.0,0.0,0.0,0.0,0.0,0.0,0.0,0.0,4103,7847,3744
2020-08-10T08:00:00,3296.1630789302026,-2.728484105318785e-13,0.0,0.0,0.0,0.0,0.0,0.0,0.0,0.0,5170,8466,3296
2020-08-10T09:00:00,3413.1630789302017,0.0,0.0,0.0,0.0,0.0,0.0,0.0,0.0,0.0,5615,9028,3413
2020-08-10T10:00:00,3773.163078930202,0.0,0.0,0.0,0.0,0.0,0.0,0.0,0.0,0.0,5638,9411,3773
2020-08-10T11:00:00,4086.163078930202,0.0,0.0,0.0,0.0,0.0,0.0,0.0,0.0,0.0,5617,9703,4086
2020-08-10T12:00:00,4627.163078930203,0.0,0.0,0.0,0.0,0.0,0.0,0.0,0.0,0.0,5301,9928,4627
2020-08-10T13:00:00,4902.1630789302035,-2.902509952652465e-14,0.0,0.0,0.0,0.0,0.0,0.0,0.0,0.0,4925,9827,4902
2020-08-10T14:00:00,4628.163078930203,0.0,0.0,0.0,0.0,0.0,0.0,0.0,0.0,0.0,5303,9931,4628
2020-08-10T15:00:00,4702.163078930203,0.0,0.0,0.0,0.0,0.0,0.0,0.0,0.0,0.0,5099,9801,4702
2020-08-10T16:00:00,4901.163078930203,0.0,0.0,0.0,0.0,0.0,0.0,0.0,0.0,0.0,4744,9645,4901
2020-08-10T17:00:00,5079.1630789302035,0.0,0.0,0.0,0.0,0.0,0.0,0.0,0.0,0.0,4443,9522,5079
2020-08-10T18:00:00,3897.163078930202,0.0,0.0,0.0,0.0,0.0,0.0,0.0,0.0,0.0,5481,9378,3897
2020-08-10T19:00:00,3655.163078930202,0.0,0.0,0.0,0.0,0.0,0.0,0.0,0.0,0.0,5476,9131,3655
2020-08-10T20:00:00,3899.163078930202,0.0,0.0,0.0,0.0,0.0,0.0,0.0,0.0,0.0,4678,8577,3899
2020-08-10T21:00:00,3992.1630789302017,0.0,0.0,0.0,0.0,0.0,0.0,0.0,0.0,0.0,4500,8492,3992
2020-08-10T22:00:00,4702.163078930203,1.818989403545857e-13,0.0,0.0,0.0,0.0,0.0,0.0,0.0,0.0,4162,8864,4702
2020-08-10T23:00:00,4547.163078930202,6.366462912410498e-13,0.0,0.0,0.0,0.0,0.0,0.0,0.0,0.0,4104,8651,4547
2020-08-11T00:00:00,3863.1630789302017,0.0,0.0,0.0,0.0,0.0,0.0,0.0,0.0,0.0,3887,7750,3863
2020-08-11T01:00:00,3816.163078930202,0.0,0.0,0.0,0.0,0.0,0.0,0.0,0.0,0.0,3557,7373,3816
2020-08-11T02:00:00,3565.1630789302017,0.0,0.0,0.0,0.0,0.0,0.0,0.0,0.0,0.0,3512,7077,3565
2020-08-11T03:00:00,3299.1630789302017,0.0,0.0,0.0,0.0,0.0,0.0,0.0,0.0,0.0,3451,6750,3299
2020-08-11T04:00:00,2861.1630789302017,0.0,0.0,0.0,0.0,0.0,0.0,0.0,0.0,0.0,3834,6695,2861
2020-08-11T05:00:00,3052.1630789302017,0.0,0.0,0.0,0.0,0.0,0.0,0.0,0.0,0.0,3841,6893,3052
2020-08-11T06:00:00,2390.163078930202,0.0,0.0,0.0,0.0,0.0,0.0,0.0,0.0,0.0,4844,7234,2390
2020-08-11T07:00:00,1945.1630789302021,0.0,0.0,0.0,0.0,0.0,0.0,0.0,0.0,0.0,5870,7815,1945
2020-08-11T08:00:00,2441.163078930202,0.0,0.0,0.0,0.0,0.0,0.0,0.0,0.0,0.0,5992,8433,2441
2020-08-11T09:00:00,2697.163078930202,0.0,0.0,0.0,0.0,0.0,0.0,0.0,0.0,0.0,6294,8991,2697
2020-08-11T10:00:00,3355.163078930202,0.0,0.0,0.0,0.0,0.0,0.0,0.0,0.0,0.0,6020,9375,3355
2020-08-11T11:00:00,3539.1630789302017,0.0,0.0,0.0,0.0,0.0,0.0,0.0,0.0,0.0,6134,9673,3539
2020-08-11T12:00:00,3954.1630789302017,0.0,0.0,0.0,0.0,0.0,0.0,0.0,0.0,0.0,5954,9908,3954
2020-08-11T13:00:00,4319.163078930202,-2.2737367544323216e-13,0.0,0.0,0.0,0.0,0.0,0.0,0.0,0.0,5499,9818,4319
2020-08-11T14:00:00,4410.0,5.456968210637569e-13,0.0,0.0,0.0,514.1630789302017,0.0,0.0,0.0,0.0,5012,9936,4924
2020-08-11T15:00:00,4410.0,0.0,0.0,0.0,0.0,814.1630789302025,0.0,0.0,0.0,0.0,4597,9821,5224
2020-08-11T16:00:00,4410.0,0.0,0.0,0.0,0.0,928.1630789302022,0.0,0.0,0.0,0.0,4341,9679,5338
2020-08-11T17:00:00,4410.0,0.0,0.0,0.0,0.0,452.1630789302022,0.0,0.0,0.0,0.0,4704,9566,4862
2020-08-11T18:00:00,4410.0,0.0,0.0,0.0,0.0,371.1630789302022,0.0,0.0,0.0,0.0,4640,9421,4781
2020-08-11T19:00:00,3390.1630789302017,2.728484105318785e-13,0.0,0.0,0.0,0.0,0.0,0.0,0.0,0.0,5781,9171,3390
2020-08-11T20:00:00,3751.163078930202,0.0,0.0,0.0,0.0,0.0,0.0,0.0,0.0,0.0,4866,8617,3751
2020-08-11T21:00:00,4150.163078930202,2.728484105318785e-13,0.0,0.0,0.0,0.0,0.0,0.0,0.0,0.0,4384,8534,4150
2020-08-11T22:00:00,4410.0,0.0,0.0,0.0,0.0,7.163078930201846,0.0,0.0,0.0,0.0,4492,8909,4417
2020-08-11T23:00:00,3890.1630789302017,0.0,0.0,0.0,0.0,0.0,0.0,0.0,0.0,0.0,4796,8686,3890
2020-08-12T00:00:00,1530.0,0.0,0.0,0.0,-6.252776074688884e-13,0.0,708.836921069797,0.0,0.0,0.0,6956,7777,821
2020-08-12T01:00:00,3319.163078930202,0.0,0.0,0.0,0.0,0.0,0.0,0.0,0.0,0.0,4080,7399,3319
2020-08-12T02:00:00,1530.0,9.094947017729285e-14,0.0,0.0,-4.796163466380676e-14,0.0,1136.836921069798,0.0,0.0,0.0,6708,7101,393
2020-08-12T03:00:00,3419.1630789302017,0.0,0.0,0.0,1.1368683772161605e-13,0.0,0.0,0.0,0.0,0.0,3355,6774,3419
2020-08-12T04:00:00,1530.0,0.0,0.0,0.0,0.0,0.0,834.8369210697978,0.0,0.0,0.0,6023,6718,695
2020-08-12T05:00:00,2774.780006523158,0.0,0.0,0.0,0.0,0.0,0.0,810.3830724070444,0.0,0.0,3328,6913,3585
2020-08-12T06:00:00,2362.1630789302017,0.0,0.0,0.0,0.0,0.0,0.0,1200.0,0.0,0.0,3689,7251,3562
2020-08-12T07:00:00,1530.0,-3.637978807091713e-13,0.0,0.0,0.0,0.0,701.8369210697973,0.0,0.0,0.0,7006,7834,828
2020-08-12T08:00:00,1530.0,5.6843418860808e-15,0.0,0.0,0.0,0.0,367.83692106979777,0.0,0.0,0.0,7288,8450,1162
2020-08-12T09:00:00,1530.0,4.547473508864642e-13,0.0,0.0,0.0,0.0,247.8369210697984,0.0,0.0,0.0,7727,9009,1282
2020-08-12T10:00:00,1530.0,0.0,0.0,0.0,0.0,0.0,43.83692106979788,0.0,0.0,0.0,7906,9392,1486
2020-08-12T11:00:00,4133.315394651011,0.0,0.0,0.0,0.0,0.0,0.0,568.8476842791913,0.0,0.0,4986,9688,4702
2020-08-12T12:00:00,1530.0,0.0,0.0,0.0,0.0,0.0,0.0,452.1630789302023,0.0,0.0,7937,9919,1982
2020-08-12T13:00:00,4410.0,5.6843418860808e-15,0.0,0.0,0.0,603.163078930203,0.0,0.0,0.0,0.0,4812,9825,5013
2020-08-12T14:00:00,3286.163078930202,5.6843418860808e-15,0.0,0.0,0.0,0.0,0.0,0.0,0.0,0.0,6651,9937,3286
2020-08-12T15:00:00,1530.0,5.6843418860808e-15,0.0,0.0,0.0,2095.163078930202,0.0,0.0,0.0,0.0,6192,9817,3625
2020-08-12T16:00:00,3620.163078930202,2.728484105318785e-13,0.0,0.0,0.0,0.0,0.0,0.0,0.0,0.0,6052,9672,3620
2020-08-12T17:00:00,3157.1630789302017,1.3642420526593928e-13,0.0,0.0,0.0,0.0,0.0,0.0,0.0,0.0,6400,9557,3157
2020-08-12T18:00:00,1951.163078930202,0.0,0.0,0.0,0.0,0.0,0.0,0.0,0.0,0.0,7463,9414,1951
2020-08-12T19:00:00,4410.0,9.094947017729282e-13,0.0,0.0,0.0,63.163078930201664,0.0,0.0,0.0,0.0,4694,9167,4473
2020-08-12T20:00:00,1534.1630789302017,1.818989403545857e-13,0.0,0.0,0.0,0.0,0.0,0.0,0.0,0.0,7080,8614,1534
2020-08-12T21:00:00,1530.0,1.818989403545857e-13,0.0,0.0,0.0,393.1630789302023,0.0,0.0,0.0,0.0,6610,8533,1923
2020-08-12T22:00:00,4410.0,3.637978807091713e-13,0.0,0.0,0.0,373.1630789302021,0.0,0.0,0.0,0.0,4126,8909,4783
2020-08-12T23:00:00,1413.1630789302023,3.637978807091713e-13,0.0,0.0,0.0,0.0,0.0,0.0,0.0,0.0,7273,8686,1413
2020-08-13T00:00:00,1620.0,3.637978807091713e-13,0.0,0.0,0.0,33.16307893020257,0.0,0.0,0.0,0.0,6144,7797,1653
2020-08-13T01:00:00,975.1630789302021,0.0,0.0,0.0,0.0,0.0,0.0,0.0,0.0,0.0,6442,7417,975
2020-08-13T02:00:00,740.1630789302021,0.0,0.0,0.0,0.0,0.0,0.0,0.0,0.0,0.0,6379,7119,740
2020-08-13T03:00:00,926.163078930202,0.0,0.0,0.0,0.0,0.0,0.0,0.0,0.0,0.0,5853,6779,926
2020-08-13T04:00:00,1204.1630789302023,0.0,0.0,0.0,0.0,0.0,0.0,0.0,0.0,0.0,5515,6719,1204
2020-08-13T05:00:00,1389.1630789302021,0.0,0.0,0.0,0.0,0.0,0.0,0.0,0.0,0.0,5515,6904,1389
2020-08-13T06:00:00,1619.1630789302021,0.0,0.0,0.0,0.0,0.0,0.0,0.0,0.0,0.0,5614,7233,1619
2020-08-13T07:00:00,1620.0,0.0,0.0,0.0,0.0,470.1630789302022,0.0,0.0,0.0,0.0,5713,7803,2090
2020-08-13T08:00:00,1620.0,0.0,0.0,0.0,0.0,2037.163078930202,0.0,0.0,0.0,0.0,4770,8427,3657
2020-08-13T09:00:00,2790.0,0.0,0.0,0.0,0.0,1134.163078930202,0.0,0.0,0.0,0.0,5095,9019,3924
2020-08-13T10:00:00,2790.0,0.0,0.0,0.0,0.0,1255.163078930202,0.0,0.0,0.0,0.0,5370,9415,4045
2020-08-13T11:00:00,2790.0,0.0,0.0,0.0,0.0,1521.1630789302023,0.0,0.0,0.0,0.0,5390,9701,4311
2020-08-13T12:00:00,2770.1630789302026,0.0,0.0,0.0,0.0,0.0,0.0,0.0,0.0,0.0,7188,9958,2770
2020-08-13T13:00:00,2790.0,0.0,0.0,0.0,0.0,648.163078930202,0.0,0.0,0.0,0.0,6420,9858,3438
2020-08-13T14:00:00,2790.0,0.0,0.0,0.0,0.0,1544.1630789302023,0.0,0.0,0.0,0.0,5641,9975,4334
2020-08-13T15:00:00,2790.0,0.0,0.0,0.0,0.0,1870.1630789302023,0.0,0.0,0.0,0.0,5181,9841,4660
2020-08-13T16:00:00,2790.0,0.0,0.0,0.0,0.0,2094.163078930203,0.0,0.0,0.0,0.0,4813,9697,4884
2020-08-13T17:00:00,2790.0,0.0,0.0,0.0,0.0,2363.163078930203,0.0,0.0,0.0,0.0,4446,9599,5153
2020-08-13T18:00:00,2790.0,0.0,0.0,0.0,0.0,373.1630789302019,0.0,0.0,0.0,0.0,6293,9456,3163
2020-08-13T19:00:00,2790.0,0.0,0.0,0.0,0.0,8.163078930202573,0.0,0.0,0.0,0.0,6353,9151,2798
2020-08-13T20:00:00,2790.0,0.0,0.0,0.0,0.0,2566.1630789302035,0.0,0.0,0.0,0.0,3250,8606,5356
2020-08-13T21:00:00,2790.0,1.818989403545857e-13,0.0,0.0,0.0,2742.163078930203,0.0,0.0,0.0,0.0,3052,8584,5532
2020-08-13T22:00:00,2790.0,-5.45696821063757e-13,0.0,0.0,0.0,3156.163078930203,0.0,0.0,0.0,0.0,3029,8975,5946
2020-08-13T23:00:00,3169.1630789302008,3.637978807091713e-13,0.0,0.0,0.0,0.0,0.0,0.0,0.0,0.0,5575,8744,3169
2020-08-14T00:00:00,2790.0,3.637978807091713e-13,0.0,0.0,0.0,79.16307893020121,0.0,0.0,0.0,0.0,4973,7842,2869
2020-08-14T01:00:00,2790.0,0.0,0.0,0.0,0.0,1940.1630789302028,0.0,0.0,0.0,0.0,2669,7399,4730
2020-08-14T02:00:00,2184.163078930202,0.0,0.0,0.0,0.0,0.0,0.0,0.0,0.0,0.0,4875,7059,2184
2020-08-14T03:00:00,2790.0,0.0,0.0,0.0,0.0,1407.1630789302026,0.0,0.0,0.0,0.0,2505,6702,4197
2020-08-14T04:00:00,2790.0,0.0,0.0,0.0,0.0,1204.163078930202,0.0,0.0,0.0,0.0,2579,6573,3994
2020-08-14T05:00:00,2790.0,0.0,0.0,0.0,0.0,932.1630789302022,0.0,0.0,0.0,0.0,2875,6597,3722
2020-08-14T06:00:00,1016.1630789302026,-3.637978807091713e-13,0.0,0.0,0.0,0.0,0.0,0.0,0.0,0.0,5608,6624,1016
2020-08-14T07:00:00,875.1630789302022,0.0,0.0,0.0,0.0,0.0,0.0,0.0,0.0,0.0,6063,6938,875
2020-08-14T08:00:00,881.1630789302022,0.0,0.0,0.0,0.0,0.0,0.0,0.0,0.0,0.0,6655,7536,881
2020-08-14T09:00:00,2790.0,0.0,0.0,0.0,0.0,401.1630789302022,0.0,0.0,0.0,0.0,5067,8258,3191
2020-08-14T10:00:00,1341.1630789302021,0.0,0.0,0.0,0.0,0.0,0.0,0.0,0.0,0.0,7395,8736,1341
2020-08-14T11:00:00,1688.163078930202,0.0,0.0,0.0,0.0,0.0,0.0,0.0,0.0,0.0,7372,9060,1688
2020-08-14T12:00:00,2136.163078930202,-2.8169640727917144e-14,0.0,0.0,0.0,0.0,0.0,0.0,0.0,0.0,7289,9425,2136
2020-08-14T13:00:00,2328.163078930202,0.0,0.0,0.0,0.0,0.0,0.0,0.0,0.0,0.0,6946,9274,2328
2020-08-14T14:00:00,2654.163078930202,0.0,0.0,0.0,0.0,0.0,0.0,0.0,0.0,0.0,6708,9362,2654
2020-08-14T15:00:00,2765.163078930202,0.0,0.0,0.0,0.0,0.0,0.0,0.0,0.0,0.0,6460,9225,2765
2020-08-14T16:00:00,2790.0,0.0,0.0,0.0,0.0,65.16307893020212,0.0,0.0,0.0,0.0,6213,9068,2855
2020-08-14T17:00:00,2790.0,0.0,0.0,0.0,0.0,170.16307893020232,0.0,0.0,0.0,0.0,6027,8987,2960
2020-08-14T18:00:00,930.0,0.0,0.0,0.0,0.0,2011.163078930202,0.0,0.0,0.0,0.0,5797,8738,2941
2020-08-14T19:00:00,2758.163078930202,0.0,0.0,0.0,0.0,0.0,0.0,0.0,0.0,0.0,5658,8416,2758
2020-08-14T20:00:00,2570.1630789302026,0.0,0.0,0.0,0.0,0.0,0.0,0.0,0.0,0.0,5459,8029,2570
2020-08-14T21:00:00,2790.0,0.0,0.0,0.0,0.0,191.16307893020215,0.0,0.0,0.0,0.0,5231,8212,2981
2020-08-14T22:00:00,2790.0,3.637978807091713e-13,0.0,0.0,0.0,780.1630789302012,0.0,0.0,0.0,0.0,5123,8693,3570
2020-08-14T23:00:00,2790.0,3.637978807091713e-13,0.0,0.0,0.0,516.1630789302012,0.0,0.0,0.0,0.0,5189,8495,3306
2020-08-15T00:00:00,2790.0,3.637978807091713e-13,0.0,0.0,0.0,382.16307893020235,0.0,0.0,0.0,0.0,4455,7627,3172
2020-08-15T01:00:00,1980.0,0.0,0.0,0.0,0.0,822.1630789302021,0.0,0.0,0.0,0.0,4406,7208,2802
2020-08-15T02:00:00,1980.0,0.0,0.0,0.0,0.0,774.1630789302021,0.0,0.0,0.0,0.0,4117,6871,2754
2020-08-15T03:00:00,1980.0,1.0913936421275138e-12,0.0,0.0,0.0,113.16307893020166,0.0,0.0,0.0,0.0,4407,6500,2093
2020-08-15T04:00:00,810.0,0.0,0.0,0.0,0.0,606.1630789302017,0.0,0.0,0.0,0.0,4923,6339,1416
2020-08-15T05:00:00,810.0,0.0,0.0,0.0,0.0,150.1630789302021,0.0,0.0,0.0,0.0,5311,6271,960
2020-08-15T06:00:00,619.1630789302022,0.0,0.0,0.0,0.0,0.0,0.0,0.0,0.0,0.0,5552,6171,619
2020-08-15T07:00:00,300.0,1.818989403545857e-13,0.0,0.0,0.0,368.1630789302021,0.0,0.0,0.0,0.0,5681,6349,668
2020-08-15T08:00:00,810.0,0.0,0.0,0.0,0.0,64.16307893020218,0.0,0.0,0.0,0.0,5949,6823,874
2020-08-15T09:00:00,810.0,0.0,0.0,0.0,0.0,604.1630789302021,0.0,0.0,0.0,0.0,6042,7456,1414
2020-08-15T10:00:00,1980.0,-2.3447910280083305e-14,0.0,0.0,0.0,148.16307893020203,0.0,0.0,0.0,0.0,5850,7978,2128
2020-08-15T11:00:00,2331.163078930202,0.0,0.0,0.0,0.0,0.0,0.0,0.0,0.0,0.0,6021,8352,2331
2020-08-15T12:00:00,3025.163078930202,0.0,0.0,0.0,0.0,0.0,0.0,0.0,0.0,0.0,5765,8790,3025
2020-08-15T13:00:00,2796.163078930202,0.0,0.0,0.0,0.0,0.0,0.0,0.0,0.0,0.0,5780,8576,2796
2020-08-15T14:00:00,2771.163078930202,0.0,0.0,0.0,0.0,0.0,0.0,0.0,0.0,0.0,5816,8587,2771
2020-08-15T15:00:00,3238.1630789302017,3.637978807091713e-13,0.0,0.0,0.0,0.0,0.0,0.0,0.0,0.0,5248,8486,3238
2020-08-15T16:00:00,3600.0,0.0,0.0,0.0,0.0,491.1630789302021,0.0,0.0,0.0,0.0,4293,8384,4091
2020-08-15T17:00:00,3600.0,0.0,0.0,0.0,0.0,1221.163078930202,0.0,0.0,0.0,0.0,3540,8361,4821
2020-08-15T18:00:00,3406.163078930202,0.0,0.0,0.0,0.0,0.0,0.0,0.0,0.0,0.0,4793,8199,3406
2020-08-15T19:00:00,3600.0,0.0,0.0,0.0,0.0,94.163078930202,0.0,0.0,0.0,0.0,4440,8134,3694
2020-08-15T20:00:00,1230.0,-3.4106051316484814e-14,0.0,0.0,0.0,4366.163078930203,0.0,0.0,0.0,0.0,2406,8002,5596
2020-08-15T21:00:00,3600.0,3.637978807091713e-13,0.0,0.0,0.0,2339.1630789302017,0.0,0.0,0.0,0.0,2290,8229,5939
2020-08-15T22:00:00,3600.0,3.637978807091713e-13,0.0,0.0,0.0,1060.1630789302012,0.0,0.0,0.0,0.0,4033,8693,4660
2020-08-15T23:00:00,3600.0,3.637978807091713e-13,0.0,0.0,0.0,2573.163078930201,0.0,0.0,0.0,0.0,2271,8444,6173
2020-08-16T00:00:00,3600.0,6.366462912410498e-13,0.0,0.0,0.0,1917.1630789302023,0.0,0.0,0.0,0.0,2320,7837,5517
2020-08-16T01:00:00,3600.0,2.728484105318785e-13,0.0,0.0,0.0,1516.1630789302037,0.0,0.0,0.0,0.0,2309,7425,5116
2020-08-16T02:00:00,3600.0,-6.821210263296964e-14,0.0,0.0,0.0,1248.1630789302037,0.0,0.0,0.0,0.0,2275,7123,4848
2020-08-16T03:00:00,3600.0,2.728484105318785e-13,0.0,0.0,0.0,762.1630789302026,0.0,0.0,0.0,0.0,2440,6802,4362
2020-08-16T04:00:00,3600.0,1.3642420526593928e-13,0.0,0.0,0.0,402.16307893020206,0.0,0.0,0.0,0.0,2728,6730,4002
2020-08-16T05:00:00,2844.163078930202,2.728484105318785e-13,0.0,0.0,0.0,0.0,0.0,0.0,0.0,0.0,3996,6840,2844
2020-08-16T06:00:00,1936.1630789302017,9.09494701772928e-14,0.0,0.0,0.0,0.0,0.0,0.0,0.0,0.0,5108,7044,1936
2020-08-16T07:00:00,1980.1630789302021,-6.821210263296964e-14,0.0,0.0,0.0,0.0,0.0,0.0,0.0,0.0,5488,7468,1980
2020-08-16T08:00:00,2184.1630789302026,-2.728484105318785e-13,0.0,0.0,0.0,0.0,0.0,0.0,0.0,0.0,5901,8085,2184
2020-08-16T09:00:00,4134.163078930203,0.0,0.0,0.0,0.0,0.0,0.0,0.0,0.0,0.0,4649,8783,4134
2020-08-16T10:00:00,3107.163078930202,0.0,0.0,0.0,0.0,0.0,0.0,0.0,0.0,0.0,6139,9246,3107
2020-08-16T11:00:00,3440.1630789302017,0.0,0.0,0.0,0.0,0.0,0.0,0.0,0.0,0.0,6122,9562,3440
2020-08-16T12:00:00,3879.163078930202,-6.821210263296964e-14,0.0,0.0,0.0,0.0,0.0,0.0,0.0,0.0,5999,9878,3879
2020-08-16T13:00:00,4102.163078930203,-6.821210263296963e-14,0.0,0.0,0.0,0.0,0.0,0.0,0.0,0.0,5657,9759,4102
2020-08-16T14:00:00,4251.163078930203,-2.728484105318785e-13,0.0,0.0,0.0,0.0,0.0,0.0,0.0,0.0,5610,9861,4251
2020-08-16T15:00:00,4131.163078930203,9.09494701772928e-14,0.0,0.0,0.0,0.0,0.0,0.0,0.0,0.0,5577,9708,4131
2020-08-16T16:00:00,4050.1630789302026,-1.818989403545857e-13,0.0,0.0,0.0,0.0,0.0,0.0,0.0,0.0,5487,9537,4050
2020-08-16T17:00:00,4235.163078930203,-6.821210263296964e-14,0.0,0.0,0.0,0.0,0.0,0.0,0.0,0.0,5171,9406,4235
2020-08-16T18:00:00,3678.163078930202,-6.821210263296964e-14,0.0,0.0,0.0,0.0,0.0,0.0,0.0,0.0,5431,9109,3678
2020-08-16T19:00:00,3908.1630789302017,2.728484105318785e-13,0.0,0.0,0.0,0.0,0.0,0.0,0.0,0.0,4863,8771,3908
2020-08-16T20:00:00,3517.1630789302017,2.728484105318785e-13,0.0,0.0,0.0,0.0,0.0,0.0,0.0,0.0,4841,8358,3517
2020-08-16T21:00:00,3706.1630789302026,-2.728484105318785e-13,0.0,0.0,0.0,0.0,0.0,0.0,0.0,0.0,4811,8517,3706
2020-08-16T22:00:00,4073.1630789302017,-2.728484105318785e-13,0.0,0.0,0.0,0.0,0.0,0.0,0.0,0.0,4796,8869,4073
2020-08-16T23:00:00,1560.0,6.366462912410498e-13,0.0,0.0,0.0,2241.1630789302026,0.0,0.0,0.0,0.0,4835,8636,3801
2020-08-17T00:00:00,3066.1630789302017,3.637978807091713e-13,0.0,0.0,0.0,0.0,0.0,0.0,0.0,0.0,4600,7666,3066
2020-08-17T01:00:00,2530.1630789302017,2.2737367544323207e-14,0.0,0.0,0.0,0.0,0.0,0.0,0.0,0.0,4734,7264,2530
2020-08-17T02:00:00,2330.1630789302026,0.0,0.0,0.0,0.0,0.0,0.0,0.0,0.0,0.0,4597,6927,2330
2020-08-17T03:00:00,1560.0,0.0,0.0,0.0,0.0,372.16307893020223,0.0,0.0,0.0,0.0,4627,6559,1932
2020-08-17T04:00:00,1723.1630789302021,0.0,0.0,0.0,0.0,0.0,0.0,0.0,0.0,0.0,4682,6405,1723
2020-08-17T05:00:00,1740.1630789302021,6.821210263296964e-14,0.0,0.0,0.0,0.0,0.0,0.0,0.0,0.0,4612,6352,1740
2020-08-17T06:00:00,1741.1630789302021,0.0,0.0,0.0,0.0,0.0,0.0,0.0,0.0,0.0,4589,6330,1741
2020-08-17T07:00:00,1687.1630789302023,-2.728484105318785e-13,0.0,0.0,0.0,0.0,0.0,0.0,0.0,0.0,4824,6511,1687
2020-08-17T08:00:00,2237.1630789302026,0.0,0.0,0.0,0.0,0.0,0.0,0.0,0.0,0.0,4746,6983,2237
2020-08-17T09:00:00,2378.1630789302026,-9.094947017729285e-14,0.0,0.0,0.0,0.0,0.0,0.0,0.0,0.0,5241,7619,2378
2020-08-17T10:00:00,1560.0,6.821210263296964e-14,0.0,0.0,0.0,1244.163078930202,0.0,0.0,0.0,0.0,5318,8122,2804
2020-08-17T11:00:00,3023.163078930202,6.821210263296964e-14,0.0,0.0,0.0,0.0,0.0,0.0,0.0,0.0,5444,8467,3023
2020-08-17T12:00:00,3170.1630789302017,0.0,0.0,0.0,0.0,0.0,0.0,0.0,0.0,0.0,5712,8882,3170
2020-08-17T13:00:00,3231.1630789302017,0.0,0.0,0.0,0.0,0.0,0.0,0.0,0.0,0.0,5422,8653,3231
2020-08-17T14:00:00,3289.1630789302026,-2.728484105318785e-13,0.0,0.0,0.0,0.0,0.0,0.0,0.0,0.0,5325,8614,3289
2020-08-17T15:00:00,3543.163078930202,9.09494701772928e-14,0.0,0.0,0.0,0.0,0.0,0.0,0.0,0.0,4921,8464,3543
2020-08-17T16:00:00,4092.1630789302017,6.821210263296964e-14,0.0,0.0,0.0,0.0,0.0,0.0,0.0,0.0,4234,8326,4092
2020-08-17T17:00:00,4131.163078930203,6.821210263296964e-14,0.0,0.0,0.0,0.0,0.0,0.0,0.0,0.0,4136,8267,4131
2020-08-17T18:00:00,4473.163078930203,0.0,0.0,0.0,0.0,0.0,0.0,0.0,0.0,0.0,3660,8133,4473
2020-08-17T19:00:00,3173.1630789302026,0.0,0.0,0.0,0.0,0.0,0.0,0.0,0.0,0.0,4878,8051,3173
2020-08-17T20:00:00,3570.1630789302017,6.821210263296964e-14,0.0,0.0,0.0,0.0,0.0,0.0,0.0,0.0,4345,7915,3570
2020-08-17T21:00:00,4513.163078930203,0.0,0.0,0.0,0.0,0.0,0.0,0.0,0.0,0.0,3629,8142,4513
2020-08-17T22:00:00,4622.163078930202,3.637978807091713e-13,0.0,0.0,0.0,0.0,0.0,0.0,0.0,0.0,3874,8496,4622
2020-08-17T23:00:00,4263.163078930202,3.637978807091713e-13,0.0,0.0,0.0,0.0,0.0,0.0,0.0,0.0,4063,8326,4263
2020-08-18T00:00:00,3248.1630789302026,0.0,0.0,0.0,0.0,0.0,0.0,0.0,0.0,0.0,4060,7308,3248
2020-08-18T01:00:00,3032.163078930203,5.456968210637569e-13,0.0,0.0,0.0,0.0,0.0,0.0,0.0,0.0,3915,6947,3032
2020-08-18T02:00:00,2604.1630789302017,2.728484105318785e-13,0.0,0.0,0.0,0.0,0.0,0.0,0.0,0.0,4063,6667,2604
2020-08-18T03:00:00,2130.163078930202,0.0,0.0,0.0,0.0,0.0,0.0,0.0,0.0,0.0,4243,6373,2130
2020-08-18T04:00:00,1795.1630789302021,2.728484105318785e-13,0.0,0.0,0.0,0.0,0.0,0.0,0.0,0.0,4549,6344,1795
2020-08-18T05:00:00,1837.1630789302021,0.0,0.0,0.0,0.0,0.0,0.0,0.0,0.0,0.0,4725,6562,1837
2020-08-18T06:00:00,2119.163078930202,0.0,0.0,0.0,0.0,0.0,0.0,0.0,0.0,0.0,4810,6929,2119
2020-08-18T07:00:00,2687.1630789302017,0.0,0.0,0.0,0.0,0.0,0.0,0.0,0.0,0.0,4807,7494,2687
2020-08-18T08:00:00,3095.163078930202,0.0,0.0,0.0,0.0,0.0,0.0,0.0,0.0,0.0,5028,8123,3095
2020-08-18T09:00:00,3610.163078930202,0.0,0.0,0.0,0.0,0.0,0.0,0.0,0.0,0.0,5094,8704,3610
2020-08-18T10:00:00,4370.1630789302035,0.0,0.0,0.0,0.0,0.0,0.0,0.0,0.0,0.0,4702,9072,4370
2020-08-18T11:00:00,4434.163078930203,0.0,0.0,0.0,0.0,0.0,0.0,0.0,0.0,0.0,4930,9364,4434
2020-08-18T12:00:00,4544.163078930203,0.0,0.0,0.0,0.0,0.0,0.0,0.0,0.0,0.0,5070,9614,4544
2020-08-18T13:00:00,4204.163078930203,0.0,0.0,0.0,0.0,0.0,0.0,0.0,0.0,0.0,5290,9494,4204
2020-08-18T14:00:00,4242.163078930203,0.0,0.0,0.0,0.0,0.0,0.0,0.0,0.0,0.0,5285,9527,4242
2020-08-18T15:00:00,4347.163078930203,0.0,0.0,0.0,0.0,0.0,0.0,0.0,0.0,0.0,4989,9336,4347
2020-08-18T16:00:00,4376.163078930203,0.0,0.0,0.0,0.0,0.0,0.0,0.0,0.0,0.0,4770,9146,4376
2020-08-18T17:00:00,4730.163078930203,0.0,0.0,0.0,0.0,0.0,0.0,0.0,0.0,0.0,4298,9028,4730
2020-08-18T18:00:00,4519.1630789302035,0.0,0.0,0.0,0.0,0.0,0.0,0.0,0.0,0.0,4445,8964,4519
2020-08-18T19:00:00,4212.163078930203,0.0,0.0,0.0,0.0,0.0,0.0,0.0,0.0,0.0,4572,8784,4212
2020-08-18T20:00:00,3950.1630789302026,0.0,0.0,0.0,0.0,0.0,0.0,0.0,0.0,0.0,4298,8248,3950
2020-08-18T21:00:00,1860.0,0.0,0.0,0.0,0.0,2204.1630789302017,0.0,0.0,0.0,0.0,4135,8199,4064
2020-08-18T22:00:00,1860.0,0.0,0.0,0.0,0.0,2707.1630789302026,0.0,0.0,0.0,0.0,3928,8495,4567
2020-08-18T23:00:00,4419.163078930203,0.0,0.0,0.0,0.0,0.0,0.0,0.0,0.0,0.0,3888,8307,4419
2020-08-19T00:00:00,1860.0,1.818989403545857e-13,0.0,0.0,0.0,2459.1630789302026,0.0,0.0,0.0,0.0,3158,7477,4319
2020-08-19T01:00:00,3463.1630789302017,1.818989403545857e-13,0.0,0.0,0.0,0.0,0.0,0.0,0.0,0.0,3638,7101,3463
2020-08-19T02:00:00,3832.8780979597254,-2.728484105318785e-13,0.0,0.0,9.237055564881302e-14,195.28498097047668,0.0,0.0,0.0,0.0,2787,6815,4028
2020-08-19T03:00:00,3864.1630789302017,4.0927261579781777e-13,0.0,0.0,0.0,0.0,0.0,0.0,0.0,0.0,2608,6472,3864
2020-08-19T04:00:00,3624.163078930202,-9.094947017729285e-14,0.0,0.0,0.0,0.0,0.0,0.0,0.0,0.0,2773,6397,3624
2020-08-19T05:00:00,2919.163078930202,-2.728484105318785e-13,0.0,0.0,0.0,0.0,0.0,0.0,0.0,0.0,3669,6588,2919
2020-08-19T06:00:00,3054.163078930202,-2.728484105318785e-13,0.0,0.0,0.0,0.0,0.0,0.0,0.0,0.0,3888,6942,3054
2020-08-19T07:00:00,4305.163078930203,0.0,0.0,0.0,0.0,0.0,0.0,0.0,0.0,0.0,3156,7461,4305
2020-08-19T08:00:00,4551.163078930202,0.0,0.0,0.0,0.0,0.0,0.0,0.0,0.0,0.0,3542,8093,4551
2020-08-19T09:00:00,3615.1630789302017,0.0,0.0,0.0,0.0,0.0,0.0,0.0,0.0,0.0,5029,8644,3615
2020-08-19T10:00:00,3979.163078930202,1.1368683772161607e-14,0.0,0.0,0.0,0.0,0.0,0.0,0.0,0.0,5002,8981,3979
2020-08-19T11:00:00,2615.1630789302017,0.0,0.0,0.0,0.0,0.0,0.0,0.0,0.0,0.0,6616,9231,2615
2020-08-19T12:00:00,3422.1630789302017,-6.821210263296964e-14,0.0,0.0,0.0,0.0,0.0,0.0,0.0,0.0,6025,9447,3422
2020-08-19T13:00:00,3382.163078930202,-1.3642420526593928e-13,0.0,0.0,0.0,0.0,0.0,0.0,0.0,0.0,5911,9293,3382
2020-08-19T14:00:00,3120.163078930202,0.0,0.0,0.0,0.0,0.0,0.0,0.0,0.0,0.0,6194,9314,3120
2020-08-19T15:00:00,3492.1630789302026,-2.728484105318785e-13,0.0,0.0,0.0,0.0,0.0,0.0,0.0,0.0,5612,9104,3492
2020-08-19T16:00:00,3284.163078930202,-2.728484105318785e-13,0.0,0.0,0.0,0.0,0.0,0.0,0.0,0.0,5655,8939,3284
2020-08-19T17:00:00,3442.1630789302026,-2.728484105318785e-13,0.0,0.0,0.0,0.0,0.0,0.0,0.0,0.0,5405,8847,3442
2020-08-19T18:00:00,2624.1630789302017,2.728484105318785e-13,0.0,0.0,0.0,0.0,0.0,0.0,0.0,0.0,6221,8845,2624
2020-08-19T19:00:00,3170.163078930202,2.728484105318785e-13,0.0,0.0,0.0,0.0,0.0,0.0,0.0,0.0,5489,8659,3170
2020-08-19T20:00:00,2375.163078930202,-2.842170943040401e-14,0.0,0.0,0.0,0.0,0.0,0.0,0.0,0.0,5764,8139,2375
2020-08-19T21:00:00,2334.1630789302017,6.366462912410498e-13,0.0,0.0,0.0,0.0,0.0,0.0,0.0,0.0,5772,8106,2334
2020-08-19T22:00:00,2789.1630789302017,6.366462912410498e-13,0.0,0.0,0.0,0.0,0.0,0.0,0.0,0.0,5575,8364,2789
2020-08-19T23:00:00,2690.1630789302026,6.366462912410498e-13,0.0,0.0,0.0,0.0,0.0,0.0,0.0,0.0,5537,8227,2690
2020-08-20T00:00:00,2073.1630789302017,6.366462912410498e-13,0.0,0.0,0.0,0.0,0.0,0.0,0.0,0.0,5562,7635,2073
2020-08-20T01:00:00,1720.163078930202,2.728484105318785e-13,0.0,0.0,0.0,0.0,0.0,0.0,0.0,0.0,5574,7294,1720
2020-08-20T02:00:00,1285.163078930202,2.728484105318785e-13,0.0,0.0,0.0,0.0,0.0,0.0,0.0,0.0,5657,6942,1285
2020-08-20T03:00:00,1088.1630789302021,0.0,0.0,0.0,0.0,0.0,0.0,0.0,0.0,0.0,5534,6622,1088
2020-08-20T04:00:00,986.1630789302022,4.5474735088646414e-14,0.0,0.0,0.0,0.0,0.0,0.0,0.0,0.0,5564,6550,986
2020-08-20T05:00:00,1262.1630789302017,6.366462912410498e-13,0.0,0.0,0.0,0.0,0.0,0.0,0.0,0.0,5492,6754,1262
2020-08-20T06:00:00,1706.163078930202,6.821210263296964e-14,0.0,0.0,0.0,0.0,0.0,0.0,0.0,0.0,5382,7088,1706
2020-08-20T07:00:00,2261.1630789302017,2.728484105318785e-13,0.0,0.0,0.0,0.0,0.0,0.0,0.0,0.0,5217,7478,2261
2020-08-20T08:00:00,2790.0,0.0,0.0,0.0,0.0,104.16307893020236,0.0,0.0,0.0,0.0,5035,7929,2894
2020-08-20T09:00:00,2790.0,0.0,0.0,0.0,0.0,411.16307893020235,0.0,0.0,0.0,0.0,5161,8362,3201
2020-08-20T10:00:00,2790.0,4.5474735088646414e-14,0.0,0.0,0.0,744.1630789302023,0.0,0.0,0.0,0.0,5129,8663,3534
2020-08-20T11:00:00,2790.0,4.5474735088646414e-14,0.0,0.0,0.0,1225.1630789302023,0.0,0.0,0.0,0.0,4971,8986,4015
2020-08-20T12:00:00,2790.0,6.821210263296964e-14,0.0,0.0,0.0,1614.1630789302028,0.0,0.0,0.0,0.0,4938,9342,4404
2020-08-20T13:00:00,2790.0,6.821210263296964e-14,0.0,0.0,0.0,1194.163078930202,0.0,0.0,0.0,0.0,5208,9192,3984
2020-08-20T14:00:00,2790.0,6.821210263296964e-14,0.0,0.0,0.0,1438.1630789302028,0.0,0.0,0.0,0.0,4981,9209,4228
2020-08-20T15:00:00,2790.0,0.0,0.0,0.0,0.0,1598.1630789302026,0.0,0.0,0.0,0.0,4765,9153,4388
2020-08-20T16:00:00,2790.0,0.0,0.0,0.0,0.0,1777.1630789302028,0.0,0.0,0.0,0.0,4476,9043,4567
2020-08-20T17:00:00,2790.0,6.821210263296964e-14,0.0,0.0,0.0,1852.1630789302028,0.0,0.0,0.0,0.0,4343,8985,4642
2020-08-20T18:00:00,2790.0,-2.728484105318785e-13,0.0,0.0,0.0,1797.1630789302028,0.0,0.0,0.0,0.0,4374,8961,4587
2020-08-20T19:00:00,2790.0,2.728484105318785e-13,0.0,0.0,0.0,1771.1630789302028,0.0,0.0,0.0,0.0,4328,8889,4561
2020-08-20T20:00:00,2790.0,0.0,0.0,0.0,0.0,1354.1630789302028,0.0,0.0,0.0,0.0,4372,8516,4144
2020-08-20T21:00:00,2790.0,6.366462912410498e-13,0.0,0.0,0.0,1193.163078930202,0.0,0.0,0.0,0.0,4452,8435,3983
2020-08-20T22:00:00,2790.0,2.728484105318785e-13,0.0,0.0,0.0,1524.163078930202,0.0,0.0,0.0,0.0,4428,8742,4314
2020-08-20T23:00:00,3960.0,6.366462912410498e-13,0.0,0.0,0.0,195.16307893020175,0.0,0.0,0.0,0.0,4412,8567,4155
2020-08-21T00:00:00,3004.163078930201,3.637978807091713e-13,0.0,0.0,0.0,0.0,0.0,0.0,0.0,0.0,4525,7529,3004
2020-08-21T01:00:00,2645.1630789302026,0.0,0.0,0.0,0.0,0.0,0.0,0.0,0.0,0.0,4477,7122,2645
2020-08-21T02:00:00,2343.163078930202,0.0,0.0,0.0,0.0,0.0,0.0,0.0,0.0,0.0,4473,6816,2343
2020-08-21T03:00:00,2015.163078930202,0.0,0.0,0.0,0.0,0.0,0.0,0.0,0.0,0.0,4464,6479,2015
2020-08-21T04:00:00,1813.1630789302021,0.0,0.0,0.0,0.0,0.0,0.0,0.0,0.0,0.0,4574,6387,1813
2020-08-21T05:00:00,2032.1630789302021,0.0,0.0,0.0,0.0,0.0,0.0,0.0,0.0,0.0,4474,6506,2032
2020-08-21T06:00:00,2313.1630789302017,0.0,0.0,0.0,0.0,0.0,0.0,0.0,0.0,0.0,4410,6723,2313
2020-08-21T07:00:00,1560.0,-2.728484105318785e-13,0.0,0.0,0.0,0.0,10.83692106979778,0.0,0.0,0.0,5532,7081,1549
2020-08-21T08:00:00,2042.0353881278538,0.0,0.0,0.0,0.0,0.0,0.0,8.127690802348335,0.0,0.0,5632,7682,2050
2020-08-21T09:00:00,2481.163078930202,0.0,0.0,0.0,0.0,0.0,0.0,0.0,0.0,0.0,5839,8320,2481
2020-08-21T10:00:00,2578.1630789302026,0.0,0.0,0.0,0.0,0.0,0.0,0.0,0.0,0.0,6145,8723,2578
2020-08-21T11:00:00,3869.163078930202,0.0,0.0,0.0,0.0,0.0,0.0,0.0,0.0,0.0,5155,9024,3869
2020-08-21T12:00:00,3179.1630789302017,0.0,0.0,0.0,0.0,0.0,0.0,0.0,0.0,0.0,6165,9344,3179
2020-08-21T13:00:00,2878.163078930202,0.0,0.0,0.0,0.0,0.0,0.0,0.0,0.0,0.0,6343,9221,2878
2020-08-21T14:00:00,3308.163078930202,0.0,0.0,0.0,0.0,0.0,0.0,0.0,0.0,0.0,5975,9283,3308
2020-08-21T15:00:00,4226.163078930203,-2.728484105318785e-13,0.0,0.0,0.0,0.0,0.0,0.0,0.0,0.0,4908,9134,4226
2020-08-21T16:00:00,3814.163078930202,-2.728484105318785e-13,0.0,0.0,0.0,0.0,0.0,0.0,0.0,0.0,5187,9001,3814
2020-08-21T17:00:00,5425.1630789302035,0.0,0.0,0.0,0.0,0.0,0.0,0.0,0.0,0.0,3509,8934,5425
2020-08-21T18:00:00,4614.1630789302035,0.0,0.0,0.0,0.0,0.0,0.0,0.0,0.0,0.0,4145,8759,4614
2020-08-21T19:00:00,5307.1630789302035,0.0,0.0,0.0,0.0,0.0,0.0,0.0,0.0,0.0,3198,8505,5307
2020-08-21T20:00:00,4485.163078930203,0.0,0.0,0.0,0.0,0.0,0.0,0.0,0.0,0.0,3651,8136,4485
2020-08-21T21:00:00,4773.1630789302035,-3.637978807091713e-13,0.0,0.0,0.0,0.0,0.0,0.0,0.0,0.0,3537,8310,4773
2020-08-21T22:00:00,5169.163078930202,3.637978807091713e-13,0.0,0.0,0.0,0.0,0.0,0.0,0.0,0.0,3495,8664,5169
2020-08-21T23:00:00,5043.163078930202,3.637978807091713e-13,0.0,0.0,0.0,0.0,0.0,0.0,0.0,0.0,3438,8481,5043
2020-08-22T00:00:00,3578.1630789302008,6.366462912410498e-13,0.0,0.0,0.0,0.0,0.0,0.0,0.0,0.0,3976,7554,3578
2020-08-22T01:00:00,3095.1630789302017,2.728484105318785e-13,0.0,0.0,0.0,0.0,0.0,0.0,0.0,0.0,4061,7156,3095
2020-08-22T02:00:00,2744.163078930202,0.0,0.0,0.0,0.0,0.0,0.0,0.0,0.0,0.0,4077,6821,2744
2020-08-22T03:00:00,2374.163078930202,6.821210263296964e-14,0.0,0.0,0.0,0.0,0.0,0.0,0.0,0.0,4076,6450,2374
2020-08-22T04:00:00,3693.1630789302026,-2.728484105318785e-13,0.0,0.0,0.0,0.0,0.0,0.0,0.0,0.0,2599,6292,3693
2020-08-22T05:00:00,2338.1630789302017,0.0,0.0,0.0,0.0,0.0,0.0,0.0,0.0,0.0,3907,6245,2338
2020-08-22T06:00:00,2266.1630789302017,0.0,0.0,0.0,0.0,0.0,0.0,0.0,0.0,0.0,3964,6230,2266
2020-08-22T07:00:00,2385.1630789302017,2.728484105318785e-13,0.0,0.0,0.0,0.0,0.0,0.0,0.0,0.0,4011,6396,2385
2020-08-22T08:00:00,2724.163078930202,0.0,0.0,0.0,0.0,0.0,0.0,0.0,0.0,0.0,4147,6871,2724
2020-08-22T09:00:00,2810.163078930202,-9.094947017729285e-14,0.0,0.0,0.0,0.0,0.0,0.0,0.0,0.0,4692,7502,2810
2020-08-22T10:00:00,3240.0,0.0,0.0,0.0,0.0,9.163078930201737,0.0,0.0,0.0,0.0,4757,8006,3249
2020-08-22T11:00:00,3240.0,0.0,0.0,0.0,0.0,408.16307893020206,0.0,0.0,0.0,0.0,4724,8372,3648
2020-08-22T12:00:00,2652.163078930202,0.0,0.0,0.0,0.0,0.0,0.0,0.0,0.0,0.0,6164,8816,2652
2020-08-22T13:00:00,2024.1630789302021,0.0,0.0,0.0,0.0,0.0,0.0,0.0,0.0,0.0,6595,8619,2024
2020-08-22T14:00:00,2107.163078930202,-2.2737367544323226e-14,0.0,0.0,0.0,0.0,0.0,0.0,0.0,0.0,6512,8619,2107
2020-08-22T15:00:00,3041.163078930202,6.821210263296964e-14,0.0,0.0,0.0,0.0,0.0,0.0,0.0,0.0,5473,8514,3041
2020-08-22T16:00:00,3240.0,2.728484105318785e-13,0.0,0.0,0.0,128.16307893020172,0.0,0.0,0.0,0.0,5053,8421,3368
2020-08-22T17:00:00,2430.0,0.0,0.0,0.0,0.0,1565.163078930202,0.0,0.0,0.0,0.0,4404,8399,3995
2020-08-22T18:00:00,2430.0,6.821210263296964e-14,0.0,0.0,0.0,1331.163078930202,0.0,0.0,0.0,0.0,4511,8272,3761
2020-08-22T19:00:00,2238.163078930202,0.0,0.0,0.0,0.0,0.0,0.0,0.0,0.0,0.0,5954,8192,2238
2020-08-22T20:00:00,1938.163078930202,2.728484105318785e-13,0.0,0.0,0.0,0.0,0.0,0.0,0.0,0.0,6123,8061,1938
2020-08-22T21:00:00,2430.0,2.728484105318785e-13,0.0,0.0,0.0,938.1630789302018,0.0,0.0,0.0,0.0,4936,8304,3368
2020-08-22T22:00:00,2430.0,6.366462912410498e-13,0.0,0.0,0.0,1311.163078930201,0.0,0.0,0.0,0.0,4936,8677,3741
2020-08-22T23:00:00,2430.0,6.366462912410498e-13,0.0,0.0,0.0,1171.163078930201,0.0,0.0,0.0,0.0,4876,8477,3601
2020-08-23T00:00:00,1421.1630789302023,3.637978807091713e-13,0.0,0.0,0.0,0.0,0.0,0.0,0.0,0.0,6086,7507,1421
2020-08-23T01:00:00,810.0,0.0,0.0,0.0,0.0,517.1630789302019,0.0,0.0,0.0,0.0,5829,7156,1327
2020-08-23T02:00:00,810.0,0.0,0.0,0.0,0.0,488.16307893020206,0.0,0.0,0.0,0.0,5582,6880,1298
2020-08-23T03:00:00,810.0,6.821210263296964e-14,0.0,0.0,0.0,175.16307893020212,0.0,0.0,0.0,0.0,5592,6577,985
2020-08-23T04:00:00,810.0,0.0,0.0,0.0,0.0,94.16307893020227,0.0,0.0,0.0,0.0,5681,6585,904
2020-08-23T05:00:00,810.0,6.821210263296964e-14,0.0,0.0,0.0,373.163078930202,0.0,0.0,0.0,0.0,5653,6836,1183
2020-08-23T06:00:00,810.0,6.821210263296964e-14,0.0,0.0,0.0,874.1630789302021,0.0,0.0,0.0,0.0,5619,7303,1684
2020-08-23T07:00:00,0.0,2.2737367544323216e-13,0.0,0.0,0.0,329.163078930202,0.0,0.0,0.0,0.0,7584,7913,329
2020-08-23T08:00:00,1170.0,0.0,0.0,0.0,0.0,1627.163078930202,0.0,0.0,0.0,0.0,5793,8590,2797
2020-08-23T09:00:00,1521.1630789302021,0.0,0.0,0.0,0.0,0.0,0.0,0.0,0.0,0.0,7719,9240,1521
2020-08-23T10:00:00,2085.163078930202,0.0,0.0,0.0,0.0,0.0,0.0,0.0,0.0,0.0,7595,9680,2085
2020-08-23T11:00:00,2340.0,0.0,0.0,0.0,0.0,763.1630789302022,0.0,0.0,0.0,0.0,6925,10028,3103
2020-08-23T12:00:00,2340.0,0.0,0.0,0.0,0.0,544.1630789302021,0.0,0.0,0.0,0.0,7444,10328,2884
2020-08-23T13:00:00,2340.0,-1.3642420526593928e-13,0.0,0.0,0.0,716.163078930202,0.0,0.0,0.0,0.0,7240,10296,3056
2020-08-23T14:00:00,2340.0,0.0,0.0,0.0,0.0,1164.1630789302023,0.0,0.0,0.0,0.0,6957,10461,3504
2020-08-23T15:00:00,2340.0,0.0,0.0,0.0,0.0,1427.163078930202,0.0,0.0,0.0,0.0,6576,10343,3767
2020-08-23T16:00:00,2340.0,0.0,0.0,0.0,0.0,1548.163078930202,0.0,0.0,0.0,0.0,6301,10189,3888
2020-08-23T17:00:00,3150.0,0.0,0.0,0.0,0.0,1453.1630789302023,0.0,0.0,0.0,0.0,5449,10052,4603
2020-08-23T18:00:00,3150.0,0.0,0.0,0.0,0.0,1238.1630789302026,0.0,0.0,0.0,0.0,5463,9851,4388
2020-08-23T19:00:00,3150.0,0.0,0.0,0.0,0.0,1061.1630789302026,0.0,0.0,0.0,0.0,5388,9599,4211
2020-08-23T20:00:00,3150.0,0.0,0.0,0.0,0.0,487.1630789302024,0.0,0.0,0.0,0.0,5449,9086,3637
2020-08-23T21:00:00,3150.0,0.0,0.0,0.0,0.0,301.1630789302023,0.0,0.0,0.0,0.0,5584,9035,3451
2020-08-23T22:00:00,3150.0,-5.45696821063757e-13,0.0,0.0,0.0,592.1630789302017,0.0,0.0,0.0,0.0,5543,9285,3742
2020-08-23T23:00:00,3150.0,3.637978807091713e-13,0.0,0.0,0.0,339.1630789302014,0.0,0.0,0.0,0.0,5515,9004,3489
2020-08-24T00:00:00,2580.1630789302017,2.728484105318785e-13,0.0,0.0,0.0,0.0,0.0,0.0,0.0,0.0,5556,8136,2580
2020-08-24T01:00:00,2507.1630789302017,2.728484105318785e-13,0.0,0.0,0.0,0.0,0.0,0.0,0.0,0.0,5257,7764,2507
2020-08-24T02:00:00,2226.163078930202,2.728484105318785e-13,0.0,0.0,0.0,0.0,0.0,0.0,0.0,0.0,5248,7474,2226
2020-08-24T03:00:00,1912.1630789302021,0.0,0.0,0.0,0.0,0.0,0.0,0.0,0.0,0.0,5243,7155,1912
2020-08-24T04:00:00,2263.1630789302026,-1.818989403545857e-13,0.0,0.0,0.0,0.0,0.0,0.0,0.0,0.0,4841,7104,2263
2020-08-24T05:00:00,2391.1630789302026,-2.728484105318785e-13,0.0,0.0,0.0,0.0,0.0,0.0,0.0,0.0,4928,7319,2391
2020-08-24T06:00:00,2971.163078930202,0.0,0.0,0.0,0.0,0.0,0.0,0.0,0.0,0.0,4794,7765,2971
2020-08-24T07:00:00,3629.1630789302026,0.0,0.0,0.0,0.0,0.0,0.0,0.0,0.0,0.0,4734,8363,3629
2020-08-24T08:00:00,1950.1630789302021,0.0,0.0,0.0,0.0,0.0,0.0,0.0,0.0,0.0,7067,9017,1950
2020-08-24T09:00:00,2415.163078930202,0.0,0.0,0.0,0.0,0.0,0.0,0.0,0.0,0.0,7234,9649,2415
2020-08-24T10:00:00,2901.1630789302017,-2.8421709430404e-15,0.0,0.0,0.0,0.0,0.0,0.0,0.0,0.0,7178,10079,2901
2020-08-24T11:00:00,3166.1630789302017,-4.5474735088646414e-14,0.0,0.0,0.0,0.0,0.0,0.0,0.0,0.0,7238,10404,3166
2020-08-24T12:00:00,4794.163078930203,-4.5474735088646414e-14,0.0,0.0,0.0,0.0,0.0,0.0,0.0,0.0,5849,10643,4794
2020-08-24T13:00:00,4712.163078930203,-4.5474735088646414e-14,0.0,0.0,0.0,0.0,0.0,0.0,0.0,0.0,5879,10591,4712
2020-08-24T14:00:00,4881.163078930203,0.0,0.0,0.0,0.0,0.0,0.0,0.0,0.0,0.0,5880,10761,4881
2020-08-24T15:00:00,4671.163078930203,0.0,0.0,0.0,0.0,0.0,0.0,0.0,0.0,0.0,5966,10637,4671
2020-08-24T16:00:00,5532.163078930203,0.0,0.0,0.0,0.0,0.0,0.0,0.0,0.0,0.0,4939,10471,5532
2020-08-24T17:00:00,4445.163078930203,-4.5474735088646414e-14,0.0,0.0,0.0,0.0,0.0,0.0,0.0,0.0,5869,10314,4445
2020-08-24T18:00:00,5580.0,1.818989403545857e-13,0.0,0.0,0.0,469.1630789302023,0.0,0.0,0.0,0.0,4038,10087,6049
2020-08-24T19:00:00,5580.0,-9.09494701772928e-14,0.0,0.0,0.0,240.16307893020257,0.0,0.0,0.0,0.0,3930,9750,5820
2020-08-24T20:00:00,5580.0,-8.185452315956353e-13,0.0,0.0,0.0,8.163078930203563,0.0,0.0,0.0,0.0,3635,9223,5588
2020-08-24T21:00:00,5580.0,2.728484105318785e-13,0.0,0.0,0.0,513.1630789302025,0.0,0.0,0.0,0.0,3099,9192,6093
2020-08-24T22:00:00,5580.0,2.728484105318785e-13,0.0,0.0,0.0,825.1630789302019,0.0,0.0,0.0,0.0,2985,9390,6405
2020-08-24T23:00:00,5580.0,2.728484105318785e-13,0.0,0.0,0.0,509.16307893020183,0.0,0.0,0.0,0.0,3029,9118,6089
2020-08-25T00:00:00,2742.1630789302017,3.637978807091713e-13,0.0,0.0,0.0,0.0,0.0,0.0,0.0,0.0,5370,8112,2742
2020-08-25T01:00:00,4829.163078930203,0.0,0.0,0.0,0.0,0.0,0.0,0.0,0.0,0.0,2911,7740,4829
2020-08-25T02:00:00,4669.163078930203,9.09494701772928e-14,0.0,0.0,0.0,0.0,0.0,0.0,0.0,0.0,2783,7452,4669
2020-08-25T03:00:00,2728.163078930202,-4.5474735088646414e-14,0.0,0.0,0.0,0.0,0.0,0.0,0.0,0.0,4406,7134,2728
2020-08-25T04:00:00,4355.163078930202,2.728484105318785e-13,0.0,0.0,0.0,0.0,0.0,0.0,0.0,0.0,2729,7084,4355
2020-08-25T05:00:00,2443.163078930202,0.0,0.0,0.0,0.0,0.0,0.0,0.0,0.0,0.0,4859,7302,2443
2020-08-25T06:00:00,4356.163078930203,0.0,0.0,0.0,0.0,0.0,0.0,0.0,0.0,0.0,3394,7750,4356
2020-08-25T07:00:00,4152.163078930203,0.0,0.0,0.0,0.0,0.0,0.0,0.0,0.0,0.0,4192,8344,4152
2020-08-25T08:00:00,4475.163078930203,0.0,0.0,0.0,0.0,0.0,0.0,0.0,0.0,0.0,4516,8991,4475
2020-08-25T09:00:00,4989.163078930203,-3.4106051316484814e-14,0.0,0.0,0.0,0.0,0.0,0.0,0.0,0.0,4615,9604,4989
2020-08-25T10:00:00,3022.163078930202,-1.7053025658242404e-14,0.0,0.0,0.0,0.0,0.0,0.0,0.0,0.0,6982,10004,3022
2020-08-25T11:00:00,5580.0,0.0,0.0,0.0,0.0,185.16307893020257,0.0,0.0,0.0,0.0,4526,10291,5765
2020-08-25T12:00:00,3504.1630789302017,-4.5474735088646414e-14,0.0,0.0,0.0,0.0,0.0,0.0,0.0,0.0,6983,10487,3504
2020-08-25T13:00:00,3813.163078930202,-4.5474735088646414e-14,0.0,0.0,0.0,0.0,0.0,0.0,0.0,0.0,6570,10383,3813
2020-08-25T14:00:00,5580.0,-4.5474735088646414e-14,0.0,0.0,0.0,834.1630789302027,0.0,0.0,0.0,0.0,4060,10474,6414
2020-08-25T15:00:00,4450.163078930203,0.0,0.0,0.0,0.0,0.0,0.0,0.0,0.0,0.0,5835,10285,4450
2020-08-25T16:00:00,4885.163078930203,0.0,0.0,0.0,0.0,0.0,0.0,0.0,0.0,0.0,5186,10071,4885
2020-08-25T17:00:00,5580.0,0.0,0.0,0.0,0.0,1021.1630789302026,0.0,0.0,0.0,0.0,3290,9891,6601
2020-08-25T18:00:00,3288.1630789302026,-4.547473508864642e-13,0.0,0.0,0.0,0.0,0.0,0.0,0.0,0.0,6428,9716,3288
2020-08-25T19:00:00,2950.163078930202,0.0,0.0,0.0,0.0,0.0,0.0,0.0,0.0,0.0,6466,9416,2950
2020-08-25T20:00:00,2507.163078930202,0.0,0.0,0.0,0.0,0.0,0.0,0.0,0.0,0.0,6395,8902,2507
2020-08-25T21:00:00,3023.163078930202,0.0,0.0,0.0,0.0,0.0,0.0,0.0,0.0,0.0,5833,8856,3023
2020-08-25T22:00:00,2936.1630789302017,3.637978807091713e-13,0.0,0.0,0.0,0.0,0.0,0.0,0.0,0.0,6090,9026,2936
2020-08-25T23:00:00,2940.1630789302017,3.637978807091713e-13,0.0,0.0,0.0,0.0,0.0,0.0,0.0,0.0,5878,8818,2940
2020-08-26T00:00:00,1560.0,5.456968210637569e-13,0.0,0.0,0.0,764.1630789302021,0.0,0.0,0.0,0.0,5554,7878,2324
2020-08-26T01:00:00,4624.163078930203,5.456968210637569e-13,0.0,0.0,0.0,0.0,0.0,0.0,0.0,0.0,2877,7501,4624
2020-08-26T02:00:00,2561.163078930202,5.456968210637569e-13,0.0,0.0,0.0,0.0,0.0,0.0,0.0,0.0,4643,7204,2561
2020-08-26T03:00:00,3893.163078930202,0.0,0.0,0.0,0.0,0.0,0.0,0.0,0.0,0.0,2975,6868,3893
2020-08-26T04:00:00,2837.1630789302017,-4.5474735088646414e-14,0.0,0.0,0.0,0.0,0.0,0.0,0.0,0.0,3961,6798,2837
2020-08-26T05:00:00,3565.1630789302017,0.0,0.0,0.0,0.0,0.0,0.0,0.0,0.0,0.0,3458,7023,3565
2020-08-26T06:00:00,3802.1630789302017,2.728484105318785e-13,0.0,0.0,0.0,0.0,0.0,0.0,0.0,0.0,3680,7482,3802
2020-08-26T07:00:00,4239.163078930202,0.0,0.0,0.0,0.0,0.0,0.0,0.0,0.0,0.0,3781,8020,4239
2020-08-26T08:00:00,4597.163078930203,0.0,0.0,0.0,0.0,0.0,0.0,0.0,0.0,0.0,4050,8647,4597
2020-08-26T09:00:00,3385.163078930202,1.1368683772161607e-14,0.0,0.0,0.0,0.0,0.0,0.0,0.0,0.0,5809,9194,3385
2020-08-26T10:00:00,4764.163078930203,-3.4106051316484814e-14,0.0,0.0,0.0,0.0,0.0,0.0,0.0,0.0,4752,9516,4764
2020-08-26T11:00:00,3596.163078930202,3.4106051316484814e-14,0.0,0.0,0.0,0.0,0.0,0.0,0.0,0.0,6160,9756,3596
2020-08-26T12:00:00,3566.163078930202,3.4106051316484814e-14,0.0,0.0,0.0,0.0,0.0,0.0,0.0,0.0,6354,9920,3566
2020-08-26T13:00:00,3926.1630789302017,0.0,0.0,0.0,0.0,0.0,0.0,0.0,0.0,0.0,5845,9771,3926
2020-08-26T14:00:00,3825.1630789302017,0.0,0.0,0.0,0.0,0.0,0.0,0.0,0.0,0.0,5942,9767,3825
2020-08-26T15:00:00,4106.163078930203,0.0,0.0,0.0,0.0,0.0,0.0,0.0,0.0,0.0,5424,9530,4106
2020-08-26T16:00:00,4443.163078930203,0.0,0.0,0.0,0.0,0.0,0.0,0.0,0.0,0.0,4867,9310,4443
2020-08-26T17:00:00,4601.163078930203,0.0,0.0,0.0,0.0,0.0,0.0,0.0,0.0,0.0,4565,9166,4601
2020-08-26T18:00:00,4770.0,0.0,0.0,0.0,0.0,513.1630789302028,0.0,0.0,0.0,0.0,3850,9133,5283
2020-08-26T19:00:00,3032.163078930202,-2.728484105318785e-13,0.0,0.0,0.0,0.0,0.0,0.0,0.0,0.0,5901,8933,3032
2020-08-26T20:00:00,3061.163078930202,-1.818989403545857e-13,0.0,0.0,0.0,0.0,0.0,0.0,0.0,0.0,5407,8468,3061
2020-08-26T21:00:00,4565.163078930203,2.728484105318785e-13,0.0,0.0,0.0,0.0,0.0,0.0,0.0,0.0,3859,8424,4565
2020-08-26T22:00:00,4707.163078930203,6.366462912410498e-13,0.0,0.0,0.0,0.0,0.0,0.0,0.0,0.0,3866,8573,4707
2020-08-26T23:00:00,4687.163078930202,6.366462912410498e-13,0.0,0.0,0.0,0.0,0.0,0.0,0.0,0.0,3771,8458,4687
2020-08-27T00:00:00,3604.1630789302017,7.048583938740194e-13,0.0,0.0,0.0,0.0,0.0,0.0,0.0,0.0,4138,7742,3604
2020-08-27T01:00:00,3625.163078930203,-2.2737367544323226e-14,0.0,0.0,0.0,0.0,0.0,0.0,0.0,0.0,3707,7332,3625
2020-08-27T02:00:00,3176.1630789302026,3.410605131648481e-13,0.0,0.0,0.0,0.0,0.0,0.0,0.0,0.0,3856,7032,3176
2020-08-27T03:00:00,2663.1630789302017,1.0231815394945445e-13,0.0,0.0,0.0,0.0,0.0,0.0,0.0,0.0,4019,6682,2663
2020-08-27T04:00:00,2248.163078930202,1.0231815394945445e-13,0.0,0.0,0.0,0.0,0.0,0.0,0.0,0.0,4333,6581,2248
2020-08-27T05:00:00,2873.163078930202,1.0231815394945445e-13,0.0,0.0,0.0,0.0,0.0,0.0,0.0,0.0,3944,6817,2873
2020-08-27T06:00:00,3251.163078930202,1.0231815394945445e-13,0.0,0.0,0.0,0.0,0.0,0.0,0.0,0.0,4055,7306,3251
2020-08-27T07:00:00,3245.163078930202,1.0231815394945445e-13,0.0,0.0,0.0,0.0,0.0,0.0,0.0,0.0,4526,7771,3245
2020-08-27T08:00:00,4047.163078930202,1.0231815394945445e-13,0.0,0.0,0.0,0.0,0.0,0.0,0.0,0.0,4351,8398,4047
2020-08-27T09:00:00,3720.163078930202,1.0231815394945445e-13,0.0,0.0,0.0,0.0,0.0,0.0,0.0,0.0,5187,8907,3720
2020-08-27T10:00:00,3240.163078930202,1.0231815394945445e-13,0.0,0.0,0.0,0.0,0.0,0.0,0.0,0.0,5951,9191,3240
2020-08-27T11:00:00,2994.1630789302026,2.2737367544323226e-14,0.0,0.0,0.0,0.0,0.0,0.0,0.0,0.0,6402,9396,2994
2020-08-27T12:00:00,2944.1630789302026,2.2737367544323226e-14,0.0,0.0,0.0,0.0,0.0,0.0,0.0,0.0,6626,9570,2944
2020-08-27T13:00:00,2273.163078930202,4.580021832924068e-14,0.0,0.0,0.0,0.0,0.0,0.0,0.0,0.0,7096,9369,2273
2020-08-27T14:00:00,2166.163078930202,6.821210263296964e-14,0.0,0.0,0.0,0.0,0.0,0.0,0.0,0.0,7138,9304,2166
2020-08-27T15:00:00,2160.1630789302017,1.5916157281026248e-13,0.0,0.0,0.0,0.0,0.0,0.0,0.0,0.0,6875,9035,2160
2020-08-27T16:00:00,2534.163078930202,1.0231815394945445e-13,0.0,0.0,0.0,0.0,0.0,0.0,0.0,0.0,6290,8824,2534
2020-08-27T17:00:00,2790.0,1.0231815394945445e-13,0.0,0.0,0.0,65.16307893020223,0.0,0.0,0.0,0.0,5870,8725,2855
2020-08-27T18:00:00,2790.0,1.0231815394945445e-13,0.0,0.0,0.0,123.16307893020225,0.0,0.0,0.0,0.0,5871,8784,2913
2020-08-27T19:00:00,2630.163078930202,1.0231815394945445e-13,0.0,0.0,0.0,0.0,0.0,0.0,0.0,0.0,5970,8600,2630
2020-08-27T20:00:00,2305.1630789302017,3.410605131648481e-13,0.0,0.0,0.0,0.0,0.0,0.0,0.0,0.0,5912,8217,2305
2020-08-27T21:00:00,2626.1630789302026,7.048583938740194e-13,0.0,0.0,0.0,0.0,0.0,0.0,0.0,0.0,5583,8209,2626
2020-08-27T22:00:00,2790.0,-2.0463630789890893e-13,0.0,0.0,0.0,186.16307893020212,0.0,0.0,0.0,0.0,5400,8376,2976
2020-08-27T23:00:00,2790.0,7.048583938740194e-13,0.0,0.0,0.0,134.1630789302012,0.0,0.0,0.0,0.0,5413,8337,2924
2020-08-28T00:00:00,2209.1630789302026,4.3200998334214094e-13,0.0,0.0,0.0,0.0,0.0,0.0,0.0,0.0,5428,7637,2209
2020-08-28T01:00:00,1984.163078930202,6.821210263296964e-14,0.0,0.0,0.0,0.0,0.0,0.0,0.0,0.0,5184,7168,1984
2020-08-28T02:00:00,1876.1630789302017,2.5011104298755534e-13,0.0,0.0,0.0,0.0,0.0,0.0,0.0,0.0,4947,6823,1876
2020-08-28T03:00:00,1613.1630789302021,-4.5474735088646414e-14,0.0,0.0,0.0,0.0,0.0,0.0,0.0,0.0,4782,6395,1613
2020-08-28T04:00:00,1170.0,6.821210263296964e-14,0.0,0.0,0.0,427.1630789302022,0.0,0.0,0.0,0.0,4613,6210,1597
2020-08-28T05:00:00,1170.0,6.821210263296964e-14,0.0,0.0,0.0,14.16307893020213,0.0,0.0,0.0,0.0,5065,6249,1184
2020-08-28T06:00:00,0.0,6.821210263296964e-14,0.0,0.0,0.0,218.16307893020212,0.0,0.0,0.0,0.0,6181,6399,218
2020-08-28T07:00:00,0.0,-6.821210263296964e-14,0.0,0.0,0.0,0.0,385.8369210697977,0.0,0.0,0.0,6905,6519,-386
2020-08-28T08:00:00,0.0,6.821210263296964e-14,0.0,0.0,0.0,0.0,12.836921069797812,0.0,0.0,0.0,7066,7053,-13
2020-08-28T09:00:00,0.0,6.821210263296964e-14,0.0,0.0,0.0,296.15769732550547,0.0,299.00538160469665,0.0,0.0,7056,7651,595
2020-08-28T10:00:00,0.0,6.821210263296964e-14,0.0,0.0,0.0,1163.163078930202,0.0,0.0,0.0,0.0,6828,7991,1163
2020-08-28T11:00:00,0.0,0.0,0.0,0.0,0.0,1478.1630789302023,0.0,0.0,0.0,0.0,6748,8226,1478
2020-08-28T12:00:00,0.0,2.3479711987786312e-14,0.0,0.0,0.0,2410.163078930202,0.0,0.0,0.0,0.0,6156,8566,2410
2020-08-28T13:00:00,0.0,6.821210263296964e-14,0.0,0.0,0.0,1874.1630789302017,0.0,0.0,0.0,0.0,6450,8324,1874
2020-08-28T14:00:00,0.0,6.821210263296964e-14,0.0,0.0,0.0,1976.163078930202,0.0,0.0,0.0,0.0,6232,8208,1976
2020-08-28T15:00:00,0.0,-1.0061285138363019e-10,0.0,0.0,0.0,2080.1630789303026,0.0,0.0,0.0,0.0,5906,7986,2080
2020-08-28T16:00:00,0.0,6.821210263296964e-14,0.0,0.0,0.0,2439.163078930202,0.0,0.0,0.0,0.0,5404,7843,2439
2020-08-28T17:00:00,0.0,6.821210263296964e-14,0.0,0.0,0.0,2334.163078930202,0.0,0.0,0.0,0.0,5501,7835,2334
2020-08-28T18:00:00,0.0,6.821210263296964e-14,0.0,0.0,0.0,1867.163078930202,0.0,0.0,0.0,0.0,6027,7894,1867
2020-08-28T19:00:00,0.0,6.821210263296964e-14,0.0,0.0,0.0,1321.163078930202,0.0,0.0,0.0,0.0,6469,7790,1321
2020-08-28T20:00:00,0.0,6.821210263296964e-14,0.0,0.0,0.0,3935.163078930202,0.0,0.0,0.0,0.0,3662,7597,3935
2020-08-28T21:00:00,0.0,-2.955857780762017e-13,0.0,0.0,0.0,4482.163078930202,0.0,0.0,0.0,0.0,3272,7754,4482
2020-08-28T22:00:00,0.0,4.3200998334214094e-13,0.0,0.0,0.0,2654.163078930202,0.0,0.0,0.0,0.0,5390,8044,2654
2020-08-28T23:00:00,0.0,4.3200998334214094e-13,0.0,0.0,0.0,2423.1630789302017,0.0,0.0,0.0,0.0,5648,8071,2423
2020-08-29T00:00:00,0.0,-2.046363078989089e-13,0.0,0.0,0.0,2072.1630789302026,0.0,0.0,0.0,0.0,5277,7349,2072
2020-08-29T01:00:00,0.0,-2.046363078989089e-13,0.0,0.0,0.0,1913.1630789302017,0.0,0.0,0.0,0.0,5007,6920,1913
2020-08-29T02:00:00,0.0,-2.046363078989089e-13,0.0,0.0,0.0,1813.163078930202,0.0,0.0,0.0,0.0,4768,6581,1813
2020-08-29T03:00:00,0.0,-1.5916157281026248e-13,0.0,0.0,0.0,1789.163078930202,0.0,0.0,0.0,0.0,4388,6177,1789
2020-08-29T04:00:00,0.0,-6.821210263296964e-14,0.0,0.0,0.0,1682.163078930202,0.0,0.0,0.0,0.0,4292,5974,1682
2020-08-29T05:00:00,0.0,-6.821210263296964e-14,0.0,0.0,0.0,3291.163078930202,0.0,0.0,0.0,0.0,2634,5925,3291
2020-08-29T06:00:00,0.0,-9.094947017729287e-14,0.0,0.0,0.0,2474.163078930202,0.0,0.0,0.0,0.0,3454,5928,2474
2020-08-29T07:00:00,0.0,-6.821210263296964e-14,0.0,0.0,0.0,0.0,173.83692106979777,0.0,0.0,0.0,6128,5954,-174
2020-08-29T08:00:00,0.0,-7.105427357601e-14,0.0,0.0,0.0,1758.7853881278538,0.0,130.37769080234833,0.0,0.0,4526,6415,1889
2020-08-29T09:00:00,0.0,-1.1368683772161605e-13,0.0,0.0,0.0,0.0,38.83692106979771,0.0,0.0,0.0,7024,6985,-39
2020-08-29T10:00:00,1980.0,-3.4106051316484814e-14,0.0,0.0,0.0,997.035388127854,0.0,29.127690802348283,0.0,0.0,4437,7443,3006
2020-08-29T11:00:00,3001.163078930202,-3.4106051316484814e-14,0.0,0.0,0.0,0.0,0.0,0.0,0.0,0.0,4798,7799,3001
2020-08-29T12:00:00,1402.1630789302021,-3.4106051316484814e-14,0.0,0.0,0.0,0.0,0.0,0.0,0.0,0.0,6816,8218,1402
2020-08-29T13:00:00,1474.1630789302021,-3.4106051316484814e-14,0.0,0.0,0.0,0.0,0.0,0.0,0.0,0.0,6449,7923,1474
2020-08-29T14:00:00,2741.1630789302017,6.821210263296964e-14,0.0,0.0,0.0,0.0,0.0,0.0,0.0,0.0,5029,7770,2741
2020-08-29T15:00:00,2781.163078930202,-4.4386721618291966e-14,0.0,0.0,0.0,0.0,0.0,0.0,0.0,0.0,4807,7588,2781
2020-08-29T16:00:00,3057.163078930202,-2.046363078989089e-13,0.0,0.0,0.0,0.0,0.0,0.0,0.0,0.0,4427,7484,3057
2020-08-29T17:00:00,3939.163078930202,-3.4106051316484814e-14,0.0,0.0,0.0,0.0,0.0,0.0,0.0,0.0,3614,7553,3939
2020-08-29T18:00:00,3663.1630789302017,2.5011104298755534e-13,0.0,0.0,0.0,0.0,0.0,0.0,0.0,0.0,3997,7660,3663
2020-08-29T19:00:00,1390.1630789302017,1.0231815394945445e-13,0.0,0.0,0.0,0.0,0.0,0.0,0.0,0.0,6402,7792,1390
2020-08-29T20:00:00,3960.0,-2.046363078989089e-13,0.0,0.0,0.0,287.16307893020246,0.0,0.0,0.0,0.0,3614,7861,4247
2020-08-29T21:00:00,3960.0,1.591615728102624e-13,0.0,0.0,0.0,992.163078930202,0.0,0.0,0.0,0.0,3072,8024,4952
2020-08-29T22:00:00,3960.0,-2.046363078989089e-13,0.0,0.0,0.0,1148.1630789302017,0.0,0.0,0.0,0.0,3185,8293,5108
2020-08-29T23:00:00,2403.1630789302026,-2.046363078989089e-13,0.0,0.0,0.0,0.0,0.0,0.0,0.0,0.0,5799,8202,2403
2020-08-30T00:00:00,1871.1630789302017,4.3200998334214094e-13,0.0,0.0,0.0,0.0,0.0,0.0,0.0,0.0,5485,7356,1871
2020-08-30T01:00:00,3960.0,6.821210263296964e-14,0.0,0.0,0.0,368.16307893020263,0.0,0.0,0.0,0.0,2674,7002,4328
2020-08-30T02:00:00,3960.0,6.821210263296964e-14,0.0,0.0,0.0,325.16307893020263,0.0,0.0,0.0,0.0,2432,6717,4285
2020-08-30T03:00:00,1838.1630789302021,6.821210263296964e-14,0.0,0.0,0.0,0.0,0.0,0.0,0.0,0.0,4586,6424,1838
2020-08-30T04:00:00,3960.0,6.821210263296964e-14,0.0,0.0,0.0,361.1630789302026,0.0,0.0,0.0,0.0,2107,6428,4321
2020-08-30T05:00:00,3960.0,6.821210263296964e-14,0.0,0.0,0.0,293.1630789302025,0.0,0.0,0.0,0.0,2543,6796,4253
2020-08-30T06:00:00,1385.1630789302021,6.821210263296964e-14,0.0,0.0,0.0,0.0,0.0,0.0,0.0,0.0,6070,7455,1385
2020-08-30T07:00:00,3626.163078930202,0.0,0.0,0.0,0.0,0.0,0.0,0.0,0.0,0.0,4446,8072,3626
2020-08-30T08:00:00,2237.163078930202,6.821210263296964e-14,0.0,0.0,0.0,0.0,0.0,0.0,0.0,0.0,6511,8748,2237
2020-08-30T09:00:00,4457.163078930203,1.1368683772161607e-14,0.0,0.0,0.0,0.0,0.0,0.0,0.0,0.0,4836,9293,4457
2020-08-30T10:00:00,2413.163078930202,2.2737367544323226e-14,0.0,0.0,0.0,0.0,0.0,0.0,0.0,0.0,7245,9658,2413
2020-08-30T11:00:00,5339.163078930203,6.821210263296964e-14,0.0,0.0,0.0,0.0,0.0,0.0,0.0,0.0,4643,9982,5339
2020-08-30T12:00:00,5580.0,6.821210263296964e-14,0.0,0.0,0.0,122.16307893020252,0.0,0.0,0.0,0.0,4505,10207,5702
2020-08-30T13:00:00,3555.163078930202,6.821210263296964e-14,0.0,0.0,0.0,0.0,0.0,0.0,0.0,0.0,6601,10156,3555
2020-08-30T14:00:00,4071.163078930202,6.821210263296964e-14,0.0,0.0,0.0,0.0,0.0,0.0,0.0,0.0,6179,10250,4071
2020-08-30T15:00:00,5580.0,6.821210263296964e-14,0.0,0.0,0.0,576.1630789302026,0.0,0.0,0.0,0.0,3972,10128,6156
2020-08-30T16:00:00,4427.163078930203,6.821210263296964e-14,0.0,0.0,0.0,0.0,0.0,0.0,0.0,0.0,5563,9990,4427
2020-08-30T17:00:00,5580.0,6.821210263296964e-14,0.0,0.0,0.0,1158.1630789302026,0.0,0.0,0.0,0.0,3144,9882,6738
2020-08-30T18:00:00,5580.0,6.821210263296964e-14,0.0,0.0,0.0,193.16307893020257,0.0,0.0,0.0,0.0,4068,9841,5773
2020-08-30T19:00:00,5118.163078930203,6.821210263296964e-14,0.0,0.0,0.0,0.0,0.0,0.0,0.0,0.0,4613,9731,5118
2020-08-30T20:00:00,3350.163078930202,6.821210263296964e-14,0.0,0.0,0.0,0.0,0.0,0.0,0.0,0.0,5940,9290,3350
2020-08-30T21:00:00,3269.1630789302026,6.821210263296964e-14,0.0,0.0,0.0,0.0,0.0,0.0,0.0,0.0,5782,9051,3269
2020-08-30T22:00:00,3473.1630789302017,-4.774847184307873e-13,0.0,0.0,0.0,0.0,0.0,0.0,0.0,0.0,5738,9211,3473
2020-08-30T23:00:00,3317.1630789302017,4.3200998334214094e-13,0.0,0.0,0.0,0.0,0.0,0.0,0.0,0.0,5694,9011,3317
2020-08-31T00:00:00,3513.163078930201,4.3200998334214094e-13,0.0,0.0,0.0,0.0,0.0,0.0,0.0,0.0,4700,8213,3513
2020-08-31T01:00:00,4941.163078930202,6.821210263296964e-14,0.0,0.0,0.0,0.0,0.0,0.0,0.0,0.0,2879,7820,4941
2020-08-31T02:00:00,2835.1630789302026,6.821210263296964e-14,0.0,0.0,0.0,0.0,0.0,0.0,0.0,0.0,4686,7521,2835
2020-08-31T03:00:00,2460.163078930202,6.252776074688882e-14,0.0,0.0,0.0,0.0,0.0,0.0,0.0,0.0,4723,7183,2460
2020-08-31T04:00:00,3945.163078930202,6.821210263296964e-14,0.0,0.0,0.0,0.0,0.0,0.0,0.0,0.0,3174,7119,3945
2020-08-31T05:00:00,4301.163078930203,6.821210263296964e-14,0.0,0.0,0.0,0.0,0.0,0.0,0.0,0.0,3098,7399,4301
2020-08-31T06:00:00,3113.163078930202,6.821210263296964e-14,0.0,0.0,0.0,0.0,0.0,0.0,0.0,0.0,4905,8018,3113
2020-08-31T07:00:00,4334.1630789302035,6.821210263296964e-14,0.0,0.0,0.0,0.0,0.0,0.0,0.0,0.0,4313,8647,4334
2020-08-31T08:00:00,4211.163078930203,6.821210263296964e-14,0.0,0.0,0.0,0.0,0.0,0.0,0.0,0.0,5070,9281,4211
2020-08-31T09:00:00,4010.163078930202,6.252776074688882e-14,0.0,0.0,0.0,0.0,0.0,0.0,0.0,0.0,5796,9806,4010
2020-08-31T10:00:00,5565.163078930202,6.821210263296964e-14,0.0,0.0,0.0,0.0,0.0,0.0,0.0,0.0,4599,10164,5565
2020-08-31T11:00:00,5408.163078930202,6.821210263296964e-14,0.0,0.0,0.0,0.0,0.0,0.0,0.0,0.0,5064,10472,5408
2020-08-31T12:00:00,5422.163078930202,6.821210263296964e-14,0.0,0.0,0.0,0.0,0.0,0.0,0.0,0.0,5237,10659,5422
2020-08-31T13:00:00,4755.163078930202,1.0231815394945445e-13,0.0,0.0,0.0,0.0,0.0,0.0,0.0,0.0,5859,10614,4755
2020-08-31T14:00:00,5580.0,1.1368683772161605e-13,0.0,0.0,0.0,223.16307893020212,0.0,0.0,0.0,0.0,4938,10741,5803
2020-08-31T15:00:00,5580.0,5.684341886080802e-14,0.0,0.0,0.0,546.1630789302022,0.0,0.0,0.0,0.0,4483,10609,6126
2020-08-31T16:00:00,5580.0,-6.821210263296964e-14,0.0,0.0,0.0,829.163078930203,0.0,0.0,0.0,0.0,4050,10459,6409
2020-08-31T17:00:00,5580.0,6.821210263296964e-14,0.0,0.0,0.0,1097.163078930202,0.0,0.0,0.0,0.0,3627,10304,6677
2020-08-31T18:00:00,4613.163078930202,6.821210263296964e-14,0.0,0.0,0.0,0.0,0.0,0.0,0.0,0.0,5580,10193,4613
2020-08-31T19:00:00,4394.163078930203,6.821210263296964e-14,0.0,0.0,0.0,0.0,0.0,0.0,0.0,0.0,5568,9962,4394
2020-08-31T20:00:00,4147.163078930203,6.821210263296964e-14,0.0,0.0,0.0,0.0,0.0,0.0,0.0,0.0,5381,9528,4147
2020-08-31T21:00:00,5580.0,6.821210263296964e-14,0.0,0.0,0.0,176.16307893020206,0.0,0.0,0.0,0.0,3555,9311,5756
2020-08-31T22:00:00,5580.0,6.821210263296964e-14,0.0,0.0,0.0,154.1630789302023,0.0,0.0,0.0,0.0,3707,9441,5734
2020-08-31T23:00:00,5321.163078930202,4.3200998334214094e-13,0.0,0.0,0.0,0.0,0.0,0.0,0.0,0.0,3909,9230,5321
2020-09-01T00:00:00,3528.1630789302008,4.3200998334214094e-13,0.0,0.0,0.0,0.0,0.0,0.0,0.0,0.0,4748,8276,3528
2020-09-01T01:00:00,3457.1630789302017,0.0,0.0,0.0,0.0,0.0,0.0,0.0,0.0,0.0,4433,7890,3457
2020-09-01T02:00:00,3299.1630789302017,5.6843418860808e-15,0.0,0.0,0.0,0.0,0.0,0.0,0.0,0.0,4299,7598,3299
2020-09-01T03:00:00,3148.1630789302017,-1.818989403545857e-13,0.0,0.0,0.0,0.0,0.0,0.0,0.0,0.0,4123,7271,3148
2020-09-01T04:00:00,2899.1630789302017,-1.5916157281026248e-13,0.0,0.0,0.0,0.0,0.0,0.0,0.0,0.0,4319,7218,2899
2020-09-01T05:00:00,3126.1630789302017,-5.684341886080802e-14,0.0,0.0,0.0,0.0,0.0,0.0,0.0,0.0,4374,7500,3126
2020-09-01T06:00:00,2675.1630789302017,-2.2737367544323207e-14,0.0,0.0,0.0,0.0,0.0,0.0,0.0,0.0,5444,8119,2675
2020-09-01T07:00:00,3140.1630789302017,2.2737367544323226e-14,0.0,0.0,0.0,0.0,0.0,0.0,0.0,0.0,5630,8770,3140
2020-09-01T08:00:00,4860.163078930202,1.1368683772161607e-14,0.0,0.0,0.0,0.0,0.0,0.0,0.0,0.0,4549,9409,4860
2020-09-01T09:00:00,3847.1630789302017,-1.1368683772161608e-13,0.0,0.0,0.0,0.0,0.0,0.0,0.0,0.0,6105,9952,3847
2020-09-01T10:00:00,4422.163078930203,0.0,0.0,0.0,0.0,0.0,0.0,0.0,0.0,0.0,5905,10327,4422
2020-09-01T11:00:00,4839.163078930203,-4.5474735088646414e-14,0.0,0.0,0.0,0.0,0.0,0.0,0.0,0.0,5797,10636,4839
2020-09-01T12:00:00,4798.163078930203,-4.5474735088646414e-14,0.0,0.0,0.0,0.0,0.0,0.0,0.0,0.0,6016,10814,4798
2020-09-01T13:00:00,4928.163078930203,-4.5474735088646414e-14,0.0,0.0,0.0,0.0,0.0,0.0,0.0,0.0,5834,10762,4928
2020-09-01T14:00:00,5382.163078930203,-4.5474735088646414e-14,0.0,0.0,0.0,0.0,0.0,0.0,0.0,0.0,5509,10891,5382
2020-09-01T15:00:00,5580.0,-4.5474735088646414e-14,0.0,0.0,0.0,36.163078930202275,0.0,0.0,0.0,0.0,5134,10750,5616
2020-09-01T16:00:00,5580.0,-4.5474735088646414e-14,0.0,0.0,0.0,224.1630789302023,0.0,0.0,0.0,0.0,4782,10586,5804
2020-09-01T17:00:00,5580.0,-4.5474735088646414e-14,0.0,0.0,0.0,71.16307893020232,0.0,0.0,0.0,0.0,4763,10414,5651
2020-09-01T18:00:00,5128.163078930202,-6.821210263296964e-14,0.0,0.0,0.0,0.0,0.0,0.0,0.0,0.0,5148,10276,5128
2020-09-01T19:00:00,5380.163078930203,1.3688343841994453e-14,0.0,0.0,0.0,0.0,0.0,0.0,0.0,0.0,4648,10028,5380
2020-09-01T20:00:00,5267.163078930203,-2.046363078989089e-13,0.0,0.0,0.0,0.0,0.0,0.0,0.0,0.0,4320,9587,5267
2020-09-01T21:00:00,5085.163078930202,5.6843418860808e-15,0.0,0.0,0.0,0.0,0.0,0.0,0.0,0.0,4284,9369,5085
2020-09-01T22:00:00,4640.163078930202,6.821210263296964e-14,0.0,0.0,0.0,0.0,0.0,0.0,0.0,0.0,4861,9501,4640
2020-09-01T23:00:00,4471.163078930203,6.821210263296964e-14,0.0,0.0,0.0,0.0,0.0,0.0,0.0,0.0,4806,9277,4471
2020-09-02T00:00:00,4071.1630789302017,5.911715561524034e-13,0.0,0.0,-2.273736754432321e-13,0.0,0.0,0.0,0.0,0.0,4239,8310,4071
2020-09-02T01:00:00,4241.163078930203,0.0,0.0,2.273736754432321e-13,0.0,0.0,0.0,0.0,0.0,0.0,3680,7921,4241
2020-09-02T02:00:00,1860.0,0.0,0.0,0.0,0.0,2001.163078930202,0.0,0.0,0.0,0.0,3766,7627,3861
2020-09-02T03:00:00,3631.1630789302026,5.1159076974727215e-14,0.0,0.0,0.0,0.0,0.0,0.0,0.0,0.0,3669,7300,3631
2020-09-02T04:00:00,3254.163078930202,-5.4090065759737625e-14,0.0,0.0,0.0,0.0,0.0,0.0,0.0,0.0,3992,7246,3254
2020-09-02T05:00:00,3783.163078930202,2.2737367544323226e-14,0.0,0.0,0.0,0.0,0.0,0.0,0.0,0.0,3741,7524,3783
2020-09-02T06:00:00,4342.163078930203,1.1368683772161607e-14,0.0,0.0,0.0,0.0,0.0,0.0,0.0,0.0,3797,8139,4342
2020-09-02T07:00:00,4860.163078930202,2.2737367544323226e-14,0.0,0.0,0.0,0.0,0.0,0.0,0.0,0.0,3930,8790,4860
2020-09-02T08:00:00,5265.163078930203,4.831690603168683e-14,0.0,0.0,0.0,0.0,0.0,0.0,0.0,0.0,4162,9427,5265
2020-09-02T09:00:00,5334.163078930203,4.831690603168683e-14,0.0,0.0,0.0,0.0,0.0,0.0,0.0,0.0,4634,9968,5334
2020-09-02T10:00:00,5285.163078930203,4.831690603168683e-14,0.0,0.0,0.0,0.0,0.0,0.0,0.0,0.0,5053,10338,5285
2020-09-02T11:00:00,5269.163078930203,-1.7053025658242404e-14,0.0,0.0,0.0,0.0,0.0,0.0,0.0,0.0,5368,10637,5269
2020-09-02T12:00:00,5252.163078930203,5.1159076974727215e-14,0.0,0.0,0.0,0.0,0.0,0.0,0.0,0.0,5553,10805,5252
2020-09-02T13:00:00,5372.163078930203,-1.7053025658242404e-14,0.0,0.0,0.0,0.0,0.0,0.0,0.0,0.0,5369,10741,5372
2020-09-02T14:00:00,5529.163078930203,-1.7053025658242404e-14,0.0,0.0,0.0,0.0,0.0,0.0,0.0,0.0,5324,10853,5529
2020-09-02T15:00:00,5580.0,1.1368683772161607e-14,0.0,0.0,0.0,169.16307893020246,0.0,0.0,0.0,0.0,4947,10696,5749
2020-09-02T16:00:00,5580.0,4.831690603168683e-14,0.0,0.0,0.0,543.1630789302025,0.0,0.0,0.0,0.0,4396,10519,6123
2020-09-02T17:00:00,1860.0,4.831690603168683e-14,0.0,0.0,0.0,4697.163078930203,0.0,0.0,0.0,0.0,3779,10336,6557
2020-09-02T18:00:00,5580.0,4.831690603168683e-14,0.0,0.0,0.0,1095.1630789302026,0.0,0.0,0.0,0.0,3526,10201,6675
2020-09-02T19:00:00,1860.0,-6.821210263296964e-14,0.0,0.0,0.0,4814.163078930203,0.0,0.0,0.0,0.0,3281,9955,6674
2020-09-02T20:00:00,5375.163078930203,-5.684341886080802e-14,0.0,0.0,0.0,0.0,0.0,0.0,0.0,0.0,4136,9511,5375
2020-09-02T21:00:00,5580.0,4.831690603168683e-14,0.0,0.0,0.0,486.1630789302025,0.0,0.0,0.0,0.0,3218,9284,6066
2020-09-02T22:00:00,5580.0,3.410605131648481e-13,0.0,0.0,0.0,707.1630789302025,0.0,0.0,0.0,0.0,3116,9403,6287
2020-09-02T23:00:00,5580.0,3.410605131648481e-13,0.0,0.0,0.0,578.1630789302017,0.0,0.0,0.0,0.0,3034,9192,6158
2020-09-03T00:00:00,4012.163078930202,6.821210263296964e-14,0.0,0.0,0.0,0.0,0.0,0.0,0.0,0.0,4314,8326,4012
2020-09-03T01:00:00,4057.1630789302017,4.5474735088646414e-14,0.0,0.0,0.0,0.0,0.0,0.0,0.0,0.0,3873,7930,4057
2020-09-03T02:00:00,4136.163078930203,6.821210263296964e-14,0.0,0.0,0.0,0.0,0.0,0.0,0.0,0.0,3492,7628,4136
2020-09-03T03:00:00,4318.163078930203,6.821210263296964e-14,0.0,0.0,0.0,0.0,0.0,0.0,0.0,0.0,2972,7290,4318
2020-09-03T04:00:00,4406.163078930203,6.821210263296964e-14,0.0,0.0,0.0,0.0,0.0,0.0,0.0,0.0,2819,7225,4406
2020-09-03T05:00:00,4699.1630789302035,6.821210263296964e-14,0.0,0.0,0.0,0.0,0.0,0.0,0.0,0.0,2811,7510,4699
2020-09-03T06:00:00,5031.1630789302035,1.7053025658242404e-14,0.0,0.0,0.0,0.0,0.0,0.0,0.0,0.0,3112,8143,5031
2020-09-03T07:00:00,1860.0,6.821210263296964e-14,0.0,0.0,0.0,4023.163078930203,0.0,0.0,0.0,0.0,2902,8785,5883
2020-09-03T08:00:00,5580.0,8.526512829121202e-14,0.0,0.0,0.0,51.163078930203255,0.0,0.0,0.0,0.0,3741,9372,5631
2020-09-03T09:00:00,5578.1630789302035,5.1159076974727234e-14,0.0,0.0,0.0,0.0,0.0,0.0,0.0,0.0,4311,9889,5578
2020-09-03T10:00:00,5580.0,6.821210263296964e-14,0.0,0.0,0.0,35.16307893020326,0.0,0.0,0.0,0.0,4586,10201,5615
2020-09-03T11:00:00,5580.0,8.526512829121202e-15,0.0,0.0,0.0,137.1630789302033,0.0,0.0,0.0,0.0,4727,10444,5717
2020-09-03T12:00:00,5580.0,8.526512829121202e-15,0.0,0.0,0.0,11.163078930203314,0.0,0.0,0.0,0.0,5000,10591,5591
2020-09-03T13:00:00,5580.0,3.4106051316484814e-14,0.0,0.0,0.0,408.16307893020263,0.0,0.0,0.0,0.0,4469,10457,5988
2020-09-03T14:00:00,5580.0,6.821210263296964e-14,0.0,0.0,0.0,941.1630789302033,0.0,0.0,0.0,0.0,3958,10479,6521
2020-09-03T15:00:00,5580.0,8.526512829121202e-15,0.0,0.0,0.0,980.1630789302033,0.0,0.0,0.0,0.0,3724,10284,6560
2020-09-03T16:00:00,5580.0,8.526512829121202e-15,0.0,0.0,0.0,981.1630789302033,0.0,0.0,0.0,0.0,3504,10065,6561
2020-09-03T17:00:00,5580.0,8.526512829121202e-15,0.0,0.0,0.0,687.1630789302033,0.0,0.0,0.0,0.0,3645,9912,6267
2020-09-03T18:00:00,5580.0,3.4106051316484814e-14,0.0,0.0,0.0,1158.1630789302033,0.0,0.0,0.0,0.0,3067,9805,6738
2020-09-03T19:00:00,5047.1630789302035,-6.821210263296964e-14,0.0,0.0,0.0,0.0,0.0,0.0,0.0,0.0,4478,9525,5047
2020-09-03T20:00:00,4713.1630789302035,0.0,0.0,0.0,0.0,0.0,0.0,0.0,0.0,0.0,4451,9164,4713
2020-09-03T21:00:00,5580.0,6.821210263296964e-14,0.0,0.0,0.0,608.1630789302035,0.0,0.0,0.0,0.0,2801,8989,6188
2020-09-03T22:00:00,5580.0,6.821210263296964e-14,0.0,0.0,0.0,626.1630789302026,0.0,0.0,0.0,0.0,2922,9128,6206
2020-09-03T23:00:00,5580.0,4.3200998334214094e-13,0.0,0.0,0.0,174.16307893020257,0.0,0.0,0.0,0.0,3227,8981,5754
2020-09-04T00:00:00,3564.163078930202,6.821210263296964e-14,0.0,0.0,0.0,0.0,0.0,0.0,0.0,0.0,4559,8123,3564
2020-09-04T01:00:00,4705.163078930202,2.5579538487363604e-14,0.0,0.0,0.0,0.0,0.0,0.0,0.0,0.0,2958,7663,4705
2020-09-04T02:00:00,4393.163078930202,2.5579538487363604e-14,0.0,0.0,0.0,0.0,0.0,0.0,0.0,0.0,2884,7277,4393
2020-09-04T03:00:00,1860.0,2.5579538487363604e-14,0.0,0.0,0.0,1244.1630789302017,0.0,0.0,0.0,0.0,3764,6868,3104
2020-09-04T04:00:00,3623.1630789302017,2.5579538487363604e-14,0.0,0.0,0.0,0.0,0.0,0.0,0.0,0.0,3055,6678,3623
2020-09-04T05:00:00,3569.1630789302017,2.5579538487363604e-14,0.0,0.0,0.0,0.0,0.0,0.0,0.0,0.0,3129,6698,3569
2020-09-04T06:00:00,1560.0,8.526512829121202e-15,0.0,0.0,0.0,0.0,289.836921069798,0.0,0.0,0.0,5597,6867,1270
2020-09-04T07:00:00,3177.7853881278534,-2.5579538487363604e-14,0.0,0.0,0.0,0.0,0.0,217.3776908023485,0.0,0.0,3646,7041,3395
2020-09-04T08:00:00,3569.1630789302017,2.5579538487363604e-14,0.0,0.0,0.0,0.0,0.0,0.0,0.0,0.0,4017,7586,3569
2020-09-04T09:00:00,1560.0,8.526512829121202e-15,0.0,0.0,0.0,0.0,89.836921069798,0.0,0.0,0.0,6735,8205,1470
2020-09-04T10:00:00,1560.0,2.5579538487363604e-14,0.0,0.0,0.0,2199.785388127854,0.0,67.3776908023485,0.0,0.0,4738,8565,3827
2020-09-04T11:00:00,1560.0,2.5579538487363604e-14,0.0,0.0,0.0,559.1630789302022,0.0,0.0,0.0,0.0,6748,8867,2119
2020-09-04T12:00:00,3600.0,2.5579538487363604e-14,0.0,0.0,0.0,725.1630789302022,0.0,0.0,0.0,0.0,4945,9270,4325
2020-09-04T13:00:00,2496.163078930202,2.5579538487363604e-14,0.0,0.0,0.0,0.0,0.0,0.0,0.0,0.0,6537,9033,2496
2020-09-04T14:00:00,2737.1630789302017,2.5579538487363604e-14,0.0,0.0,0.0,0.0,0.0,0.0,0.0,0.0,6230,8967,2737
2020-09-04T15:00:00,2899.1630789302017,2.5579538487363604e-14,0.0,0.0,0.0,0.0,0.0,0.0,0.0,0.0,5889,8788,2899
2020-09-04T16:00:00,2945.163078930202,-2.5579538487363604e-14,0.0,0.0,0.0,0.0,0.0,0.0,0.0,0.0,5691,8636,2945
2020-09-04T17:00:00,3600.0,2.5579538487363604e-14,0.0,0.0,0.0,1803.163078930202,0.0,0.0,0.0,0.0,3176,8579,5403
2020-09-04T18:00:00,3600.0,2.5579538487363604e-14,0.0,0.0,0.0,898.1630789302022,0.0,0.0,0.0,0.0,4010,8508,4498
2020-09-04T19:00:00,2523.163078930202,2.5579538487363604e-14,0.0,0.0,0.0,0.0,0.0,0.0,0.0,0.0,5840,8363,2523
2020-09-04T20:00:00,2386.163078930202,2.5579538487363604e-14,0.0,0.0,0.0,0.0,0.0,0.0,0.0,0.0,5844,8230,2386
2020-09-04T21:00:00,1230.0,2.5579538487363604e-14,0.0,0.0,0.0,3928.163078930202,0.0,0.0,0.0,0.0,3065,8223,5158
2020-09-04T22:00:00,2985.163078930202,6.821210263296964e-14,0.0,0.0,0.0,0.0,0.0,0.0,0.0,0.0,5520,8505,2985
2020-09-04T23:00:00,3007.1630789302017,6.821210263296964e-14,0.0,0.0,0.0,0.0,0.0,0.0,0.0,0.0,5468,8475,3007
2020-09-05T00:00:00,3600.0,6.821210263296964e-14,0.0,0.0,0.0,1087.163078930202,0.0,0.0,0.0,0.0,2992,7679,4687
2020-09-05T01:00:00,3600.0,4.263256414560601e-14,0.0,0.0,0.0,884.1630789302027,0.0,0.0,0.0,0.0,2737,7221,4484
2020-09-05T02:00:00,1810.1630789302021,1.7053025658242404e-14,0.0,0.0,0.0,0.0,0.0,0.0,0.0,0.0,5042,6852,1810
2020-09-05T03:00:00,3600.0,1.7053025658242404e-14,0.0,0.0,0.0,210.16307893020195,0.0,0.0,0.0,0.0,2614,6424,3810
2020-09-05T04:00:00,2790.0,1.7053025658242404e-14,0.0,0.0,0.0,589.1630789302019,0.0,0.0,0.0,0.0,2828,6207,3379
2020-09-05T05:00:00,2790.0,1.7053025658242404e-14,0.0,0.0,0.0,528.1630789302019,0.0,0.0,0.0,0.0,2833,6151,3318
2020-09-05T06:00:00,411.16307893020223,1.7053025658242404e-14,0.0,0.0,0.0,0.0,0.0,0.0,0.0,0.0,5765,6176,411
2020-09-05T07:00:00,1170.0,1.7053025658242404e-14,0.0,0.0,0.0,475.1630789302022,0.0,0.0,0.0,0.0,4566,6211,1645
2020-09-05T08:00:00,330.0,1.1368683772161604e-14,0.0,0.0,0.0,0.0,24.836921069797793,0.0,0.0,0.0,6372,6677,305
2020-09-05T09:00:00,0.0,1.7053025658242404e-14,0.0,0.0,0.0,404.5353881278539,0.0,18.627690802348344,0.0,0.0,6850,7273,423
2020-09-05T10:00:00,0.0,4.263256414560601e-14,0.0,0.0,0.0,521.1630789302022,0.0,0.0,0.0,0.0,7234,7755,521
2020-09-05T11:00:00,810.0,1.7053025658242404e-14,0.0,0.0,0.0,195.16307893020215,0.0,0.0,0.0,0.0,7142,8147,1005
2020-09-05T12:00:00,810.0,1.7053025658242404e-14,0.0,0.0,0.0,734.1630789302021,0.0,0.0,0.0,0.0,7057,8601,1544
2020-09-05T13:00:00,1980.0,1.7053025658242404e-14,0.0,0.0,0.0,1454.163078930202,0.0,0.0,0.0,0.0,4882,8316,3434
2020-09-05T14:00:00,1768.1630789302021,1.7053025658242404e-14,0.0,0.0,0.0,0.0,0.0,0.0,0.0,0.0,6409,8177,1768
2020-09-05T15:00:00,1868.1630789302021,1.7053025658242404e-14,0.0,0.0,0.0,0.0,0.0,0.0,0.0,0.0,6147,8015,1868
2020-09-05T16:00:00,1869.1630789302021,1.7053025658242404e-14,0.0,0.0,0.0,0.0,0.0,0.0,0.0,0.0,6048,7917,1869
2020-09-05T17:00:00,1777.1630789302021,1.7053025658242404e-14,0.0,0.0,0.0,0.0,0.0,0.0,0.0,0.0,6160,7937,1777
2020-09-05T18:00:00,1980.0,1.7053025658242404e-14,0.0,0.0,0.0,1479.163078930202,0.0,0.0,0.0,0.0,4559,8018,3459
2020-09-05T19:00:00,896.1630789302022,4.263256414560601e-14,0.0,0.0,0.0,0.0,0.0,0.0,0.0,0.0,7255,8151,896
2020-09-05T20:00:00,1980.0,1.7053025658242404e-14,0.0,0.0,0.0,52.16307893020218,0.0,0.0,0.0,0.0,6231,8263,2032
2020-09-05T21:00:00,1980.0,1.7053025658242404e-14,0.0,0.0,0.0,839.1630789302019,0.0,0.0,0.0,0.0,5465,8284,2819
2020-09-05T22:00:00,1980.0,-2.046363078989089e-13,0.0,0.0,0.0,1091.1630789302023,0.0,0.0,0.0,0.0,5431,8502,3071
2020-09-05T23:00:00,1980.0,1.591615728102624e-13,0.0,0.0,0.0,466.1630789302021,0.0,0.0,0.0,0.0,5957,8403,2446
2020-09-06T00:00:00,1980.0,4.3200998334214094e-13,0.0,0.0,0.0,126.16307893020208,0.0,0.0,0.0,0.0,5440,7546,2106
2020-09-06T01:00:00,1980.0,-2.046363078989089e-13,0.0,0.0,0.0,84.16307893020254,0.0,0.0,0.0,0.0,5116,7180,2064
2020-09-06T02:00:00,630.0,1.1368683772161604e-14,0.0,0.0,0.0,1925.163078930202,0.0,0.0,0.0,0.0,4331,6886,2555
2020-09-06T03:00:00,1980.0,1.1368683772161604e-14,0.0,0.0,0.0,229.16307893020203,0.0,0.0,0.0,0.0,4369,6578,2209
2020-09-06T04:00:00,1980.0,3.4106051316484814e-14,0.0,0.0,0.0,260.16307893020235,0.0,0.0,0.0,0.0,4364,6604,2240
2020-09-06T05:00:00,1980.0,1.1368683772161604e-14,0.0,0.0,0.0,482.16307893020206,0.0,0.0,0.0,0.0,4556,7018,2462
2020-09-06T06:00:00,2084.1630789302026,1.1368683772161604e-14,0.0,0.0,0.0,0.0,0.0,0.0,0.0,0.0,5733,7817,2084
2020-09-06T07:00:00,3600.0,1.1368683772161604e-14,0.0,0.0,0.0,227.16307893020203,0.0,0.0,0.0,0.0,4707,8534,3827
2020-09-06T08:00:00,4410.0,1.1368683772161604e-14,0.0,0.0,0.0,24.16307893020205,0.0,0.0,0.0,0.0,4707,9141,4434
2020-09-06T09:00:00,4668.163078930202,1.1368683772161604e-14,0.0,0.0,0.0,0.0,0.0,0.0,0.0,0.0,4946,9614,4668
2020-09-06T10:00:00,4616.163078930202,1.1368683772161604e-14,0.0,0.0,0.0,0.0,0.0,0.0,0.0,0.0,5333,9949,4616
2020-09-06T11:00:00,3528.1630789302017,1.1368683772161604e-14,0.0,0.0,0.0,0.0,0.0,0.0,0.0,0.0,6734,10262,3528
2020-09-06T12:00:00,3711.163078930202,1.1368683772161604e-14,0.0,0.0,0.0,0.0,0.0,0.0,0.0,0.0,6739,10450,3711
2020-09-06T13:00:00,3952.1630789302017,3.4106051316484814e-14,0.0,0.0,0.0,0.0,0.0,0.0,0.0,0.0,6486,10438,3952
2020-09-06T14:00:00,4152.163078930203,1.1368683772161604e-14,0.0,0.0,0.0,0.0,0.0,0.0,0.0,0.0,6433,10585,4152
2020-09-06T15:00:00,4330.163078930202,1.1368683772161604e-14,0.0,0.0,0.0,0.0,0.0,0.0,0.0,0.0,6147,10477,4330
2020-09-06T16:00:00,4410.0,1.1368683772161604e-14,0.0,0.0,0.0,383.163078930202,0.0,0.0,0.0,0.0,5516,10309,4793
2020-09-06T17:00:00,4111.163078930203,1.1368683772161604e-14,0.0,0.0,0.0,0.0,0.0,0.0,0.0,0.0,6054,10165,4111
2020-09-06T18:00:00,3393.163078930202,1.1368683772161604e-14,0.0,0.0,0.0,0.0,0.0,0.0,0.0,0.0,6750,10143,3393
2020-09-06T19:00:00,3210.163078930202,1.1368683772161604e-14,0.0,0.0,0.0,0.0,0.0,0.0,0.0,0.0,6786,9996,3210
2020-09-06T20:00:00,3433.163078930202,1.1368683772161604e-14,0.0,0.0,0.0,0.0,0.0,0.0,0.0,0.0,6135,9568,3433
2020-09-06T21:00:00,1530.0,1.1368683772161604e-14,0.0,0.0,0.0,2134.163078930202,0.0,0.0,0.0,0.0,5502,9166,3664
2020-09-06T22:00:00,3829.163078930202,6.821210263296964e-14,0.0,0.0,0.0,0.0,0.0,0.0,0.0,0.0,5444,9273,3829
2020-09-06T23:00:00,3808.163078930201,4.3200998334214094e-13,0.0,0.0,0.0,0.0,0.0,0.0,0.0,0.0,5286,9094,3808
2020-09-07T00:00:00,3026.163078930202,6.821210263296964e-14,0.0,0.0,0.0,0.0,0.0,0.0,0.0,0.0,5307,8333,3026
2020-09-07T01:00:00,2438.1630789302026,6.821210263296964e-14,0.0,0.0,0.0,0.0,0.0,0.0,0.0,0.0,5501,7939,2438
2020-09-07T02:00:00,2092.163078930202,0.0,0.0,0.0,0.0,0.0,0.0,0.0,0.0,0.0,5559,7651,2092
2020-09-07T03:00:00,1530.0,0.0,0.0,0.0,0.0,224.1630789302021,0.0,0.0,0.0,0.0,5569,7323,1754
2020-09-07T04:00:00,1756.1630789302021,0.0,0.0,0.0,0.0,0.0,0.0,0.0,0.0,0.0,5521,7277,1756
2020-09-07T05:00:00,2006.1630789302021,0.0,0.0,0.0,0.0,0.0,0.0,0.0,0.0,0.0,5588,7594,2006
2020-09-07T06:00:00,2676.1630789302017,0.0,0.0,0.0,0.0,0.0,0.0,0.0,0.0,0.0,5743,8419,2676
2020-09-07T07:00:00,3392.163078930202,1.7053025658242404e-14,0.0,0.0,0.0,0.0,0.0,0.0,0.0,0.0,5767,9159,3392
2020-09-07T08:00:00,3482.1630789302017,0.0,0.0,0.0,0.0,0.0,0.0,0.0,0.0,0.0,6143,9625,3482
2020-09-07T09:00:00,3546.1630789302017,0.0,0.0,0.0,0.0,0.0,0.0,0.0,0.0,0.0,6508,10054,3546
2020-09-07T10:00:00,3272.1630789302017,0.0,0.0,0.0,0.0,0.0,0.0,0.0,0.0,0.0,7082,10354,3272
2020-09-07T11:00:00,3358.1630789302017,0.0,0.0,0.0,0.0,0.0,0.0,0.0,0.0,0.0,7270,10628,3358
2020-09-07T12:00:00,3639.1630789302017,0.0,0.0,0.0,0.0,0.0,0.0,0.0,0.0,0.0,7136,10775,3639
2020-09-07T13:00:00,3985.1630789302017,0.0,0.0,0.0,0.0,0.0,0.0,0.0,0.0,0.0,6748,10733,3985
2020-09-07T14:00:00,4278.163078930203,0.0,0.0,0.0,0.0,0.0,0.0,0.0,0.0,0.0,6598,10876,4278
2020-09-07T15:00:00,4562.163078930203,0.0,0.0,0.0,0.0,0.0,0.0,0.0,0.0,0.0,6207,10769,4562
2020-09-07T16:00:00,4876.163078930202,1.7053025658242404e-14,0.0,0.0,0.0,0.0,0.0,0.0,0.0,0.0,5742,10618,4876
2020-09-07T17:00:00,5088.163078930203,0.0,0.0,0.0,0.0,0.0,0.0,0.0,0.0,0.0,5382,10470,5088
2020-09-07T18:00:00,4718.163078930203,0.0,0.0,0.0,0.0,0.0,0.0,0.0,0.0,0.0,5652,10370,4718
2020-09-07T19:00:00,4457.163078930203,0.0,0.0,0.0,0.0,0.0,0.0,0.0,0.0,0.0,5630,10087,4457
2020-09-07T20:00:00,4147.163078930203,0.0,0.0,0.0,0.0,0.0,0.0,0.0,0.0,0.0,5515,9662,4147
2020-09-07T21:00:00,4045.1630789302017,0.0,0.0,0.0,0.0,0.0,0.0,0.0,0.0,0.0,5268,9313,4045
2020-09-07T22:00:00,4037.163078930202,6.821210263296964e-14,0.0,0.0,0.0,0.0,0.0,0.0,0.0,0.0,5369,9406,4037
2020-09-07T23:00:00,3876.163078930201,4.3200998334214094e-13,0.0,0.0,0.0,0.0,0.0,0.0,0.0,0.0,5336,9212,3876
2020-09-08T00:00:00,2917.163078930202,-1.5916157281026248e-13,0.0,0.0,0.0,0.0,0.0,0.0,0.0,0.0,5400,8317,2917
2020-09-08T01:00:00,2386.163078930202,0.0,0.0,0.0,0.0,0.0,0.0,0.0,0.0,0.0,5532,7918,2386
2020-09-08T02:00:00,1860.0,0.0,0.0,0.0,0.0,359.163078930202,0.0,0.0,0.0,0.0,5405,7624,2219
2020-09-08T03:00:00,2049.1630789302017,0.0,0.0,0.0,0.0,0.0,0.0,0.0,0.0,0.0,5240,7289,2049
2020-09-08T04:00:00,1860.0,0.0,0.0,0.0,0.0,66.16307893020219,0.0,0.0,0.0,0.0,5309,7235,1926
2020-09-08T05:00:00,2209.1630789302017,0.0,0.0,0.0,0.0,0.0,0.0,0.0,0.0,0.0,5340,7549,2209
2020-09-08T06:00:00,1860.0,0.0,0.0,0.0,0.0,1004.163078930202,0.0,0.0,0.0,0.0,5508,8372,2864
2020-09-08T07:00:00,3076.1630789302017,0.0,0.0,0.0,0.0,0.0,0.0,0.0,0.0,0.0,6022,9098,3076
2020-09-08T08:00:00,3296.163078930202,0.0,0.0,0.0,0.0,0.0,0.0,0.0,0.0,0.0,6260,9556,3296
2020-09-08T09:00:00,3662.1630789302017,0.0,0.0,0.0,0.0,0.0,0.0,0.0,0.0,0.0,6306,9968,3662
2020-09-08T10:00:00,4499.163078930203,0.0,0.0,0.0,0.0,0.0,0.0,0.0,0.0,0.0,5749,10248,4499
2020-09-08T11:00:00,4976.1630789302035,0.0,0.0,0.0,0.0,0.0,0.0,0.0,0.0,0.0,5531,10507,4976
2020-09-08T12:00:00,5042.1630789302035,0.0,0.0,0.0,0.0,0.0,0.0,0.0,0.0,0.0,5602,10644,5042
2020-09-08T13:00:00,5140.1630789302035,0.0,0.0,0.0,0.0,0.0,0.0,0.0,0.0,0.0,5450,10590,5140
2020-09-08T14:00:00,5142.1630789302035,0.0,0.0,0.0,0.0,0.0,0.0,0.0,0.0,0.0,5567,10709,5142
2020-09-08T15:00:00,5063.1630789302035,0.0,0.0,0.0,0.0,0.0,0.0,0.0,0.0,0.0,5526,10589,5063
2020-09-08T16:00:00,5276.1630789302035,0.0,0.0,0.0,0.0,0.0,0.0,0.0,0.0,0.0,5159,10435,5276
2020-09-08T17:00:00,5369.1630789302035,0.0,0.0,0.0,0.0,0.0,0.0,0.0,0.0,0.0,4924,10293,5369
2020-09-08T18:00:00,5460.1630789302035,0.0,0.0,0.0,0.0,0.0,0.0,0.0,0.0,0.0,4764,10224,5460
2020-09-08T19:00:00,1860.0,0.0,0.0,0.0,0.0,3191.1630789302026,0.0,0.0,0.0,0.0,4912,9963,5051
2020-09-08T20:00:00,5087.1630789302035,0.0,0.0,0.0,0.0,0.0,0.0,0.0,0.0,0.0,4460,9547,5087
2020-09-08T21:00:00,4931.1630789302035,6.821210263296964e-14,0.0,0.0,0.0,0.0,0.0,0.0,0.0,0.0,4264,9195,4931
2020-09-08T22:00:00,5155.1630789302035,6.821210263296964e-14,0.0,0.0,0.0,0.0,0.0,0.0,0.0,0.0,4127,9282,5155
2020-09-08T23:00:00,4145.163078930202,4.3200998334214094e-13,0.0,0.0,0.0,0.0,0.0,0.0,0.0,0.0,4967,9112,4145
2020-09-09T00:00:00,2507.820123939891,2.273736754432321e-13,0.0,0.0,0.0,1364.3429549903112,0.0,0.0,0.0,0.0,4369,8241,3872
2020-09-09T01:00:00,3798.163078930203,-5.002220859751106e-13,0.0,-2.273736754432321e-13,0.0,0.0,0.0,0.0,0.0,0.0,4044,7842,3798
2020-09-09T02:00:00,3638.163078930202,0.0,0.0,0.0,-6.039613253960854e-14,0.0,0.0,0.0,0.0,0.0,3908,7546,3638
2020-09-09T03:00:00,3382.1630789302017,6.821210263296964e-14,0.0,0.0,0.0,0.0,0.0,0.0,0.0,0.0,3826,7208,3382
2020-09-09T04:00:00,1860.0,0.0,0.0,0.0,0.0,1528.163078930202,0.0,0.0,0.0,0.0,3762,7150,3388
2020-09-09T05:00:00,3805.163078930202,0.0,0.0,0.0,0.0,0.0,0.0,0.0,0.0,0.0,3663,7468,3805
2020-09-09T06:00:00,5010.163078930202,0.0,0.0,0.0,0.0,0.0,0.0,0.0,0.0,0.0,3286,8296,5010
2020-09-09T07:00:00,5580.0,0.0,0.0,0.0,0.0,355.16307893020195,0.0,0.0,0.0,0.0,3075,9010,5935
2020-09-09T08:00:00,5318.163078930202,0.0,0.0,0.0,0.0,0.0,0.0,0.0,0.0,0.0,4150,9468,5318
2020-09-09T09:00:00,5475.163078930202,0.0,0.0,0.0,0.0,0.0,0.0,0.0,0.0,0.0,4393,9868,5475
2020-09-09T10:00:00,5580.0,0.0,0.0,0.0,0.0,199.16307893020195,0.0,0.0,0.0,0.0,4358,10137,5779
2020-09-09T11:00:00,5580.0,0.0,0.0,0.0,0.0,887.1630789302021,0.0,0.0,0.0,0.0,3927,10394,6467
2020-09-09T12:00:00,5580.0,6.821210263296964e-14,0.0,0.0,0.0,380.1630789302027,0.0,0.0,0.0,0.0,4573,10533,5960
2020-09-09T13:00:00,5580.0,0.0,0.0,0.0,0.0,1146.163078930202,0.0,0.0,0.0,0.0,3752,10478,6726
2020-09-09T14:00:00,5580.0,0.0,0.0,0.0,0.0,1199.163078930202,0.0,0.0,0.0,0.0,3808,10587,6779
2020-09-09T15:00:00,1860.0,0.0,0.0,0.0,0.0,5053.163078930202,0.0,0.0,0.0,0.0,3547,10460,6913
2020-09-09T16:00:00,5580.0,0.0,0.0,0.0,0.0,1644.163078930202,0.0,0.0,0.0,0.0,3079,10303,7224
2020-09-09T17:00:00,5580.0,0.0,0.0,0.0,0.0,1956.163078930202,0.0,0.0,0.0,0.0,2624,10160,7536
2020-09-09T18:00:00,5580.0,0.0,0.0,0.0,0.0,2086.163078930202,0.0,0.0,0.0,0.0,2444,10110,7666
2020-09-09T19:00:00,5580.0,0.0,0.0,0.0,0.0,854.1630789302021,0.0,0.0,0.0,0.0,3429,9863,6434
2020-09-09T20:00:00,1860.0,0.0,0.0,0.0,0.0,4149.163078930202,0.0,0.0,0.0,0.0,3447,9456,6009
2020-09-09T21:00:00,5580.0,2.5011104298755534e-13,0.0,0.0,0.0,153.16307893020158,0.0,0.0,0.0,0.0,3372,9105,5733
2020-09-09T22:00:00,1860.0,1.591615728102624e-13,0.0,0.0,0.0,4904.163078930202,0.0,0.0,0.0,0.0,2428,9192,6764
2020-09-09T23:00:00,5580.0,1.591615728102624e-13,0.0,0.0,0.0,987.1630789302012,0.0,0.0,0.0,0.0,2479,9046,6567
2020-09-10T00:00:00,5580.0,1.591615728102624e-13,0.0,0.0,0.0,141.16307893020291,0.0,0.0,0.0,0.0,2489,8210,5721
2020-09-10T01:00:00,5069.1630789302035,0.0,0.0,0.0,0.0,0.0,0.0,0.0,0.0,0.0,2767,7836,5069
2020-09-10T02:00:00,4388.163078930202,0.0,0.0,0.0,0.0,0.0,0.0,0.0,0.0,0.0,3153,7541,4388
2020-09-10T03:00:00,3736.163078930202,0.0,0.0,0.0,0.0,0.0,0.0,0.0,0.0,0.0,3490,7226,3736
2020-09-10T04:00:00,3272.163078930202,0.0,0.0,0.0,0.0,0.0,0.0,0.0,0.0,0.0,3921,7193,3272
2020-09-10T05:00:00,3189.163078930202,0.0,0.0,0.0,0.0,0.0,0.0,0.0,0.0,0.0,4324,7513,3189
2020-09-10T06:00:00,3823.163078930202,0.0,0.0,0.0,0.0,0.0,0.0,0.0,0.0,0.0,4562,8385,3823
2020-09-10T07:00:00,4276.163078930202,0.0,0.0,0.0,0.0,0.0,0.0,0.0,0.0,0.0,4819,9095,4276
2020-09-10T08:00:00,3884.163078930202,0.0,0.0,0.0,0.0,0.0,0.0,0.0,0.0,0.0,5639,9523,3884
2020-09-10T09:00:00,3932.163078930202,0.0,0.0,0.0,0.0,0.0,0.0,0.0,0.0,0.0,5990,9922,3932
2020-09-10T10:00:00,3903.163078930202,0.0,0.0,0.0,0.0,0.0,0.0,0.0,0.0,0.0,6223,10126,3903
2020-09-10T11:00:00,4422.163078930202,0.0,0.0,0.0,0.0,0.0,0.0,0.0,0.0,0.0,5879,10301,4422
2020-09-10T12:00:00,1860.0,0.0,0.0,0.0,0.0,2771.163078930203,0.0,0.0,0.0,0.0,5764,10395,4631
2020-09-10T13:00:00,4568.163078930203,-6.821210263296964e-14,0.0,0.0,0.0,0.0,0.0,0.0,0.0,0.0,5642,10210,4568
2020-09-10T14:00:00,4534.1630789302035,0.0,0.0,0.0,0.0,0.0,0.0,0.0,0.0,0.0,5670,10204,4534
2020-09-10T15:00:00,4643.1630789302035,0.0,0.0,0.0,0.0,0.0,0.0,0.0,0.0,0.0,5325,9968,4643
2020-09-10T16:00:00,4669.1630789302035,0.0,0.0,0.0,0.0,0.0,0.0,0.0,0.0,0.0,5050,9719,4669
2020-09-10T17:00:00,4689.1630789302035,0.0,0.0,0.0,0.0,0.0,0.0,0.0,0.0,0.0,4892,9581,4689
2020-09-10T18:00:00,4799.1630789302035,0.0,0.0,0.0,0.0,0.0,0.0,0.0,0.0,0.0,4718,9517,4799
2020-09-10T19:00:00,4834.1630789302035,0.0,0.0,0.0,0.0,0.0,0.0,0.0,0.0,0.0,4475,9309,4834
2020-09-10T20:00:00,4659.1630789302035,0.0,0.0,0.0,0.0,0.0,0.0,0.0,0.0,0.0,4365,9024,4659
2020-09-10T21:00:00,4522.1630789302035,0.0,0.0,0.0,0.0,0.0,0.0,0.0,0.0,0.0,4142,8664,4522
2020-09-10T22:00:00,4898.1630789302035,-2.0463630789890893e-13,0.0,0.0,0.0,0.0,0.0,0.0,0.0,0.0,3909,8807,4898
2020-09-10T23:00:00,4777.163078930202,1.591615728102624e-13,0.0,0.0,0.0,0.0,0.0,0.0,0.0,0.0,3925,8702,4777
2020-09-11T00:00:00,3694.163078930202,6.821210263296964e-14,0.0,0.0,0.0,0.0,0.0,0.0,0.0,0.0,4184,7878,3694
2020-09-11T01:00:00,3499.1630789302017,-4.5474735088646414e-14,0.0,0.0,0.0,0.0,0.0,0.0,0.0,0.0,3928,7427,3499
2020-09-11T02:00:00,3602.163078930202,-4.5474735088646414e-14,0.0,0.0,0.0,0.0,0.0,0.0,0.0,0.0,3458,7060,3602
2020-09-11T03:00:00,3535.1630789302017,-4.5474735088646414e-14,0.0,0.0,0.0,0.0,0.0,0.0,0.0,0.0,3107,6642,3535
2020-09-11T04:00:00,3353.163078930202,-4.5474735088646414e-14,0.0,0.0,0.0,0.0,0.0,0.0,0.0,0.0,3120,6473,3353
2020-09-11T05:00:00,1860.0,-4.5474735088646414e-14,0.0,0.0,0.0,1965.1630789302023,0.0,0.0,0.0,0.0,2692,6517,3825
2020-09-11T06:00:00,1560.0,-4.5474735088646414e-14,0.0,0.0,0.0,438.16307893020206,0.0,0.0,0.0,0.0,4764,6762,1998
2020-09-11T07:00:00,3800.163078930202,6.821210263296964e-14,0.0,0.0,0.0,0.0,0.0,0.0,0.0,0.0,3100,6900,3800
2020-09-11T08:00:00,3997.163078930202,-4.5474735088646414e-14,0.0,0.0,0.0,0.0,0.0,0.0,0.0,0.0,3435,7432,3997
2020-09-11T09:00:00,2333.1630789302017,-4.5474735088646414e-14,0.0,0.0,0.0,0.0,0.0,0.0,0.0,0.0,5658,7991,2333
2020-09-11T10:00:00,2338.1630789302017,-4.5474735088646414e-14,0.0,0.0,0.0,0.0,0.0,0.0,0.0,0.0,5920,8258,2338
2020-09-11T11:00:00,3812.163078930202,-4.5474735088646414e-14,0.0,0.0,0.0,0.0,0.0,0.0,0.0,0.0,4663,8475,3812
2020-09-11T12:00:00,2697.163078930202,-4.5474735088646414e-14,0.0,0.0,0.0,0.0,0.0,0.0,0.0,0.0,6123,8820,2697
2020-09-11T13:00:00,3196.1630789302017,-4.5474735088646414e-14,0.0,0.0,0.0,0.0,0.0,0.0,0.0,0.0,5305,8501,3196
2020-09-11T14:00:00,1560.0,-4.5474735088646414e-14,0.0,0.0,0.0,1176.163078930202,0.0,0.0,0.0,0.0,5552,8288,2736
2020-09-11T15:00:00,3098.1630789302017,-4.5474735088646414e-14,0.0,0.0,0.0,0.0,0.0,0.0,0.0,0.0,4918,8016,3098
2020-09-11T16:00:00,3091.163078930202,6.821210263296964e-14,0.0,0.0,0.0,0.0,0.0,0.0,0.0,0.0,4710,7801,3091
2020-09-11T17:00:00,2764.163078930202,-4.5474735088646414e-14,0.0,0.0,0.0,0.0,0.0,0.0,0.0,0.0,4950,7714,2764
2020-09-11T18:00:00,4255.1630789302035,-4.5474735088646414e-14,0.0,0.0,0.0,0.0,0.0,0.0,0.0,0.0,3549,7804,4255
2020-09-11T19:00:00,3838.163078930202,-4.5474735088646414e-14,0.0,0.0,0.0,0.0,0.0,0.0,0.0,0.0,4001,7839,3838
2020-09-11T20:00:00,2723.163078930202,-4.5474735088646414e-14,0.0,0.0,0.0,0.0,0.0,0.0,0.0,0.0,5140,7863,2723
2020-09-11T21:00:00,3960.0,6.821210263296964e-14,0.0,0.0,0.0,803.1630789302028,0.0,0.0,0.0,0.0,2916,7679,4763
2020-09-11T22:00:00,3069.1630789302026,6.821210263296964e-14,0.0,0.0,0.0,0.0,0.0,0.0,0.0,0.0,4869,7938,3069
2020-09-11T23:00:00,3256.163078930201,4.3200998334214094e-13,0.0,0.0,0.0,0.0,0.0,0.0,0.0,0.0,4796,8052,3256
2020-09-12T00:00:00,1260.0,-2.046363078989089e-13,0.0,0.0,0.0,3516.163078930203,0.0,0.0,0.0,0.0,2602,7378,4776
2020-09-12T01:00:00,3960.0,0.0,0.0,0.0,0.0,445.163078930202,0.0,0.0,0.0,0.0,2537,6942,4405
2020-09-12T02:00:00,2268.163078930202,0.0,0.0,0.0,0.0,0.0,0.0,0.0,0.0,0.0,4291,6559,2268
2020-09-12T03:00:00,2217.163078930202,0.0,0.0,0.0,0.0,0.0,0.0,0.0,0.0,0.0,3919,6136,2217
2020-09-12T04:00:00,2044.1630789302021,0.0,0.0,0.0,0.0,0.0,0.0,0.0,0.0,0.0,3889,5933,2044
2020-09-12T05:00:00,1450.1630789302023,0.0,0.0,0.0,0.0,0.0,0.0,0.0,0.0,0.0,4450,5900,1450
2020-09-12T06:00:00,793.1630789302022,0.0,0.0,0.0,0.0,0.0,0.0,0.0,0.0,0.0,5204,5997,793
2020-09-12T07:00:00,660.0,0.0,0.0,0.0,0.0,0.0,46.83692106979778,0.0,0.0,0.0,5358,5971,613
2020-09-12T08:00:00,660.0,0.0,0.0,0.0,0.0,1677.0353881278536,0.0,35.12769080234834,0.0,0.0,4031,6403,2372
2020-09-12T09:00:00,2340.0,0.0,0.0,0.0,0.0,592.1630789302018,0.0,0.0,0.0,0.0,4022,6954,2932
2020-09-12T10:00:00,933.1630789302022,0.0,0.0,0.0,0.0,0.0,0.0,0.0,0.0,0.0,6397,7330,933
2020-09-12T11:00:00,1257.1630789302023,0.0,0.0,0.0,0.0,0.0,0.0,0.0,0.0,0.0,6389,7646,1257
2020-09-12T12:00:00,2340.0,0.0,0.0,0.0,0.0,1060.163078930202,0.0,0.0,0.0,0.0,4637,8037,3400
2020-09-12T13:00:00,330.0,0.0,0.0,0.0,0.0,1076.1630789302023,0.0,0.0,0.0,0.0,6234,7640,1406
2020-09-12T14:00:00,1170.0,0.0,0.0,0.0,0.0,196.1630789302022,0.0,0.0,0.0,0.0,5950,7316,1366
2020-09-12T15:00:00,1170.0,0.0,0.0,0.0,0.0,202.1630789302022,0.0,0.0,0.0,0.0,5656,7028,1372
2020-09-12T16:00:00,1980.0,0.0,0.0,0.0,0.0,614.1630789302018,0.0,0.0,0.0,0.0,4257,6851,2594
2020-09-12T17:00:00,1396.1630789302023,0.0,0.0,0.0,0.0,0.0,0.0,0.0,0.0,0.0,5469,6865,1396
2020-09-12T18:00:00,1980.0,0.0,0.0,0.0,0.0,1769.163078930202,0.0,0.0,0.0,0.0,3396,7145,3749
2020-09-12T19:00:00,2790.0,0.0,0.0,0.0,0.0,657.163078930202,0.0,0.0,0.0,0.0,4029,7476,3447
2020-09-12T20:00:00,930.0,0.0,0.0,0.0,0.0,3437.1630789302026,0.0,0.0,0.0,0.0,3372,7739,4367
2020-09-12T21:00:00,2586.1630789302017,-1.1368683772161608e-13,0.0,0.0,0.0,0.0,0.0,0.0,0.0,0.0,4982,7568,2586
2020-09-12T22:00:00,2621.163078930203,-5.684341886080802e-13,0.0,0.0,0.0,0.0,0.0,0.0,0.0,0.0,5108,7729,2621
2020-09-12T23:00:00,2475.163078930202,1.591615728102624e-13,0.0,0.0,0.0,0.0,0.0,0.0,0.0,0.0,5337,7812,2475
2020-09-13T00:00:00,2790.0,6.821210263296964e-14,0.0,0.0,0.0,1302.163078930202,0.0,0.0,0.0,0.0,3092,7184,4092
2020-09-13T01:00:00,2790.0,1.1368683772161607e-14,0.0,0.0,0.0,806.163078930202,0.0,0.0,0.0,0.0,3219,6815,3596
2020-09-13T02:00:00,2331.163078930202,1.1368683772161607e-14,0.0,0.0,0.0,0.0,0.0,0.0,0.0,0.0,4190,6521,2331
2020-09-13T03:00:00,2407.163078930202,1.1368683772161607e-14,0.0,0.0,0.0,0.0,0.0,0.0,0.0,0.0,3784,6191,2407
2020-09-13T04:00:00,2337.163078930202,1.3642420526593926e-13,0.0,0.0,0.0,0.0,0.0,0.0,0.0,0.0,3865,6202,2337
2020-09-13T05:00:00,2365.163078930202,1.1368683772161607e-14,0.0,0.0,0.0,0.0,0.0,0.0,0.0,0.0,4317,6682,2365
2020-09-13T06:00:00,2790.0,1.1368683772161607e-14,0.0,0.0,0.0,706.163078930202,0.0,0.0,0.0,0.0,4201,7697,3496
2020-09-13T07:00:00,2286.163078930202,1.1368683772161607e-14,0.0,0.0,0.0,0.0,0.0,0.0,0.0,0.0,6087,8373,2286
2020-09-13T08:00:00,2484.163078930202,1.1368683772161607e-14,0.0,0.0,0.0,0.0,0.0,0.0,0.0,0.0,6367,8851,2484
2020-09-13T09:00:00,930.0,1.1368683772161607e-14,0.0,0.0,0.0,1823.1630789302023,0.0,0.0,0.0,0.0,6439,9192,2753
2020-09-13T10:00:00,3060.163078930202,1.1368683772161607e-14,0.0,0.0,0.0,0.0,0.0,0.0,0.0,0.0,6303,9363,3060
2020-09-13T11:00:00,3230.163078930202,1.1368683772161607e-14,0.0,0.0,0.0,0.0,0.0,0.0,0.0,0.0,6324,9554,3230
2020-09-13T12:00:00,3318.163078930202,1.1368683772161607e-14,0.0,0.0,0.0,0.0,0.0,0.0,0.0,0.0,6338,9656,3318
2020-09-13T13:00:00,3908.163078930202,1.3642420526593926e-13,0.0,0.0,0.0,0.0,0.0,0.0,0.0,0.0,5624,9532,3908
2020-09-13T14:00:00,3707.163078930202,1.1368683772161607e-14,0.0,0.0,0.0,0.0,0.0,0.0,0.0,0.0,5754,9461,3707
2020-09-13T15:00:00,3760.163078930202,1.1368683772161607e-14,0.0,0.0,0.0,0.0,0.0,0.0,0.0,0.0,5470,9230,3760
2020-09-13T16:00:00,1860.0,1.1368683772161607e-14,0.0,0.0,0.0,1968.1630789302023,0.0,0.0,0.0,0.0,5188,9016,3828
2020-09-13T17:00:00,1860.0,1.1368683772161607e-14,0.0,0.0,0.0,1796.1630789302023,0.0,0.0,0.0,0.0,5255,8911,3656
2020-09-13T18:00:00,4782.1630789302035,1.1368683772161607e-14,0.0,0.0,0.0,0.0,0.0,0.0,0.0,0.0,4323,9105,4782
2020-09-13T19:00:00,3311.163078930202,1.1368683772161607e-14,0.0,0.0,0.0,0.0,0.0,0.0,0.0,0.0,5754,9065,3311
2020-09-13T20:00:00,3195.163078930202,1.1368683772161607e-14,0.0,0.0,0.0,0.0,0.0,0.0,0.0,0.0,5546,8741,3195
2020-09-13T21:00:00,3371.163078930202,1.1368683772161607e-14,0.0,0.0,0.0,0.0,0.0,0.0,0.0,0.0,4881,8252,3371
2020-09-13T22:00:00,3399.1630789302017,6.821210263296964e-14,0.0,0.0,0.0,0.0,0.0,0.0,0.0,0.0,4979,8378,3399
2020-09-13T23:00:00,3304.1630789302026,-2.27373675443232e-14,0.0,0.0,0.0,0.0,0.0,0.0,0.0,0.0,5113,8417,3304
2020-09-14T00:00:00,1860.0,4.3200998334214094e-13,0.0,0.0,0.0,2431.1630789302017,0.0,0.0,0.0,0.0,3489,7780,4291
2020-09-14T01:00:00,4171.163078930202,4.5474735088646414e-14,0.0,0.0,0.0,0.0,0.0,0.0,0.0,0.0,3228,7399,4171
2020-09-14T02:00:00,3234.163078930202,4.5474735088646414e-14,0.0,0.0,0.0,0.0,0.0,0.0,0.0,0.0,3879,7113,3234
2020-09-14T03:00:00,3281.163078930202,4.5474735088646414e-14,0.0,0.0,0.0,0.0,0.0,0.0,0.0,0.0,3497,6778,3281
2020-09-14T04:00:00,1860.0,4.5474735088646414e-14,0.0,0.0,0.0,1396.163078930202,0.0,0.0,0.0,0.0,3460,6716,3256
2020-09-14T05:00:00,4578.1630789302035,4.5474735088646414e-14,0.0,0.0,0.0,0.0,0.0,0.0,0.0,0.0,2516,7094,4578
2020-09-14T06:00:00,4426.1630789302035,4.5474735088646414e-14,0.0,0.0,0.0,0.0,0.0,0.0,0.0,0.0,3622,8048,4426
2020-09-14T07:00:00,4941.163078930203,0.0,0.0,0.0,0.0,0.0,0.0,0.0,0.0,0.0,3778,8719,4941
2020-09-14T08:00:00,4864.1630789302035,4.5474735088646414e-14,0.0,0.0,0.0,0.0,0.0,0.0,0.0,0.0,4294,9158,4864
2020-09-14T09:00:00,4210.163078930202,4.5474735088646414e-14,0.0,0.0,0.0,0.0,0.0,0.0,0.0,0.0,5257,9467,4210
2020-09-14T10:00:00,3627.163078930202,4.5474735088646414e-14,0.0,0.0,0.0,0.0,0.0,0.0,0.0,0.0,5984,9611,3627
2020-09-14T11:00:00,4329.163078930202,4.5474735088646414e-14,0.0,0.0,0.0,0.0,0.0,0.0,0.0,0.0,5461,9790,4329
2020-09-14T12:00:00,3984.163078930202,4.5474735088646414e-14,0.0,0.0,0.0,0.0,0.0,0.0,0.0,0.0,5855,9839,3984
2020-09-14T13:00:00,3459.163078930202,4.5474735088646414e-14,0.0,0.0,0.0,0.0,0.0,0.0,0.0,0.0,6250,9709,3459
2020-09-14T14:00:00,3145.1630789302017,4.5474735088646414e-14,0.0,0.0,0.0,0.0,0.0,0.0,0.0,0.0,6573,9718,3145
2020-09-14T15:00:00,3198.1630789302017,4.5474735088646414e-14,0.0,0.0,0.0,0.0,0.0,0.0,0.0,0.0,6341,9539,3198
2020-09-14T16:00:00,3095.1630789302017,0.0,0.0,0.0,0.0,0.0,0.0,0.0,0.0,0.0,6283,9378,3095
2020-09-14T17:00:00,3399.163078930202,4.5474735088646414e-14,0.0,0.0,0.0,0.0,0.0,0.0,0.0,0.0,5892,9291,3399
2020-09-14T18:00:00,3758.163078930202,4.5474735088646414e-14,0.0,0.0,0.0,0.0,0.0,0.0,0.0,0.0,5675,9433,3758
2020-09-14T19:00:00,3418.163078930202,4.5474735088646414e-14,0.0,0.0,0.0,0.0,0.0,0.0,0.0,0.0,5931,9349,3418
2020-09-14T20:00:00,1560.0,4.5474735088646414e-14,0.0,0.0,0.0,1571.163078930202,0.0,0.0,0.0,0.0,5919,9050,3131
2020-09-14T21:00:00,2725.1630789302017,6.821210263296964e-14,0.0,0.0,0.0,0.0,0.0,0.0,0.0,0.0,5835,8560,2725
2020-09-14T22:00:00,3039.163078930202,6.821210263296964e-14,0.0,0.0,0.0,0.0,0.0,0.0,0.0,0.0,5641,8680,3039
2020-09-14T23:00:00,2926.163078930202,4.3200998334214094e-13,0.0,0.0,0.0,0.0,0.0,0.0,0.0,0.0,5741,8667,2926
2020-09-15T00:00:00,2370.1630789302026,-2.046363078989089e-13,0.0,0.0,0.0,0.0,0.0,0.0,0.0,0.0,5528,7898,2370
2020-09-15T01:00:00,2061.163078930202,6.821210263296964e-14,0.0,0.0,0.0,0.0,0.0,0.0,0.0,0.0,5452,7513,2061
2020-09-15T02:00:00,1812.1630789302021,-4.5474735088646414e-14,0.0,0.0,0.0,0.0,0.0,0.0,0.0,0.0,5411,7223,1812
2020-09-15T03:00:00,1560.0,-4.5474735088646414e-14,0.0,0.0,0.0,0.0,57.83692106979777,0.0,0.0,0.0,5386,6888,1502
2020-09-15T04:00:00,1560.0,-4.5474735088646414e-14,0.0,0.0,0.0,0.0,43.83692106979777,0.0,0.0,0.0,5309,6825,1516
2020-09-15T05:00:00,1761.1630789302021,-4.5474735088646414e-14,0.0,0.0,0.0,0.0,0.0,0.0,0.0,0.0,5429,7190,1761
2020-09-15T06:00:00,2877.163078930202,-4.5474735088646414e-14,0.0,0.0,0.0,0.0,0.0,0.0,0.0,0.0,5254,8131,2877
2020-09-15T07:00:00,3400.9076973255055,-4.5474735088646414e-14,0.0,0.0,0.0,0.0,0.0,76.25538160469665,0.0,0.0,5334,8811,3477
2020-09-15T08:00:00,3477.163078930202,-4.5474735088646414e-14,0.0,0.0,0.0,0.0,0.0,0.0,0.0,0.0,5774,9251,3477
2020-09-15T09:00:00,3214.1630789302017,-4.5474735088646414e-14,0.0,0.0,0.0,0.0,0.0,0.0,0.0,0.0,6365,9579,3214
2020-09-15T10:00:00,2937.163078930202,6.821210263296964e-14,0.0,0.0,0.0,0.0,0.0,0.0,0.0,0.0,6814,9751,2937
2020-09-15T11:00:00,3122.1630789302017,-4.5474735088646414e-14,0.0,0.0,0.0,0.0,0.0,0.0,0.0,0.0,6837,9959,3122
2020-09-15T12:00:00,2956.163078930202,-4.5474735088646414e-14,0.0,0.0,0.0,0.0,0.0,0.0,0.0,0.0,7081,10037,2956
2020-09-15T13:00:00,2813.163078930202,-4.5474735088646414e-14,0.0,0.0,0.0,0.0,0.0,0.0,0.0,0.0,7132,9945,2813
2020-09-15T14:00:00,2814.163078930202,-4.5474735088646414e-14,0.0,0.0,0.0,0.0,0.0,0.0,0.0,0.0,7199,10013,2814
2020-09-15T15:00:00,2792.163078930202,-4.5474735088646414e-14,0.0,0.0,0.0,0.0,0.0,0.0,0.0,0.0,7079,9871,2792
2020-09-15T16:00:00,2992.163078930202,-4.5474735088646414e-14,0.0,0.0,0.0,0.0,0.0,0.0,0.0,0.0,6732,9724,2992
2020-09-15T17:00:00,3447.1630789302017,-4.5474735088646414e-14,0.0,0.0,0.0,0.0,0.0,0.0,0.0,0.0,6181,9628,3447
2020-09-15T18:00:00,3872.163078930202,-4.5474735088646414e-14,0.0,0.0,0.0,0.0,0.0,0.0,0.0,0.0,5836,9708,3872
2020-09-15T19:00:00,3868.163078930202,6.821210263296964e-14,0.0,0.0,0.0,0.0,0.0,0.0,0.0,0.0,5709,9577,3868
2020-09-15T20:00:00,3946.163078930202,-4.5474735088646414e-14,0.0,0.0,0.0,0.0,0.0,0.0,0.0,0.0,5310,9256,3946
2020-09-15T21:00:00,3657.163078930202,-2.046363078989089e-13,0.0,0.0,0.0,0.0,0.0,0.0,0.0,0.0,5107,8764,3657
2020-09-15T22:00:00,1860.0,-2.046363078989089e-13,0.0,0.0,0.0,1990.1630789302023,0.0,0.0,0.0,0.0,5042,8892,3850
2020-09-15T23:00:00,3690.1630789302017,1.591615728102624e-13,0.0,0.0,0.0,0.0,0.0,0.0,0.0,0.0,5144,8834,3690
2020-09-16T00:00:00,1860.0,0.0,0.0,0.0,0.0,1143.163078930202,0.0,0.0,0.0,0.0,5019,8022,3003
2020-09-16T01:00:00,2778.163078930202,0.0,0.0,-4.547473508864641e-13,0.0,0.0,0.0,0.0,0.0,0.0,4856,7634,2778
2020-09-16T02:00:00,2303.163078930202,0.0,0.0,0.0,-2.0250467969162858e-13,0.0,0.0,0.0,0.0,0.0,5041,7344,2303
2020-09-16T03:00:00,2094.1630789302026,-6.821210263296964e-14,0.0,0.0,0.0,0.0,0.0,0.0,0.0,0.0,4919,7013,2094
2020-09-16T04:00:00,1860.0,4.5474735088646414e-14,0.0,0.0,0.0,63.163078930201905,0.0,0.0,0.0,0.0,5031,6954,1923
2020-09-16T05:00:00,2243.163078930202,4.5474735088646414e-14,0.0,0.0,0.0,0.0,0.0,0.0,0.0,0.0,5068,7311,2243
2020-09-16T06:00:00,3262.163078930202,4.5474735088646414e-14,0.0,0.0,0.0,0.0,0.0,0.0,0.0,0.0,4980,8242,3262
2020-09-16T07:00:00,1860.0,4.5474735088646414e-14,0.0,0.0,0.0,2055.1630789302026,0.0,0.0,0.0,0.0,5024,8939,3915
2020-09-16T08:00:00,4118.163078930203,4.5474735088646414e-14,0.0,0.0,0.0,0.0,0.0,0.0,0.0,0.0,5263,9381,4118
2020-09-16T09:00:00,3810.1630789302026,4.5474735088646414e-14,0.0,0.0,0.0,0.0,0.0,0.0,0.0,0.0,5918,9728,3810
2020-09-16T10:00:00,3580.163078930202,4.5474735088646414e-14,0.0,0.0,0.0,0.0,0.0,0.0,0.0,0.0,6343,9923,3580
2020-09-16T11:00:00,3430.1630789302017,4.5474735088646414e-14,0.0,0.0,0.0,0.0,0.0,0.0,0.0,0.0,6711,10141,3430
2020-09-16T12:00:00,3349.163078930202,-6.821210263296964e-14,0.0,0.0,0.0,0.0,0.0,0.0,0.0,0.0,6875,10224,3349
2020-09-16T13:00:00,3232.163078930202,4.5474735088646414e-14,0.0,0.0,0.0,0.0,0.0,0.0,0.0,0.0,6906,10138,3232
2020-09-16T14:00:00,3648.1630789302026,4.5474735088646414e-14,0.0,0.0,0.0,0.0,0.0,0.0,0.0,0.0,6576,10224,3648
2020-09-16T15:00:00,1860.0,4.5474735088646414e-14,0.0,0.0,0.0,2117.1630789302026,0.0,0.0,0.0,0.0,6107,10084,3977
2020-09-16T16:00:00,4246.163078930203,4.5474735088646414e-14,0.0,0.0,0.0,0.0,0.0,0.0,0.0,0.0,5679,9925,4246
2020-09-16T17:00:00,4762.163078930203,4.5474735088646414e-14,0.0,0.0,0.0,0.0,0.0,0.0,0.0,0.0,5043,9805,4762
2020-09-16T18:00:00,5149.163078930203,4.5474735088646414e-14,0.0,0.0,0.0,0.0,0.0,0.0,0.0,0.0,4689,9838,5149
2020-09-16T19:00:00,4719.163078930203,4.5474735088646414e-14,0.0,0.0,0.0,0.0,0.0,0.0,0.0,0.0,4958,9677,4719
2020-09-16T20:00:00,1860.0,4.5474735088646414e-14,0.0,0.0,0.0,2449.1630789302026,0.0,0.0,0.0,0.0,5030,9339,4309
2020-09-16T21:00:00,3852.1630789302026,4.5474735088646414e-14,0.0,0.0,0.0,0.0,0.0,0.0,0.0,0.0,4990,8842,3852
2020-09-16T22:00:00,1860.0,6.821210263296964e-14,0.0,0.0,0.0,1951.1630789302023,0.0,0.0,0.0,0.0,5159,8970,3811
2020-09-16T23:00:00,3707.1630789302017,6.821210263296964e-14,0.0,0.0,0.0,0.0,0.0,0.0,0.0,0.0,5185,8892,3707
2020-09-17T00:00:00,2587.163078930202,-2.046363078989089e-13,0.0,0.0,0.0,0.0,0.0,0.0,0.0,0.0,5554,8141,2587
2020-09-17T01:00:00,1948.1630789302021,-4.5474735088646414e-14,0.0,0.0,0.0,0.0,0.0,0.0,0.0,0.0,5811,7759,1948
2020-09-17T02:00:00,1717.1630789302021,-4.5474735088646414e-14,0.0,0.0,0.0,0.0,0.0,0.0,0.0,0.0,5760,7477,1717
2020-09-17T03:00:00,1560.0,-4.5474735088646414e-14,0.0,0.0,0.0,0.0,220.8369210697979,0.0,0.0,0.0,5812,7151,1339
2020-09-17T04:00:00,1560.0,-4.5474735088646414e-14,0.0,0.0,0.0,0.0,189.8369210697979,0.0,0.0,0.0,5714,7084,1370
2020-09-17T05:00:00,1560.0,-4.5474735088646414e-14,0.0,0.0,0.0,0.0,0.0,168.16307893020212,0.0,0.0,5700,7428,1728
2020-09-17T06:00:00,2710.320776255707,-4.5474735088646414e-14,0.0,0.0,0.0,0.0,0.0,139.84230267449482,0.0,0.0,5511,8361,2850
2020-09-17T07:00:00,3866.1630789302026,-4.5474735088646414e-14,0.0,0.0,0.0,0.0,0.0,0.0,0.0,0.0,5207,9073,3866
2020-09-17T08:00:00,4150.163078930203,-4.5474735088646414e-14,0.0,0.0,0.0,0.0,0.0,0.0,0.0,0.0,5313,9463,4150
2020-09-17T09:00:00,4220.163078930203,-4.5474735088646414e-14,0.0,0.0,0.0,0.0,0.0,0.0,0.0,0.0,5582,9802,4220
2020-09-17T10:00:00,4359.163078930203,-4.5474735088646414e-14,0.0,0.0,0.0,0.0,0.0,0.0,0.0,0.0,5612,9971,4359
2020-09-17T11:00:00,4438.163078930203,-4.5474735088646414e-14,0.0,0.0,0.0,0.0,0.0,0.0,0.0,0.0,5713,10151,4438
2020-09-17T12:00:00,4591.163078930203,-4.5474735088646414e-14,0.0,0.0,0.0,0.0,0.0,0.0,0.0,0.0,5639,10230,4591
2020-09-17T13:00:00,4474.1630789302035,6.821210263296964e-14,0.0,0.0,0.0,0.0,0.0,0.0,0.0,0.0,5616,10090,4474
2020-09-17T14:00:00,4574.163078930203,-4.5474735088646414e-14,0.0,0.0,0.0,0.0,0.0,0.0,0.0,0.0,5553,10127,4574
2020-09-17T15:00:00,4547.163078930203,-4.5474735088646414e-14,0.0,0.0,0.0,0.0,0.0,0.0,0.0,0.0,5417,9964,4547
2020-09-17T16:00:00,4738.163078930203,-4.5474735088646414e-14,0.0,0.0,0.0,0.0,0.0,0.0,0.0,0.0,5023,9761,4738
2020-09-17T17:00:00,4770.0,-4.5474735088646414e-14,0.0,0.0,0.0,412.1630789302026,0.0,0.0,0.0,0.0,4502,9684,5182
2020-09-17T18:00:00,4770.0,-4.5474735088646414e-14,0.0,0.0,0.0,681.1630789302026,0.0,0.0,0.0,0.0,4216,9667,5451
2020-09-17T19:00:00,4770.0,-4.5474735088646414e-14,0.0,0.0,0.0,425.1630789302026,0.0,0.0,0.0,0.0,4302,9497,5195
2020-09-17T20:00:00,4725.163078930203,-4.5474735088646414e-14,0.0,0.0,0.0,0.0,0.0,0.0,0.0,0.0,4508,9233,4725
2020-09-17T21:00:00,4215.163078930203,5.115907697472722e-14,0.0,0.0,0.0,0.0,0.0,0.0,0.0,0.0,4542,8757,4215
2020-09-17T22:00:00,4464.163078930202,8.86757334228605e-13,0.0,0.0,0.0,0.0,0.0,0.0,0.0,0.0,4470,8934,4464
2020-09-17T23:00:00,3960.0,3.410605131648481e-13,0.0,0.0,0.0,396.16307893020166,0.0,0.0,0.0,0.0,4504,8860,4356
2020-09-18T00:00:00,2901.1630789302017,5.1159076974727215e-14,0.0,0.0,0.0,0.0,0.0,0.0,0.0,0.0,5093,7994,2901
2020-09-18T01:00:00,2348.163078930202,5.1159076974727215e-14,0.0,0.0,0.0,0.0,0.0,0.0,0.0,0.0,5198,7546,2348
2020-09-18T02:00:00,1917.163078930202,2.842170943040401e-14,0.0,0.0,0.0,0.0,0.0,0.0,0.0,0.0,5262,7179,1917
2020-09-18T03:00:00,930.0,2.842170943040401e-14,0.0,0.0,0.0,447.1630789302021,0.0,0.0,0.0,0.0,5379,6756,1377
2020-09-18T04:00:00,980.1630789302021,2.842170943040401e-14,0.0,0.0,0.0,0.0,0.0,0.0,0.0,0.0,5597,6577,980
2020-09-18T05:00:00,1034.1630789302021,2.842170943040401e-14,0.0,0.0,0.0,0.0,0.0,0.0,0.0,0.0,5590,6624,1034
2020-09-18T06:00:00,1267.1630789302021,2.842170943040401e-14,0.0,0.0,0.0,0.0,0.0,0.0,0.0,0.0,5607,6874,1267
2020-09-18T07:00:00,1595.1630789302023,-8.526512829121205e-14,0.0,0.0,0.0,0.0,0.0,0.0,0.0,0.0,5467,7062,1595
2020-09-18T08:00:00,1911.163078930202,2.842170943040401e-14,0.0,0.0,0.0,0.0,0.0,0.0,0.0,0.0,5662,7573,1911
2020-09-18T09:00:00,2159.1630789302017,2.842170943040401e-14,0.0,0.0,0.0,0.0,0.0,0.0,0.0,0.0,5991,8150,2159
2020-09-18T10:00:00,2203.1630789302017,2.842170943040401e-14,0.0,0.0,0.0,0.0,0.0,0.0,0.0,0.0,6229,8432,2203
2020-09-18T11:00:00,2453.1630789302017,2.842170943040401e-14,0.0,0.0,0.0,0.0,0.0,0.0,0.0,0.0,6235,8688,2453
2020-09-18T12:00:00,2560.1630789302017,2.842170943040401e-14,0.0,0.0,0.0,0.0,0.0,0.0,0.0,0.0,6496,9056,2560
2020-09-18T13:00:00,1826.1630789302021,2.842170943040401e-14,0.0,0.0,0.0,0.0,0.0,0.0,0.0,0.0,6921,8747,1826
2020-09-18T14:00:00,1662.163078930202,2.842170943040401e-14,0.0,0.0,0.0,0.0,0.0,0.0,0.0,0.0,6915,8577,1662
2020-09-18T15:00:00,1458.1630789302021,2.842170943040401e-14,0.0,0.0,0.0,0.0,0.0,0.0,0.0,0.0,6894,8352,1458
2020-09-18T16:00:00,1739.7416829744775,-8.526512829121205e-14,0.0,0.0,0.0,17.421395955725075,0.0,0.0,0.0,0.0,6427,8184,1757
2020-09-18T17:00:00,2535.1630789302017,2.842170943040401e-14,0.0,0.0,0.0,0.0,0.0,0.0,0.0,0.0,5582,8117,2535
2020-09-18T18:00:00,3176.1630789302017,2.842170943040401e-14,0.0,0.0,0.0,0.0,0.0,0.0,0.0,0.0,4995,8171,3176
2020-09-18T19:00:00,2983.1630789302017,2.842170943040401e-14,0.0,0.0,0.0,0.0,0.0,0.0,0.0,0.0,5245,8228,2983
2020-09-18T20:00:00,3600.0,2.842170943040401e-14,0.0,0.0,0.0,357.16307893020235,0.0,0.0,0.0,0.0,4292,8249,3957
2020-09-18T21:00:00,3600.0,5.1159076974727215e-14,0.0,0.0,0.0,51.163078930202445,0.0,0.0,0.0,0.0,4246,7897,3651
2020-09-18T22:00:00,3600.0,-3.126388037344441e-13,0.0,0.0,0.0,631.1630789302025,0.0,0.0,0.0,0.0,3936,8167,4231
2020-09-18T23:00:00,1230.0,5.1159076974727215e-14,0.0,0.0,0.0,3071.1630789302026,0.0,0.0,0.0,0.0,3942,8243,4301
2020-09-19T00:00:00,1230.0,5.1159076974727215e-14,0.0,0.0,0.0,2622.1630789302026,0.0,0.0,0.0,0.0,3703,7555,3852
2020-09-19T01:00:00,2782.1630789302026,5.115907697472722e-14,0.0,0.0,0.0,0.0,0.0,0.0,0.0,0.0,4331,7113,2782
2020-09-19T02:00:00,3668.1630789302026,3.4106051316484814e-14,0.0,0.0,0.0,0.0,0.0,0.0,0.0,0.0,3057,6725,3668
2020-09-19T03:00:00,3427.1630789302017,3.4106051316484814e-14,0.0,0.0,0.0,0.0,0.0,0.0,0.0,0.0,2844,6271,3427
2020-09-19T04:00:00,2548.1630789302017,3.4106051316484814e-14,0.0,0.0,0.0,0.0,0.0,0.0,0.0,0.0,3498,6046,2548
2020-09-19T05:00:00,1931.163078930202,3.4106051316484814e-14,0.0,0.0,0.0,0.0,0.0,0.0,0.0,0.0,4064,5995,1931
2020-09-19T06:00:00,3349.1630789302017,3.4106051316484814e-14,0.0,0.0,0.0,0.0,0.0,0.0,0.0,0.0,2748,6097,3349
2020-09-19T07:00:00,2739.1630789302017,3.4106051316484814e-14,0.0,0.0,0.0,0.0,0.0,0.0,0.0,0.0,3351,6090,2739
2020-09-19T08:00:00,1980.0,3.4106051316484814e-14,0.0,0.0,0.0,884.1630789302019,0.0,0.0,0.0,0.0,3652,6516,2864
2020-09-19T09:00:00,840.1630789302021,3.4106051316484814e-14,0.0,0.0,0.0,0.0,0.0,0.0,0.0,0.0,6270,7110,840
2020-09-19T10:00:00,1299.1630789302023,5.1159076974727215e-14,0.0,0.0,0.0,0.0,0.0,0.0,0.0,0.0,6230,7529,1299
2020-09-19T11:00:00,1679.163078930202,3.4106051316484814e-14,0.0,0.0,0.0,0.0,0.0,0.0,0.0,0.0,6211,7890,1679
2020-09-19T12:00:00,1980.0,3.4106051316484814e-14,0.0,0.0,0.0,747.1630789302019,0.0,0.0,0.0,0.0,5558,8285,2727
2020-09-19T13:00:00,1980.0,3.4106051316484814e-14,0.0,0.0,0.0,25.163078930201905,0.0,0.0,0.0,0.0,5889,7894,2005
2020-09-19T14:00:00,1980.0,3.4106051316484814e-14,0.0,0.0,0.0,78.1630789302019,0.0,0.0,0.0,0.0,5558,7616,2058
2020-09-19T15:00:00,1980.0,3.4106051316484814e-14,0.0,0.0,0.0,166.1630789302019,0.0,0.0,0.0,0.0,5238,7384,2146
2020-09-19T16:00:00,1980.0,3.4106051316484814e-14,0.0,0.0,0.0,200.1630789302019,0.0,0.0,0.0,0.0,5077,7257,2180
2020-09-19T17:00:00,930.0,3.4106051316484814e-14,0.0,0.0,0.0,1744.163078930202,0.0,0.0,0.0,0.0,4620,7294,2674
2020-09-19T18:00:00,1936.163078930202,3.4106051316484814e-14,0.0,0.0,0.0,0.0,0.0,0.0,0.0,0.0,5623,7559,1936
2020-09-19T19:00:00,2790.0,5.1159076974727215e-14,0.0,0.0,0.0,1102.163078930202,0.0,0.0,0.0,0.0,4020,7912,3892
2020-09-19T20:00:00,2721.1630789302017,3.4106051316484814e-14,0.0,0.0,0.0,0.0,0.0,0.0,0.0,0.0,5395,8116,2721
2020-09-19T21:00:00,2790.0,3.4106051316484814e-14,0.0,0.0,0.0,297.1630789302019,0.0,0.0,0.0,0.0,4687,7774,3087
2020-09-19T22:00:00,2790.0,5.1159076974727215e-14,0.0,0.0,0.0,366.1630789302018,0.0,0.0,0.0,0.0,4813,7969,3156
2020-09-19T23:00:00,2790.0,5.1159076974727215e-14,0.0,0.0,0.0,287.16307893020183,0.0,0.0,0.0,0.0,4947,8024,3077
2020-09-20T00:00:00,2743.163078930202,1.4210854715202006e-13,0.0,0.0,0.0,0.0,0.0,0.0,0.0,0.0,4621,7364,2743
2020-09-20T01:00:00,2790.0,3.4106051316484814e-14,0.0,0.0,0.0,851.163078930202,0.0,0.0,0.0,0.0,3355,6996,3641
2020-09-20T02:00:00,2759.163078930202,3.4106051316484814e-14,0.0,0.0,0.0,0.0,0.0,0.0,0.0,0.0,3934,6693,2759
2020-09-20T03:00:00,2790.0,3.4106051316484814e-14,0.0,0.0,0.0,61.163078930202104,0.0,0.0,0.0,0.0,3499,6350,2851
2020-09-20T04:00:00,2790.0,1.875832822406665e-13,0.0,0.0,0.0,129.16307893020166,0.0,0.0,0.0,0.0,3426,6345,2919
2020-09-20T05:00:00,2790.0,3.4106051316484814e-14,0.0,0.0,0.0,340.163078930202,0.0,0.0,0.0,0.0,3700,6830,3130
2020-09-20T06:00:00,3960.0,3.4106051316484814e-14,0.0,0.0,0.0,795.1630789302029,0.0,0.0,0.0,0.0,3139,7894,4755
2020-09-20T07:00:00,1260.0,3.4106051316484814e-14,0.0,0.0,0.0,2411.163078930202,0.0,0.0,0.0,0.0,5002,8673,3671
2020-09-20T08:00:00,5580.0,3.4106051316484814e-14,0.0,0.0,0.0,71.16307893020301,0.0,0.0,0.0,0.0,3447,9098,5651
2020-09-20T09:00:00,3767.163078930202,3.4106051316484814e-14,0.0,0.0,0.0,0.0,0.0,0.0,0.0,0.0,5659,9426,3767
2020-09-20T10:00:00,3836.163078930202,3.4106051316484814e-14,0.0,0.0,0.0,0.0,0.0,0.0,0.0,0.0,5731,9567,3836
2020-09-20T11:00:00,3991.163078930202,3.4106051316484814e-14,0.0,0.0,0.0,0.0,0.0,0.0,0.0,0.0,5749,9740,3991
2020-09-20T12:00:00,5095.1630789302035,3.4106051316484814e-14,0.0,0.0,0.0,0.0,0.0,0.0,0.0,0.0,4737,9832,5095
2020-09-20T13:00:00,4937.163078930203,1.875832822406665e-13,0.0,0.0,0.0,0.0,0.0,0.0,0.0,0.0,4793,9730,4937
2020-09-20T14:00:00,4548.1630789302035,3.4106051316484814e-14,0.0,0.0,0.0,0.0,0.0,0.0,0.0,0.0,5162,9710,4548
2020-09-20T15:00:00,4989.1630789302035,3.4106051316484814e-14,0.0,0.0,0.0,0.0,0.0,0.0,0.0,0.0,4561,9550,4989
2020-09-20T16:00:00,4793.1630789302035,3.4106051316484814e-14,0.0,0.0,0.0,0.0,0.0,0.0,0.0,0.0,4586,9379,4793
2020-09-20T17:00:00,4737.1630789302035,3.4106051316484814e-14,0.0,0.0,0.0,0.0,0.0,0.0,0.0,0.0,4562,9299,4737
2020-09-20T18:00:00,4552.1630789302035,3.4106051316484814e-14,0.0,0.0,0.0,0.0,0.0,0.0,0.0,0.0,4928,9480,4552
2020-09-20T19:00:00,4546.1630789302035,3.4106051316484814e-14,0.0,0.0,0.0,0.0,0.0,0.0,0.0,0.0,4938,9484,4546
2020-09-20T20:00:00,1860.0,3.4106051316484814e-14,0.0,0.0,0.0,4263.163078930203,0.0,0.0,0.0,0.0,3048,9171,6123
2020-09-20T21:00:00,5526.1630789302035,1.4210854715202006e-13,0.0,0.0,0.0,0.0,0.0,0.0,0.0,0.0,3030,8556,5526
2020-09-20T22:00:00,4282.1630789302035,-7.673861546209082e-13,0.0,0.0,0.0,0.0,0.0,0.0,0.0,0.0,4397,8679,4282
2020-09-20T23:00:00,5580.0,1.4210854715202006e-13,0.0,0.0,0.0,46.16307893020226,0.0,0.0,0.0,0.0,3040,8666,5626
2020-09-21T00:00:00,3994.163078930202,5.968558980384843e-14,0.0,0.0,0.0,0.0,0.0,0.0,0.0,0.0,4010,8004,3994
2020-09-21T01:00:00,3775.1630789302017,3.694822225952521e-14,0.0,0.0,0.0,0.0,0.0,0.0,0.0,0.0,3829,7604,3775
2020-09-21T02:00:00,3768.1630789302017,-5.1159076974727215e-14,0.0,0.0,0.0,0.0,0.0,0.0,0.0,0.0,3537,7305,3768
2020-09-21T03:00:00,1860.0,-5.1159076974727215e-14,0.0,0.0,0.0,1956.163078930202,0.0,0.0,0.0,0.0,3140,6956,3816
2020-09-21T04:00:00,1860.0,-5.1159076974727215e-14,0.0,0.0,0.0,1934.163078930202,0.0,0.0,0.0,0.0,3104,6898,3794
2020-09-21T05:00:00,3617.1630789302017,-5.1159076974727215e-14,0.0,0.0,0.0,0.0,0.0,0.0,0.0,0.0,3647,7264,3617
2020-09-21T06:00:00,5580.0,-5.1159076974727215e-14,0.0,0.0,0.0,314.1630789302027,0.0,0.0,0.0,0.0,2375,8269,5894
2020-09-21T07:00:00,4319.1630789302035,5.968558980384843e-14,0.0,0.0,0.0,0.0,0.0,0.0,0.0,0.0,4727,9046,4319
2020-09-21T08:00:00,4330.163078930203,-5.1159076974727215e-14,0.0,0.0,0.0,0.0,0.0,0.0,0.0,0.0,5098,9428,4330
2020-09-21T09:00:00,4236.163078930203,-5.1159076974727215e-14,0.0,0.0,0.0,0.0,0.0,0.0,0.0,0.0,5495,9731,4236
2020-09-21T10:00:00,5580.0,-5.1159076974727215e-14,0.0,0.0,0.0,608.1630789302027,0.0,0.0,0.0,0.0,3695,9883,6188
2020-09-21T11:00:00,1860.0,-5.1159076974727215e-14,0.0,0.0,0.0,2631.1630789302026,0.0,0.0,0.0,0.0,5571,10062,4491
2020-09-21T12:00:00,4572.163078930203,-5.1159076974727215e-14,0.0,0.0,0.0,0.0,0.0,0.0,0.0,0.0,5554,10126,4572
2020-09-21T13:00:00,4756.163078930203,-5.1159076974727215e-14,0.0,0.0,0.0,0.0,0.0,0.0,0.0,0.0,5264,10020,4756
2020-09-21T14:00:00,5054.163078930203,-5.1159076974727215e-14,0.0,0.0,0.0,0.0,0.0,0.0,0.0,0.0,5005,10059,5054
2020-09-21T15:00:00,5580.0,-5.1159076974727215e-14,0.0,0.0,0.0,838.1630789302027,0.0,0.0,0.0,0.0,3492,9910,6418
2020-09-21T16:00:00,5467.1630789302035,5.968558980384843e-14,0.0,0.0,0.0,0.0,0.0,0.0,0.0,0.0,4309,9776,5467
2020-09-21T17:00:00,5383.163078930203,-5.1159076974727215e-14,0.0,0.0,0.0,0.0,0.0,0.0,0.0,0.0,4316,9699,5383
2020-09-21T18:00:00,5366.163078930203,-5.1159076974727215e-14,0.0,0.0,0.0,0.0,0.0,0.0,0.0,0.0,4466,9832,5366
2020-09-21T19:00:00,5362.163078930203,-5.1159076974727215e-14,0.0,0.0,0.0,0.0,0.0,0.0,0.0,0.0,4445,9807,5362
2020-09-21T20:00:00,5580.0,-5.1159076974727215e-14,0.0,0.0,0.0,1635.1630789302028,0.0,0.0,0.0,0.0,2241,9456,7215
2020-09-21T21:00:00,1860.0,5.968558980384843e-14,0.0,0.0,0.0,4645.163078930203,0.0,0.0,0.0,0.0,2304,8809,6505
2020-09-21T22:00:00,4517.1630789302035,5.968558980384843e-14,0.0,0.0,0.0,0.0,0.0,0.0,0.0,0.0,4402,8919,4517
2020-09-21T23:00:00,4301.163078930202,5.968558980384843e-14,0.0,0.0,0.0,0.0,0.0,0.0,0.0,0.0,4581,8882,4301
2020-09-22T00:00:00,5580.0,1.506350599811412e-13,0.0,0.0,0.0,102.16307893020245,0.0,0.0,0.0,0.0,2409,8091,5682
2020-09-22T01:00:00,5318.163078930202,5.968558980384843e-14,0.0,0.0,0.0,0.0,0.0,0.0,0.0,0.0,2372,7690,5318
2020-09-22T02:00:00,3835.1630789302017,3.9790393202565614e-14,0.0,0.0,0.0,0.0,0.0,0.0,0.0,0.0,3556,7391,3835
2020-09-22T03:00:00,3841.1630789302017,3.9790393202565614e-14,0.0,0.0,0.0,0.0,0.0,0.0,0.0,0.0,3205,7046,3841
2020-09-22T04:00:00,3847.1630789302017,3.9790393202565614e-14,0.0,0.0,0.0,0.0,0.0,0.0,0.0,0.0,3144,6991,3847
2020-09-22T05:00:00,3688.1630789302017,3.9790393202565614e-14,0.0,0.0,0.0,0.0,0.0,0.0,0.0,0.0,3663,7351,3688
2020-09-22T06:00:00,4183.163078930203,3.9790393202565614e-14,0.0,0.0,0.0,0.0,0.0,0.0,0.0,0.0,4165,8348,4183
2020-09-22T07:00:00,5580.0,3.9790393202565614e-14,0.0,0.0,0.0,191.1630789302024,0.0,0.0,0.0,0.0,3365,9136,5771
2020-09-22T08:00:00,5399.163078930203,3.9790393202565614e-14,0.0,0.0,0.0,0.0,0.0,0.0,0.0,0.0,4117,9516,5399
2020-09-22T09:00:00,4099.163078930203,3.9790393202565614e-14,0.0,0.0,0.0,0.0,0.0,0.0,0.0,0.0,5727,9826,4099
2020-09-22T10:00:00,4356.163078930202,5.968558980384843e-14,0.0,0.0,0.0,0.0,0.0,0.0,0.0,0.0,5625,9981,4356
2020-09-22T11:00:00,4483.163078930203,3.9790393202565614e-14,0.0,0.0,0.0,0.0,0.0,0.0,0.0,0.0,5669,10152,4483
2020-09-22T12:00:00,4169.163078930203,3.9790393202565614e-14,0.0,0.0,0.0,0.0,0.0,0.0,0.0,0.0,6031,10200,4169
2020-09-22T13:00:00,3866.1630789302017,3.9790393202565614e-14,0.0,0.0,0.0,0.0,0.0,0.0,0.0,0.0,6205,10071,3866
2020-09-22T14:00:00,3846.1630789302017,3.9790393202565614e-14,0.0,0.0,0.0,0.0,0.0,0.0,0.0,0.0,6237,10083,3846
2020-09-22T15:00:00,3900.1630789302017,3.9790393202565614e-14,0.0,0.0,0.0,0.0,0.0,0.0,0.0,0.0,5996,9896,3900
2020-09-22T16:00:00,4059.1630789302017,3.9790393202565614e-14,0.0,0.0,0.0,0.0,0.0,0.0,0.0,0.0,5667,9726,4059
2020-09-22T17:00:00,4734.163078930203,3.9790393202565614e-14,0.0,0.0,0.0,0.0,0.0,0.0,0.0,0.0,4884,9618,4734
2020-09-22T18:00:00,4771.163078930203,3.9790393202565614e-14,0.0,0.0,0.0,0.0,0.0,0.0,0.0,0.0,4973,9744,4771
2020-09-22T19:00:00,5253.163078930202,5.968558980384843e-14,0.0,0.0,0.0,0.0,0.0,0.0,0.0,0.0,4466,9719,5253
2020-09-22T20:00:00,4511.163078930203,3.9790393202565614e-14,0.0,0.0,0.0,0.0,0.0,0.0,0.0,0.0,4854,9365,4511
2020-09-22T21:00:00,4382.163078930203,3.9790393202565614e-14,0.0,0.0,0.0,0.0,0.0,0.0,0.0,0.0,4327,8709,4382
2020-09-22T22:00:00,4265.163078930202,2.4158453015843416e-13,0.0,0.0,0.0,0.0,0.0,0.0,0.0,0.0,4543,8808,4265
2020-09-22T23:00:00,4637.163078930202,1.506350599811412e-13,0.0,0.0,0.0,0.0,0.0,0.0,0.0,0.0,4151,8788,4637
2020-09-23T00:00:00,3991.1630789302026,1.818989403545857e-13,0.0,0.0,0.0,0.0,0.0,0.0,0.0,0.0,4025,8016,3991
2020-09-23T01:00:00,3706.163078930203,-3.637978807091713e-13,0.0,-3.410605131648481e-13,0.0,0.0,0.0,0.0,0.0,0.0,3906,7612,3706
2020-09-23T02:00:00,3424.1630789302017,0.0,0.0,0.0,1.829647544582258e-13,0.0,0.0,0.0,0.0,0.0,3886,7310,3424
2020-09-23T03:00:00,3209.163078930201,5.968558980384843e-14,0.0,0.0,0.0,0.0,0.0,0.0,0.0,0.0,3749,6958,3209
2020-09-23T04:00:00,3133.163078930202,-5.1159076974727215e-14,0.0,0.0,0.0,0.0,0.0,0.0,0.0,0.0,3764,6897,3133
2020-09-23T05:00:00,3538.1630789302026,-5.1159076974727215e-14,0.0,0.0,0.0,0.0,0.0,0.0,0.0,0.0,3723,7261,3538
2020-09-23T06:00:00,4620.163078930203,-5.1159076974727215e-14,0.0,0.0,0.0,0.0,0.0,0.0,0.0,0.0,3643,8263,4620
2020-09-23T07:00:00,5201.163078930203,-5.1159076974727215e-14,0.0,0.0,0.0,0.0,0.0,0.0,0.0,0.0,3834,9035,5201
2020-09-23T08:00:00,5477.163078930203,-5.1159076974727215e-14,0.0,0.0,0.0,0.0,0.0,0.0,0.0,0.0,3934,9411,5477
2020-09-23T09:00:00,5050.163078930203,-5.1159076974727215e-14,0.0,0.0,0.0,0.0,0.0,0.0,0.0,0.0,4651,9701,5050
2020-09-23T10:00:00,4957.163078930203,-5.1159076974727215e-14,0.0,0.0,0.0,0.0,0.0,0.0,0.0,0.0,4872,9829,4957
2020-09-23T11:00:00,4992.163078930203,-5.1159076974727215e-14,0.0,0.0,0.0,0.0,0.0,0.0,0.0,0.0,4986,9978,4992
2020-09-23T12:00:00,5178.163078930203,5.968558980384843e-14,0.0,0.0,0.0,0.0,0.0,0.0,0.0,0.0,4828,10006,5178
2020-09-23T13:00:00,4967.163078930203,-5.1159076974727215e-14,0.0,0.0,0.0,0.0,0.0,0.0,0.0,0.0,4884,9851,4967
2020-09-23T14:00:00,4900.163078930203,-5.1159076974727215e-14,0.0,0.0,0.0,0.0,0.0,0.0,0.0,0.0,4919,9819,4900
2020-09-23T15:00:00,4801.163078930203,-5.1159076974727215e-14,0.0,0.0,0.0,0.0,0.0,0.0,0.0,0.0,4805,9606,4801
2020-09-23T16:00:00,5022.163078930203,-5.1159076974727215e-14,0.0,0.0,0.0,0.0,0.0,0.0,0.0,0.0,4406,9428,5022
2020-09-23T17:00:00,5522.163078930203,-5.1159076974727215e-14,0.0,0.0,0.0,0.0,0.0,0.0,0.0,0.0,3811,9333,5522
2020-09-23T18:00:00,5580.0,-5.1159076974727215e-14,0.0,0.0,0.0,590.1630789302025,0.0,0.0,0.0,0.0,3347,9517,6170
2020-09-23T19:00:00,5580.0,-5.1159076974727215e-14,0.0,0.0,0.0,697.1630789302025,0.0,0.0,0.0,0.0,3256,9533,6277
2020-09-23T20:00:00,5580.0,-5.1159076974727215e-14,0.0,0.0,0.0,650.1630789302025,0.0,0.0,0.0,0.0,2971,9201,6230
2020-09-23T21:00:00,5580.0,-1.2221335055073728e-13,0.0,0.0,0.0,30.163078930202406,0.0,0.0,0.0,0.0,2941,8551,5610
2020-09-23T22:00:00,5580.0,-2.131628207280301e-13,0.0,0.0,0.0,265.1630789302025,0.0,0.0,0.0,0.0,2803,8648,5845
2020-09-23T23:00:00,5580.0,1.506350599811412e-13,0.0,0.0,0.0,103.16307893020166,0.0,0.0,0.0,0.0,2984,8667,5683
2020-09-24T00:00:00,1921.9347684278328,3.325340003357269e-13,0.0,0.0,0.0,3080.228310502369,0.0,0.0,0.0,0.0,2945,7947,5002
2020-09-24T01:00:00,4991.163078930202,3.325340003357269e-13,0.0,0.0,0.0,0.0,0.0,0.0,0.0,0.0,2550,7541,4991
2020-09-24T02:00:00,4698.163078930202,3.9790393202565614e-14,0.0,0.0,0.0,0.0,0.0,0.0,0.0,0.0,2552,7250,4698
2020-09-24T03:00:00,4447.163078930202,3.9790393202565614e-14,0.0,0.0,0.0,0.0,0.0,0.0,0.0,0.0,2468,6915,4447
2020-09-24T04:00:00,4328.163078930202,3.9790393202565614e-14,0.0,0.0,0.0,0.0,0.0,0.0,0.0,0.0,2514,6842,4328
2020-09-24T05:00:00,4745.163078930202,3.9790393202565614e-14,0.0,0.0,0.0,0.0,0.0,0.0,0.0,0.0,2470,7215,4745
2020-09-24T06:00:00,5580.0,3.9790393202565614e-14,0.0,0.0,0.0,244.1630789302019,0.0,0.0,0.0,0.0,2385,8209,5824
2020-09-24T07:00:00,5580.0,3.9790393202565614e-14,0.0,0.0,0.0,1095.163078930202,0.0,0.0,0.0,0.0,2297,8972,6675
2020-09-24T08:00:00,5580.0,3.9790393202565614e-14,0.0,0.0,0.0,1358.163078930202,0.0,0.0,0.0,0.0,2389,9327,6938
2020-09-24T09:00:00,5580.0,3.9790393202565614e-14,0.0,0.0,0.0,1051.163078930202,0.0,0.0,0.0,0.0,2987,9618,6631
2020-09-24T10:00:00,5580.0,3.9790393202565614e-14,0.0,0.0,0.0,407.1630789302019,0.0,0.0,0.0,0.0,3725,9712,5987
2020-09-24T11:00:00,5578.163078930202,3.9790393202565614e-14,0.0,0.0,0.0,0.0,0.0,0.0,0.0,0.0,4266,9844,5578
2020-09-24T12:00:00,5106.163078930202,3.9790393202565614e-14,0.0,0.0,0.0,0.0,0.0,0.0,0.0,0.0,4783,9889,5106
2020-09-24T13:00:00,4463.163078930203,5.968558980384843e-14,0.0,0.0,0.0,0.0,0.0,0.0,0.0,0.0,5219,9682,4463
2020-09-24T14:00:00,4238.163078930202,3.9790393202565614e-14,0.0,0.0,0.0,0.0,0.0,0.0,0.0,0.0,5357,9595,4238
2020-09-24T15:00:00,4172.163078930202,3.9790393202565614e-14,0.0,0.0,0.0,0.0,0.0,0.0,0.0,0.0,5195,9367,4172
2020-09-24T16:00:00,4177.163078930202,3.9790393202565614e-14,0.0,0.0,0.0,0.0,0.0,0.0,0.0,0.0,4976,9153,4177
2020-09-24T17:00:00,4641.163078930202,3.9790393202565614e-14,0.0,0.0,0.0,0.0,0.0,0.0,0.0,0.0,4458,9099,4641
2020-09-24T18:00:00,5567.163078930202,3.9790393202565614e-14,0.0,0.0,0.0,0.0,0.0,0.0,0.0,0.0,3617,9184,5567
2020-09-24T19:00:00,5580.0,3.9790393202565614e-14,0.0,0.0,0.0,666.1630789302019,0.0,0.0,0.0,0.0,2932,9178,6246
2020-09-24T20:00:00,5580.0,3.9790393202565614e-14,0.0,0.0,0.0,697.1630789302019,0.0,0.0,0.0,0.0,2702,8979,6277
2020-09-24T21:00:00,5580.0,5.968558980384843e-14,0.0,0.0,0.0,203.16307893020192,0.0,0.0,0.0,0.0,2648,8431,5783
2020-09-24T22:00:00,5580.0,3.325340003357269e-13,0.0,0.0,0.0,292.16307893020223,0.0,0.0,0.0,0.0,2728,8600,5872
2020-09-24T23:00:00,5580.0,3.325340003357269e-13,0.0,0.0,0.0,310.1630789302013,0.0,0.0,0.0,0.0,2721,8611,5890
2020-09-25T00:00:00,4293.163078930203,1.506350599811412e-13,0.0,0.0,0.0,0.0,0.0,0.0,0.0,0.0,3525,7818,4293
2020-09-25T01:00:00,4118.1630789302035,-2.131628207280301e-13,0.0,0.0,0.0,0.0,0.0,0.0,0.0,0.0,3238,7356,4118
2020-09-25T02:00:00,4043.163078930202,-1.4210854715202006e-13,0.0,0.0,0.0,0.0,0.0,0.0,0.0,0.0,2967,7010,4043
2020-09-25T03:00:00,3909.163078930202,-1.4210854715202006e-13,0.0,0.0,0.0,0.0,0.0,0.0,0.0,0.0,2692,6601,3909
2020-09-25T04:00:00,3720.163078930202,-1.4210854715202006e-13,0.0,0.0,0.0,0.0,0.0,0.0,0.0,0.0,2703,6423,3720
2020-09-25T05:00:00,3757.163078930202,-1.4210854715202006e-13,0.0,0.0,0.0,0.0,0.0,0.0,0.0,0.0,2727,6484,3757
2020-09-25T06:00:00,2912.163078930202,-1.4210854715202006e-13,0.0,0.0,0.0,0.0,0.0,0.0,0.0,0.0,3856,6768,2912
2020-09-25T07:00:00,3179.163078930202,5.968558980384843e-14,0.0,0.0,0.0,0.0,0.0,0.0,0.0,0.0,3790,6969,3179
2020-09-25T08:00:00,3514.1630789302017,-1.4210854715202006e-13,0.0,0.0,0.0,0.0,0.0,0.0,0.0,0.0,3964,7478,3514
2020-09-25T09:00:00,3351.163078930202,-1.4210854715202006e-13,0.0,0.0,0.0,0.0,0.0,0.0,0.0,0.0,4701,8052,3351
2020-09-25T10:00:00,3003.163078930202,-1.4210854715202006e-13,0.0,0.0,0.0,0.0,0.0,0.0,0.0,0.0,5301,8304,3003
2020-09-25T11:00:00,3407.1630789302017,-1.4210854715202006e-13,0.0,0.0,0.0,0.0,0.0,0.0,0.0,0.0,5107,8514,3407
2020-09-25T12:00:00,3266.163078930202,-1.4210854715202006e-13,0.0,0.0,0.0,0.0,0.0,0.0,0.0,0.0,5604,8870,3266
2020-09-25T13:00:00,2854.163078930202,-1.4210854715202006e-13,0.0,0.0,0.0,0.0,0.0,0.0,0.0,0.0,5694,8548,2854
2020-09-25T14:00:00,2669.163078930202,-1.4210854715202006e-13,0.0,0.0,0.0,0.0,0.0,0.0,0.0,0.0,5677,8346,2669
2020-09-25T15:00:00,2359.1630789302017,-1.4210854715202006e-13,0.0,0.0,0.0,0.0,0.0,0.0,0.0,0.0,5729,8088,2359
2020-09-25T16:00:00,2376.1630789302017,5.968558980384843e-14,0.0,0.0,0.0,0.0,0.0,0.0,0.0,0.0,5501,7877,2376
2020-09-25T17:00:00,2731.163078930202,-1.4210854715202006e-13,0.0,0.0,0.0,0.0,0.0,0.0,0.0,0.0,5053,7784,2731
2020-09-25T18:00:00,3723.163078930202,-1.4210854715202006e-13,0.0,0.0,0.0,0.0,0.0,0.0,0.0,0.0,4151,7874,3723
2020-09-25T19:00:00,3946.163078930202,-1.4210854715202006e-13,0.0,0.0,0.0,0.0,0.0,0.0,0.0,0.0,4111,8057,3946
2020-09-25T20:00:00,3821.163078930202,-1.4210854715202006e-13,0.0,0.0,0.0,0.0,0.0,0.0,0.0,0.0,4303,8124,3821
2020-09-25T21:00:00,3919.163078930202,-1.4210854715202006e-13,0.0,0.0,0.0,0.0,0.0,0.0,0.0,0.0,3816,7735,3919
2020-09-25T22:00:00,4017.163078930202,-2.131628207280301e-13,0.0,0.0,0.0,0.0,0.0,0.0,0.0,0.0,3990,8007,4017
2020-09-25T23:00:00,3966.1630789302017,2.4158453015843416e-13,0.0,0.0,0.0,0.0,0.0,0.0,0.0,0.0,4166,8132,3966
2020-09-26T00:00:00,3776.163078930202,1.506350599811412e-13,0.0,0.0,0.0,0.0,0.0,0.0,0.0,0.0,3705,7481,3776
2020-09-26T01:00:00,3670.1630789302017,3.325340003357269e-13,0.0,0.0,0.0,0.0,0.0,0.0,0.0,0.0,3369,7039,3670
2020-09-26T02:00:00,3580.163078930202,3.9790393202565614e-14,0.0,0.0,0.0,0.0,0.0,0.0,0.0,0.0,3080,6660,3580
2020-09-26T03:00:00,3515.163078930202,3.9790393202565614e-14,0.0,0.0,0.0,0.0,0.0,0.0,0.0,0.0,2711,6226,3515
2020-09-26T04:00:00,3416.163078930202,3.9790393202565614e-14,0.0,0.0,0.0,0.0,0.0,0.0,0.0,0.0,2594,6010,3416
2020-09-26T05:00:00,2938.163078930202,3.9790393202565614e-14,0.0,0.0,0.0,0.0,0.0,0.0,0.0,0.0,3028,5966,2938
2020-09-26T06:00:00,2126.163078930202,3.9790393202565614e-14,0.0,0.0,0.0,0.0,0.0,0.0,0.0,0.0,3964,6090,2126
2020-09-26T07:00:00,2210.163078930202,3.9790393202565614e-14,0.0,0.0,0.0,0.0,0.0,0.0,0.0,0.0,3916,6126,2210
2020-09-26T08:00:00,2574.163078930202,3.9790393202565614e-14,0.0,0.0,0.0,0.0,0.0,0.0,0.0,0.0,3944,6518,2574
2020-09-26T09:00:00,2515.163078930202,3.9790393202565614e-14,0.0,0.0,0.0,0.0,0.0,0.0,0.0,0.0,4611,7126,2515
2020-09-26T10:00:00,2282.1630789302017,3.325340003357269e-13,0.0,0.0,0.0,0.0,0.0,0.0,0.0,0.0,5252,7534,2282
2020-09-26T11:00:00,2700.163078930202,3.9790393202565614e-14,0.0,0.0,0.0,0.0,0.0,0.0,0.0,0.0,5180,7880,2700
2020-09-26T12:00:00,2950.163078930202,3.9790393202565614e-14,0.0,0.0,0.0,0.0,0.0,0.0,0.0,0.0,5320,8270,2950
2020-09-26T13:00:00,2498.163078930202,3.9790393202565614e-14,0.0,0.0,0.0,0.0,0.0,0.0,0.0,0.0,5372,7870,2498
2020-09-26T14:00:00,2285.1630789302017,3.9790393202565614e-14,0.0,0.0,0.0,0.0,0.0,0.0,0.0,0.0,5276,7561,2285
2020-09-26T15:00:00,2081.163078930202,3.9790393202565614e-14,0.0,0.0,0.0,0.0,0.0,0.0,0.0,0.0,5204,7285,2081
2020-09-26T16:00:00,2343.1630789302017,3.9790393202565614e-14,0.0,0.0,0.0,0.0,0.0,0.0,0.0,0.0,4781,7124,2343
2020-09-26T17:00:00,2845.163078930202,3.9790393202565614e-14,0.0,0.0,0.0,0.0,0.0,0.0,0.0,0.0,4303,7148,2845
2020-09-26T18:00:00,3027.163078930202,3.9790393202565614e-14,0.0,0.0,0.0,0.0,0.0,0.0,0.0,0.0,4393,7420,3027
2020-09-26T19:00:00,3304.1630789302017,3.325340003357269e-13,0.0,0.0,0.0,0.0,0.0,0.0,0.0,0.0,4579,7883,3304
2020-09-26T20:00:00,3760.163078930202,3.9790393202565614e-14,0.0,0.0,0.0,0.0,0.0,0.0,0.0,0.0,4379,8139,3760
2020-09-26T21:00:00,3791.163078930202,1.506350599811412e-13,0.0,0.0,0.0,0.0,0.0,0.0,0.0,0.0,3968,7759,3791
2020-09-26T22:00:00,3931.1630789302017,5.144329406903126e-13,0.0,0.0,0.0,0.0,0.0,0.0,0.0,0.0,4010,7941,3931
2020-09-26T23:00:00,4076.1630789302017,1.506350599811412e-13,0.0,0.0,0.0,0.0,0.0,0.0,0.0,0.0,3944,8020,4076
2020-09-27T00:00:00,4770.0,3.325340003357269e-13,0.0,0.0,0.0,70.16307893020198,0.0,0.0,0.0,0.0,2535,7375,4840
2020-09-27T01:00:00,3842.1630789302017,1.4210854715202042e-14,0.0,0.0,0.0,0.0,0.0,0.0,0.0,0.0,3174,7016,3842
2020-09-27T02:00:00,3835.1630789302017,3.9790393202565614e-14,0.0,0.0,0.0,0.0,0.0,0.0,0.0,0.0,2882,6717,3835
2020-09-27T03:00:00,3878.1630789302017,3.9790393202565614e-14,0.0,0.0,0.0,0.0,0.0,0.0,0.0,0.0,2510,6388,3878
2020-09-27T04:00:00,3925.1630789302026,5.968558980384843e-14,0.0,0.0,0.0,0.0,0.0,0.0,0.0,0.0,2463,6388,3925
2020-09-27T05:00:00,3911.1630789302017,3.9790393202565614e-14,0.0,0.0,0.0,0.0,0.0,0.0,0.0,0.0,2974,6885,3911
2020-09-27T06:00:00,4238.163078930202,3.9790393202565614e-14,0.0,0.0,0.0,0.0,0.0,0.0,0.0,0.0,3735,7973,4238
2020-09-27T07:00:00,5035.163078930202,3.9790393202565614e-14,0.0,0.0,0.0,0.0,0.0,0.0,0.0,0.0,3746,8781,5035
2020-09-27T08:00:00,5149.163078930202,3.9790393202565614e-14,0.0,0.0,0.0,0.0,0.0,0.0,0.0,0.0,4019,9168,5149
2020-09-27T09:00:00,4829.163078930202,3.9790393202565614e-14,0.0,0.0,0.0,0.0,0.0,0.0,0.0,0.0,4691,9520,4829
2020-09-27T10:00:00,4674.163078930202,3.9790393202565614e-14,0.0,0.0,0.0,0.0,0.0,0.0,0.0,0.0,5002,9676,4674
2020-09-27T11:00:00,4903.163078930202,3.325340003357269e-13,0.0,0.0,0.0,0.0,0.0,0.0,0.0,0.0,4960,9863,4903
2020-09-27T12:00:00,5015.163078930202,3.325340003357269e-13,0.0,0.0,0.0,0.0,0.0,0.0,0.0,0.0,4944,9959,5015
2020-09-27T13:00:00,4622.163078930202,3.325340003357269e-13,0.0,0.0,0.0,0.0,0.0,0.0,0.0,0.0,5225,9847,4622
2020-09-27T14:00:00,4523.163078930202,3.325340003357269e-13,0.0,0.0,0.0,0.0,0.0,0.0,0.0,0.0,5308,9831,4523
2020-09-27T15:00:00,4507.163078930202,3.325340003357269e-13,0.0,0.0,0.0,0.0,0.0,0.0,0.0,0.0,5127,9634,4507
2020-09-27T16:00:00,4708.163078930202,3.325340003357269e-13,0.0,0.0,0.0,0.0,0.0,0.0,0.0,0.0,4724,9432,4708
2020-09-27T17:00:00,5104.163078930202,3.325340003357269e-13,0.0,0.0,0.0,0.0,0.0,0.0,0.0,0.0,4222,9326,5104
2020-09-27T18:00:00,5117.163078930202,3.325340003357269e-13,0.0,0.0,0.0,0.0,0.0,0.0,0.0,0.0,4381,9498,5117
2020-09-27T19:00:00,5303.163078930202,3.325340003357269e-13,0.0,0.0,0.0,0.0,0.0,0.0,0.0,0.0,4303,9606,5303
2020-09-27T20:00:00,5048.163078930202,3.325340003357269e-13,0.0,0.0,0.0,0.0,0.0,0.0,0.0,0.0,4188,9236,5048
2020-09-27T21:00:00,4681.163078930202,3.325340003357269e-13,0.0,0.0,0.0,0.0,0.0,0.0,0.0,0.0,3869,8550,4681
2020-09-27T22:00:00,4892.163078930202,3.325340003357269e-13,0.0,0.0,0.0,0.0,0.0,0.0,0.0,0.0,3779,8671,4892
2020-09-27T23:00:00,4901.163078930202,3.325340003357269e-13,0.0,0.0,0.0,0.0,0.0,0.0,0.0,0.0,3777,8678,4901
2020-09-28T00:00:00,4561.163078930202,1.506350599811412e-13,0.0,0.0,0.0,0.0,0.0,0.0,0.0,0.0,3468,8029,4561
2020-09-28T01:00:00,5401.163078930202,1.506350599811412e-13,0.0,0.0,0.0,0.0,0.0,0.0,0.0,0.0,2240,7641,5401
2020-09-28T02:00:00,4237.163078930202,1.506350599811412e-13,0.0,0.0,0.0,0.0,0.0,0.0,0.0,0.0,3107,7344,4237
2020-09-28T03:00:00,4261.163078930202,1.506350599811412e-13,0.0,0.0,0.0,0.0,0.0,0.0,0.0,0.0,2738,6999,4261
2020-09-28T04:00:00,4259.163078930202,1.506350599811412e-13,0.0,0.0,0.0,0.0,0.0,0.0,0.0,0.0,2693,6952,4259
2020-09-28T05:00:00,4124.163078930202,1.506350599811412e-13,0.0,0.0,0.0,0.0,0.0,0.0,0.0,0.0,3205,7329,4124
2020-09-28T06:00:00,4863.163078930202,-2.131628207280301e-13,0.0,0.0,0.0,0.0,0.0,0.0,0.0,0.0,3474,8337,4863
2020-09-28T07:00:00,5580.0,-2.131628207280301e-13,0.0,0.0,0.0,59.16307893020289,0.0,0.0,0.0,0.0,3545,9184,5639
2020-09-28T08:00:00,5580.0,-2.131628207280301e-13,0.0,0.0,0.0,119.16307893020225,0.0,0.0,0.0,0.0,3823,9522,5699
2020-09-28T09:00:00,5244.163078930202,-2.131628207280301e-13,0.0,0.0,0.0,0.0,0.0,0.0,0.0,0.0,4584,9828,5244
2020-09-28T10:00:00,5227.163078930202,-2.131628207280301e-13,0.0,0.0,0.0,0.0,0.0,0.0,0.0,0.0,4751,9978,5227
2020-09-28T11:00:00,5038.163078930202,2.4158453015843416e-13,0.0,0.0,0.0,0.0,0.0,0.0,0.0,0.0,5116,10154,5038
2020-09-28T12:00:00,5013.163078930202,3.9790393202565614e-14,0.0,0.0,0.0,0.0,0.0,0.0,0.0,0.0,5217,10230,5013
2020-09-28T13:00:00,4529.163078930202,3.9790393202565614e-14,0.0,0.0,0.0,0.0,0.0,0.0,0.0,0.0,5578,10107,4529
2020-09-28T14:00:00,4331.163078930202,3.9790393202565614e-14,0.0,0.0,0.0,0.0,0.0,0.0,0.0,0.0,5783,10114,4331
2020-09-28T15:00:00,4225.163078930202,3.9790393202565614e-14,0.0,0.0,0.0,0.0,0.0,0.0,0.0,0.0,5719,9944,4225
2020-09-28T16:00:00,4264.163078930203,5.968558980384843e-14,0.0,0.0,0.0,0.0,0.0,0.0,0.0,0.0,5500,9764,4264
2020-09-28T17:00:00,4619.163078930202,3.9790393202565614e-14,0.0,0.0,0.0,0.0,0.0,0.0,0.0,0.0,5030,9649,4619
2020-09-28T18:00:00,5543.163078930202,3.9790393202565614e-14,0.0,0.0,0.0,0.0,0.0,0.0,0.0,0.0,4226,9769,5543
2020-09-28T19:00:00,4770.0,3.9790393202565614e-14,0.0,0.0,0.0,1279.163078930202,0.0,0.0,0.0,0.0,3833,9882,6049
2020-09-28T20:00:00,4770.0,3.9790393202565614e-14,0.0,0.0,0.0,405.163078930202,0.0,0.0,0.0,0.0,4292,9467,5175
2020-09-28T21:00:00,4770.0,3.9790393202565614e-14,0.0,0.0,0.0,128.16307893020198,0.0,0.0,0.0,0.0,3871,8769,4898
2020-09-28T22:00:00,4770.0,-2.131628207280301e-13,0.0,0.0,0.0,80.16307893020225,0.0,0.0,0.0,0.0,4038,8888,4850
2020-09-28T23:00:00,4770.0,1.506350599811412e-13,0.0,0.0,0.0,560.1630789302012,0.0,0.0,0.0,0.0,3547,8877,5330
2020-09-29T00:00:00,4765.163078930202,-2.131628207280301e-13,0.0,0.0,0.0,0.0,0.0,0.0,0.0,0.0,3314,8079,4765
2020-09-29T01:00:00,4770.0,-2.131628207280301e-13,0.0,0.0,0.0,105.1630789302029,0.0,0.0,0.0,0.0,2814,7689,4875
2020-09-29T02:00:00,4535.163078930202,-2.131628207280301e-13,0.0,0.0,0.0,0.0,0.0,0.0,0.0,0.0,2857,7392,4535
2020-09-29T03:00:00,3960.0,-2.131628207280301e-13,0.0,0.0,0.0,53.163078930202246,0.0,0.0,0.0,0.0,3035,7048,4013
2020-09-29T04:00:00,3853.163078930202,-2.131628207280301e-13,0.0,0.0,0.0,0.0,0.0,0.0,0.0,0.0,3148,7001,3853
2020-09-29T05:00:00,3960.0,-2.131628207280301e-13,0.0,0.0,0.0,162.16307893020226,0.0,0.0,0.0,0.0,3253,7375,4122
2020-09-29T06:00:00,3960.0,-2.131628207280301e-13,0.0,0.0,0.0,905.1630789302022,0.0,0.0,0.0,0.0,3513,8378,4865
2020-09-29T07:00:00,3960.0,-2.131628207280301e-13,0.0,0.0,0.0,1444.1630789302023,0.0,0.0,0.0,0.0,3827,9231,5404
2020-09-29T08:00:00,3960.0,-2.131628207280301e-13,0.0,0.0,0.0,1550.1630789302023,0.0,0.0,0.0,0.0,4059,9569,5510
2020-09-29T09:00:00,2790.0,-2.131628207280301e-13,0.0,0.0,0.0,2238.163078930202,0.0,0.0,0.0,0.0,4853,9881,5028
2020-09-29T10:00:00,1980.0,-1.304556462855544e-12,0.0,0.0,0.0,2501.163078930203,0.0,0.0,0.0,0.0,5555,10036,4481
2020-09-29T11:00:00,1980.0,-2.131628207280301e-13,0.0,0.0,0.0,1966.1630789302023,0.0,0.0,0.0,0.0,6265,10211,3946
2020-09-29T12:00:00,1980.0,-2.131628207280301e-13,0.0,0.0,0.0,1614.1630789302023,0.0,0.0,0.0,0.0,6691,10285,3594
2020-09-29T13:00:00,810.0,-3.12638803734444e-14,0.0,0.0,0.0,2417.163078930202,0.0,0.0,0.0,0.0,6932,10159,3227
2020-09-29T14:00:00,810.0,-3.12638803734444e-14,0.0,0.0,0.0,2138.163078930202,0.0,0.0,0.0,0.0,7218,10166,2948
2020-09-29T15:00:00,0.0,3554.9999999999995,0.0,0.0,0.0,0.0,902.8369210697977,0.0,0.0,0.0,7341,9993,2652
2020-09-29T16:00:00,0.0,3555.0,0.0,0.0,0.0,0.0,844.8369210697981,0.0,0.0,0.0,7098,9808,2710
2020-09-29T17:00:00,0.0,3554.9999999999995,0.0,0.0,0.0,0.0,393.8369210697974,0.0,0.0,0.0,6525,9686,3161
2020-09-29T18:00:00,0.0,3555.0,0.0,0.0,0.0,0.0,0.0,827.1630789302018,0.0,0.0,5414,9796,4382
2020-09-29T19:00:00,810.0,3555.0,0.0,0.0,0.0,0.0,0.0,745.1630789302033,0.0,0.0,4792,9902,5110
2020-09-29T20:00:00,810.0,3555.0,0.0,0.0,0.0,587.1630789302009,0.0,0.0,0.0,0.0,4533,9485,4952
2020-09-29T21:00:00,810.0,3555.0,0.0,0.0,0.0,192.163078930202,0.0,0.0,0.0,0.0,4229,8786,4557
2020-09-29T22:00:00,810.0,3555.0,0.0,0.0,0.0,502.163078930202,0.0,0.0,0.0,0.0,4038,8905,4867
2020-09-29T23:00:00,810.0,3555.0,0.0,0.0,0.0,845.1630789302009,0.0,0.0,0.0,0.0,3681,8891,5210
2020-09-30T00:00:00,810.0,3534.917305575232,0.0,0.0,0.0,114.43885880832994,0.0,33.80691454663986,0.0,0.0,3596,8089,4493
2020-09-30T01:00:00,810.0,1013.0,0.0,0.0,0.0,2407.1630789302026,0.0,0.0,0.0,0.0,3468,7698,4230
2020-09-30T02:00:00,810.0,1013.0,0.0,0.0,0.0,2144.1630789302026,0.0,0.0,0.0,0.0,3433,7400,3967
2020-09-30T03:00:00,810.0,5.968558980384843e-14,0.0,0.0,0.0,2771.1630789302017,0.0,0.0,0.0,0.0,3474,7055,3581
2020-09-30T04:00:00,810.0,3.9790393202565614e-14,0.0,0.0,0.0,2757.1630789302026,0.0,0.0,0.0,0.0,3440,7007,3567
2020-09-30T05:00:00,810.0,3.9790393202565614e-14,0.0,0.0,0.0,2975.1630789302026,0.0,0.0,0.0,0.0,3594,7379,3785
2020-09-30T06:00:00,810.0,3.9790393202565614e-14,0.0,0.0,0.0,4098.163078930202,0.0,0.0,0.0,0.0,3471,8379,4908
2020-09-30T07:00:00,810.0,3.9790393202565614e-14,420.0,0.0,0.0,4707.163078930202,0.0,0.0,0.0,0.0,3291,9228,5937
2020-09-30T08:00:00,810.0,3.9790393202565614e-14,420.0,0.0,0.0,4937.163078930202,0.0,0.0,0.0,0.0,3395,9562,6167
2020-09-30T09:00:00,810.0,3.9790393202565614e-14,630.0,0.0,0.0,4167.163078930202,0.0,0.0,0.0,0.0,4259,9866,5607
2020-09-30T10:00:00,810.0,3.9790393202565614e-14,1316.7805091670361,0.0,0.0,2977.382569763166,0.0,0.0,0.0,0.0,4907,10011,5104
2020-09-30T11:00:00,810.0,3.9790393202565614e-14,630.0,0.0,0.0,3448.163078930202,0.0,0.0,0.0,0.0,5289,10177,4888
2020-09-30T12:00:00,810.0,5.968558980384843e-14,1620.0,0.0,0.0,2070.1630789302026,0.0,0.0,0.0,0.0,5743,10243,4500
2020-09-30T13:00:00,810.0,3.9790393202565614e-14,1620.0,0.0,0.0,1625.1630789302023,0.0,0.0,0.0,0.0,6055,10110,4055
2020-09-30T14:00:00,810.0,3.9790393202565614e-14,840.0,0.0,0.0,2322.1630789302026,0.0,0.0,0.0,0.0,6137,10109,3972
2020-09-30T15:00:00,810.0,3.9790393202565614e-14,1620.0,0.0,0.0,1479.1630789302023,0.0,0.0,0.0,0.0,6024,9933,3909
2020-09-30T16:00:00,810.0,3.9790393202565614e-14,1080.0,0.0,0.0,2271.1630789302026,0.0,0.0,0.0,0.0,5590,9751,4161
2020-09-30T17:00:00,810.0,3.9790393202565614e-14,420.0,0.0,0.0,3411.163078930202,0.0,0.0,0.0,0.0,4996,9637,4641
2020-09-30T18:00:00,810.0,3.9790393202565614e-14,420.0,0.0,0.0,3907.163078930202,0.0,0.0,0.0,0.0,4625,9762,5137
2020-09-30T19:00:00,810.0,3.9790393202565614e-14,420.0,0.0,0.0,4197.163078930202,0.0,0.0,0.0,0.0,4451,9878,5427
2020-09-30T20:00:00,810.0,3.9790393202565614e-14,210.0,0.0,0.0,4026.163078930202,0.0,0.0,0.0,0.0,4420,9466,5046
2020-09-30T21:00:00,810.0,3.9790393202565614e-14,540.0,0.0,0.0,3338.163078930202,0.0,0.0,0.0,0.0,4082,8770,4688
2020-09-30T22:00:00,810.0,3.9790393202565614e-14,210.0,0.0,0.0,4215.163078930202,0.0,0.0,0.0,0.0,3654,8889,5235
2020-09-30T23:00:00,5580.0,-2.131628207280301e-13,0.0,0.0,0.0,38.16307893020264,0.0,0.0,0.0,0.0,3258,8876,5618
2020-10-01T00:00:00,5580.0,4.3200998334214094e-13,0.0,0.0,0.0,0.0,502.836921069797,0.0,0.0,0.0,3039,8116,5077
2020-10-01T01:00:00,5580.0,1.6143530956469475e-12,0.0,0.0,0.0,0.0,655.8369210697983,0.0,0.0,0.0,2797,7721,4924
2020-10-01T02:00:00,5580.0,1.6143530956469475e-12,0.0,0.0,0.0,0.0,954.8369210697984,0.0,0.0,0.0,2798,7423,4625
2020-10-01T03:00:00,5491.1630789302035,2.2737367544323214e-14,0.0,0.0,0.0,0.0,1200.0,0.0,0.0,0.0,2769,7060,4291
2020-10-01T04:00:00,5554.1630789302035,4.5474735088646414e-14,0.0,0.0,0.0,0.0,1200.0,0.0,0.0,0.0,2636,6990,4354
2020-10-01T05:00:00,5580.0,4.5474735088646414e-14,0.0,0.0,0.0,0.0,681.8369210697969,0.0,0.0,0.0,2452,7350,4898
2020-10-01T06:00:00,5580.0,4.5474735088646414e-14,0.0,0.0,0.0,0.0,0.0,603.1630789302033,0.0,0.0,2163,8346,6183
2020-10-01T07:00:00,5580.0,4.5474735088646414e-14,0.0,0.0,0.0,262.16307893020286,0.0,1200.0,0.0,0.0,2145,9187,7042
2020-10-01T08:00:00,5580.0,2.2737367544323214e-14,0.0,0.0,0.0,289.1630789302032,0.0,1200.0,0.0,0.0,2413,9482,7069
2020-10-01T09:00:00,5580.0,4.5474735088646414e-14,0.0,0.0,0.0,111.81539465101343,0.0,893.3476842791897,0.0,0.0,3218,9803,6585
2020-10-01T10:00:00,5580.0,4.5474735088646414e-14,0.0,0.0,0.0,478.16307893020326,0.0,0.0,0.0,0.0,3888,9946,6058
2020-10-01T11:00:00,5580.0,4.5474735088646414e-14,0.0,0.0,0.0,183.16307893020328,0.0,0.0,0.0,0.0,4331,10094,5763
2020-10-01T12:00:00,5580.0,4.5474735088646414e-14,0.0,0.0,0.0,69.16307893020328,0.0,0.0,0.0,0.0,4534,10183,5649
2020-10-01T13:00:00,5580.0,6.821210263296964e-14,0.0,0.0,0.0,0.0,295.8369210697974,0.0,0.0,0.0,4742,10026,5284
2020-10-01T14:00:00,5580.0,4.5474735088646414e-14,0.0,0.0,0.0,0.0,381.83692106979686,0.0,0.0,0.0,4833,10031,5198
2020-10-01T15:00:00,5580.0,3.410605131648481e-13,0.0,0.0,0.0,0.0,442.836921069797,0.0,0.0,0.0,4734,9871,5137
2020-10-01T16:00:00,5580.0,-1.818989403545857e-13,0.0,0.0,0.0,0.0,558.836921069797,0.0,0.0,0.0,4672,9693,5021
2020-10-01T17:00:00,5580.0,8.86757334228605e-13,0.0,0.0,0.0,0.0,220.83692106979777,0.0,0.0,0.0,4273,9632,5359
2020-10-01T18:00:00,5580.0,4.3200998334214094e-13,0.0,0.0,0.0,0.0,0.0,374.163078930203,0.0,0.0,3730,9684,5954
2020-10-01T19:00:00,5580.0,5.684341886080804e-14,0.0,0.0,0.0,45.187703848666615,0.0,1050.9753750815364,0.0,0.0,3113,9789,6676
2020-10-01T20:00:00,5580.0,1.6143530956469475e-12,0.0,0.0,0.0,971.163078930202,0.0,0.0,0.0,0.0,2866,9417,6551
2020-10-01T21:00:00,5580.0,4.3200998334214094e-13,0.0,0.0,0.0,601.163078930203,0.0,0.0,0.0,0.0,2638,8819,6181
2020-10-01T22:00:00,5580.0,-2.046363078989089e-13,0.0,0.0,0.0,986.1630789302028,0.0,0.0,0.0,0.0,2451,9017,6566
2020-10-01T23:00:00,5580.0,-1.1368683772161608e-13,0.0,0.0,0.0,966.1630789302034,0.0,0.0,0.0,0.0,2421,8967,6546
2020-10-02T00:00:00,5580.0,6.821210263296964e-14,0.0,0.0,0.0,144.16307893020178,0.0,0.0,0.0,0.0,2388,8112,5724
2020-10-02T01:00:00,4906.163078930203,0.0,0.0,0.0,0.0,0.0,0.0,0.0,0.0,0.0,2742,7648,4906
2020-10-02T02:00:00,4615.163078930202,4.5474735088646414e-14,0.0,0.0,0.0,0.0,0.0,0.0,0.0,0.0,2687,7302,4615
2020-10-02T03:00:00,4698.163078930202,6.821210263296964e-14,0.0,0.0,0.0,0.0,0.0,0.0,0.0,0.0,2192,6890,4698
2020-10-02T04:00:00,4601.163078930202,6.821210263296964e-14,0.0,0.0,0.0,0.0,0.0,0.0,0.0,0.0,2126,6727,4601
2020-10-02T05:00:00,4636.163078930202,-2.046363078989089e-13,0.0,0.0,0.0,0.0,0.0,0.0,0.0,0.0,2127,6763,4636
2020-10-02T06:00:00,5024.163078930202,-6.821210263296964e-14,0.0,0.0,0.0,0.0,0.0,0.0,0.0,0.0,2028,7052,5024
2020-10-02T07:00:00,5257.163078930203,-6.821210263296964e-14,0.0,0.0,0.0,0.0,0.0,0.0,0.0,0.0,2093,7350,5257
2020-10-02T08:00:00,5485.163078930202,4.5474735088646414e-14,0.0,0.0,0.0,0.0,0.0,0.0,0.0,0.0,2359,7844,5485
2020-10-02T09:00:00,5349.163078930202,4.5474735088646414e-14,0.0,0.0,0.0,0.0,0.0,0.0,0.0,0.0,3133,8482,5349
2020-10-02T10:00:00,5034.163078930202,4.5474735088646414e-14,0.0,0.0,0.0,0.0,0.0,0.0,0.0,0.0,3772,8806,5034
2020-10-02T11:00:00,4645.163078930202,4.5474735088646414e-14,0.0,0.0,0.0,0.0,0.0,0.0,0.0,0.0,4425,9070,4645
2020-10-02T12:00:00,4752.163078930202,4.5474735088646414e-14,0.0,0.0,0.0,0.0,0.0,0.0,0.0,0.0,4698,9450,4752
2020-10-02T13:00:00,4365.163078930202,4.5474735088646414e-14,0.0,0.0,0.0,0.0,0.0,0.0,0.0,0.0,4796,9161,4365
2020-10-02T14:00:00,4270.163078930202,4.5474735088646414e-14,0.0,0.0,0.0,0.0,0.0,0.0,0.0,0.0,4749,9019,4270
2020-10-02T15:00:00,3906.1630789302017,4.5474735088646414e-14,0.0,0.0,0.0,0.0,0.0,0.0,0.0,0.0,4881,8787,3906
2020-10-02T16:00:00,3817.1630789302026,6.821210263296964e-14,0.0,0.0,0.0,0.0,0.0,0.0,0.0,0.0,4760,8577,3817
2020-10-02T17:00:00,3794.1630789302017,4.5474735088646414e-14,0.0,0.0,0.0,0.0,0.0,0.0,0.0,0.0,4666,8460,3794
2020-10-02T18:00:00,4498.163078930202,4.5474735088646414e-14,0.0,0.0,0.0,0.0,0.0,0.0,0.0,0.0,3961,8459,4498
2020-10-02T19:00:00,5228.163078930202,0.0,0.0,0.0,0.0,0.0,0.0,0.0,0.0,0.0,3472,8700,5228
2020-10-02T20:00:00,5435.380517503803,3.410605131648481e-13,0.0,0.0,0.0,0.0,176.21743857360192,0.0,0.0,0.0,3308,8567,5259
2020-10-02T21:00:00,5033.163078930202,3.410605131648481e-13,0.0,0.0,0.0,0.0,0.0,0.0,0.0,0.0,3093,8126,5033
2020-10-02T22:00:00,5580.0,3.410605131648481e-13,0.0,0.0,0.0,0.0,0.0,132.16307893020144,0.0,0.0,2688,8400,5712
2020-10-02T23:00:00,5496.163078930202,6.821210263296964e-14,0.0,0.0,0.0,0.0,0.0,0.0,0.0,0.0,2982,8478,5496
2020-10-03T00:00:00,4097.163078930203,-6.821210263296964e-14,0.0,0.0,0.0,0.0,0.0,0.0,0.0,0.0,3657,7754,4097
2020-10-03T01:00:00,3975.163078930202,-2.046363078989089e-13,0.0,0.0,0.0,0.0,0.0,0.0,0.0,0.0,3357,7332,3975
2020-10-03T02:00:00,3818.1630789302026,2.5011104298755534e-13,0.0,0.0,0.0,0.0,0.0,0.0,0.0,0.0,3107,6925,3818
2020-10-03T03:00:00,3793.1630789302017,6.821210263296964e-14,0.0,0.0,0.0,0.0,0.0,0.0,0.0,0.0,2671,6464,3793
2020-10-03T04:00:00,3569.1630789302017,2.273736754432321e-13,0.0,0.0,0.0,0.0,0.0,0.0,0.0,0.0,2671,6240,3569
2020-10-03T05:00:00,4187.163078930203,2.1600499167107047e-13,0.0,0.0,0.0,0.0,0.0,0.0,0.0,0.0,1992,6179,4187
2020-10-03T06:00:00,2757.1630789302017,2.1600499167107047e-13,0.0,0.0,0.0,0.0,0.0,0.0,0.0,0.0,3513,6270,2757
2020-10-03T07:00:00,2721.1630789302017,2.1600499167107047e-13,0.0,0.0,0.0,0.0,0.0,0.0,0.0,0.0,3634,6355,2721
2020-10-03T08:00:00,4187.163078930203,2.1600499167107047e-13,0.0,0.0,0.0,0.0,0.0,0.0,0.0,0.0,2547,6734,4187
2020-10-03T09:00:00,4124.163078930203,2.1600499167107047e-13,0.0,0.0,0.0,0.0,0.0,0.0,0.0,0.0,3215,7339,4124
2020-10-03T10:00:00,3918.163078930202,6.821210263296964e-14,0.0,0.0,0.0,0.0,0.0,0.0,0.0,0.0,3871,7789,3918
2020-10-03T11:00:00,2794.1630789302017,2.1600499167107047e-13,0.0,0.0,0.0,0.0,0.0,0.0,0.0,0.0,5345,8139,2794
2020-10-03T12:00:00,3754.1630789302017,2.1600499167107047e-13,0.0,0.0,0.0,0.0,0.0,0.0,0.0,0.0,4793,8547,3754
2020-10-03T13:00:00,3241.1630789302017,2.273736754432321e-13,0.0,0.0,0.0,0.0,0.0,0.0,0.0,0.0,4888,8129,3241
2020-10-03T14:00:00,2736.1630789302017,2.1600499167107047e-13,0.0,0.0,0.0,0.0,0.0,0.0,0.0,0.0,5073,7809,2736
2020-10-03T15:00:00,2459.1630789302017,2.1600499167107047e-13,0.0,0.0,0.0,0.0,0.0,0.0,0.0,0.0,5057,7516,2459
2020-10-03T16:00:00,2359.1630789302017,2.1600499167107047e-13,0.0,0.0,0.0,0.0,0.0,0.0,0.0,0.0,4952,7311,2359
2020-10-03T17:00:00,2935.1630789302017,2.1600499167107047e-13,0.0,0.0,0.0,0.0,0.0,0.0,0.0,0.0,4346,7281,2935
2020-10-03T18:00:00,4223.163078930203,2.1600499167107047e-13,0.0,0.0,0.0,0.0,0.0,0.0,0.0,0.0,3324,7547,4223
2020-10-03T19:00:00,3815.163078930202,6.821210263296964e-14,0.0,0.0,0.0,0.0,0.0,0.0,0.0,0.0,4318,8133,3815
2020-10-03T20:00:00,3996.1630789302026,6.821210263296964e-14,0.0,0.0,0.0,0.0,0.0,0.0,0.0,0.0,4205,8201,3996
2020-10-03T21:00:00,5018.163078930203,1.591615728102624e-13,0.0,0.0,0.0,0.0,0.0,0.0,0.0,0.0,2722,7740,5018
2020-10-03T22:00:00,3895.163078930202,0.0,0.0,0.0,0.0,0.0,0.0,0.0,0.0,0.0,4016,7911,3895
2020-10-03T23:00:00,4189.163078930203,1.591615728102624e-13,0.0,0.0,0.0,0.0,0.0,0.0,0.0,0.0,3822,8011,4189
2020-10-04T00:00:00,3268.1630789302008,1.0686562745831905e-12,0.0,0.0,0.0,0.0,0.0,0.0,0.0,0.0,4122,7390,3268
2020-10-04T01:00:00,4688.163078930203,6.821210263296964e-14,0.0,0.0,0.0,0.0,0.0,0.0,0.0,0.0,2341,7029,4688
2020-10-04T02:00:00,3206.1630789302017,2.2737367544323214e-14,0.0,0.0,0.0,0.0,0.0,0.0,0.0,0.0,3519,6725,3206
2020-10-04T03:00:00,3204.1630789302017,9.094947017729285e-14,0.0,0.0,0.0,0.0,0.0,0.0,0.0,0.0,3165,6369,3204
2020-10-04T04:00:00,4351.1630789302035,-2.046363078989089e-13,0.0,0.0,0.0,0.0,0.0,0.0,0.0,0.0,2002,6353,4351
2020-10-04T05:00:00,3340.1630789302017,4.5474735088646414e-14,0.0,0.0,0.0,0.0,0.0,0.0,0.0,0.0,3498,6838,3340
2020-10-04T06:00:00,4143.163078930203,4.5474735088646414e-14,0.0,0.0,0.0,0.0,0.0,0.0,0.0,0.0,3796,7939,4143
2020-10-04T07:00:00,5065.047184170472,4.5474735088646414e-14,0.0,0.0,0.0,0.0,2.884105240270055,0.0,0.0,0.0,3749,8811,5062
2020-10-04T08:00:00,5313.163078930203,4.5474735088646414e-14,0.0,0.0,0.0,0.0,0.0,0.0,0.0,0.0,3842,9155,5313
2020-10-04T09:00:00,4856.163078930203,4.5474735088646414e-14,0.0,0.0,0.0,0.0,0.0,0.0,0.0,0.0,4610,9466,4856
2020-10-04T10:00:00,4336.163078930203,4.5474735088646414e-14,0.0,0.0,0.0,0.0,0.0,0.0,0.0,0.0,5270,9606,4336
2020-10-04T11:00:00,5580.0,4.5474735088646414e-14,0.0,0.0,0.0,0.0,0.0,2.1630789302025413,0.0,0.0,4178,9760,5582
2020-10-04T12:00:00,4245.163078930203,4.5474735088646414e-14,0.0,0.0,0.0,0.0,0.0,0.0,0.0,0.0,5567,9812,4245
2020-10-04T13:00:00,5190.1630789302035,-2.046363078989089e-13,0.0,0.0,0.0,0.0,0.0,0.0,0.0,0.0,4472,9662,5190
2020-10-04T14:00:00,5220.047184170473,4.5474735088646414e-14,0.0,0.0,0.0,0.0,854.8841052402698,0.0,0.0,0.0,5196,9561,4365
2020-10-04T15:00:00,4505.163078930203,4.5474735088646414e-14,0.0,0.0,0.0,0.0,0.0,0.0,0.0,0.0,4820,9325,4505
2020-10-04T16:00:00,4596.163078930202,4.5474735088646414e-14,0.0,0.0,0.0,0.0,0.0,0.0,0.0,0.0,4513,9109,4596
2020-10-04T17:00:00,4576.163078930203,4.5474735088646414e-14,0.0,0.0,0.0,0.0,0.0,0.0,0.0,0.0,4413,8989,4576
2020-10-04T18:00:00,4574.163078930203,4.5474735088646414e-14,0.0,0.0,0.0,0.0,0.0,0.0,0.0,0.0,4710,9284,4574
2020-10-04T19:00:00,5580.0,4.5474735088646414e-14,0.0,0.0,0.0,0.0,0.0,641.1630789302023,0.0,0.0,3382,9603,6221
2020-10-04T20:00:00,4827.380517503805,1.5916157281026248e-13,0.0,0.0,0.0,0.0,324.2174385736034,0.0,0.0,0.0,4591,9094,4503
2020-10-04T21:00:00,4046.1630789302017,4.5474735088646414e-14,0.0,0.0,0.0,0.0,0.0,0.0,0.0,0.0,4332,8378,4046
2020-10-04T22:00:00,3991.1630789302026,-2.046363078989089e-13,0.0,0.0,0.0,0.0,0.0,0.0,0.0,0.0,4507,8498,3991
2020-10-04T23:00:00,5580.0,9.094947017729285e-14,0.0,0.0,0.0,0.0,0.0,243.16307893020252,0.0,0.0,2733,8556,5823
2020-10-05T00:00:00,5243.163078930202,1.5916157281026238e-13,0.0,0.0,0.0,0.0,0.0,0.0,0.0,0.0,2745,7988,5243
2020-10-05T01:00:00,3923.1630789302017,0.0,0.0,0.0,0.0,0.0,0.0,0.0,0.0,0.0,3684,7607,3923
2020-10-05T02:00:00,4852.163078930202,4.3200998334214094e-13,0.0,0.0,0.0,0.0,0.0,0.0,0.0,0.0,2468,7320,4852
2020-10-05T03:00:00,3713.163078930202,1.5916157281026238e-13,0.0,0.0,0.0,0.0,0.0,0.0,0.0,0.0,3256,6969,3713
2020-10-05T04:00:00,3705.1630789302026,-1.3642420526593928e-13,0.0,0.0,0.0,0.0,0.0,0.0,0.0,0.0,3212,6917,3705
2020-10-05T05:00:00,4598.380517503806,-1.3642420526593928e-13,0.0,0.0,0.0,0.0,868.2174385736039,0.0,0.0,0.0,3568,7298,3730
2020-10-05T06:00:00,4292.163078930203,-1.3642420526593928e-13,0.0,0.0,0.0,0.0,0.0,0.0,0.0,0.0,4053,8345,4292
2020-10-05T07:00:00,5580.0,6.821210263296964e-14,0.0,0.0,0.0,0.0,0.0,651.1630789302029,0.0,0.0,3004,9235,6231
2020-10-05T08:00:00,5580.0,-1.3642420526593928e-13,0.0,0.0,0.0,0.0,549.8369210697977,0.0,0.0,0.0,4494,9524,5030
2020-10-05T09:00:00,5580.0,-1.3642420526593928e-13,0.0,0.0,0.0,0.0,895.8369210697977,0.0,0.0,0.0,5099,9783,4684
2020-10-05T10:00:00,4266.585779517314,-1.3642420526593928e-13,0.0,0.0,0.0,0.0,374.42270058711193,0.0,0.0,0.0,6007,9899,3892
2020-10-05T11:00:00,5082.163078930203,-1.3642420526593928e-13,0.0,0.0,0.0,0.0,1200.0,0.0,0.0,0.0,6173,10055,3882
2020-10-05T12:00:00,5239.163078930203,-1.3642420526593928e-13,0.0,0.0,0.0,0.0,1200.0,0.0,0.0,0.0,6079,10118,4039
2020-10-05T13:00:00,5366.163078930203,-1.3642420526593928e-13,0.0,0.0,0.0,0.0,1200.0,0.0,0.0,0.0,5810,9976,4166
2020-10-05T14:00:00,5580.0,-1.3642420526593928e-13,0.0,0.0,0.0,0.0,1142.8369210697977,0.0,0.0,0.0,5484,9921,4437
2020-10-05T15:00:00,5322.163078930203,-1.3642420526593928e-13,0.0,0.0,0.0,0.0,1200.0,0.0,0.0,0.0,5576,9698,4122
2020-10-05T16:00:00,5138.163078930202,6.821210263296964e-14,0.0,0.0,0.0,0.0,1200.0,0.0,0.0,0.0,5569,9507,3938
2020-10-05T17:00:00,5408.163078930202,1.5916157281026238e-13,0.0,0.0,0.0,0.0,1200.0,0.0,0.0,0.0,5193,9401,4208
2020-10-05T18:00:00,5580.0,4.3200998334214094e-13,0.0,0.0,0.0,0.0,977.836921069798,0.0,0.0,0.0,5016,9618,4602
2020-10-05T19:00:00,5580.0,-9.094947017729285e-14,0.0,0.0,0.0,0.0,0.0,112.16307893020284,0.0,0.0,4257,9949,5692
2020-10-05T20:00:00,5571.163078930202,8.86757334228605e-13,0.0,0.0,0.0,0.0,1200.0,0.0,0.0,0.0,5020,9391,4371
2020-10-05T21:00:00,5156.163078930202,4.3200998334214094e-13,0.0,0.0,0.0,0.0,1200.0,0.0,0.0,0.0,4735,8691,3956
2020-10-05T22:00:00,5580.0,8.86757334228605e-13,0.0,0.0,0.0,0.0,429.83692106979834,0.0,0.0,0.0,3649,8799,5150
2020-10-05T23:00:00,5580.0,4.3200998334214094e-13,0.0,0.0,0.0,0.0,0.0,102.16307893020212,0.0,0.0,3147,8829,5682
2020-10-06T00:00:00,5580.0,-2.046363078989089e-13,0.0,0.0,0.0,0.0,646.8369210697969,0.0,0.0,0.0,3161,8094,4933
2020-10-06T01:00:00,4674.163078930202,3.4106051316484814e-13,0.0,0.0,0.0,0.0,1200.0,0.0,0.0,0.0,4238,7712,3474
2020-10-06T02:00:00,4642.163078930202,6.821210263296964e-14,0.0,0.0,0.0,0.0,1200.0,0.0,0.0,0.0,3984,7426,3442
2020-10-06T03:00:00,4637.163078930202,6.821210263296964e-14,0.0,0.0,0.0,0.0,1200.0,0.0,0.0,0.0,3641,7078,3437
2020-10-06T04:00:00,5580.0,0.0,0.0,0.0,0.0,0.0,924.8369210697977,0.0,0.0,0.0,2376,7031,4655
2020-10-06T05:00:00,4573.163078930202,-1.3642420526593928e-13,0.0,0.0,0.0,0.0,1200.0,0.0,0.0,0.0,4032,7405,3373
2020-10-06T06:00:00,5558.1630789302035,-4.5474735088646414e-14,0.0,0.0,0.0,0.0,1200.0,0.0,0.0,0.0,4087,8445,4358
2020-10-06T07:00:00,5580.0,-1.3642420526593928e-13,0.0,0.0,0.0,0.0,0.0,746.1630789302028,0.0,0.0,3028,9354,6326
2020-10-06T08:00:00,5580.0,-1.3642420526593928e-13,0.0,0.0,0.0,0.0,225.83692106979692,0.0,0.0,0.0,4294,9648,5354
2020-10-06T09:00:00,5580.0,-1.3642420526593928e-13,0.0,0.0,0.0,0.0,1083.836921069797,0.0,0.0,0.0,5432,9928,4496
2020-10-06T10:00:00,5270.163078930202,6.821210263296964e-14,0.0,0.0,0.0,0.0,1200.0,0.0,0.0,0.0,6002,10072,4070
2020-10-06T11:00:00,5342.163078930203,-1.3642420526593928e-13,0.0,0.0,0.0,0.0,1200.0,0.0,0.0,0.0,6103,10245,4142
2020-10-06T12:00:00,5580.0,-1.3642420526593928e-13,0.0,0.0,0.0,0.0,1168.836921069797,0.0,0.0,0.0,5910,10321,4411
2020-10-06T13:00:00,5580.0,-1.3642420526593928e-13,0.0,0.0,0.0,0.0,585.8369210697974,0.0,0.0,0.0,5203,10197,4994
2020-10-06T14:00:00,5580.0,-1.3642420526593928e-13,0.0,0.0,0.0,0.0,510.83692106979703,0.0,0.0,0.0,5109,10178,5069
2020-10-06T15:00:00,5580.0,-1.3642420526593928e-13,0.0,0.0,0.0,0.0,455.8369210697969,0.0,0.0,0.0,4850,9974,5124
2020-10-06T16:00:00,5580.0,-1.3642420526593928e-13,0.0,0.0,0.0,0.0,243.83692106979692,0.0,0.0,0.0,4450,9786,5336
2020-10-06T17:00:00,5580.0,-1.3642420526593928e-13,0.0,0.0,0.0,0.0,0.0,164.16307893020308,0.0,0.0,3923,9667,5744
2020-10-06T18:00:00,5580.0,-1.3642420526593928e-13,0.0,0.0,0.0,0.0,0.0,1057.1630789302028,0.0,0.0,3192,9829,6637
2020-10-06T19:00:00,5580.0,6.821210263296964e-14,0.0,0.0,0.0,943.1630789302028,0.0,1200.0,0.0,0.0,2397,10120,7723
2020-10-06T20:00:00,5580.0,-2.046363078989089e-13,0.0,0.0,0.0,468.1630789302032,0.0,1200.0,0.0,0.0,2293,9541,7248
2020-10-06T21:00:00,5580.0,6.821210263296964e-14,0.0,0.0,0.0,0.0,0.0,979.163078930203,0.0,0.0,2273,8832,6559
2020-10-06T22:00:00,5580.0,0.0,0.0,0.0,0.0,11.163078930202504,0.0,1200.0,0.0,0.0,2145,8936,6791
2020-10-06T23:00:00,5580.0,6.821210263296964e-14,0.0,0.0,0.0,0.0,360.8369210697972,0.0,0.0,0.0,3709,8928,5219
2020-01-29T00:00:00,5580.0,2956.1630789302,2160.0,58.5,85.5,0.0,0.0,0.0,0.0,0.0,1354,12194,10840
2020-01-29T01:00:00,5580.0,1506.163078930201,2160.0,58.5,85.5,0.0,0.0,0.0,0.0,0.0,2540,11930,9390
2020-01-29T02:00:00,5580.0,1601.1630789302008,2160.0,58.5,85.5,0.0,0.0,0.0,0.0,0.0,2186,11671,9485
2020-01-29T03:00:00,5580.0,2214.1630789302017,2160.0,58.5,85.5,0.0,0.0,0.0,0.0,0.0,1161,11259,10098
2020-01-29T04:00:00,5580.0,2124.1630789302,2160.0,58.5,85.5,0.0,0.0,0.0,0.0,0.0,1192,11200,10008
2020-01-29T05:00:00,5580.0,2360.025785349042,2160.0,58.5,85.5,260.2596027788104,0.0,83.87769080234739,0.0,0.0,1159,11747,10588
2020-01-29T06:00:00,5580.0,2360.025785349042,2160.0,58.5,85.5,1069.1372935811578,0.0,0.0,0.0,0.0,1654,12967,11313
2020-01-29T07:00:00,5580.0,2360.025785349042,2160.0,58.5,85.5,1850.1372935811576,0.0,0.0,0.0,0.0,1934,14028,12094
2020-01-29T08:00:00,5580.0,2360.025785349042,2160.0,58.5,85.5,1596.1372935811578,0.0,0.0,0.0,0.0,2464,14304,11840
2020-01-29T09:00:00,5580.0,2360.025785349042,2160.0,58.5,85.5,1658.1372935811578,0.0,0.0,0.0,0.0,2499,14401,11902
2020-01-29T10:00:00,5580.0,2360.025785349042,2160.0,58.5,85.5,710.1372935811578,0.0,0.0,0.0,0.0,3453,14407,10954
2020-01-29T11:00:00,5580.0,2360.025785349042,2160.0,58.5,85.5,515.1372935811578,0.0,0.0,0.0,0.0,3713,14472,10759
2020-01-29T12:00:00,5580.0,2360.025785349042,2160.0,58.5,85.5,252.1372935811596,0.0,0.0,0.0,0.0,3937,14433,10496
2020-01-29T13:00:00,5580.0,1870.2000000000003,2160.0,58.5,85.5,215.96307893020003,0.0,0.0,0.0,0.0,4086,14056,9970
2020-01-29T14:00:00,5580.0,1745.1630789302008,2160.0,58.5,85.5,0.0,0.0,0.0,0.0,0.0,4074,13703,9629
2020-01-29T15:00:00,5580.0,1471.163078930201,2160.0,58.5,85.5,0.0,0.0,0.0,0.0,0.0,3969,13324,9355
2020-01-29T16:00:00,5580.0,1559.1630789302008,2160.0,58.5,85.5,0.0,0.0,0.0,0.0,0.0,3709,13152,9443
2020-01-29T17:00:00,5580.0,2132.1630789302,2160.0,58.5,85.5,0.0,0.0,0.0,0.0,0.0,3384,13400,10016
2020-01-29T18:00:00,5580.0,2360.025785349042,2160.0,58.5,85.5,861.1372935811578,0.0,0.0,0.0,0.0,2829,13934,11105
2020-01-29T19:00:00,5580.0,2403.8884917681225,2160.0,58.5,85.5,362.2745871620772,0.0,0.0,0.0,0.0,3191,13841,10650
2020-01-29T20:00:00,5580.0,2316.1630789302,2160.0,58.5,85.5,0.0,0.0,0.0,0.0,0.0,2791,12991,10200
2020-01-29T21:00:00,5580.0,1607.1630789301998,2160.0,58.5,85.5,0.0,0.0,0.0,0.0,0.0,2777,12268,9491
2020-01-29T22:00:00,5580.0,2605.1630789302053,2160.0,58.5,85.5,0.0,0.0,0.0,0.0,0.0,1983,12472,10489
2020-01-29T23:00:00,5580.0,2604.1630789302,2160.0,58.5,85.5,0.0,1200.0,0.0,0.0,0.0,3299,12587,9288
2020-01-30T00:00:00,5580.0,1583.1630789302012,2160.0,58.5,85.5,0.0,0.0,0.0,0.0,0.0,2539,12006,9467
2020-01-30T01:00:00,5580.0,1783.1630789302012,2160.0,58.5,85.5,0.0,0.0,0.0,0.0,0.0,1944,11611,9667
2020-01-30T02:00:00,5580.0,1479.6000000000001,2160.0,58.5,85.5,327.56307893020096,0.0,0.0,0.0,0.0,1569,11260,9691
2020-01-30T03:00:00,5580.0,1092.6000000000004,2160.0,58.5,85.5,0.0,0.0,253.56307893020085,0.0,0.0,1517,10747,9230
2020-01-30T04:00:00,5580.0,705.5999999999998,2160.0,58.5,85.5,0.0,0.0,441.5630789302013,0.0,0.0,1503,10534,9031
2020-01-30T05:00:00,5580.0,1092.6,2160.0,58.5,85.5,53.689236790603445,0.0,204.87384213959783,0.0,0.0,1447,10682,9235
2020-01-30T06:00:00,5580.0,1479.5999999999997,2160.0,58.5,85.5,262.56307893020175,0.0,0.0,0.0,0.0,1421,11047,9626
2020-01-30T07:00:00,5580.0,1866.5999999999997,2160.0,58.5,85.5,34.563078930201755,0.0,0.0,0.0,0.0,1661,11446,9785
2020-01-30T08:00:00,5580.0,2007.1630789302017,2160.0,58.5,85.5,0.0,0.0,0.0,0.0,0.0,2055,11946,9891
2020-01-30T09:00:00,5580.0,1933.1630789302014,2160.0,58.5,85.5,0.0,0.0,0.0,0.0,0.0,2604,12421,9817
2020-01-30T10:00:00,5580.0,1525.1630789302012,2160.0,58.5,85.5,0.0,0.0,0.0,0.0,0.0,3152,12561,9409
2020-01-30T11:00:00,5580.0,1011.4073151688019,2160.0,58.5,85.5,79.75576376139975,0.0,0.0,0.0,0.0,3719,12694,8975
2020-01-30T12:00:00,5580.0,970.1630789302014,2160.0,58.5,85.5,0.0,0.0,0.0,0.0,0.0,4055,12909,8854
2020-01-30T13:00:00,5580.0,346.1630789302014,2160.0,58.5,85.5,0.0,0.0,0.0,0.0,0.0,4189,12419,8230
2020-01-30T14:00:00,5580.0,1.3642420526593923e-13,2160.0,58.5,85.5,0.0,193.83692106979652,0.0,0.0,0.0,4279,11969,7690
2020-01-30T15:00:00,5580.0,1.3642420526593923e-13,2160.0,58.5,85.5,0.0,425.8369210697965,0.0,0.0,0.0,4165,11623,7458
2020-01-30T16:00:00,5580.0,1.3642420526593923e-13,2160.0,58.5,85.5,0.0,249.83692106979652,0.0,0.0,0.0,3891,11525,7634
2020-01-30T17:00:00,5580.0,366.16307893020166,2160.0,58.5,85.5,0.0,0.0,0.0,0.0,0.0,3672,11922,8250
2020-01-30T18:00:00,5580.0,1648.1630789302014,2160.0,58.5,85.5,0.0,0.0,0.0,0.0,0.0,3230,12762,9532
2020-01-30T19:00:00,5580.0,2253.6,2160.0,58.5,85.5,0.0,0.0,28.563078930201755,0.0,0.0,2674,12840,10166
2020-01-30T20:00:00,5580.0,2253.5999999999995,2160.0,58.5,85.5,0.0,0.0,41.56307893020221,0.0,0.0,2035,12214,10179
2020-01-30T21:00:00,5580.0,1751.163078930201,2160.0,58.5,85.5,0.0,0.0,0.0,0.0,0.0,1992,11627,9635
2020-01-30T22:00:00,5580.0,1676.1630789302012,2160.0,58.5,85.5,0.0,0.0,0.0,0.0,0.0,2466,12026,9560
2020-01-30T23:00:00,5580.0,2608.2000000000007,2160.0,58.5,85.5,0.0,488.0369210697986,0.0,0.0,0.0,2358,12362,10004
2020-01-31T00:00:00,5580.0,1458.1630789302003,2160.0,58.5,85.5,0.0,0.0,0.0,0.0,0.0,2682,12024,9342
2020-01-31T01:00:00,5580.0,1540.1630789302017,2160.0,58.5,85.5,0.0,0.0,0.0,0.0,0.0,2301,11725,9424
2020-01-31T02:00:00,5580.0,1512.0000000000002,2160.0,58.5,85.5,0.0,0.0,15.163078930201207,0.0,0.0,1998,11409,9411
2020-01-31T03:00:00,5580.0,1125.0,2160.0,58.5,85.5,0.0,0.0,94.1630789302012,0.0,0.0,1756,10859,9103
2020-01-31T04:00:00,5580.0,1115.1630789302012,2160.0,58.5,85.5,0.0,0.0,0.0,0.0,0.0,1568,10567,8999
2020-01-31T05:00:00,5580.0,738.0000000000001,2160.0,58.5,85.5,0.0,0.0,65.16307893020121,0.0,0.0,1895,10582,8687
2020-01-31T06:00:00,5580.0,134.99999999999977,2160.0,58.5,85.5,0.0,0.0,364.1630789302012,0.0,0.0,2357,10740,8383
2020-01-31T07:00:00,5580.0,2.728484105318784e-13,2160.0,58.5,85.5,0.0,0.0,109.16307893020166,0.0,0.0,2919,10912,7993
2020-01-31T08:00:00,5580.0,-2.2737367544323216e-13,2160.0,58.5,85.5,0.0,217.8369210697988,0.0,0.0,0.0,3636,11302,7666
2020-01-31T09:00:00,5580.0,-2.2737367544323216e-13,2160.0,58.5,85.5,853.5661774298713,0.0,463.59690150032986,0.0,0.0,2665,11866,9201
2020-01-31T10:00:00,5580.0,-2.2737367544323216e-13,2160.0,58.5,85.5,0.0,197.8369210697988,0.0,0.0,0.0,4570,12256,7686
2020-01-31T11:00:00,5580.0,-2.2737367544323216e-13,2160.0,58.5,85.5,614.7853881278521,0.0,148.3776908023491,0.0,0.0,3867,12514,8647
2020-01-31T12:00:00,5580.0,-2.2737367544323216e-13,2160.0,58.5,85.5,0.0,464.8369210697988,0.0,0.0,0.0,5376,12795,7419
2020-01-31T13:00:00,5580.0,-2.2737367544323216e-13,2160.0,58.5,85.5,0.0,1030.8369210697972,0.0,0.0,0.0,5317,12170,6853
2020-01-31T14:00:00,5580.0,-2.2737367544323216e-13,1804.163078930203,0.0,0.0,0.0,1200.0,0.0,0.0,0.0,5435,11619,6184
2020-01-31T15:00:00,5580.0,-2.2737367544323216e-13,1677.163078930203,0.0,0.0,0.0,1200.0,0.0,0.0,0.0,5285,11342,6057
2020-01-31T16:00:00,5580.0,2.728484105318784e-13,1845.1630789302033,0.0,0.0,0.0,1200.0,0.0,0.0,0.0,5117,11342,6225
2020-01-31T17:00:00,5580.0,136.99999999999997,2160.0,58.5,85.5,0.0,719.8369210697992,0.0,0.0,0.0,4553,11854,7301
2020-01-31T18:00:00,5580.0,1479.6,2160.0,58.5,85.5,0.0,0.0,996.5630789302012,0.0,0.0,2512,12872,10360
2020-01-31T19:00:00,5580.0,2608.2,2160.0,58.5,85.5,0.0,0.0,622.9630789302005,0.0,0.0,2041,13156,11115
2020-01-31T20:00:00,5580.0,1024.1630789302012,2160.0,58.5,85.5,0.0,0.0,0.0,0.0,0.0,3707,12615,8908
2020-01-31T21:00:00,5580.0,1717.1630789302008,2160.0,58.5,85.5,0.0,0.0,0.0,0.0,0.0,2351,11952,9601
2020-01-31T22:00:00,5580.0,2744.1630789302008,2160.0,58.5,85.5,0.0,0.0,0.0,0.0,0.0,1575,12203,10628
2020-01-31T23:00:00,5580.0,2970.1630789302003,2160.0,58.5,85.5,0.0,0.0,0.0,0.0,0.0,1575,12429,10854
2020-02-01T00:00:00,5580.0,1350.1630789301998,2160.0,58.5,85.5,0.0,0.0,0.0,0.0,0.0,2905,12139,9234
2020-02-01T01:00:00,5580.0,2221.2000000000016,2160.0,58.5,85.5,0.0,0.0,379.9630789302,0.0,0.0,1464,11949,10485
2020-02-01T02:00:00,5580.0,1635.1630789302014,2160.0,58.5,85.5,0.0,0.0,0.0,0.0,0.0,2216,11735,9519
2020-02-01T03:00:00,5580.0,1451.1630789302005,2160.0,58.5,85.5,0.0,0.0,0.0,0.0,0.0,1974,11309,9335
2020-02-01T04:00:00,5580.0,1834.2000000000003,2160.0,58.5,85.5,0.0,0.0,178.96307893020048,0.0,0.0,1352,11249,9897
2020-02-01T05:00:00,5580.0,1774.1630789302012,2160.0,58.5,85.5,0.0,0.0,0.0,0.0,0.0,2184,11842,9658
2020-02-01T06:00:00,5580.0,2221.2000000000003,2160.0,58.5,85.5,0.0,0.0,364.96307893020094,0.0,0.0,2604,13074,10470
2020-02-01T07:00:00,5580.0,2221.2000000000003,2160.0,58.5,85.5,1293.963078930201,0.0,1200.0,0.0,0.0,1468,14067,12599
2020-02-01T08:00:00,5580.0,2476.8220788371227,2160.0,58.5,85.5,0.0,0.0,173.34100009307713,0.0,0.0,3745,14279,10534
2020-02-01T09:00:00,5580.0,2476.822078837123,2160.0,58.5,85.5,941.4643224301108,0.0,444.8766776629664,0.0,0.0,2588,14335,11747
2020-02-01T10:00:00,5580.0,1510.1630789302014,2160.0,58.5,85.5,0.0,0.0,0.0,0.0,0.0,4915,14309,9394
2020-02-01T11:00:00,5580.0,1252.1630789302012,2160.0,58.5,85.5,0.0,0.0,0.0,0.0,0.0,5231,14367,9136
2020-02-01T12:00:00,5580.0,1025.1630789302012,2160.0,58.5,85.5,0.0,0.0,0.0,0.0,0.0,5394,14303,8909
2020-02-01T13:00:00,5580.0,1702.822078837123,2160.0,58.5,85.5,313.3410000930771,0.0,0.0,0.0,0.0,4083,13983,9900
2020-02-01T14:00:00,5580.0,1541.1630789302021,2160.0,58.5,85.5,0.0,0.0,0.0,0.0,0.0,4232,13657,9425
2020-02-01T15:00:00,5580.0,150.9999999999999,2160.0,58.5,85.5,0.0,227.83692106979697,0.0,0.0,0.0,5530,13337,7807
2020-02-01T16:00:00,5580.0,150.9999999999999,2160.0,58.5,85.5,0.0,105.83692106979696,0.0,0.0,0.0,5360,13289,7929
2020-02-01T17:00:00,5580.0,580.1630789302012,2160.0,58.5,85.5,0.0,0.0,0.0,0.0,0.0,5183,13647,8464
2020-02-01T18:00:00,5580.0,1160.9999999999998,2160.0,58.5,85.5,2246.907697325506,0.0,250.25538160469543,0.0,0.0,2953,14495,11542
2020-02-01T19:00:00,5580.0,2476.822078837124,2160.0,58.5,85.5,1596.341000093078,0.0,0.0,0.0,0.0,2407,14364,11957
2020-02-01T20:00:00,5580.0,1821.1630789302017,2160.0,58.5,85.5,0.0,0.0,0.0,0.0,0.0,3705,13410,9705
2020-02-01T21:00:00,5580.0,1684.1999999999996,2160.0,58.5,85.5,1449.9630789302018,0.0,0.0,0.0,0.0,1592,12610,11018
2020-02-01T22:00:00,5580.0,1623.1630789302012,2160.0,58.5,85.5,0.0,0.0,0.0,0.0,0.0,3270,12777,9507
2020-02-01T23:00:00,5580.0,1777.1630789302012,2160.0,58.5,85.5,0.0,0.0,0.0,0.0,0.0,3215,12876,9661
2020-02-02T00:00:00,5580.0,2608.2,2160.0,58.5,85.5,516.9630789302028,0.0,0.0,0.0,0.0,1444,12453,11009
2020-02-02T01:00:00,5580.0,1640.1630789302021,2160.0,58.5,85.5,0.0,0.0,0.0,0.0,0.0,2646,12170,9524
2020-02-02T02:00:00,5580.0,1673.1630789302021,2160.0,58.5,85.5,0.0,0.0,0.0,0.0,0.0,2360,11917,9557
2020-02-02T03:00:00,5580.0,2221.2,2160.0,58.5,85.5,23.963078930202755,0.0,0.0,0.0,0.0,1364,11493,10129
2020-02-02T04:00:00,5580.0,1605.1630789302017,2160.0,58.5,85.5,0.0,0.0,0.0,0.0,0.0,1923,11412,9489
2020-02-02T05:00:00,5580.0,1894.1630789302026,2160.0,58.5,85.5,0.0,0.0,0.0,0.0,0.0,2173,11951,9778
2020-02-02T06:00:00,5580.0,2494.973630858599,2160.0,58.5,85.5,188.1894480716028,0.0,0.0,0.0,0.0,2589,13156,10567
2020-02-02T07:00:00,5580.0,2494.973630858599,2160.0,58.5,85.5,455.1894480716028,0.0,0.0,0.0,0.0,3318,14152,10834
2020-02-02T08:00:00,5580.0,2494.973630858599,2160.0,58.5,85.5,1970.1894480716028,0.0,0.0,0.0,0.0,1997,14346,12349
2020-02-02T09:00:00,5580.0,2031.1630789302028,2160.0,58.5,85.5,0.0,0.0,0.0,0.0,0.0,4435,14350,9915
2020-02-02T10:00:00,5580.0,1532.1630789302021,2160.0,58.5,85.5,0.0,0.0,0.0,0.0,0.0,4841,14257,9416
2020-02-02T11:00:00,5580.0,1096.1999999999998,2160.0,58.5,85.5,1953.9630789302028,0.0,0.0,0.0,0.0,3341,14275,10934
2020-02-02T12:00:00,5580.0,424.9999999999997,2160.0,58.5,85.5,2336.163078930202,0.0,0.0,0.0,0.0,3533,14178,10645
2020-02-02T13:00:00,5580.0,622.1630789302014,2160.0,58.5,85.5,0.0,0.0,0.0,0.0,0.0,5350,13856,8506
2020-02-02T14:00:00,5580.0,150.9999999999999,2160.0,58.5,85.5,0.0,67.83692106979788,0.0,0.0,0.0,5555,13522,7967
2020-02-02T15:00:00,5580.0,1511.9999999999998,2160.0,58.5,85.5,0.0,0.0,17.16307893020212,0.0,0.0,3787,13200,9413
2020-02-02T16:00:00,5580.0,1827.163078930202,2160.0,58.5,85.5,0.0,0.0,0.0,0.0,0.0,3417,13128,9711
2020-02-02T17:00:00,5580.0,2253.5999999999995,2160.0,58.5,85.5,183.84846705805592,0.0,33.71461187214629,0.0,0.0,3047,13402,10355
2020-02-02T18:00:00,5580.0,1907.1630789302021,2160.0,58.5,85.5,0.0,0.0,0.0,0.0,0.0,4473,14264,9791
2020-02-02T19:00:00,5580.0,2494.973630858599,2160.0,58.5,85.5,1619.1894480716028,0.0,0.0,0.0,0.0,2046,14044,11998
2020-02-02T20:00:00,5580.0,1660.1630789302023,2160.0,58.5,85.5,0.0,0.0,0.0,0.0,0.0,3648,13192,9544
2020-02-02T21:00:00,5580.0,1279.1630789302026,2160.0,58.5,85.5,0.0,0.0,0.0,0.0,0.0,3355,12518,9163
2020-02-02T22:00:00,5580.0,2608.2,2160.0,58.5,85.5,637.9630789302018,0.0,0.0,0.0,0.0,1550,12680,11130
2020-02-02T23:00:00,5580.0,2608.2,2160.0,58.5,85.5,978.9630789302016,0.0,0.0,0.0,0.0,1337,12808,11471
2020-02-03T00:00:00,5580.0,1325.1630789302014,2160.0,58.5,85.5,0.0,0.0,0.0,0.0,0.0,3100,12309,9209
2020-02-03T01:00:00,5580.0,1013.0,2160.0,58.5,85.5,1898.1630789302017,0.0,0.0,0.0,0.0,1237,12032,10795
2020-02-03T02:00:00,5580.0,2503.796519173663,2160.0,58.5,85.5,222.36655975653775,0.0,0.0,0.0,0.0,1174,11784,10610
2020-02-03T03:00:00,5580.0,1400.163078930201,2160.0,58.5,85.5,0.0,0.0,0.0,0.0,0.0,2087,11371,9284
2020-02-03T04:00:00,5580.0,1365.1630789302017,2160.0,58.5,85.5,0.0,0.0,0.0,0.0,0.0,2046,11295,9249
2020-02-03T05:00:00,5580.0,1823.1630789302021,2160.0,58.5,85.5,0.0,0.0,0.0,0.0,0.0,2135,11842,9707
2020-02-03T06:00:00,5580.0,2503.796519173663,2160.0,58.5,85.5,122.36655975653775,0.0,0.0,0.0,0.0,2552,13062,10510
2020-02-03T07:00:00,5580.0,2221.2000000000007,2160.0,58.5,85.5,2530.9630789302028,0.0,0.0,0.0,0.0,1458,14094,12636
2020-02-03T08:00:00,5580.0,2221.1999999999994,2160.0,58.5,85.5,2337.963078930202,0.0,0.0,0.0,0.0,1907,14350,12443
2020-02-03T09:00:00,5580.0,862.0000000000003,2160.0,58.5,85.5,1331.163078930202,0.0,0.0,0.0,0.0,4352,14429,10077
2020-02-03T10:00:00,5580.0,1669.1630789302014,2160.0,58.5,85.5,0.0,0.0,0.0,0.0,0.0,4808,14361,9553
2020-02-03T11:00:00,5580.0,1204.1630789302012,2160.0,58.5,85.5,0.0,0.0,0.0,0.0,0.0,5296,14384,9088
2020-02-03T12:00:00,5580.0,2221.2,2160.0,58.5,85.5,404.96307893020185,0.0,0.0,0.0,0.0,3774,14284,10510
2020-02-03T13:00:00,5580.0,2058.1630789302017,2160.0,58.5,85.5,0.0,0.0,0.0,0.0,0.0,3992,13934,9942
2020-02-03T14:00:00,5580.0,1629.163078930202,2160.0,58.5,85.5,0.0,0.0,0.0,0.0,0.0,4086,13599,9513
2020-02-03T15:00:00,5580.0,1416.1630789302017,2160.0,58.5,85.5,0.0,0.0,0.0,0.0,0.0,4032,13332,9300
2020-02-03T16:00:00,5580.0,287.99999999999966,2160.0,58.5,85.5,0.0,59.836921069798336,0.0,0.0,0.0,5244,13356,8112
2020-02-03T17:00:00,5580.0,387.00000000000017,2160.0,58.5,85.5,1693.2853881278525,0.0,44.87769080234875,0.0,0.0,3711,13720,10009
2020-02-03T18:00:00,5580.0,387.00000000000017,2160.0,58.5,85.5,1463.1630789302012,0.0,0.0,0.0,0.0,4891,14625,9734
2020-02-03T19:00:00,5580.0,1515.5999999999997,2160.0,58.5,85.5,2166.5630789302018,0.0,0.0,0.0,0.0,2807,14373,11566
2020-02-03T20:00:00,5580.0,1646.1630789302021,2160.0,58.5,85.5,0.0,0.0,0.0,0.0,0.0,3926,13456,9530
2020-02-03T21:00:00,5580.0,1113.1630789302008,2160.0,58.5,85.5,0.0,0.0,0.0,0.0,0.0,3721,12718,8997
2020-02-03T22:00:00,5580.0,1458.1630789302014,2160.0,58.5,85.5,0.0,0.0,0.0,0.0,0.0,3509,12851,9342
2020-02-03T23:00:00,5580.0,2608.2000000000003,2160.0,58.5,85.5,804.9630789302014,0.0,0.0,0.0,0.0,1658,12955,11297
2020-02-04T00:00:00,5580.0,1621.1630789302026,2160.0,58.5,85.5,0.0,0.0,0.0,0.0,0.0,2930,12435,9505
2020-02-04T01:00:00,5580.0,1479.1630789302017,2160.0,58.5,85.5,0.0,0.0,0.0,0.0,0.0,2772,12135,9363
2020-02-04T02:00:00,5580.0,1512.1630789302028,2160.0,58.5,85.5,0.0,0.0,0.0,0.0,0.0,2468,11864,9396
2020-02-04T03:00:00,5580.0,1411.1630789302023,2160.0,58.5,85.5,0.0,0.0,0.0,0.0,0.0,2128,11423,9295
2020-02-04T04:00:00,5580.0,2082.163078930203,2160.0,58.5,85.5,0.0,0.0,0.0,0.0,0.0,1347,11313,9966
2020-02-04T05:00:00,5580.0,2518.054638930359,2160.0,58.5,85.5,66.10843999984263,0.0,0.0,0.0,0.0,1357,11825,10468
2020-02-04T06:00:00,5580.0,2518.054638930359,2160.0,58.5,85.5,1234.1084399998426,0.0,0.0,0.0,0.0,1370,13006,11636
2020-02-04T07:00:00,5580.0,2518.054638930359,2160.0,58.5,85.5,2030.1084399998424,0.0,0.0,0.0,0.0,1554,13986,12432
2020-02-04T08:00:00,5580.0,2518.054638930359,2160.0,58.5,85.5,1770.1084399998426,0.0,0.0,0.0,0.0,2038,14210,12172
2020-02-04T09:00:00,5580.0,2518.054638930359,2160.0,58.5,85.5,1067.1084399998426,0.0,0.0,0.0,0.0,2796,14265,11469
2020-02-04T10:00:00,5580.0,2518.054638930359,2160.0,58.5,85.5,275.10843999984263,0.0,0.0,0.0,0.0,3538,14215,10677
2020-02-04T11:00:00,5580.0,2221.2,2160.0,58.5,85.5,65.96307893020276,0.0,0.0,0.0,0.0,4085,14256,10171
2020-02-04T12:00:00,5580.0,986.163078930202,2160.0,58.5,85.5,0.0,0.0,0.0,0.0,0.0,5322,14192,8870
2020-02-04T13:00:00,5580.0,1060.1999999999998,2160.0,58.5,85.5,517.9630789302023,0.0,0.0,0.0,0.0,4442,13904,9462
2020-02-04T14:00:00,5580.0,1060.1999999999996,2160.0,58.5,85.5,237.9630789302023,0.0,0.0,0.0,0.0,4427,13609,9182
2020-02-04T15:00:00,5580.0,423.0000000000001,2160.0,58.5,85.5,0.0,111.83692106979788,0.0,0.0,0.0,5130,13325,8195
2020-02-04T16:00:00,5580.0,573.9999999999999,2160.0,58.5,85.5,676.2853881278537,0.0,83.87769080234841,0.0,0.0,4061,13279,9218
2020-02-04T17:00:00,5580.0,2199.1630789302026,2160.0,58.5,85.5,0.0,0.0,0.0,0.0,0.0,3505,13588,10083
2020-02-04T18:00:00,5580.0,2253.5999999999995,2160.0,58.5,85.5,1271.5630789302022,0.0,0.0,0.0,0.0,3061,14470,11409
2020-02-04T19:00:00,5580.0,2518.054638930359,2160.0,58.5,85.5,1396.1084399998426,0.0,0.0,0.0,0.0,2441,14239,11798
2020-02-04T20:00:00,5580.0,1936.1630789302023,2160.0,58.5,85.5,0.0,0.0,0.0,0.0,0.0,3557,13377,9820
2020-02-04T21:00:00,5580.0,2518.054638930359,2160.0,58.5,85.5,446.10843999984263,0.0,0.0,0.0,0.0,1838,12686,10848
2020-02-04T22:00:00,5580.0,2221.2,2160.0,58.5,85.5,1124.9630789302018,0.0,0.0,0.0,0.0,1619,12849,11230
2020-02-04T23:00:00,5580.0,1958.1630789302021,2160.0,58.5,85.5,0.0,0.0,0.0,0.0,0.0,3138,12980,9842
2020-10-07T00:00:00,5580.0,3.637978807091713e-13,0.0,0.0,4.547473508864641e-13,0.0,0.0,609.1630789302017,0.0,0.0,1972,8161,6189
2020-10-07T01:00:00,5580.0,0.0,0.0,-5.684341886080804e-14,0.0,312.16307893020235,0.0,0.0,0.0,0.0,1877,7769,5892
2020-10-07T02:00:00,5580.0,0.0,0.0,0.0,0.0,44.163078930202346,0.0,0.0,0.0,0.0,1850,7474,5624
2020-10-07T03:00:00,5263.1630789302035,-3.1548097467748457e-13,0.0,0.0,-7.958078640513122e-13,0.0,0.0,0.0,0.0,0.0,1856,7119,5263
2020-10-07T04:00:00,5361.163078930203,4.5474735088646414e-14,0.0,0.0,0.0,0.0,0.0,0.0,0.0,0.0,1702,7063,5361
2020-10-07T05:00:00,5580.0,4.5474735088646414e-14,0.0,0.0,0.0,132.16307893020257,0.0,0.0,0.0,0.0,1714,7426,5712
2020-10-07T06:00:00,5369.163078930203,4.5474735088646414e-14,0.0,0.0,0.0,0.0,0.0,0.0,0.0,0.0,3086,8455,5369
2020-10-07T07:00:00,5580.0,4.5474735088646414e-14,0.0,0.0,0.0,0.0,0.0,696.1630789302028,0.0,0.0,3079,9355,6276
2020-10-07T08:00:00,5580.0,4.5474735088646414e-14,0.0,0.0,0.0,478.99673842151856,0.0,54.16634050868424,0.0,0.0,3524,9637,6113
2020-10-07T09:00:00,5580.0,4.5474735088646414e-14,0.0,0.0,0.0,275.1630789302026,0.0,1200.0,0.0,0.0,2846,9901,7055
2020-10-07T10:00:00,5228.163078930203,4.5474735088646414e-14,0.0,0.0,0.0,0.0,0.0,0.0,0.0,0.0,4793,10021,5228
2020-10-07T11:00:00,5580.0,4.5474735088646414e-14,0.0,0.0,0.0,0.0,0.0,621.1630789302028,0.0,0.0,3968,10169,6201
2020-10-07T12:00:00,5501.163078930203,-2.046363078989089e-13,0.0,0.0,0.0,0.0,0.0,0.0,0.0,0.0,4717,10218,5501
2020-10-07T13:00:00,5522.163078930203,4.5474735088646414e-14,0.0,0.0,0.0,0.0,0.0,0.0,0.0,0.0,4540,10062,5522
2020-10-07T14:00:00,5448.163078930203,4.5474735088646414e-14,0.0,0.0,0.0,0.0,0.0,0.0,0.0,0.0,4547,9995,5448
2020-10-07T15:00:00,5338.163078930203,4.5474735088646414e-14,0.0,0.0,0.0,0.0,0.0,0.0,0.0,0.0,4410,9748,5338
2020-10-07T16:00:00,5450.163078930203,4.5474735088646414e-14,0.0,0.0,0.0,0.0,0.0,0.0,0.0,0.0,4077,9527,5450
2020-10-07T17:00:00,5580.0,4.5474735088646414e-14,0.0,0.0,0.0,175.16307893020257,0.0,0.0,0.0,0.0,3635,9390,5755
2020-10-07T18:00:00,5580.0,4.5474735088646414e-14,0.0,0.0,0.0,1077.1630789302028,0.0,0.0,0.0,0.0,2925,9582,6657
2020-10-07T19:00:00,5580.0,4.5474735088646414e-14,0.0,0.0,0.0,807.1630789302028,0.0,0.0,0.0,0.0,3509,9896,6387
2020-10-07T20:00:00,5580.0,2.5011104298755534e-13,0.0,0.0,0.0,2088.163078930202,0.0,0.0,0.0,0.0,1653,9321,7668
2020-10-07T21:00:00,5580.0,2.5011104298755534e-13,0.0,0.0,0.0,73.16307893020257,0.0,0.0,0.0,0.0,2944,8597,5653
2020-10-07T22:00:00,5580.0,1.591615728102624e-13,0.0,0.0,0.0,1491.163078930202,0.0,0.0,0.0,0.0,1606,8677,7071
2020-10-07T23:00:00,5580.0,1.7962520360015334e-12,0.0,0.0,0.0,1567.1630789302017,0.0,0.0,0.0,0.0,1566,8713,7147
2020-10-08T00:00:00,5300.163078930203,1.591615728102624e-13,0.0,0.0,0.0,0.0,0.0,0.0,0.0,0.0,2671,7971,5300
2020-10-08T01:00:00,4943.163078930203,-9.094947017729285e-14,0.0,0.0,0.0,0.0,0.0,0.0,0.0,0.0,2622,7565,4943
2020-10-08T02:00:00,4499.163078930203,2.273736754432321e-13,0.0,0.0,0.0,0.0,0.0,0.0,0.0,0.0,2765,7264,4499
2020-10-08T03:00:00,5138.163078930203,4.5474735088646414e-14,0.0,0.0,0.0,0.0,0.0,0.0,0.0,0.0,1757,6895,5138
2020-10-08T04:00:00,4962.163078930203,2.273736754432321e-13,0.0,0.0,0.0,0.0,0.0,0.0,0.0,0.0,1856,6818,4962
2020-10-08T05:00:00,5333.163078930203,2.273736754432321e-13,0.0,0.0,0.0,0.0,0.0,0.0,0.0,0.0,1875,7208,5333
2020-10-08T06:00:00,5580.0,2.273736754432321e-13,0.0,0.0,0.0,789.1630789302026,0.0,0.0,0.0,0.0,1871,8240,6369
2020-10-08T07:00:00,5580.0,2.273736754432321e-13,0.0,0.0,0.0,1670.1630789302017,0.0,0.0,0.0,0.0,1901,9151,7250
2020-10-08T08:00:00,5580.0,2.273736754432321e-13,0.0,0.0,0.0,591.1630789302026,0.0,0.0,0.0,0.0,3249,9420,6171
2020-10-08T09:00:00,5580.0,2.273736754432321e-13,0.0,0.0,0.0,1203.1630789302017,0.0,0.0,0.0,0.0,2873,9656,6783
2020-10-08T10:00:00,5580.0,2.273736754432321e-13,0.0,0.0,0.0,541.1630789302026,0.0,0.0,0.0,0.0,3617,9738,6121
2020-10-08T11:00:00,5580.0,2.273736754432321e-13,0.0,0.0,0.0,142.16307893020257,0.0,0.0,0.0,0.0,4120,9842,5722
2020-10-08T12:00:00,5359.163078930203,2.273736754432321e-13,0.0,0.0,0.0,0.0,0.0,0.0,0.0,0.0,4515,9874,5359
2020-10-08T13:00:00,4999.163078930202,6.821210263296964e-14,0.0,0.0,0.0,0.0,0.0,0.0,0.0,0.0,4649,9648,4999
2020-10-08T14:00:00,4843.163078930203,2.273736754432321e-13,0.0,0.0,0.0,0.0,0.0,0.0,0.0,0.0,4635,9478,4843
2020-10-08T15:00:00,4789.163078930203,2.273736754432321e-13,0.0,0.0,0.0,0.0,0.0,0.0,0.0,0.0,4391,9180,4789
2020-10-08T16:00:00,4999.163078930203,2.273736754432321e-13,0.0,0.0,0.0,0.0,0.0,0.0,0.0,0.0,3931,8930,4999
2020-10-08T17:00:00,5468.163078930203,2.273736754432321e-13,0.0,0.0,0.0,0.0,0.0,0.0,0.0,0.0,3390,8858,5468
2020-10-08T18:00:00,5580.0,4.5474735088646414e-14,0.0,0.0,0.0,766.1630789302028,0.0,0.0,0.0,0.0,2729,9075,6346
2020-10-08T19:00:00,5580.0,2.273736754432321e-13,0.0,0.0,0.0,1695.1630789302017,0.0,0.0,0.0,0.0,2101,9376,7275
2020-10-08T20:00:00,5580.0,3.410605131648481e-13,0.0,0.0,0.0,1413.1630789302014,0.0,0.0,0.0,0.0,1877,8870,6993
2020-10-08T21:00:00,5580.0,3.410605131648481e-13,0.0,0.0,0.0,861.1630789302021,0.0,0.0,0.0,0.0,1806,8247,6441
2020-10-08T22:00:00,5580.0,6.821210263296964e-14,0.0,0.0,0.0,1149.163078930203,0.0,0.0,0.0,0.0,1674,8403,6729
2020-10-08T23:00:00,5580.0,1.591615728102624e-13,0.0,0.0,0.0,1314.1630789302017,0.0,0.0,0.0,0.0,1585,8479,6894
2020-10-09T00:00:00,4245.163078930202,6.821210263296964e-14,0.0,0.0,0.0,0.0,0.0,0.0,0.0,0.0,3517,7762,4245
2020-10-09T01:00:00,4060.1630789302026,6.821210263296964e-14,0.0,0.0,0.0,0.0,0.0,0.0,0.0,0.0,3249,7309,4060
2020-10-09T02:00:00,3949.1630789302017,-2.2737367544323226e-14,0.0,0.0,0.0,0.0,0.0,0.0,0.0,0.0,3011,6960,3949
2020-10-09T03:00:00,5053.163078930203,-1.3642420526593928e-13,0.0,0.0,0.0,0.0,0.0,0.0,0.0,0.0,1479,6532,5053
2020-10-09T04:00:00,4916.163078930203,-1.3642420526593928e-13,0.0,0.0,0.0,0.0,0.0,0.0,0.0,0.0,1430,6346,4916
2020-10-09T05:00:00,3094.1630789302026,-1.3642420526593928e-13,0.0,0.0,0.0,0.0,0.0,0.0,0.0,0.0,3335,6429,3094
2020-10-09T06:00:00,4814.163078930203,-1.3642420526593928e-13,0.0,0.0,0.0,0.0,0.0,0.0,0.0,0.0,1939,6753,4814
2020-10-09T07:00:00,3250.1630789302017,3.410605131648481e-13,0.0,0.0,0.0,0.0,0.0,0.0,0.0,0.0,3810,7060,3250
2020-10-09T08:00:00,3395.1630789302026,-1.3642420526593928e-13,0.0,0.0,0.0,0.0,0.0,0.0,0.0,0.0,4126,7521,3395
2020-10-09T09:00:00,4847.163078930203,-1.3642420526593928e-13,0.0,0.0,0.0,0.0,0.0,0.0,0.0,0.0,3203,8050,4847
2020-10-09T10:00:00,2866.1630789302026,-1.3642420526593928e-13,0.0,0.0,0.0,0.0,0.0,0.0,0.0,0.0,5391,8257,2866
2020-10-09T11:00:00,2989.1630789302026,-1.3642420526593928e-13,0.0,0.0,0.0,0.0,0.0,0.0,0.0,0.0,5469,8458,2989
2020-10-09T12:00:00,5108.163078930203,-1.3642420526593928e-13,0.0,0.0,0.0,0.0,0.0,0.0,0.0,0.0,3688,8796,5108
2020-10-09T13:00:00,4663.163078930203,-1.3642420526593928e-13,0.0,0.0,0.0,0.0,0.0,0.0,0.0,0.0,3779,8442,4663
2020-10-09T14:00:00,3253.1630789302026,-1.3642420526593928e-13,0.0,0.0,0.0,0.0,0.0,0.0,0.0,0.0,4908,8161,3253
2020-10-09T15:00:00,3350.1630789302026,-1.3642420526593928e-13,0.0,0.0,0.0,0.0,0.0,0.0,0.0,0.0,4505,7855,3350
2020-10-09T16:00:00,3444.1630789302017,3.410605131648481e-13,0.0,0.0,0.0,0.0,0.0,0.0,0.0,0.0,4212,7656,3444
2020-10-09T17:00:00,3670.1630789302026,-1.3642420526593928e-13,0.0,0.0,0.0,0.0,0.0,0.0,0.0,0.0,3955,7625,3670
2020-10-09T18:00:00,3590.1630789302026,-1.3642420526593928e-13,0.0,0.0,0.0,0.0,0.0,0.0,0.0,0.0,4237,7827,3590
2020-10-09T19:00:00,5580.0,-1.3642420526593928e-13,0.0,0.0,0.0,777.1630789302026,0.0,0.0,0.0,0.0,1927,8284,6357
2020-10-09T20:00:00,4077.163078930202,3.410605131648481e-13,0.0,0.0,0.0,0.0,0.0,0.0,0.0,0.0,3965,8042,4077
2020-10-09T21:00:00,3677.163078930202,3.410605131648481e-13,0.0,0.0,0.0,0.0,0.0,0.0,0.0,0.0,3917,7594,3677
2020-10-09T22:00:00,4021.1630789302026,-1.5916157281026248e-13,0.0,0.0,0.0,0.0,0.0,0.0,0.0,0.0,3835,7856,4021
2020-10-09T23:00:00,4339.163078930203,-2.2737367544323226e-14,0.0,0.0,0.0,0.0,0.0,0.0,0.0,0.0,3750,8089,4339
2020-10-10T00:00:00,3855.1630789302026,-1.3642420526593928e-13,0.0,0.0,0.0,0.0,0.0,0.0,0.0,0.0,3659,7514,3855
2020-10-10T01:00:00,5572.163078930203,3.410605131648481e-13,0.0,0.0,0.0,0.0,0.0,0.0,0.0,0.0,1512,7084,5572
2020-10-10T02:00:00,3392.1630789302026,-1.3642420526593928e-13,0.0,0.0,0.0,0.0,0.0,0.0,0.0,0.0,3304,6696,3392
2020-10-10T03:00:00,4753.163078930202,6.821210263296964e-14,0.0,0.0,0.0,0.0,0.0,0.0,0.0,0.0,1490,6243,4753
2020-10-10T04:00:00,4489.163078930202,-2.2737367544323214e-14,0.0,0.0,0.0,0.0,0.0,0.0,0.0,0.0,1520,6009,4489
2020-10-10T05:00:00,2523.1630789302026,-1.3642420526593928e-13,0.0,0.0,0.0,0.0,0.0,0.0,0.0,0.0,3443,5966,2523
2020-10-10T06:00:00,4151.163078930203,-1.3642420526593928e-13,0.0,0.0,0.0,0.0,0.0,0.0,0.0,0.0,1956,6107,4151
2020-10-10T07:00:00,3540.1630789302026,-1.3642420526593928e-13,0.0,0.0,0.0,0.0,0.0,0.0,0.0,0.0,2679,6219,3540
2020-10-10T08:00:00,3499.1630789302026,-1.3642420526593928e-13,0.0,0.0,0.0,0.0,0.0,0.0,0.0,0.0,3082,6581,3499
2020-10-10T09:00:00,2491.1630789302026,-1.3642420526593928e-13,0.0,0.0,0.0,0.0,0.0,0.0,0.0,0.0,4678,7169,2491
2020-10-10T10:00:00,4399.163078930203,3.410605131648481e-13,0.0,0.0,0.0,0.0,0.0,0.0,0.0,0.0,3194,7593,4399
2020-10-10T11:00:00,2576.1630789302026,-1.3642420526593928e-13,0.0,0.0,0.0,0.0,0.0,0.0,0.0,0.0,5364,7940,2576
2020-10-10T12:00:00,4552.163078930203,-1.3642420526593928e-13,0.0,0.0,0.0,0.0,0.0,0.0,0.0,0.0,3788,8340,4552
2020-10-10T13:00:00,3950.1630789302026,-1.3642420526593928e-13,0.0,0.0,0.0,0.0,0.0,0.0,0.0,0.0,3966,7916,3950
2020-10-10T14:00:00,2697.1630789302026,-1.3642420526593928e-13,0.0,0.0,0.0,0.0,0.0,0.0,0.0,0.0,4820,7517,2697
2020-10-10T15:00:00,3470.1630789302026,-1.3642420526593928e-13,0.0,0.0,0.0,0.0,0.0,0.0,0.0,0.0,3739,7209,3470
2020-10-10T16:00:00,3582.1630789302026,-1.3642420526593928e-13,0.0,0.0,0.0,0.0,0.0,0.0,0.0,0.0,3449,7031,3582
2020-10-10T17:00:00,4046.1630789302026,-1.3642420526593928e-13,0.0,0.0,0.0,0.0,0.0,0.0,0.0,0.0,3013,7059,4046
2020-10-10T18:00:00,3285.1630789302026,-1.3642420526593928e-13,0.0,0.0,0.0,0.0,0.0,0.0,0.0,0.0,4140,7425,3285
2020-10-10T19:00:00,4045.1630789302026,3.410605131648481e-13,0.0,0.0,0.0,0.0,0.0,0.0,0.0,0.0,4074,8119,4045
2020-10-10T20:00:00,5580.0,3.410605131648481e-13,0.0,0.0,0.0,765.1630789302021,0.0,0.0,0.0,0.0,1671,8016,6345
2020-10-10T21:00:00,5580.0,3.410605131648481e-13,0.0,0.0,0.0,296.1630789302021,0.0,0.0,0.0,0.0,1681,7557,5876
2020-10-10T22:00:00,5580.0,6.821210263296964e-14,0.0,0.0,0.0,399.16307893020235,0.0,0.0,0.0,0.0,1752,7731,5979
2020-10-10T23:00:00,5580.0,-9.322320693172516e-13,0.0,0.0,0.0,584.1630789302026,0.0,0.0,0.0,0.0,1725,7889,6164
2020-10-11T00:00:00,5580.0,-1.3642420526593928e-13,0.0,0.0,0.0,40.16307893020223,0.0,0.0,0.0,0.0,1718,7338,5620
2020-10-11T01:00:00,3689.1630789302017,6.821210263296964e-14,0.0,0.0,0.0,0.0,0.0,0.0,0.0,0.0,3308,6997,3689
2020-10-11T02:00:00,4877.163078930203,-1.932676241267473e-13,0.0,0.0,0.0,0.0,0.0,0.0,0.0,0.0,1832,6709,4877
2020-10-11T03:00:00,4483.163078930203,-1.3642420526593928e-13,0.0,0.0,0.0,0.0,0.0,0.0,0.0,0.0,1874,6357,4483
2020-10-11T04:00:00,3692.1630789302035,-2.046363078989089e-13,0.0,0.0,0.0,0.0,0.0,0.0,0.0,0.0,2670,6362,3692
2020-10-11T05:00:00,5090.163078930203,-1.3642420526593928e-13,0.0,0.0,0.0,0.0,0.0,0.0,0.0,0.0,1797,6887,5090
2020-10-11T06:00:00,5580.0,2.273736754432321e-13,0.0,0.0,0.0,703.163078930203,0.0,0.0,0.0,0.0,1775,8058,6283
2020-10-11T07:00:00,5580.0,2.273736754432321e-13,0.0,0.0,0.0,1038.163078930203,0.0,0.0,0.0,0.0,2403,9021,6618
2020-10-11T08:00:00,5580.0,2.273736754432321e-13,0.0,0.0,0.0,964.163078930203,0.0,0.0,0.0,0.0,2809,9353,6544
2020-10-11T09:00:00,5580.0,2.273736754432321e-13,0.0,0.0,0.0,1195.163078930203,0.0,0.0,0.0,0.0,2868,9643,6775
2020-10-11T10:00:00,5580.0,2.273736754432321e-13,0.0,0.0,0.0,821.163078930203,0.0,0.0,0.0,0.0,3322,9723,6401
2020-10-11T11:00:00,4669.163078930203,-1.3642420526593928e-13,0.0,0.0,0.0,0.0,0.0,0.0,0.0,0.0,5187,9856,4669
2020-10-11T12:00:00,4782.163078930203,-1.3642420526593928e-13,0.0,0.0,0.0,0.0,0.0,0.0,0.0,0.0,5105,9887,4782
2020-10-11T13:00:00,5580.0,-2.046363078989089e-13,0.0,0.0,0.0,115.16307893020304,0.0,0.0,0.0,0.0,4028,9723,5695
2020-10-11T14:00:00,5580.0,2.273736754432321e-13,0.0,0.0,0.0,9.163078930202118,0.0,0.0,0.0,0.0,3972,9561,5589
2020-10-11T15:00:00,4922.163078930203,-1.3642420526593928e-13,0.0,0.0,0.0,0.0,0.0,0.0,0.0,0.0,4357,9279,4922
2020-10-11T16:00:00,4954.163078930203,-1.3642420526593928e-13,0.0,0.0,0.0,0.0,0.0,0.0,0.0,0.0,4114,9068,4954
2020-10-11T17:00:00,5580.0,2.273736754432321e-13,0.0,0.0,0.0,235.16307893020212,0.0,0.0,0.0,0.0,3169,8984,5815
2020-10-11T18:00:00,5580.0,2.273736754432321e-13,0.0,0.0,0.0,1289.163078930203,0.0,0.0,0.0,0.0,2490,9359,6869
2020-10-11T19:00:00,5580.0,2.273736754432321e-13,0.0,0.0,0.0,349.1630789302021,0.0,0.0,0.0,0.0,3921,9850,5929
2020-10-11T20:00:00,5580.0,-2.2737367544323214e-14,0.0,0.0,0.0,1958.163078930203,0.0,0.0,0.0,0.0,1711,9249,7538
2020-10-11T21:00:00,5076.163078930202,6.821210263296964e-14,0.0,0.0,0.0,0.0,0.0,0.0,0.0,0.0,3483,8559,5076
2020-10-11T22:00:00,5254.1630789302035,-2.046363078989089e-13,0.0,0.0,0.0,0.0,0.0,0.0,0.0,0.0,3416,8670,5254
2020-10-11T23:00:00,5338.163078930202,3.410605131648481e-13,0.0,0.0,0.0,0.0,0.0,0.0,0.0,0.0,3424,8762,5338
2020-10-12T00:00:00,5580.0,3.410605131648481e-13,0.0,0.0,0.0,1168.1630789302037,0.0,0.0,0.0,0.0,1471,8219,6748
2020-10-12T01:00:00,5580.0,1.5916157281026238e-13,0.0,0.0,0.0,853.1630789302035,0.0,0.0,0.0,0.0,1398,7831,6433
2020-10-12T02:00:00,5580.0,-4.5474735088646414e-14,0.0,0.0,0.0,605.1630789302034,0.0,0.0,0.0,0.0,1376,7561,6185
2020-10-12T03:00:00,4562.163078930203,-1.3642420526593928e-13,0.0,0.0,0.0,0.0,0.0,0.0,0.0,0.0,2654,7216,4562
2020-10-12T04:00:00,4575.163078930203,-1.3642420526593928e-13,0.0,0.0,0.0,0.0,0.0,0.0,0.0,0.0,2622,7197,4575
2020-10-12T05:00:00,4546.163078930203,-1.3642420526593928e-13,0.0,0.0,0.0,0.0,0.0,0.0,0.0,0.0,3126,7672,4546
2020-10-12T06:00:00,5580.0,-1.3642420526593928e-13,0.0,0.0,0.0,146.1630789302028,0.0,0.0,0.0,0.0,3107,8833,5726
2020-10-12T07:00:00,5580.0,-2.046363078989089e-13,0.0,0.0,0.0,1919.1630789302023,0.0,0.0,0.0,0.0,2330,9829,7499
2020-10-12T08:00:00,5580.0,-1.3642420526593928e-13,0.0,0.0,0.0,774.1630789302035,0.0,0.0,0.0,0.0,3692,10046,6354
2020-10-12T09:00:00,5580.0,-1.3642420526593928e-13,0.0,0.0,0.0,1818.1630789302037,0.0,0.0,0.0,0.0,2767,10165,7398
2020-10-12T10:00:00,5580.0,-1.3642420526593928e-13,0.0,0.0,0.0,1279.1630789302037,0.0,0.0,0.0,0.0,3259,10118,6859
2020-10-12T11:00:00,5580.0,-1.3642420526593928e-13,0.0,0.0,0.0,909.1630789302036,0.0,0.0,0.0,0.0,3665,10154,6489
2020-10-12T12:00:00,5580.0,-1.3642420526593928e-13,0.0,0.0,0.0,651.1630789302035,0.0,0.0,0.0,0.0,3851,10082,6231
2020-10-12T13:00:00,5580.0,-1.3642420526593928e-13,0.0,0.0,0.0,250.16307893020257,0.0,0.0,0.0,0.0,4028,9858,5830
2020-10-12T14:00:00,5131.163078930203,-1.3642420526593928e-13,0.0,0.0,0.0,0.0,0.0,0.0,0.0,0.0,4560,9691,5131
2020-10-12T15:00:00,5411.163078930203,-1.3642420526593928e-13,0.0,0.0,0.0,0.0,0.0,0.0,0.0,0.0,3995,9406,5411
2020-10-12T16:00:00,5221.1630789302035,-2.046363078989089e-13,0.0,0.0,0.0,0.0,0.0,0.0,0.0,0.0,3959,9180,5221
2020-10-12T17:00:00,5580.0,-1.3642420526593928e-13,0.0,0.0,0.0,147.1630789302028,0.0,0.0,0.0,0.0,3369,9096,5727
2020-10-12T18:00:00,5509.163078930203,-1.3642420526593928e-13,0.0,0.0,0.0,0.0,0.0,0.0,0.0,0.0,3987,9496,5509
2020-10-12T19:00:00,5580.0,-2.2737367544323214e-14,0.0,0.0,0.0,2038.1630789302037,0.0,0.0,0.0,0.0,2404,10022,7618
2020-10-12T20:00:00,5580.0,-2.046363078989089e-13,0.0,0.0,0.0,1459.1630789302037,0.0,0.0,0.0,0.0,2306,9345,7039
2020-10-12T21:00:00,5580.0,-1.3642420526593928e-13,0.0,0.0,0.0,846.1630789302035,0.0,0.0,0.0,0.0,2247,8673,6426
2020-10-12T22:00:00,5580.0,-1.3642420526593928e-13,0.0,0.0,0.0,1002.1630789302036,0.0,0.0,0.0,0.0,2192,8774,6582
2020-10-12T23:00:00,4925.163078930204,-9.322320693172516e-13,0.0,0.0,0.0,0.0,0.0,0.0,0.0,0.0,3951,8876,4925
2020-10-13T00:00:00,5580.0,-9.09494701772928e-14,0.0,0.0,0.0,471.1630789302021,0.0,0.0,0.0,0.0,2156,8207,6051
2020-10-13T01:00:00,5580.0,-2.728484105318785e-13,0.0,0.0,0.0,394.1630789302035,0.0,0.0,0.0,0.0,1839,7813,5974
2020-10-13T02:00:00,4629.163078930203,0.0,0.0,0.0,0.0,0.0,0.0,0.0,0.0,0.0,2905,7534,4629
2020-10-13T03:00:00,5550.163078930203,9.094947017729285e-14,0.0,0.0,0.0,0.0,0.0,0.0,0.0,0.0,1628,7178,5550
2020-10-13T04:00:00,4550.163078930203,-1.818989403545857e-13,0.0,0.0,0.0,0.0,0.0,0.0,0.0,0.0,2595,7145,4550
2020-10-13T05:00:00,4733.163078930203,-1.818989403545857e-13,0.0,0.0,0.0,0.0,0.0,0.0,0.0,0.0,2869,7602,4733
2020-10-13T06:00:00,5580.0,-1.818989403545857e-13,0.0,0.0,0.0,1499.1630789302033,0.0,0.0,0.0,0.0,1670,8749,7079
2020-10-13T07:00:00,5580.0,-1.818989403545857e-13,0.0,0.0,0.0,2350.1630789302017,0.0,0.0,0.0,0.0,1803,9733,7930
2020-10-13T08:00:00,5580.0,-1.818989403545857e-13,0.0,0.0,0.0,1959.1630789302033,0.0,0.0,0.0,0.0,2409,9948,7539
2020-10-13T09:00:00,5580.0,-1.818989403545857e-13,0.0,0.0,0.0,1219.1630789302033,0.0,0.0,0.0,0.0,3279,10078,6799
2020-10-13T10:00:00,5580.0,-2.728484105318785e-13,0.0,0.0,0.0,468.1630789302035,0.0,0.0,0.0,0.0,4004,10052,6048
2020-10-13T11:00:00,5542.163078930203,-1.818989403545857e-13,0.0,0.0,0.0,0.0,0.0,0.0,0.0,0.0,4570,10112,5542
2020-10-13T12:00:00,4972.163078930203,-1.818989403545857e-13,0.0,0.0,0.0,0.0,0.0,0.0,0.0,0.0,5087,10059,4972
2020-10-13T13:00:00,4541.163078930203,-1.818989403545857e-13,0.0,0.0,0.0,0.0,0.0,0.0,0.0,0.0,5307,9848,4541
2020-10-13T14:00:00,4485.163078930203,-1.818989403545857e-13,0.0,0.0,0.0,0.0,0.0,0.0,0.0,0.0,5201,9686,4485
2020-10-13T15:00:00,4336.163078930203,-1.818989403545857e-13,0.0,0.0,0.0,0.0,0.0,0.0,0.0,0.0,5070,9406,4336
2020-10-13T16:00:00,4504.163078930203,-1.818989403545857e-13,0.0,0.0,0.0,0.0,0.0,0.0,0.0,0.0,4674,9178,4504
2020-10-13T17:00:00,4973.163078930203,-1.818989403545857e-13,0.0,0.0,0.0,0.0,0.0,0.0,0.0,0.0,4110,9083,4973
2020-10-13T18:00:00,5580.0,-1.818989403545857e-13,0.0,0.0,0.0,64.16307893020257,0.0,0.0,0.0,0.0,3789,9433,5644
2020-10-13T19:00:00,5580.0,0.0,0.0,0.0,0.0,1367.1630789302033,0.0,0.0,0.0,0.0,2909,9856,6947
2020-10-13T20:00:00,5580.0,-1.818989403545857e-13,0.0,0.0,0.0,992.1630789302033,0.0,0.0,0.0,0.0,2624,9196,6572
2020-10-13T21:00:00,5580.0,-9.094947017729285e-14,0.0,0.0,0.0,476.16307893020246,0.0,0.0,0.0,0.0,2482,8538,6056
2020-10-13T22:00:00,5580.0,-9.09494701772928e-14,0.0,0.0,0.0,734.163078930203,0.0,0.0,0.0,0.0,2323,8637,6314
2020-10-13T23:00:00,5198.163078930202,2.728484105318785e-13,0.0,0.0,0.0,0.0,0.0,0.0,0.0,0.0,3542,8740,5198
2020-10-14T00:00:00,1860.0,0.0,0.0,0.0,-9.947598300641405e-14,3877.163078930203,0.0,0.0,0.0,0.0,2333,8070,5737
2020-10-14T01:00:00,1860.0,-1.818989403545857e-13,0.0,-2.273736754432321e-13,0.0,3678.163078930203,0.0,0.0,0.0,0.0,2136,7674,5538
2020-10-14T02:00:00,1860.0,-1.818989403545857e-13,0.0,0.0,-2.273736754432321e-13,2843.1630789302035,0.0,0.0,0.0,0.0,2690,7393,4703
2020-10-14T03:00:00,1860.0,2.728484105318785e-13,0.0,0.0,4.547473508864641e-13,3151.1630789302026,0.0,0.0,0.0,0.0,2022,7033,5011
2020-10-14T04:00:00,5025.163078930202,2.2737367544323207e-14,0.0,0.0,0.0,0.0,0.0,0.0,0.0,0.0,1961,6986,5025
2020-10-14T05:00:00,5447.163078930202,1.818989403545857e-13,0.0,0.0,0.0,0.0,0.0,0.0,0.0,0.0,1965,7412,5447
2020-10-14T06:00:00,5580.0,1.818989403545857e-13,0.0,0.0,0.0,942.1630789302018,0.0,0.0,0.0,0.0,2006,8528,6522
2020-10-14T07:00:00,5580.0,1.818989403545857e-13,0.0,0.0,0.0,1214.1630789302017,0.0,0.0,0.0,0.0,2698,9492,6794
2020-10-14T08:00:00,5580.0,1.818989403545857e-13,0.0,0.0,0.0,1497.1630789302017,0.0,0.0,0.0,0.0,2671,9748,7077
2020-10-14T09:00:00,5580.0,1.818989403545857e-13,0.0,0.0,0.0,644.1630789302018,0.0,0.0,0.0,0.0,3714,9938,6224
2020-10-14T10:00:00,5545.163078930202,1.818989403545857e-13,0.0,0.0,0.0,0.0,0.0,0.0,0.0,0.0,4424,9969,5545
2020-10-14T11:00:00,4956.163078930202,1.818989403545857e-13,0.0,0.0,0.0,0.0,0.0,0.0,0.0,0.0,5120,10076,4956
2020-10-14T12:00:00,4518.163078930203,2.728484105318785e-13,0.0,0.0,0.0,0.0,0.0,0.0,0.0,0.0,5531,10049,4518
2020-10-14T13:00:00,4297.163078930202,1.818989403545857e-13,0.0,0.0,0.0,0.0,0.0,0.0,0.0,0.0,5561,9858,4297
2020-10-14T14:00:00,4308.163078930202,1.818989403545857e-13,0.0,0.0,0.0,0.0,0.0,0.0,0.0,0.0,5402,9710,4308
2020-10-14T15:00:00,4240.163078930202,1.818989403545857e-13,0.0,0.0,0.0,0.0,0.0,0.0,0.0,0.0,5201,9441,4240
2020-10-14T16:00:00,4500.163078930202,1.818989403545857e-13,0.0,0.0,0.0,0.0,0.0,0.0,0.0,0.0,4723,9223,4500
2020-10-14T17:00:00,5036.163078930202,1.818989403545857e-13,0.0,0.0,0.0,0.0,0.0,0.0,0.0,0.0,4095,9131,5036
2020-10-14T18:00:00,5580.0,1.818989403545857e-13,0.0,0.0,0.0,622.1630789302018,0.0,0.0,0.0,0.0,3259,9461,6202
2020-10-14T19:00:00,5580.0,1.818989403545857e-13,0.0,0.0,0.0,1760.1630789302017,0.0,0.0,0.0,0.0,2518,9858,7340
2020-10-14T20:00:00,5580.0,1.818989403545857e-13,0.0,0.0,0.0,1426.1630789302017,0.0,0.0,0.0,0.0,2186,9192,7006
2020-10-14T21:00:00,5580.0,1.818989403545857e-13,0.0,0.0,0.0,798.1630789302018,0.0,0.0,0.0,0.0,2148,8526,6378
2020-10-14T22:00:00,5580.0,6.366462912410498e-13,0.0,0.0,0.0,837.1630789302011,0.0,0.0,0.0,0.0,2209,8626,6417
2020-10-14T23:00:00,5580.0,0.0,0.0,0.0,0.0,938.163078930202,0.0,0.0,0.0,0.0,2202,8720,6518
2020-10-15T00:00:00,5580.0,-2.728484105318785e-13,0.0,0.0,0.0,347.1630789302024,0.0,0.0,0.0,0.0,2168,8095,5927
2020-10-15T01:00:00,5442.163078930202,-9.094947017729285e-14,0.0,0.0,0.0,0.0,0.0,0.0,0.0,0.0,2257,7699,5442
2020-10-15T02:00:00,5375.163078930202,0.0,0.0,0.0,0.0,0.0,0.0,0.0,0.0,0.0,2047,7422,5375
2020-10-15T03:00:00,5059.163078930202,-1.818989403545857e-13,0.0,0.0,0.0,0.0,0.0,0.0,0.0,0.0,1990,7049,5059
2020-10-15T04:00:00,5013.163078930202,-1.818989403545857e-13,0.0,0.0,0.0,0.0,0.0,0.0,0.0,0.0,1977,6990,5013
2020-10-15T05:00:00,5495.163078930202,-1.818989403545857e-13,0.0,0.0,0.0,0.0,0.0,0.0,0.0,0.0,1888,7383,5495
2020-10-15T06:00:00,5580.0,-1.818989403545857e-13,0.0,0.0,0.0,819.1630789302022,0.0,0.0,0.0,0.0,2053,8452,6399
2020-10-15T07:00:00,5580.0,-1.818989403545857e-13,0.0,0.0,0.0,1660.1630789302023,0.0,0.0,0.0,0.0,2191,9431,7240
2020-10-15T08:00:00,5580.0,-1.818989403545857e-13,0.0,0.0,0.0,1480.1630789302023,0.0,0.0,0.0,0.0,2610,9670,7060
2020-10-15T09:00:00,5580.0,-1.818989403545857e-13,0.0,0.0,0.0,821.1630789302022,0.0,0.0,0.0,0.0,3508,9909,6401
2020-10-15T10:00:00,5580.0,-1.818989403545857e-13,0.0,0.0,0.0,257.1630789302023,0.0,0.0,0.0,0.0,4139,9976,5837
2020-10-15T11:00:00,5413.163078930202,-1.818989403545857e-13,0.0,0.0,0.0,0.0,0.0,0.0,0.0,0.0,4637,10050,5413
2020-10-15T12:00:00,5140.163078930203,-1.818989403545857e-13,0.0,0.0,0.0,0.0,0.0,0.0,0.0,0.0,4916,10056,5140
2020-10-15T13:00:00,4623.163078930203,2.728484105318785e-13,0.0,0.0,0.0,0.0,0.0,0.0,0.0,0.0,5190,9813,4623
2020-10-15T14:00:00,4305.163078930202,-1.818989403545857e-13,0.0,0.0,0.0,0.0,0.0,0.0,0.0,0.0,5311,9616,4305
2020-10-15T15:00:00,4003.163078930202,-1.818989403545857e-13,0.0,0.0,0.0,0.0,0.0,0.0,0.0,0.0,5312,9315,4003
2020-10-15T16:00:00,4015.163078930202,-1.818989403545857e-13,0.0,0.0,0.0,0.0,0.0,0.0,0.0,0.0,5040,9055,4015
2020-10-15T17:00:00,4626.163078930203,-1.818989403545857e-13,0.0,0.0,0.0,0.0,0.0,0.0,0.0,0.0,4346,8972,4626
2020-10-15T18:00:00,5580.0,-1.818989403545857e-13,0.0,0.0,0.0,50.16307893020228,0.0,0.0,0.0,0.0,3558,9188,5630
2020-10-15T19:00:00,5580.0,-1.818989403545857e-13,0.0,0.0,0.0,1078.1630789302023,0.0,0.0,0.0,0.0,2896,9554,6658
2020-10-15T20:00:00,5580.0,2.728484105318785e-13,0.0,0.0,0.0,849.163078930202,0.0,0.0,0.0,0.0,2551,8980,6429
2020-10-15T21:00:00,5580.0,0.0,0.0,0.0,0.0,554.1630789302023,0.0,0.0,0.0,0.0,2281,8415,6134
2020-10-15T22:00:00,5580.0,-5.456968210637569e-13,0.0,0.0,0.0,772.1630789302033,0.0,0.0,0.0,0.0,2213,8565,6352
2020-10-15T23:00:00,5580.0,-6.366462912410498e-13,0.0,0.0,0.0,452.1630789302026,0.0,0.0,0.0,0.0,2626,8658,6032
2020-10-16T00:00:00,5353.1630789302035,-4.547473508864642e-13,0.0,0.0,0.0,0.0,0.0,0.0,0.0,0.0,2598,7951,5353
2020-10-16T01:00:00,4994.163078930203,-2.728484105318785e-13,0.0,0.0,0.0,0.0,0.0,0.0,0.0,0.0,2492,7486,4994
2020-10-16T02:00:00,4678.163078930203,-2.2737367544323226e-14,0.0,0.0,0.0,0.0,0.0,0.0,0.0,0.0,2450,7128,4678
2020-10-16T03:00:00,4152.163078930203,0.0,0.0,0.0,0.0,0.0,0.0,0.0,0.0,0.0,2543,6695,4152
2020-10-16T04:00:00,4000.1630789302017,-1.818989403545857e-13,0.0,0.0,0.0,0.0,0.0,0.0,0.0,0.0,2509,6509,4000
2020-10-16T05:00:00,3966.1630789302017,-1.818989403545857e-13,0.0,0.0,0.0,0.0,0.0,0.0,0.0,0.0,2613,6579,3966
2020-10-16T06:00:00,3419.1630789302017,-1.818989403545857e-13,0.0,0.0,0.0,0.0,0.0,0.0,0.0,0.0,3473,6892,3419
2020-10-16T07:00:00,4511.1630789302035,-2.728484105318785e-13,0.0,0.0,0.0,0.0,0.0,0.0,0.0,0.0,2721,7232,4511
2020-10-16T08:00:00,3915.1630789302017,-1.818989403545857e-13,0.0,0.0,0.0,0.0,0.0,0.0,0.0,0.0,3809,7724,3915
2020-10-16T09:00:00,3875.1630789302017,-1.818989403545857e-13,0.0,0.0,0.0,0.0,0.0,0.0,0.0,0.0,4415,8290,3875
2020-10-16T10:00:00,1860.0,-1.818989403545857e-13,0.0,0.0,0.0,2430.1630789302026,0.0,0.0,0.0,0.0,4215,8505,4290
2020-10-16T11:00:00,3735.1630789302017,-1.818989403545857e-13,0.0,0.0,0.0,0.0,0.0,0.0,0.0,0.0,4978,8713,3735
2020-10-16T12:00:00,4159.163078930203,-1.818989403545857e-13,0.0,0.0,0.0,0.0,0.0,0.0,0.0,0.0,4898,9057,4159
2020-10-16T13:00:00,3563.1630789302017,-1.818989403545857e-13,0.0,0.0,0.0,0.0,0.0,0.0,0.0,0.0,5149,8712,3563
2020-10-16T14:00:00,2992.1630789302017,-1.818989403545857e-13,0.0,0.0,0.0,0.0,0.0,0.0,0.0,0.0,5402,8394,2992
2020-10-16T15:00:00,2523.1630789302017,-1.818989403545857e-13,0.0,0.0,0.0,0.0,0.0,0.0,0.0,0.0,5517,8040,2523
2020-10-16T16:00:00,2910.1630789302026,-2.728484105318785e-13,0.0,0.0,0.0,0.0,0.0,0.0,0.0,0.0,4883,7793,2910
2020-10-16T17:00:00,3285.1630789302017,-1.818989403545857e-13,0.0,0.0,0.0,0.0,0.0,0.0,0.0,0.0,4443,7728,3285
2020-10-16T18:00:00,3744.1630789302017,-1.818989403545857e-13,0.0,0.0,0.0,0.0,0.0,0.0,0.0,0.0,4223,7967,3744
2020-10-16T19:00:00,4685.163078930203,-1.818989403545857e-13,0.0,0.0,0.0,0.0,0.0,0.0,0.0,0.0,3915,8600,4685
2020-10-16T20:00:00,4675.163078930203,-1.818989403545857e-13,0.0,0.0,0.0,0.0,0.0,0.0,0.0,0.0,3583,8258,4675
2020-10-16T21:00:00,5251.163078930203,-1.818989403545857e-13,0.0,0.0,0.0,0.0,0.0,0.0,0.0,0.0,2553,7804,5251
2020-10-16T22:00:00,5580.0,4.54747350886464e-13,0.0,0.0,0.0,16.16307893020217,0.0,0.0,0.0,0.0,2487,8083,5596
2020-10-16T23:00:00,4770.0,0.0,0.0,0.0,0.0,208.16307893020303,0.0,0.0,0.0,0.0,3369,8347,4978
2020-10-17T00:00:00,4252.163078930202,2.728484105318785e-13,0.0,0.0,0.0,0.0,0.0,0.0,0.0,0.0,3554,7806,4252
2020-10-17T01:00:00,4770.0,-2.728484105318785e-13,0.0,0.0,0.0,263.16307893020166,0.0,0.0,0.0,0.0,2338,7371,5033
2020-10-17T02:00:00,4056.1630789302017,-9.094947017729285e-14,0.0,0.0,0.0,0.0,0.0,0.0,0.0,0.0,2915,6971,4056
2020-10-17T03:00:00,4210.163078930202,1.818989403545857e-13,0.0,0.0,0.0,0.0,0.0,0.0,0.0,0.0,2286,6496,4210
2020-10-17T04:00:00,3751.1630789302017,1.818989403545857e-13,0.0,0.0,0.0,0.0,0.0,0.0,0.0,0.0,2515,6266,3751
2020-10-17T05:00:00,3232.1630789302017,1.818989403545857e-13,0.0,0.0,0.0,0.0,0.0,0.0,0.0,0.0,2992,6224,3232
2020-10-17T06:00:00,4098.163078930202,1.818989403545857e-13,0.0,0.0,0.0,0.0,0.0,0.0,0.0,0.0,2268,6366,4098
2020-10-17T07:00:00,2945.1630789302017,1.818989403545857e-13,0.0,0.0,0.0,0.0,0.0,0.0,0.0,0.0,3542,6487,2945
2020-10-17T08:00:00,3843.1630789302017,1.818989403545857e-13,0.0,0.0,0.0,0.0,0.0,0.0,0.0,0.0,3012,6855,3843
2020-10-17T09:00:00,1560.0,1.818989403545857e-13,0.0,0.0,0.0,1294.1630789302017,0.0,0.0,0.0,0.0,4632,7486,2854
2020-10-17T10:00:00,2720.1630789302026,-2.728484105318785e-13,0.0,0.0,0.0,0.0,0.0,0.0,0.0,0.0,5216,7936,2720
2020-10-17T11:00:00,2970.1630789302017,1.818989403545857e-13,0.0,0.0,0.0,0.0,0.0,0.0,0.0,0.0,5364,8334,2970
2020-10-17T12:00:00,3886.1630789302017,1.818989403545857e-13,0.0,0.0,0.0,0.0,0.0,0.0,0.0,0.0,4876,8762,3886
2020-10-17T13:00:00,2795.1630789302017,1.818989403545857e-13,0.0,0.0,0.0,0.0,0.0,0.0,0.0,0.0,5558,8353,2795
2020-10-17T14:00:00,2589.1630789302017,1.818989403545857e-13,0.0,0.0,0.0,0.0,0.0,0.0,0.0,0.0,5331,7920,2589
2020-10-17T15:00:00,2184.1630789302017,1.818989403545857e-13,0.0,0.0,0.0,0.0,0.0,0.0,0.0,0.0,5381,7565,2184
2020-10-17T16:00:00,2025.1630789302017,1.818989403545857e-13,0.0,0.0,0.0,0.0,0.0,0.0,0.0,0.0,5356,7381,2025
2020-10-17T17:00:00,2293.1630789302017,1.818989403545857e-13,0.0,0.0,0.0,0.0,0.0,0.0,0.0,0.0,5142,7435,2293
2020-10-17T18:00:00,2832.1630789302017,1.818989403545857e-13,0.0,0.0,0.0,0.0,0.0,0.0,0.0,0.0,4999,7831,2832
2020-10-17T19:00:00,4389.163078930203,-2.728484105318785e-13,0.0,0.0,0.0,0.0,0.0,0.0,0.0,0.0,4298,8687,4389
2020-10-17T20:00:00,3819.1630789302017,2.728484105318785e-13,0.0,0.0,0.0,0.0,0.0,0.0,0.0,0.0,4617,8436,3819
2020-10-17T21:00:00,4264.163078930202,2.728484105318785e-13,0.0,0.0,0.0,0.0,0.0,0.0,0.0,0.0,3685,7949,4264
2020-10-17T22:00:00,3681.1630789302017,-1.818989403545857e-13,0.0,0.0,0.0,0.0,0.0,0.0,0.0,0.0,4434,8115,3681
2020-10-17T23:00:00,4520.163078930202,0.0,0.0,0.0,0.0,0.0,0.0,0.0,0.0,0.0,3796,8316,4520
2020-10-18T00:00:00,5086.1630789302035,1.3642420526593923e-13,0.0,0.0,0.0,0.0,0.0,0.0,0.0,0.0,2735,7821,5086
2020-10-18T01:00:00,3595.163078930203,-2.728484105318785e-13,0.0,0.0,0.0,0.0,0.0,0.0,0.0,0.0,3860,7455,3595
2020-10-18T02:00:00,3556.163078930202,0.0,0.0,0.0,0.0,0.0,0.0,0.0,0.0,0.0,3600,7156,3556
2020-10-18T03:00:00,4794.1630789302035,0.0,0.0,0.0,0.0,0.0,0.0,0.0,0.0,0.0,1991,6785,4794
2020-10-18T04:00:00,4757.163078930203,2.728484105318785e-13,0.0,0.0,0.0,0.0,0.0,0.0,0.0,0.0,2020,6777,4757
2020-10-18T05:00:00,3745.1630789302026,-1.818989403545857e-13,0.0,0.0,0.0,0.0,0.0,0.0,0.0,0.0,3568,7313,3745
2020-10-18T06:00:00,5580.0,-1.818989403545857e-13,0.0,0.0,0.0,858.1630789302031,0.0,0.0,0.0,0.0,2048,8486,6438
2020-10-18T07:00:00,5580.0,-1.818989403545857e-13,0.0,0.0,0.0,337.1630789302032,0.0,0.0,0.0,0.0,3585,9502,5917
2020-10-18T08:00:00,5580.0,-1.818989403545857e-13,0.0,0.0,0.0,195.16307893020317,0.0,0.0,0.0,0.0,4014,9789,5775
2020-10-18T09:00:00,5372.1630789302035,-1.818989403545857e-13,0.0,0.0,0.0,0.0,0.0,0.0,0.0,0.0,4662,10034,5372
2020-10-18T10:00:00,4749.1630789302035,-1.818989403545857e-13,0.0,0.0,0.0,0.0,0.0,0.0,0.0,0.0,5370,10119,4749
2020-10-18T11:00:00,5580.0,-1.818989403545857e-13,0.0,0.0,0.0,345.1630789302032,0.0,0.0,0.0,0.0,4338,10263,5925
2020-10-18T12:00:00,5548.1630789302035,-1.818989403545857e-13,0.0,0.0,0.0,0.0,0.0,0.0,0.0,0.0,4748,10296,5548
2020-10-18T13:00:00,4775.163078930203,2.728484105318785e-13,0.0,0.0,0.0,0.0,0.0,0.0,0.0,0.0,5342,10117,4775
2020-10-18T14:00:00,4684.1630789302035,-1.818989403545857e-13,0.0,0.0,0.0,0.0,0.0,0.0,0.0,0.0,5242,9926,4684
2020-10-18T15:00:00,4270.1630789302035,-1.818989403545857e-13,0.0,0.0,0.0,0.0,0.0,0.0,0.0,0.0,5377,9647,4270
2020-10-18T16:00:00,4200.1630789302035,-1.818989403545857e-13,0.0,0.0,0.0,0.0,0.0,0.0,0.0,0.0,5246,9446,4200
2020-10-18T17:00:00,4400.1630789302035,-1.818989403545857e-13,0.0,0.0,0.0,0.0,0.0,0.0,0.0,0.0,4982,9382,4400
2020-10-18T18:00:00,4993.1630789302035,-1.818989403545857e-13,0.0,0.0,0.0,0.0,0.0,0.0,0.0,0.0,4777,9770,4993
2020-10-18T19:00:00,5580.0,-1.818989403545857e-13,0.0,0.0,0.0,1306.1630789302033,0.0,0.0,0.0,0.0,3492,10378,6886
2020-10-18T20:00:00,5193.1630789302035,2.728484105318785e-13,0.0,0.0,0.0,0.0,0.0,0.0,0.0,0.0,4398,9591,5193
2020-10-18T21:00:00,4526.1630789302035,2.728484105318785e-13,0.0,0.0,0.0,0.0,0.0,0.0,0.0,0.0,4334,8860,4526
2020-10-18T22:00:00,4886.163078930203,2.7284841053187846e-13,0.0,0.0,0.0,0.0,0.0,0.0,0.0,0.0,4061,8947,4886
2020-10-18T23:00:00,5195.1630789302035,-2.728484105318785e-13,0.0,0.0,0.0,0.0,0.0,0.0,0.0,0.0,3856,9051,5195
2020-10-19T00:00:00,4686.163078930203,-1.818989403545857e-13,0.0,0.0,0.0,0.0,0.0,0.0,0.0,0.0,3795,8481,4686
2020-10-19T01:00:00,4547.163078930203,0.0,0.0,0.0,0.0,0.0,0.0,0.0,0.0,0.0,3530,8077,4547
2020-10-19T02:00:00,4400.163078930202,2.8421709430403982e-14,0.0,0.0,0.0,0.0,0.0,0.0,0.0,0.0,3382,7782,4400
2020-10-19T03:00:00,4142.163078930202,1.70530256582424e-14,0.0,0.0,0.0,0.0,0.0,0.0,0.0,0.0,3271,7413,4142
2020-10-19T04:00:00,4125.163078930203,-1.818989403545857e-13,0.0,0.0,0.0,0.0,0.0,0.0,0.0,0.0,3234,7359,4125
2020-10-19T05:00:00,4583.163078930203,-1.818989403545857e-13,0.0,0.0,0.0,0.0,0.0,0.0,0.0,0.0,3229,7812,4583
2020-10-19T06:00:00,5580.0,-1.818989403545857e-13,0.0,0.0,0.0,1108.1630789302026,0.0,0.0,0.0,0.0,2243,8931,6688
2020-10-19T07:00:00,5580.0,-2.728484105318785e-13,0.0,0.0,0.0,2425.163078930204,0.0,0.0,0.0,0.0,1939,9944,8005
2020-10-19T08:00:00,3862.904761904669,-1.818989403545857e-13,0.0,0.0,0.0,2557.258317025533,0.0,0.0,0.0,0.0,3780,10200,6420
2020-10-19T09:00:00,5580.0,-1.818989403545857e-13,0.0,0.0,0.0,232.16307893020257,0.0,0.0,0.0,0.0,4546,10358,5812
2020-10-19T10:00:00,1860.0,-1.818989403545857e-13,0.0,0.0,0.0,4752.163078930202,0.0,0.0,0.0,0.0,3777,10389,6612
2020-10-19T11:00:00,5580.0,-1.818989403545857e-13,0.0,0.0,0.0,375.1630789302025,0.0,0.0,0.0,0.0,4476,10431,5955
2020-10-19T12:00:00,4966.163078930203,-1.818989403545857e-13,0.0,0.0,0.0,0.0,0.0,0.0,0.0,0.0,5389,10355,4966
2020-10-19T13:00:00,4796.163078930203,-1.818989403545857e-13,0.0,0.0,0.0,0.0,0.0,0.0,0.0,0.0,5342,10138,4796
2020-10-19T14:00:00,4535.163078930203,-1.818989403545857e-13,0.0,0.0,0.0,0.0,0.0,0.0,0.0,0.0,5409,9944,4535
2020-10-19T15:00:00,4252.163078930203,-1.818989403545857e-13,0.0,0.0,0.0,0.0,0.0,0.0,0.0,0.0,5403,9655,4252
2020-10-19T16:00:00,4193.1630789302035,-2.728484105318785e-13,0.0,0.0,0.0,0.0,0.0,0.0,0.0,0.0,5259,9452,4193
2020-10-19T17:00:00,4472.163078930203,-1.818989403545857e-13,0.0,0.0,0.0,0.0,0.0,0.0,0.0,0.0,4926,9398,4472
2020-10-19T18:00:00,5494.163078930203,-1.818989403545857e-13,0.0,0.0,0.0,0.0,0.0,0.0,0.0,0.0,4353,9847,5494
2020-10-19T19:00:00,5580.0,-1.818989403545857e-13,0.0,0.0,0.0,256.1630789302025,0.0,0.0,0.0,0.0,4554,10390,5836
2020-10-19T20:00:00,5580.0,-1.818989403545857e-13,0.0,0.0,0.0,679.1630789302026,0.0,0.0,0.0,0.0,3395,9654,6259
2020-10-19T21:00:00,5053.163078930202,2.728484105318785e-13,0.0,0.0,0.0,0.0,0.0,0.0,0.0,0.0,3946,8999,5053
2020-10-19T22:00:00,5580.0,2.728484105318785e-13,0.0,0.0,0.0,440.16307893020195,0.0,0.0,0.0,0.0,3085,9105,6020
2020-10-19T23:00:00,4875.163078930203,-1.8189894035458566e-13,0.0,0.0,0.0,0.0,0.0,0.0,0.0,0.0,4351,9226,4875
2020-10-20T00:00:00,5527.163078930202,1.818989403545857e-13,0.0,0.0,0.0,0.0,0.0,0.0,0.0,0.0,3042,8569,5527
2020-10-20T01:00:00,4441.163078930202,2.728484105318785e-13,0.0,0.0,0.0,0.0,0.0,0.0,0.0,0.0,3739,8180,4441
2020-10-20T02:00:00,4562.163078930203,0.0,0.0,0.0,0.0,0.0,0.0,0.0,0.0,0.0,3337,7899,4562
2020-10-20T03:00:00,4207.163078930202,1.818989403545857e-13,0.0,0.0,0.0,0.0,0.0,0.0,0.0,0.0,3338,7545,4207
2020-10-20T04:00:00,4014.163078930202,1.818989403545857e-13,0.0,0.0,0.0,0.0,0.0,0.0,0.0,0.0,3498,7512,4014
2020-10-20T05:00:00,4415.163078930202,1.818989403545857e-13,0.0,0.0,0.0,0.0,0.0,0.0,0.0,0.0,3582,7997,4415
2020-10-20T06:00:00,4909.163078930202,1.818989403545857e-13,0.0,0.0,0.0,0.0,0.0,0.0,0.0,0.0,4241,9150,4909
2020-10-20T07:00:00,5580.0,1.818989403545857e-13,0.0,0.0,0.0,709.1630789302012,0.0,0.0,0.0,0.0,3895,10184,6289
2020-10-20T08:00:00,5580.0,1.818989403545857e-13,0.0,0.0,0.0,722.1630789302012,0.0,0.0,0.0,0.0,4122,10424,6302
2020-10-20T09:00:00,5024.163078930202,1.818989403545857e-13,0.0,0.0,0.0,0.0,0.0,0.0,0.0,0.0,5498,10522,5024
2020-10-20T10:00:00,5246.163078930202,2.728484105318785e-13,0.0,0.0,0.0,0.0,0.0,0.0,0.0,0.0,5217,10463,5246
2020-10-20T11:00:00,4712.163078930202,1.818989403545857e-13,0.0,0.0,0.0,0.0,0.0,0.0,0.0,0.0,5741,10453,4712
2020-10-20T12:00:00,4310.163078930202,1.818989403545857e-13,0.0,0.0,0.0,0.0,0.0,0.0,0.0,0.0,6033,10343,4310
2020-10-20T13:00:00,3702.163078930202,1.818989403545857e-13,0.0,0.0,0.0,0.0,0.0,0.0,0.0,0.0,6401,10103,3702
2020-10-20T14:00:00,3300.163078930202,1.818989403545857e-13,0.0,0.0,0.0,0.0,0.0,0.0,0.0,0.0,6604,9904,3300
2020-10-20T15:00:00,3236.163078930202,1.818989403545857e-13,0.0,0.0,0.0,0.0,0.0,0.0,0.0,0.0,6376,9612,3236
2020-10-20T16:00:00,3135.163078930202,1.818989403545857e-13,0.0,0.0,0.0,0.0,0.0,0.0,0.0,0.0,6273,9408,3135
2020-10-20T17:00:00,3186.163078930202,1.818989403545857e-13,0.0,0.0,0.0,0.0,0.0,0.0,0.0,0.0,6175,9361,3186
2020-10-20T18:00:00,4484.163078930202,1.818989403545857e-13,0.0,0.0,0.0,0.0,0.0,0.0,0.0,0.0,5354,9838,4484
2020-10-20T19:00:00,5580.0,2.728484105318785e-13,0.0,0.0,0.0,364.1630789302016,0.0,0.0,0.0,0.0,4451,10395,5944
2020-10-20T20:00:00,1860.0,-1.5916157281026248e-13,0.0,0.0,0.0,3565.163078930202,0.0,0.0,0.0,0.0,4240,9665,5425
2020-10-20T21:00:00,5580.0,0.0,0.0,0.0,0.0,189.1630789302015,0.0,0.0,0.0,0.0,3246,9015,5769
2020-10-20T22:00:00,5580.0,2.728484105318785e-13,0.0,0.0,0.0,639.1630789302018,0.0,0.0,0.0,0.0,2909,9128,6219
2020-10-20T23:00:00,5580.0,2.728484105318785e-13,0.0,0.0,0.0,1333.1630789302012,0.0,0.0,0.0,0.0,2338,9251,6913
2020-10-21T00:00:00,5169.163078930203,-1.818989403545857e-13,0.0,0.0,1.1368683772161605e-13,0.0,0.0,0.0,0.0,0.0,3425,8594,5169
2020-10-21T01:00:00,5580.0,-5.456968210637569e-13,0.0,2.273736754432321e-13,0.0,0.0,0.0,445.1630789302035,0.0,0.0,2176,8201,6025
2020-10-21T02:00:00,5580.0,-1.3642420526593928e-13,0.0,0.0,-1.4210854715202006e-13,0.0,0.0,290.1630789302035,0.0,0.0,2043,7913,5870
2020-10-21T03:00:00,4814.1630789302035,2.728484105318785e-13,0.0,0.0,-4.547473508864641e-13,0.0,0.0,0.0,0.0,0.0,2735,7549,4814
2020-10-21T04:00:00,5580.0,1.818989403545857e-13,0.0,0.0,0.0,0.0,0.0,102.16307893020304,0.0,0.0,1824,7506,5682
2020-10-21T05:00:00,5580.0,1.818989403545857e-13,0.0,0.0,0.0,35.67058056108931,0.0,543.4924983691137,0.0,0.0,1820,7979,6159
2020-10-21T06:00:00,5580.0,1.818989403545857e-13,0.0,0.0,0.0,563.163078930203,0.0,1200.0,0.0,0.0,1773,9116,7343
2020-10-21T07:00:00,5580.0,1.818989403545857e-13,0.0,0.0,0.0,2730.163078930201,0.0,0.0,0.0,0.0,1825,10135,8310
2020-10-21T08:00:00,5580.0,1.818989403545857e-13,0.0,0.0,0.0,193.16307893020303,0.0,1200.0,0.0,0.0,3376,10349,6973
2020-10-21T09:00:00,5580.0,1.818989403545857e-13,0.0,0.0,0.0,700.163078930203,0.0,1200.0,0.0,0.0,2956,10436,7480
2020-10-21T10:00:00,5580.0,1.818989403545857e-13,0.0,0.0,0.0,1257.163078930203,0.0,0.0,0.0,0.0,3537,10374,6837
2020-10-21T11:00:00,5580.0,1.818989403545857e-13,0.0,0.0,0.0,722.163078930203,0.0,0.0,0.0,0.0,4065,10367,6302
2020-10-21T12:00:00,5580.0,2.728484105318785e-13,0.0,0.0,0.0,309.163078930203,0.0,0.0,0.0,0.0,4371,10260,5889
2020-10-21T13:00:00,5474.163078930203,1.818989403545857e-13,0.0,0.0,0.0,0.0,0.0,0.0,0.0,0.0,4561,10035,5474
2020-10-21T14:00:00,5108.163078930203,1.818989403545857e-13,0.0,0.0,0.0,0.0,0.0,0.0,0.0,0.0,4739,9847,5108
2020-10-21T15:00:00,4986.163078930203,1.818989403545857e-13,0.0,0.0,0.0,0.0,0.0,0.0,0.0,0.0,4572,9558,4986
2020-10-21T16:00:00,4929.163078930203,1.818989403545857e-13,0.0,0.0,0.0,0.0,0.0,0.0,0.0,0.0,4413,9342,4929
2020-10-21T17:00:00,5062.163078930203,1.818989403545857e-13,0.0,0.0,0.0,0.0,0.0,0.0,0.0,0.0,4201,9263,5062
2020-10-21T18:00:00,5580.0,1.818989403545857e-13,0.0,0.0,0.0,724.163078930203,0.0,0.0,0.0,0.0,3377,9681,6304
2020-10-21T19:00:00,5580.0,1.818989403545857e-13,0.0,0.0,0.0,1778.163078930203,0.0,0.0,0.0,0.0,2808,10166,7358
2020-10-21T20:00:00,5580.0,9.094947017729285e-14,0.0,0.0,0.0,1302.163078930203,0.0,0.0,0.0,0.0,2551,9433,6882
2020-10-21T21:00:00,5155.163078930203,2.728484105318785e-13,0.0,0.0,0.0,0.0,0.0,0.0,0.0,0.0,3642,8797,5155
2020-10-21T22:00:00,5580.0,1.818989403545857e-13,0.0,0.0,0.0,839.163078930203,0.0,0.0,0.0,0.0,2491,8910,6419
2020-10-21T23:00:00,5580.0,-9.09494701772928e-14,0.0,0.0,0.0,852.1630789302033,0.0,0.0,0.0,0.0,2603,9035,6432
2020-10-22T00:00:00,5580.0,2.728484105318785e-13,0.0,0.0,0.0,468.1630789302026,0.0,0.0,0.0,0.0,2356,8404,6048
2020-10-22T01:00:00,5481.163078930203,1.818989403545857e-13,0.0,0.0,0.0,0.0,0.0,0.0,0.0,0.0,2520,8001,5481
2020-10-22T02:00:00,4905.163078930203,1.818989403545857e-13,0.0,0.0,0.0,0.0,0.0,0.0,0.0,0.0,2783,7688,4905
2020-10-22T03:00:00,4273.163078930203,1.818989403545857e-13,0.0,0.0,0.0,0.0,0.0,0.0,0.0,0.0,3036,7309,4273
2020-10-22T04:00:00,4020.1630789302017,1.818989403545857e-13,0.0,0.0,0.0,0.0,0.0,0.0,0.0,0.0,3228,7248,4020
2020-10-22T05:00:00,4168.163078930203,1.818989403545857e-13,0.0,0.0,0.0,0.0,0.0,0.0,0.0,0.0,3533,7701,4168
2020-10-22T06:00:00,4759.163078930203,1.818989403545857e-13,0.0,0.0,0.0,0.0,0.0,0.0,0.0,0.0,4010,8769,4759
2020-10-22T07:00:00,5427.163078930203,1.818989403545857e-13,0.0,0.0,0.0,0.0,0.0,0.0,0.0,0.0,4304,9731,5427
2020-10-22T08:00:00,5580.0,1.818989403545857e-13,0.0,0.0,0.0,210.16307893020257,0.0,0.0,0.0,0.0,4177,9967,5790
2020-10-22T09:00:00,5491.163078930203,1.818989403545857e-13,0.0,0.0,0.0,0.0,0.0,0.0,0.0,0.0,4614,10105,5491
2020-10-22T10:00:00,5231.163078930203,1.818989403545857e-13,0.0,0.0,0.0,0.0,0.0,0.0,0.0,0.0,4817,10048,5231
2020-10-22T11:00:00,4856.163078930203,1.818989403545857e-13,0.0,0.0,0.0,0.0,0.0,0.0,0.0,0.0,5239,10095,4856
2020-10-22T12:00:00,4913.163078930203,1.818989403545857e-13,0.0,0.0,0.0,0.0,0.0,0.0,0.0,0.0,5174,10087,4913
2020-10-22T13:00:00,4741.1630789302035,-2.728484105318785e-13,0.0,0.0,0.0,0.0,0.0,0.0,0.0,0.0,5107,9848,4741
2020-10-22T14:00:00,4329.163078930203,1.818989403545857e-13,0.0,0.0,0.0,0.0,0.0,0.0,0.0,0.0,5299,9628,4329
2020-10-22T15:00:00,3901.1630789302017,1.818989403545857e-13,0.0,0.0,0.0,0.0,0.0,0.0,0.0,0.0,5428,9329,3901
2020-10-22T16:00:00,3610.1630789302017,1.818989403545857e-13,0.0,0.0,0.0,0.0,0.0,0.0,0.0,0.0,5446,9056,3610
2020-10-22T17:00:00,3560.1630789302017,1.818989403545857e-13,0.0,0.0,0.0,0.0,0.0,0.0,0.0,0.0,5429,8989,3560
2020-10-22T18:00:00,4128.163078930203,1.818989403545857e-13,0.0,0.0,0.0,0.0,0.0,0.0,0.0,0.0,5150,9278,4128
2020-10-22T19:00:00,4770.0,1.818989403545857e-13,0.0,0.0,0.0,727.1630789302026,0.0,0.0,0.0,0.0,4242,9739,5497
2020-10-22T20:00:00,4770.0,1.818989403545857e-13,0.0,0.0,0.0,702.1630789302026,0.0,0.0,0.0,0.0,3594,9066,5472
2020-10-22T21:00:00,4770.0,-4.54747350886464e-13,0.0,0.0,0.0,88.16307893020303,0.0,0.0,0.0,0.0,3650,8508,4858
2020-10-22T22:00:00,4770.0,-2.728484105318785e-13,0.0,0.0,0.0,381.16307893020394,0.0,0.0,0.0,0.0,3543,8694,5151
2020-10-22T23:00:00,4770.0,0.0,0.0,0.0,0.0,1402.1630789302026,0.0,0.0,0.0,0.0,2662,8834,6172
2020-10-23T00:00:00,4770.0,-9.09494701772928e-14,0.0,0.0,0.0,646.1630789302035,0.0,0.0,0.0,0.0,2715,8131,5416
2020-10-23T01:00:00,3347.1630789302017,1.818989403545857e-13,0.0,0.0,0.0,0.0,0.0,0.0,0.0,0.0,4321,7668,3347
2020-10-23T02:00:00,3192.1630789302017,1.818989403545857e-13,0.0,0.0,0.0,0.0,0.0,0.0,0.0,0.0,4097,7289,3192
2020-10-23T03:00:00,4770.0,1.818989403545857e-13,0.0,0.0,0.0,85.16307893020257,0.0,0.0,0.0,0.0,1993,6848,4855
2020-10-23T04:00:00,4692.163078930203,1.818989403545857e-13,0.0,0.0,0.0,0.0,0.0,0.0,0.0,0.0,1969,6661,4692
2020-10-23T05:00:00,2309.1630789302017,1.818989403545857e-13,0.0,0.0,0.0,0.0,0.0,0.0,0.0,0.0,4427,6736,2309
2020-10-23T06:00:00,2404.1630789302017,1.818989403545857e-13,0.0,0.0,0.0,0.0,0.0,0.0,0.0,0.0,4668,7072,2404
2020-10-23T07:00:00,2651.163078930202,-2.728484105318785e-13,0.0,0.0,0.0,0.0,0.0,0.0,0.0,0.0,4761,7412,2651
2020-10-23T08:00:00,3699.1630789302017,1.818989403545857e-13,0.0,0.0,0.0,0.0,0.0,0.0,0.0,0.0,4155,7854,3699
2020-10-23T09:00:00,3978.1630789302017,1.818989403545857e-13,0.0,0.0,0.0,0.0,0.0,0.0,0.0,0.0,4363,8341,3978
2020-10-23T10:00:00,4146.163078930203,1.818989403545857e-13,0.0,0.0,0.0,0.0,0.0,0.0,0.0,0.0,4342,8488,4146
2020-10-23T11:00:00,4301.163078930203,1.818989403545857e-13,0.0,0.0,0.0,0.0,0.0,0.0,0.0,0.0,4360,8661,4301
2020-10-23T12:00:00,4434.163078930203,1.818989403545857e-13,0.0,0.0,0.0,0.0,0.0,0.0,0.0,0.0,4574,9008,4434
2020-10-23T13:00:00,3781.1630789302017,1.818989403545857e-13,0.0,0.0,0.0,0.0,0.0,0.0,0.0,0.0,4895,8676,3781
2020-10-23T14:00:00,1815.1630789302017,1.818989403545857e-13,0.0,0.0,0.0,0.0,0.0,0.0,0.0,0.0,6563,8378,1815
2020-10-23T15:00:00,1944.1630789302017,1.818989403545857e-13,0.0,0.0,0.0,0.0,0.0,0.0,0.0,0.0,6123,8067,1944
2020-10-23T16:00:00,1913.1630789302021,-2.728484105318785e-13,0.0,0.0,0.0,0.0,0.0,0.0,0.0,0.0,5923,7836,1913
2020-10-23T17:00:00,2900.1630789302017,1.818989403545857e-13,0.0,0.0,0.0,0.0,0.0,0.0,0.0,0.0,4881,7781,2900
2020-10-23T18:00:00,2545.1630789302017,1.818989403545857e-13,0.0,0.0,0.0,0.0,0.0,0.0,0.0,0.0,5512,8057,2545
2020-10-23T19:00:00,4596.163078930203,1.818989403545857e-13,0.0,0.0,0.0,0.0,0.0,0.0,0.0,0.0,4028,8624,4596
2020-10-23T20:00:00,2974.1630789302017,1.818989403545857e-13,0.0,0.0,0.0,0.0,0.0,0.0,0.0,0.0,5167,8141,2974
2020-10-23T21:00:00,3960.0,2.728484105318785e-13,0.0,0.0,0.0,369.163078930203,0.0,0.0,0.0,0.0,3386,7715,4329
2020-10-23T22:00:00,3960.0,0.0,0.0,0.0,0.0,454.163078930203,0.0,0.0,0.0,0.0,3605,8019,4414
2020-10-23T23:00:00,3960.0,2.728484105318785e-13,0.0,0.0,0.0,565.1630789302026,0.0,0.0,0.0,0.0,3764,8289,4525
2020-10-24T00:00:00,3960.0,0.0,0.0,0.0,0.0,538.163078930203,0.0,0.0,0.0,0.0,3266,7764,4498
2020-10-24T01:00:00,3960.0,-2.046363078989089e-13,0.0,0.0,0.0,401.16307893020314,0.0,0.0,0.0,0.0,2973,7334,4361
2020-10-24T02:00:00,3960.0,1.818989403545857e-13,0.0,0.0,0.0,242.16307893020257,0.0,0.0,0.0,0.0,2755,6957,4202
2020-10-24T03:00:00,1521.1630789302017,1.818989403545857e-13,0.0,0.0,0.0,0.0,0.0,0.0,0.0,0.0,4954,6475,1521
2020-10-24T04:00:00,3850.1630789302017,1.818989403545857e-13,0.0,0.0,0.0,0.0,0.0,0.0,0.0,0.0,2378,6228,3850
2020-10-24T05:00:00,1582.1028484451895,1.818989403545857e-13,0.0,0.0,0.0,0.0,842.9397695149879,0.0,0.0,0.0,5465,6204,739
2020-10-24T06:00:00,2448.1630789302017,1.818989403545857e-13,0.0,0.0,0.0,0.0,0.0,0.0,0.0,0.0,3900,6348,2448
2020-10-24T07:00:00,1895.1630789302017,1.818989403545857e-13,0.0,0.0,0.0,0.0,0.0,0.0,0.0,0.0,4619,6514,1895
2020-10-24T08:00:00,1896.1630789302017,1.818989403545857e-13,0.0,0.0,0.0,0.0,0.0,0.0,0.0,0.0,4925,6821,1896
2020-10-24T09:00:00,2442.1630789302017,1.818989403545857e-13,0.0,0.0,0.0,0.0,0.0,0.0,0.0,0.0,4920,7362,2442
2020-10-24T10:00:00,960.0,-2.728484105318785e-13,0.0,0.0,0.0,0.0,502.8369210697978,0.0,0.0,0.0,7275,7732,457
2020-10-24T11:00:00,3150.0,1.818989403545857e-13,0.0,0.0,0.0,242.1630789302017,0.0,0.0,0.0,0.0,4648,8040,3392
2020-10-24T12:00:00,1292.1630789302017,1.818989403545857e-13,0.0,0.0,0.0,0.0,0.0,0.0,0.0,0.0,7127,8419,1292
2020-10-24T13:00:00,1105.1630789302017,1.818989403545857e-13,0.0,0.0,0.0,0.0,0.0,0.0,0.0,0.0,6890,7995,1105
2020-10-24T14:00:00,3150.0,1.818989403545857e-13,0.0,0.0,0.0,248.1630789302017,0.0,0.0,0.0,0.0,4207,7605,3398
2020-10-24T15:00:00,1156.1630789302017,1.818989403545857e-13,0.0,0.0,0.0,0.0,0.0,0.0,0.0,0.0,6139,7295,1156
2020-10-24T16:00:00,2865.1630789302017,1.818989403545857e-13,0.0,0.0,0.0,0.0,0.0,0.0,0.0,0.0,4258,7123,2865
2020-10-24T17:00:00,2955.1630789302017,1.818989403545857e-13,0.0,0.0,0.0,0.0,0.0,0.0,0.0,0.0,4225,7180,2955
2020-10-24T18:00:00,1370.1630789302017,1.818989403545857e-13,0.0,0.0,0.0,0.0,0.0,0.0,0.0,0.0,6225,7595,1370
2020-10-24T19:00:00,3960.0,-2.728484105318785e-13,0.0,0.0,0.0,563.163078930203,0.0,0.0,0.0,0.0,3891,8414,4523
2020-10-24T20:00:00,2174.1630789302017,1.818989403545857e-13,0.0,0.0,0.0,0.0,0.0,0.0,0.0,0.0,5951,8125,2174
2020-10-24T21:00:00,4338.163078930203,1.1368683772161605e-13,0.0,0.0,0.0,0.0,0.0,0.0,0.0,0.0,3363,7701,4338
2020-10-24T22:00:00,4343.163078930203,1.818989403545857e-13,0.0,0.0,0.0,0.0,0.0,0.0,0.0,0.0,3621,7964,4343
2020-10-24T23:00:00,4374.163078930203,3.5242919693700975e-13,0.0,0.0,0.0,0.0,0.0,0.0,0.0,0.0,3796,8170,4374
2020-10-25T00:00:00,4770.0,-9.09494701772928e-14,0.0,0.0,0.0,705.1630789302026,0.0,0.0,0.0,0.0,2161,7636,5475
2020-10-25T01:00:00,4770.0,1.818989403545857e-13,0.0,0.0,0.0,642.163078930203,0.0,0.0,0.0,0.0,1876,7288,5412
2020-10-25T02:00:00,3547.163078930203,1.818989403545857e-13,0.0,0.0,0.0,0.0,0.0,0.0,0.0,0.0,3437,6984,3547
2020-10-25T03:00:00,4114.1630789302035,1.818989403545857e-13,0.0,0.0,0.0,0.0,0.0,0.0,0.0,0.0,2517,6631,4114
2020-10-25T04:00:00,2799.1630789302026,-2.728484105318785e-13,0.0,0.0,0.0,0.0,0.0,0.0,0.0,0.0,3845,6644,2799
2020-10-25T05:00:00,4639.1630789302035,1.818989403545857e-13,0.0,0.0,0.0,0.0,0.0,0.0,0.0,0.0,2515,7154,4639
2020-10-25T06:00:00,4411.1630789302035,1.818989403545857e-13,0.0,0.0,0.0,0.0,0.0,0.0,0.0,0.0,3736,8147,4411
2020-10-25T07:00:00,4438.1630789302035,1.818989403545857e-13,0.0,0.0,0.0,0.0,0.0,0.0,0.0,0.0,4614,9052,4438
2020-10-25T08:00:00,5514.1630789302035,1.818989403545857e-13,0.0,0.0,0.0,0.0,0.0,0.0,0.0,0.0,4032,9546,5514
2020-10-25T09:00:00,4831.1630789302035,1.818989403545857e-13,0.0,0.0,0.0,0.0,0.0,0.0,0.0,0.0,5018,9849,4831
2020-10-25T10:00:00,2580.1630789302017,1.818989403545857e-13,0.0,0.0,0.0,0.0,0.0,0.0,0.0,0.0,7384,9964,2580
2020-10-25T11:00:00,2813.163078930202,1.818989403545857e-13,0.0,0.0,0.0,0.0,0.0,0.0,0.0,0.0,7297,10110,2813
2020-10-25T12:00:00,3261.163078930203,1.818989403545857e-13,0.0,0.0,0.0,0.0,0.0,0.0,0.0,0.0,6861,10122,3261
2020-10-25T13:00:00,2746.1630789302026,-2.728484105318785e-13,0.0,0.0,0.0,0.0,0.0,0.0,0.0,0.0,7201,9947,2746
2020-10-25T14:00:00,2510.163078930202,1.818989403545857e-13,0.0,0.0,0.0,0.0,0.0,0.0,0.0,0.0,7249,9759,2510
2020-10-25T15:00:00,2197.163078930202,1.818989403545857e-13,0.0,0.0,0.0,0.0,0.0,0.0,0.0,0.0,7255,9452,2197
2020-10-25T16:00:00,2251.163078930202,1.818989403545857e-13,0.0,0.0,0.0,0.0,0.0,0.0,0.0,0.0,6967,9218,2251
2020-10-25T17:00:00,2452.163078930202,1.818989403545857e-13,0.0,0.0,0.0,0.0,0.0,0.0,0.0,0.0,6661,9113,2452
2020-10-25T18:00:00,3455.1630789302026,1.818989403545857e-13,0.0,0.0,0.0,0.0,0.0,0.0,0.0,0.0,6123,9578,3455
2020-10-25T19:00:00,4671.1630789302035,-2.0463630789890893e-13,0.0,0.0,0.0,0.0,0.0,0.0,0.0,0.0,5524,10195,4671
2020-10-25T20:00:00,4286.1630789302035,-1.818989403545857e-13,0.0,0.0,0.0,0.0,0.0,0.0,0.0,0.0,5103,9389,4286
2020-10-25T21:00:00,3630.163078930202,6.366462912410498e-13,0.0,0.0,0.0,0.0,0.0,0.0,0.0,0.0,5071,8701,3630
2020-10-25T22:00:00,3892.163078930202,-2.0463630789890888e-13,0.0,0.0,0.0,0.0,0.0,0.0,0.0,0.0,4977,8869,3892
2020-10-25T23:00:00,3366.1630789302035,-6.821210263296964e-14,0.0,0.0,0.0,0.0,0.0,0.0,0.0,0.0,5657,9023,3366
2020-10-26T00:00:00,3903.163078930203,0.0,0.0,0.0,0.0,0.0,0.0,0.0,0.0,0.0,4586,8489,3903
2020-10-26T01:00:00,3627.1630789302035,-8.185452315956353e-13,0.0,0.0,0.0,0.0,0.0,0.0,0.0,0.0,4478,8105,3627
2020-10-26T02:00:00,3317.163078930203,-1.818989403545857e-13,0.0,0.0,0.0,0.0,0.0,0.0,0.0,0.0,4490,7807,3317
2020-10-26T03:00:00,2776.163078930203,-1.818989403545857e-13,0.0,0.0,0.0,0.0,0.0,0.0,0.0,0.0,4652,7428,2776
2020-10-26T04:00:00,2645.163078930203,-1.818989403545857e-13,0.0,0.0,0.0,0.0,0.0,0.0,0.0,0.0,4736,7381,2645
2020-10-26T05:00:00,3125.163078930203,-1.818989403545857e-13,0.0,0.0,0.0,0.0,0.0,0.0,0.0,0.0,4700,7825,3125
2020-10-26T06:00:00,4065.163078930203,-1.818989403545857e-13,0.0,0.0,0.0,0.0,0.0,0.0,0.0,0.0,4700,8765,4065
2020-10-26T07:00:00,4574.163078930202,2.728484105318785e-13,0.0,0.0,0.0,0.0,0.0,0.0,0.0,0.0,5085,9659,4574
2020-10-26T08:00:00,4772.1630789302035,-1.818989403545857e-13,0.0,0.0,0.0,0.0,0.0,0.0,0.0,0.0,5327,10099,4772
2020-10-26T09:00:00,4623.1630789302035,-1.818989403545857e-13,0.0,0.0,0.0,0.0,0.0,0.0,0.0,0.0,5728,10351,4623
2020-10-26T10:00:00,4207.1630789302035,-1.818989403545857e-13,0.0,0.0,0.0,0.0,0.0,0.0,0.0,0.0,6197,10404,4207
2020-10-26T11:00:00,3917.163078930203,-1.818989403545857e-13,0.0,0.0,0.0,0.0,0.0,0.0,0.0,0.0,6592,10509,3917
2020-10-26T12:00:00,3303.163078930203,-1.818989403545857e-13,0.0,0.0,0.0,0.0,0.0,0.0,0.0,0.0,7163,10466,3303
2020-10-26T13:00:00,2985.163078930203,-1.818989403545857e-13,0.0,0.0,0.0,0.0,0.0,0.0,0.0,0.0,7255,10240,2985
2020-10-26T14:00:00,2552.163078930203,-1.818989403545857e-13,0.0,0.0,0.0,0.0,0.0,0.0,0.0,0.0,7486,10038,2552
2020-10-26T15:00:00,2437.163078930203,-1.818989403545857e-13,0.0,0.0,0.0,0.0,0.0,0.0,0.0,0.0,7281,9718,2437
2020-10-26T16:00:00,2593.1630789302017,2.728484105318785e-13,0.0,0.0,0.0,0.0,0.0,0.0,0.0,0.0,6911,9504,2593
2020-10-26T17:00:00,3065.163078930203,-1.818989403545857e-13,0.0,0.0,0.0,0.0,0.0,0.0,0.0,0.0,6398,9463,3065
2020-10-26T18:00:00,4531.1630789302035,-1.818989403545857e-13,0.0,0.0,0.0,0.0,0.0,0.0,0.0,0.0,5491,10022,4531
2020-10-26T19:00:00,5580.0,-1.818989403545857e-13,0.0,0.0,0.0,574.1630789302021,0.0,0.0,0.0,0.0,4477,10631,6154
2020-10-26T20:00:00,5580.0,-1.818989403545857e-13,0.0,0.0,0.0,187.16307893020212,0.0,0.0,0.0,0.0,4012,9779,5767
2020-10-26T21:00:00,5151.163078930203,2.728484105318785e-13,0.0,0.0,0.0,0.0,0.0,0.0,0.0,0.0,3923,9074,5151
2020-10-26T22:00:00,5389.1630789302035,-1.0373923942097466e-13,0.0,0.0,0.0,0.0,0.0,0.0,0.0,0.0,3858,9247,5389
2020-10-26T23:00:00,5580.0,-1.1823431123048065e-12,0.0,0.0,0.0,61.163078930201664,0.0,0.0,0.0,0.0,3733,9374,5641
2020-10-27T00:00:00,5077.163078930203,1.818989403545857e-13,0.0,0.0,0.0,0.0,0.0,0.0,0.0,0.0,3631,8708,5077
2020-10-27T01:00:00,4602.1630789302035,-2.728484105318785e-13,0.0,0.0,0.0,0.0,0.0,0.0,0.0,0.0,3719,8321,4602
2020-10-27T02:00:00,4519.163078930203,1.818989403545857e-13,0.0,0.0,0.0,0.0,0.0,0.0,0.0,0.0,3502,8021,4519
2020-10-27T03:00:00,4414.163078930203,1.818989403545857e-13,0.0,0.0,0.0,0.0,0.0,0.0,0.0,0.0,3223,7637,4414
2020-10-27T04:00:00,4673.163078930203,1.818989403545857e-13,0.0,0.0,0.0,0.0,0.0,0.0,0.0,0.0,2919,7592,4673
2020-10-27T05:00:00,5282.163078930203,1.818989403545857e-13,0.0,0.0,0.0,0.0,0.0,0.0,0.0,0.0,2770,8052,5282
2020-10-27T06:00:00,5580.0,1.818989403545857e-13,0.0,0.0,0.0,738.1630789302026,0.0,0.0,0.0,0.0,2684,9002,6318
2020-10-27T07:00:00,5580.0,1.818989403545857e-13,0.0,0.0,0.0,580.1630789302026,0.0,0.0,0.0,0.0,3735,9895,6160
2020-10-27T08:00:00,5580.0,1.818989403545857e-13,0.0,0.0,0.0,1289.1630789302026,0.0,0.0,0.0,0.0,3438,10307,6869
2020-10-27T09:00:00,5580.0,1.818989403545857e-13,0.0,0.0,0.0,755.1630789302026,0.0,0.0,0.0,0.0,4189,10524,6335
2020-10-27T10:00:00,5580.0,-2.728484105318785e-13,0.0,0.0,0.0,192.1630789302039,0.0,0.0,0.0,0.0,4771,10543,5772
2020-10-27T11:00:00,5453.163078930203,1.818989403545857e-13,0.0,0.0,0.0,0.0,0.0,0.0,0.0,0.0,5166,10619,5453
2020-10-27T12:00:00,5213.163078930203,1.818989403545857e-13,0.0,0.0,0.0,0.0,0.0,0.0,0.0,0.0,5346,10559,5213
2020-10-27T13:00:00,4764.163078930203,1.818989403545857e-13,0.0,0.0,0.0,0.0,0.0,0.0,0.0,0.0,5559,10323,4764
2020-10-27T14:00:00,4701.163078930203,1.818989403545857e-13,0.0,0.0,0.0,0.0,0.0,0.0,0.0,0.0,5395,10096,4701
2020-10-27T15:00:00,4575.163078930203,1.818989403545857e-13,0.0,0.0,0.0,0.0,0.0,0.0,0.0,0.0,5189,9764,4575
2020-10-27T16:00:00,4799.163078930203,1.818989403545857e-13,0.0,0.0,0.0,0.0,0.0,0.0,0.0,0.0,4738,9537,4799
2020-10-27T17:00:00,5341.163078930203,1.818989403545857e-13,0.0,0.0,0.0,0.0,0.0,0.0,0.0,0.0,4130,9471,5341
2020-10-27T18:00:00,5580.0,1.818989403545857e-13,0.0,0.0,0.0,1076.1630789302026,0.0,0.0,0.0,0.0,3362,10018,6656
2020-10-27T19:00:00,5580.0,-2.728484105318785e-13,0.0,0.0,0.0,2360.163078930202,0.0,0.0,0.0,0.0,2655,10595,7940
2020-10-27T20:00:00,5580.0,1.818989403545857e-13,0.0,0.0,0.0,2228.1630789302008,0.0,0.0,0.0,0.0,1971,9779,7808
2020-10-27T21:00:00,5580.0,0.0,0.0,0.0,0.0,1762.1630789302014,0.0,0.0,0.0,0.0,1775,9117,7342
2020-10-27T22:00:00,5580.0,-6.821210263296964e-14,0.0,0.0,0.0,1991.1630789302012,0.0,0.0,0.0,0.0,1729,9300,7571
2020-10-27T23:00:00,5580.0,2.728484105318785e-13,0.0,0.0,0.0,1143.1630789302026,0.0,0.0,0.0,0.0,2709,9432,6723
2020-10-28T00:00:00,5580.0,0.0,0.0,0.0,4.547473508864641e-13,742.163078930203,0.0,0.0,0.0,0.0,2450,8772,6322
2020-10-28T01:00:00,5580.0,1.818989403545857e-13,0.0,0.0,0.0,328.163078930203,0.0,0.0,0.0,0.0,2485,8393,5908
2020-10-28T02:00:00,5580.0,-1.4210854715202006e-13,0.0,0.0,-1.3500311979441906e-13,0.0,0.0,66.16307893020257,0.0,0.0,2451,8097,5646
2020-10-28T03:00:00,5424.1630789302035,-2.728484105318785e-13,0.0,0.0,0.0,0.0,0.0,0.0,0.0,0.0,2296,7720,5424
2020-10-28T04:00:00,5543.163078930202,1.818989403545857e-13,0.0,0.0,0.0,0.0,0.0,0.0,0.0,0.0,2141,7684,5543
2020-10-28T05:00:00,5580.0,1.818989403545857e-13,0.0,0.0,0.0,0.0,0.0,274.1630789302026,0.0,0.0,2304,8158,5854
2020-10-28T06:00:00,5580.0,1.818989403545857e-13,0.0,0.0,0.0,35.16307893020257,0.0,1200.0,0.0,0.0,2315,9130,6815
2020-10-28T07:00:00,5580.0,1.818989403545857e-13,0.0,0.0,0.0,1426.1630789302008,0.0,1200.0,0.0,0.0,1840,10046,8206
2020-10-28T08:00:00,5580.0,1.818989403545857e-13,0.0,0.0,0.0,624.1630789302026,0.0,1200.0,0.0,0.0,3057,10461,7404
2020-10-28T09:00:00,5580.0,1.818989403545857e-13,0.0,0.0,0.0,240.16307893020257,0.0,1200.0,0.0,0.0,3639,10659,7020
2020-10-28T10:00:00,5580.0,1.818989403545857e-13,0.0,0.0,0.0,418.3444227006737,0.0,654.8186562295289,0.0,0.0,3980,10633,6653
2020-10-28T11:00:00,5580.0,1.818989403545857e-13,0.0,0.0,0.0,391.1630789302026,0.0,0.0,0.0,0.0,4703,10674,5971
2020-10-28T12:00:00,5553.1630789302035,-2.728484105318785e-13,0.0,0.0,0.0,0.0,0.0,0.0,0.0,0.0,5023,10576,5553
2020-10-28T13:00:00,5207.163078930202,1.818989403545857e-13,0.0,0.0,0.0,0.0,0.0,0.0,0.0,0.0,5110,10317,5207
2020-10-28T14:00:00,4869.163078930202,1.818989403545857e-13,0.0,0.0,0.0,0.0,0.0,0.0,0.0,0.0,5209,10078,4869
2020-10-28T15:00:00,4643.163078930202,1.818989403545857e-13,0.0,0.0,0.0,0.0,0.0,0.0,0.0,0.0,5101,9744,4643
2020-10-28T16:00:00,4792.163078930202,1.818989403545857e-13,0.0,0.0,0.0,0.0,0.0,0.0,0.0,0.0,4730,9522,4792
2020-10-28T17:00:00,5257.163078930202,1.818989403545857e-13,0.0,0.0,0.0,0.0,0.0,0.0,0.0,0.0,4231,9488,5257
2020-10-28T18:00:00,5580.0,1.818989403545857e-13,0.0,0.0,0.0,920.1630789302026,0.0,0.0,0.0,0.0,3578,10078,6500
2020-10-28T19:00:00,5580.0,1.818989403545857e-13,0.0,0.0,0.0,2054.163078930202,0.0,0.0,0.0,0.0,3013,10647,7634
2020-10-28T20:00:00,5580.0,1.818989403545857e-13,0.0,0.0,0.0,1510.1630789302026,0.0,0.0,0.0,0.0,2750,9840,7090
2020-10-28T21:00:00,5580.0,-2.2737367544323226e-14,0.0,0.0,0.0,922.1630789302028,0.0,0.0,0.0,0.0,2683,9185,6502
2020-10-28T22:00:00,5580.0,0.0,0.0,0.0,0.0,1031.1630789302026,0.0,0.0,0.0,0.0,2754,9365,6611
2020-10-28T23:00:00,5580.0,6.366462912410498e-13,0.0,0.0,0.0,1186.1630789302026,0.0,0.0,0.0,0.0,2726,9492,6766
2020-10-29T00:00:00,5580.0,-1.818989403545857e-13,0.0,0.0,0.0,1253.163078930202,0.0,0.0,0.0,0.0,2084,8917,6833
2020-10-29T01:00:00,5580.0,2.728484105318785e-13,0.0,0.0,0.0,580.1630789302026,0.0,0.0,0.0,0.0,2347,8507,6160
2020-10-29T02:00:00,5580.0,-1.818989403545857e-13,0.0,0.0,0.0,719.1630789302026,0.0,0.0,0.0,0.0,1910,8209,6299
2020-10-29T03:00:00,5580.0,-1.818989403545857e-13,0.0,0.0,0.0,317.1630789302026,0.0,0.0,0.0,0.0,1928,7825,5897
2020-10-29T04:00:00,5580.0,-1.818989403545857e-13,0.0,0.0,0.0,279.1630789302026,0.0,0.0,0.0,0.0,1900,7759,5859
2020-10-29T05:00:00,5580.0,-1.818989403545857e-13,0.0,0.0,0.0,609.1630789302026,0.0,0.0,0.0,0.0,2008,8197,6189
2020-10-29T06:00:00,5580.0,-1.818989403545857e-13,0.0,0.0,0.0,1411.1630789302026,0.0,0.0,0.0,0.0,2094,9085,6991
2020-10-29T07:00:00,5580.0,-1.818989403545857e-13,0.0,0.0,0.0,2083.163078930202,0.0,0.0,0.0,0.0,2321,9984,7663
2020-10-29T08:00:00,5580.0,-1.818989403545857e-13,0.0,0.0,0.0,2027.163078930202,0.0,0.0,0.0,0.0,2839,10446,7607
2020-10-29T09:00:00,5580.0,-1.818989403545857e-13,0.0,0.0,0.0,1387.1630789302026,0.0,0.0,0.0,0.0,3697,10664,6967
2020-10-29T10:00:00,5580.0,-1.818989403545857e-13,0.0,0.0,0.0,768.1630789302026,0.0,0.0,0.0,0.0,4320,10668,6348
2020-10-29T11:00:00,5580.0,-1.818989403545857e-13,0.0,0.0,0.0,378.1630789302026,0.0,0.0,0.0,0.0,4743,10701,5958
2020-10-29T12:00:00,5580.0,-1.818989403545857e-13,0.0,0.0,0.0,160.16307893020257,0.0,0.0,0.0,0.0,4925,10665,5740
2020-10-29T13:00:00,5193.163078930202,2.728484105318785e-13,0.0,0.0,0.0,0.0,0.0,0.0,0.0,0.0,5180,10373,5193
2020-10-29T14:00:00,4528.163078930203,-1.818989403545857e-13,0.0,0.0,0.0,0.0,0.0,0.0,0.0,0.0,5549,10077,4528
2020-10-29T15:00:00,4114.163078930203,-1.818989403545857e-13,0.0,0.0,0.0,0.0,0.0,0.0,0.0,0.0,5585,9699,4114
2020-10-29T16:00:00,4188.163078930203,-1.818989403545857e-13,0.0,0.0,0.0,0.0,0.0,0.0,0.0,0.0,5255,9443,4188
2020-10-29T17:00:00,4764.163078930203,-1.818989403545857e-13,0.0,0.0,0.0,0.0,0.0,0.0,0.0,0.0,4663,9427,4764
2020-10-29T18:00:00,5580.0,-1.818989403545857e-13,0.0,0.0,0.0,613.1630789302026,0.0,0.0,0.0,0.0,3807,10000,6193
2020-10-29T19:00:00,5580.0,-1.818989403545857e-13,0.0,0.0,0.0,1941.1630789302028,0.0,0.0,0.0,0.0,2932,10453,7521
2020-10-29T20:00:00,5580.0,2.728484105318785e-13,0.0,0.0,0.0,1859.1630789302023,0.0,0.0,0.0,0.0,2297,9736,7439
2020-10-29T21:00:00,5580.0,2.728484105318785e-13,0.0,0.0,0.0,1467.1630789302026,0.0,0.0,0.0,0.0,2146,9193,7047
2020-10-29T22:00:00,5580.0,2.728484105318785e-13,0.0,0.0,0.0,1465.1630789302017,0.0,0.0,0.0,0.0,2368,9413,7045
2020-10-29T23:00:00,5580.0,2.728484105318785e-13,0.0,0.0,0.0,1745.1630789302026,0.0,0.0,0.0,0.0,2258,9583,7325
2020-10-30T00:00:00,5580.0,-1.818989403545857e-13,0.0,0.0,0.0,496.1630789302026,0.0,0.0,0.0,0.0,2839,8915,6076
2020-10-30T01:00:00,5580.0,0.0,0.0,0.0,0.0,183.16307893020235,0.0,0.0,0.0,0.0,2740,8503,5763
2020-10-30T02:00:00,5580.0,0.0,0.0,0.0,0.0,95.16307893020236,0.0,0.0,0.0,0.0,2484,8159,5675
2020-10-30T03:00:00,5580.0,-1.818989403545857e-13,0.0,0.0,0.0,62.16307893020257,0.0,0.0,0.0,0.0,2076,7718,5642
2020-10-30T04:00:00,5580.0,-1.818989403545857e-13,0.0,0.0,0.0,33.16307893020257,0.0,0.0,0.0,0.0,1961,7574,5613
2020-10-30T05:00:00,5134.163078930203,-1.818989403545857e-13,0.0,0.0,0.0,0.0,0.0,0.0,0.0,0.0,2616,7750,5134
2020-10-30T06:00:00,5574.163078930203,-1.818989403545857e-13,0.0,0.0,0.0,0.0,0.0,0.0,0.0,0.0,2622,8196,5574
2020-10-30T07:00:00,5580.0,-2.728484105318785e-13,0.0,0.0,0.0,239.16307893020348,0.0,0.0,0.0,0.0,2836,8655,5819
2020-10-30T08:00:00,5580.0,-1.818989403545857e-13,0.0,0.0,0.0,211.16307893020257,0.0,0.0,0.0,0.0,3318,9109,5791
2020-10-30T09:00:00,5580.0,-1.818989403545857e-13,0.0,0.0,0.0,78.16307893020257,0.0,0.0,0.0,0.0,3882,9540,5658
2020-10-30T10:00:00,5580.0,-1.818989403545857e-13,0.0,0.0,0.0,1.1630789302025732,0.0,0.0,0.0,0.0,3981,9562,5581
2020-10-30T11:00:00,5059.163078930203,-1.818989403545857e-13,0.0,0.0,0.0,0.0,0.0,0.0,0.0,0.0,4506,9565,5059
2020-10-30T12:00:00,5056.163078930203,-1.818989403545857e-13,0.0,0.0,0.0,0.0,0.0,0.0,0.0,0.0,4654,9710,5056
2020-10-30T13:00:00,5145.163078930203,-1.818989403545857e-13,0.0,0.0,0.0,0.0,0.0,0.0,0.0,0.0,4089,9234,5145
2020-10-30T14:00:00,4962.163078930203,-1.818989403545857e-13,0.0,0.0,0.0,0.0,0.0,0.0,0.0,0.0,3832,8794,4962
2020-10-30T15:00:00,4697.163078930203,-1.818989403545857e-13,0.0,0.0,0.0,0.0,0.0,0.0,0.0,0.0,3724,8421,4697
2020-10-30T16:00:00,4336.163078930202,2.728484105318785e-13,0.0,0.0,0.0,0.0,0.0,0.0,0.0,0.0,3924,8260,4336
2020-10-30T17:00:00,5155.163078930203,-1.818989403545857e-13,0.0,0.0,0.0,0.0,0.0,0.0,0.0,0.0,3266,8421,5155
2020-10-30T18:00:00,5341.163078930203,-1.818989403545857e-13,0.0,0.0,0.0,0.0,0.0,0.0,0.0,0.0,3800,9141,5341
2020-10-30T19:00:00,5580.0,-1.818989403545857e-13,0.0,0.0,0.0,1062.1630789302026,0.0,0.0,0.0,0.0,3314,9956,6642
2020-10-30T20:00:00,5580.0,-1.818989403545857e-13,0.0,0.0,0.0,963.1630789302026,0.0,0.0,0.0,0.0,2962,9505,6543
2020-10-30T21:00:00,5580.0,9.094947017729285e-14,0.0,0.0,0.0,493.16307893020223,0.0,0.0,0.0,0.0,3021,9094,6073
2020-10-30T22:00:00,5580.0,0.0,0.0,0.0,0.0,820.1630789302023,0.0,0.0,0.0,0.0,3058,9458,6400
2020-10-30T23:00:00,5580.0,0.0,0.0,0.0,0.0,994.1630789302026,0.0,0.0,0.0,0.0,3180,9754,6574
2020-10-31T00:00:00,5580.0,2.728484105318785e-13,0.0,0.0,0.0,1453.1630789302017,0.0,0.0,0.0,0.0,2243,9276,7033
2020-10-31T01:00:00,5580.0,-5.1159076974727215e-14,0.0,0.0,0.0,845.163078930203,0.0,0.0,0.0,0.0,2492,8917,6425
2020-10-31T02:00:00,5256.163078930202,1.818989403545857e-13,0.0,0.0,0.0,0.0,0.0,0.0,0.0,0.0,2776,8032,5256
2020-10-31T03:00:00,4960.163078930202,1.818989403545857e-13,0.0,0.0,0.0,0.0,0.0,0.0,0.0,0.0,2919,7879,4960
2020-10-31T04:00:00,5144.163078930202,1.818989403545857e-13,0.0,0.0,0.0,0.0,0.0,0.0,0.0,0.0,2732,7876,5144
2020-10-31T05:00:00,5154.163078930202,1.818989403545857e-13,0.0,0.0,0.0,0.0,0.0,0.0,0.0,0.0,2921,8075,5154
2020-10-31T06:00:00,5409.163078930202,1.818989403545857e-13,0.0,0.0,0.0,0.0,0.0,0.0,0.0,0.0,3010,8419,5409
2020-10-31T07:00:00,5355.163078930202,1.818989403545857e-13,0.0,0.0,0.0,0.0,0.0,0.0,0.0,0.0,3194,8549,5355
2020-10-31T08:00:00,5242.163078930202,1.818989403545857e-13,0.0,0.0,0.0,0.0,0.0,0.0,0.0,0.0,3779,9021,5242
2020-10-31T09:00:00,5535.163078930202,1.818989403545857e-13,0.0,0.0,0.0,0.0,0.0,0.0,0.0,0.0,3809,9344,5535
2020-10-31T10:00:00,5580.0,-2.728484105318785e-13,0.0,0.0,0.0,11.163078930203028,0.0,0.0,0.0,0.0,3845,9436,5591
2020-10-31T11:00:00,5466.163078930202,1.818989403545857e-13,0.0,0.0,0.0,0.0,0.0,0.0,0.0,0.0,4083,9549,5466
2020-10-31T12:00:00,5207.163078930202,1.818989403545857e-13,0.0,0.0,0.0,0.0,0.0,0.0,0.0,0.0,4556,9763,5207
2020-10-31T13:00:00,4441.163078930202,1.818989403545857e-13,0.0,0.0,0.0,0.0,0.0,0.0,0.0,0.0,4764,9205,4441
2020-10-31T14:00:00,3746.163078930202,1.818989403545857e-13,0.0,0.0,0.0,0.0,0.0,0.0,0.0,0.0,5001,8747,3746
2020-10-31T15:00:00,3358.163078930202,1.818989403545857e-13,0.0,0.0,0.0,0.0,0.0,0.0,0.0,0.0,5108,8466,3358
2020-10-31T16:00:00,3476.1630789302017,1.818989403545857e-13,0.0,0.0,0.0,0.0,0.0,0.0,0.0,0.0,4979,8455,3476
2020-10-31T17:00:00,4677.163078930202,1.818989403545857e-13,0.0,0.0,0.0,0.0,0.0,0.0,0.0,0.0,4488,9165,4677
2020-10-31T18:00:00,5580.0,1.818989403545857e-13,0.0,0.0,0.0,468.1630789302021,0.0,0.0,0.0,0.0,4086,10134,6048
2020-10-31T19:00:00,5580.0,-6.821210263296964e-14,0.0,0.0,0.0,827.1630789302031,0.0,0.0,0.0,0.0,3856,10263,6407
2020-10-31T20:00:00,5580.0,2.728484105318785e-13,0.0,0.0,0.0,326.16307893020166,0.0,0.0,0.0,0.0,3874,9780,5906
2020-10-31T21:00:00,5187.163078930202,2.728484105318785e-13,0.0,0.0,0.0,0.0,0.0,0.0,0.0,0.0,4147,9334,5187
2020-10-31T22:00:00,5045.163078930203,-8.185452315956353e-13,0.0,0.0,0.0,0.0,0.0,0.0,0.0,0.0,4553,9598,5045
2020-10-31T23:00:00,5331.163078930202,1.818989403545857e-13,0.0,0.0,0.0,0.0,0.0,0.0,0.0,0.0,4472,9803,5331
2020-11-01T00:00:00,4957.163078930203,-8.185452315956353e-13,0.0,0.0,0.0,0.0,0.0,0.0,0.0,0.0,4409,9366,4957
2020-11-01T01:00:00,4412.163078930203,0.0,0.0,0.0,0.0,0.0,0.0,0.0,0.0,0.0,4660,9072,4412
2020-11-01T02:00:00,4328.163078930202,-1.818989403545857e-13,0.0,0.0,0.0,0.0,0.0,0.0,0.0,0.0,4458,8786,4328
2020-11-01T03:00:00,4165.163078930202,1.818989403545857e-13,0.0,0.0,0.0,0.0,0.0,0.0,0.0,0.0,4268,8433,4165
2020-11-01T04:00:00,4407.163078930202,0.0,0.0,0.0,0.0,0.0,0.0,0.0,0.0,0.0,4062,8469,4407
2020-11-01T05:00:00,5421.163078930203,0.0,0.0,0.0,0.0,0.0,0.0,0.0,0.0,0.0,3639,9060,5421
2020-11-01T06:00:00,5580.0,-9.094947017729285e-14,0.0,0.0,0.0,783.1630789302019,0.0,0.0,0.0,0.0,3649,10012,6363
2020-11-01T07:00:00,5580.0,1.818989403545857e-13,0.0,0.0,0.0,1555.163078930204,0.0,0.0,0.0,0.0,3482,10617,7135
2020-11-01T08:00:00,5580.0,1.818989403545857e-13,0.0,0.0,0.0,1541.163078930202,0.0,0.0,0.0,0.0,3858,10979,7121
2020-11-01T09:00:00,5580.0,1.818989403545857e-13,0.0,0.0,0.0,1082.1630789302017,0.0,0.0,0.0,0.0,4387,11049,6662
2020-11-01T10:00:00,5580.0,1.818989403545857e-13,0.0,0.0,0.0,395.16307893020166,0.0,0.0,0.0,0.0,5025,11000,5975
2020-11-01T11:00:00,5580.0,1.818989403545857e-13,0.0,0.0,0.0,15.163078930201664,0.0,0.0,0.0,0.0,5447,11042,5595
2020-11-01T12:00:00,5137.163078930202,1.818989403545857e-13,0.0,0.0,0.0,0.0,0.0,0.0,0.0,0.0,5898,11035,5137
2020-11-01T13:00:00,4581.163078930202,-2.728484105318785e-13,0.0,0.0,0.0,0.0,0.0,0.0,0.0,0.0,6177,10758,4581
2020-11-01T14:00:00,4187.163078930202,1.818989403545857e-13,0.0,0.0,0.0,0.0,0.0,0.0,0.0,0.0,6331,10518,4187
2020-11-01T15:00:00,4061.1630789302017,1.818989403545857e-13,0.0,0.0,0.0,0.0,0.0,0.0,0.0,0.0,6183,10244,4061
2020-11-01T16:00:00,4389.163078930202,-1.818989403545857e-13,0.0,0.0,0.0,0.0,0.0,0.0,0.0,0.0,5799,10188,4389
2020-11-01T17:00:00,5451.163078930202,1.818989403545857e-13,0.0,0.0,0.0,0.0,0.0,0.0,0.0,0.0,5183,10634,5451
2020-11-01T18:00:00,5580.0,1.818989403545857e-13,0.0,0.0,0.0,1909.163078930204,0.0,0.0,0.0,0.0,4106,11595,7489
2020-11-01T19:00:00,5580.0,1.818989403545857e-13,0.0,0.0,0.0,1912.163078930204,0.0,0.0,0.0,0.0,3745,11237,7492
2020-11-01T20:00:00,5580.0,-2.728484105318785e-13,0.0,0.0,0.0,1266.163078930202,0.0,0.0,0.0,0.0,3466,10312,6846
2020-11-01T21:00:00,5580.0,0.0,0.0,0.0,0.0,570.1630789302021,0.0,0.0,0.0,0.0,3562,9712,6150
2020-11-01T22:00:00,5580.0,0.0,0.0,0.0,0.0,792.1630789302012,0.0,0.0,0.0,0.0,3505,9877,6372
2020-11-01T23:00:00,5580.0,-9.09494701772928e-14,0.0,0.0,0.0,585.1630789302017,0.0,0.0,0.0,0.0,3826,9991,6165
2020-11-02T00:00:00,5580.0,2.728484105318785e-13,0.0,0.0,0.0,534.1630789302035,0.0,0.0,0.0,0.0,3174,9288,6114
2020-11-02T01:00:00,5547.1630789302035,-9.09494701772928e-14,0.0,0.0,0.0,0.0,0.0,0.0,0.0,0.0,3334,8881,5547
2020-11-02T02:00:00,5188.1630789302035,4.547473508864643e-14,0.0,0.0,0.0,0.0,0.0,0.0,0.0,0.0,3357,8545,5188
2020-11-02T03:00:00,4572.163078930202,-9.09494701772928e-14,0.0,0.0,0.0,0.0,0.0,0.0,0.0,0.0,3558,8130,4572
2020-11-02T04:00:00,4372.163078930203,1.3642420526593923e-13,0.0,0.0,0.0,0.0,0.0,0.0,0.0,0.0,3657,8029,4372
2020-11-02T05:00:00,4527.163078930202,1.3642420526593923e-13,0.0,0.0,0.0,0.0,0.0,0.0,0.0,0.0,3804,8331,4527
2020-11-02T06:00:00,4769.163078930203,1.3642420526593923e-13,0.0,0.0,0.0,0.0,0.0,0.0,0.0,0.0,4144,8913,4769
2020-11-02T07:00:00,4708.1630789302035,-2.7284841053187856e-13,0.0,0.0,0.0,0.0,0.0,0.0,0.0,0.0,4581,9289,4708
2020-11-02T08:00:00,4580.163078930203,1.3642420526593923e-13,0.0,0.0,0.0,0.0,0.0,0.0,0.0,0.0,5109,9689,4580
2020-11-02T09:00:00,4125.163078930203,1.3642420526593923e-13,0.0,0.0,0.0,0.0,0.0,0.0,0.0,0.0,5797,9922,4125
2020-11-02T10:00:00,3495.1630789302017,1.3642420526593923e-13,0.0,0.0,0.0,0.0,0.0,0.0,0.0,0.0,6387,9882,3495
2020-11-02T11:00:00,3131.1630789302017,1.3642420526593923e-13,0.0,0.0,0.0,0.0,0.0,0.0,0.0,0.0,6770,9901,3131
2020-11-02T12:00:00,3043.1630789302017,1.3642420526593923e-13,0.0,0.0,0.0,0.0,0.0,0.0,0.0,0.0,7021,10064,3043
2020-11-02T13:00:00,2271.1630789302026,1.3642420526593923e-13,0.0,0.0,0.0,0.0,0.0,0.0,0.0,0.0,7370,9641,2271
2020-11-02T14:00:00,2084.1630789302026,1.3642420526593923e-13,0.0,0.0,0.0,0.0,0.0,0.0,0.0,0.0,7200,9284,2084
2020-11-02T15:00:00,1860.0,1.3642420526593923e-13,0.0,0.0,0.0,0.0,90.83692106979744,0.0,0.0,0.0,7213,8982,1769
2020-11-02T16:00:00,1860.0,-2.728484105318785e-13,0.0,0.0,0.0,0.0,134.83692106979788,0.0,0.0,0.0,7149,8874,1725
2020-11-02T17:00:00,2755.163078930202,2.728484105318785e-13,0.0,0.0,0.0,0.0,0.0,0.0,0.0,0.0,6612,9367,2755
2020-11-02T18:00:00,4194.163078930202,2.728484105318785e-13,0.0,0.0,0.0,0.0,0.0,0.0,0.0,0.0,5899,10093,4194
2020-11-02T19:00:00,4783.163078930203,0.0,0.0,0.0,0.0,0.0,0.0,0.0,0.0,0.0,5082,9865,4783
2020-11-02T20:00:00,5043.163078930203,0.0,0.0,0.0,0.0,0.0,0.0,0.0,0.0,0.0,4248,9291,5043
2020-11-02T21:00:00,5083.1630789302035,0.0,0.0,0.0,0.0,0.0,0.0,0.0,0.0,0.0,3836,8919,5083
2020-11-02T22:00:00,5276.1630789302035,-2.728484105318785e-13,0.0,0.0,0.0,0.0,0.0,0.0,0.0,0.0,3945,9221,5276
2020-11-02T23:00:00,5565.1630789302035,2.728484105318785e-13,0.0,0.0,0.0,0.0,0.0,0.0,0.0,0.0,3889,9454,5565
2020-11-03T00:00:00,4841.163078930203,-2.728484105318785e-13,0.0,0.0,0.0,0.0,0.0,0.0,0.0,0.0,4026,8867,4841
2020-11-03T01:00:00,4315.163078930202,-2.728484105318785e-13,0.0,0.0,0.0,0.0,0.0,0.0,0.0,0.0,4176,8491,4315
2020-11-03T02:00:00,4047.1630789302026,0.0,0.0,0.0,0.0,0.0,0.0,0.0,0.0,0.0,4067,8114,4047
2020-11-03T03:00:00,3836.1630789302026,-2.728484105318785e-13,0.0,0.0,0.0,0.0,0.0,0.0,0.0,0.0,3805,7641,3836
2020-11-03T04:00:00,3761.1630789302026,-1.818989403545857e-13,0.0,0.0,0.0,0.0,0.0,0.0,0.0,0.0,3668,7429,3761
2020-11-03T05:00:00,3737.1630789302026,-1.818989403545857e-13,0.0,0.0,0.0,0.0,0.0,0.0,0.0,0.0,3759,7496,3737
2020-11-03T06:00:00,4207.163078930203,-1.818989403545857e-13,0.0,0.0,0.0,0.0,0.0,0.0,0.0,0.0,3501,7708,4207
2020-11-03T07:00:00,3626.1630789302026,-1.818989403545857e-13,0.0,0.0,0.0,0.0,0.0,0.0,0.0,0.0,4132,7758,3626
2020-11-03T08:00:00,3558.1630789302026,-1.818989403545857e-13,0.0,0.0,0.0,0.0,0.0,0.0,0.0,0.0,4498,8056,3558
2020-11-03T09:00:00,3643.1630789302026,-1.818989403545857e-13,0.0,0.0,0.0,0.0,0.0,0.0,0.0,0.0,4687,8330,3643
2020-11-03T10:00:00,3685.1630789302026,2.728484105318785e-13,0.0,0.0,0.0,0.0,0.0,0.0,0.0,0.0,4759,8444,3685
2020-11-03T11:00:00,4373.163078930203,-1.818989403545857e-13,0.0,0.0,0.0,0.0,0.0,0.0,0.0,0.0,4221,8594,4373
2020-11-03T12:00:00,3956.1630789302026,-1.818989403545857e-13,0.0,0.0,0.0,0.0,0.0,0.0,0.0,0.0,4967,8923,3956
2020-11-03T13:00:00,3802.1630789302026,-1.818989403545857e-13,0.0,0.0,0.0,0.0,0.0,0.0,0.0,0.0,4606,8408,3802
2020-11-03T14:00:00,3271.1630789302026,-1.818989403545857e-13,0.0,0.0,0.0,0.0,0.0,0.0,0.0,0.0,4709,7980,3271
2020-11-03T15:00:00,3311.1630789302026,-1.818989403545857e-13,0.0,0.0,0.0,0.0,0.0,0.0,0.0,0.0,4389,7700,3311
2020-11-03T16:00:00,3588.1630789302026,-1.818989403545857e-13,0.0,0.0,0.0,0.0,0.0,0.0,0.0,0.0,4058,7646,3588
2020-11-03T17:00:00,4231.163078930203,-1.3642420526593928e-13,0.0,0.0,0.0,0.0,0.0,0.0,0.0,0.0,4010,8241,4231
2020-11-03T18:00:00,5580.0,-2.0463630789890893e-13,0.0,0.0,0.0,138.16307893020257,0.0,0.0,0.0,0.0,3394,9112,5718
2020-11-03T19:00:00,4900.163078930202,0.0,0.0,0.0,0.0,0.0,0.0,0.0,0.0,0.0,4197,9097,4900
2020-11-03T20:00:00,5055.163078930203,-2.0463630789890893e-13,0.0,0.0,0.0,0.0,0.0,0.0,0.0,0.0,3704,8759,5055
2020-11-03T21:00:00,4806.163078930203,0.0,0.0,0.0,0.0,0.0,0.0,0.0,0.0,0.0,3658,8464,4806
2020-11-03T22:00:00,4801.163078930203,-2.728484105318785e-13,0.0,0.0,0.0,0.0,0.0,0.0,0.0,0.0,3969,8770,4801
2020-11-03T23:00:00,4879.163078930203,-2.2737367544323216e-13,0.0,0.0,0.0,0.0,0.0,0.0,0.0,0.0,4139,9018,4879
2020-11-04T00:00:00,4497.163078930203,3.637978807091713e-13,0.0,0.0,-4.547473508864641e-13,0.0,0.0,0.0,0.0,0.0,3907,8404,4497
2020-11-04T01:00:00,4029.1630789302017,5.456968210637569e-13,0.0,2.273736754432321e-13,0.0,0.0,0.0,0.0,0.0,0.0,4062,8091,4029
2020-11-04T02:00:00,3885.163078930202,1.818989403545857e-13,0.0,0.0,0.0,0.0,0.0,0.0,0.0,0.0,3906,7791,3885
2020-11-04T03:00:00,4728.544031310883,-2.728484105318785e-13,0.0,0.0,0.0,0.0,994.3809523806818,0.0,0.0,0.0,3704,7438,3734
2020-11-04T04:00:00,3842.163078930202,-1.2505552149377767e-13,0.0,0.0,0.0,0.0,0.0,0.0,0.0,0.0,3638,7480,3842
2020-11-04T05:00:00,4426.1630789302035,-2.728484105318785e-13,0.0,0.0,0.0,0.0,0.0,0.0,0.0,0.0,3630,8056,4426
2020-11-04T06:00:00,5303.163078930203,-9.734435479913375e-14,0.0,0.0,0.0,0.0,0.0,0.0,0.0,0.0,3710,9013,5303
2020-11-04T07:00:00,5580.0,-2.2737367544323216e-13,0.0,0.0,0.0,0.0,0.0,226.1630789302035,0.0,0.0,3836,9642,5806
2020-11-04T08:00:00,5580.0,-2.2737367544323216e-13,0.0,0.0,0.0,0.0,0.0,235.1630789302035,0.0,0.0,4265,10080,5815
2020-11-04T09:00:00,5580.0,-2.2737367544323216e-13,0.0,0.0,0.0,0.0,0.0,375.1630789302035,0.0,0.0,4264,10219,5955
2020-11-04T10:00:00,5551.163078930203,-2.2737367544323216e-13,0.0,0.0,0.0,0.0,0.0,0.0,0.0,0.0,4632,10183,5551
2020-11-04T11:00:00,5384.1630789302035,-2.2737367544323216e-13,0.0,0.0,0.0,0.0,0.0,0.0,0.0,0.0,4853,10237,5384
2020-11-04T12:00:00,5062.1630789302035,-2.7284841053187856e-13,0.0,0.0,0.0,0.0,0.0,0.0,0.0,0.0,5184,10246,5062
2020-11-04T13:00:00,4644.1630789302035,-2.2737367544323216e-13,0.0,0.0,0.0,0.0,0.0,0.0,0.0,0.0,5365,10009,4644
2020-11-04T14:00:00,5180.1630789302035,-2.2737367544323216e-13,0.0,0.0,0.0,0.0,1200.0,0.0,0.0,0.0,5827,9807,3980
2020-11-04T15:00:00,4863.163078930203,-2.2737367544323216e-13,0.0,0.0,0.0,0.0,1200.0,0.0,0.0,0.0,5889,9552,3663
2020-11-04T16:00:00,4622.163078930203,-2.2737367544323216e-13,0.0,0.0,0.0,0.0,1200.0,0.0,0.0,0.0,5995,9417,3422
2020-11-04T17:00:00,5315.1630789302035,-2.728484105318785e-13,0.0,0.0,0.0,0.0,1200.0,0.0,0.0,0.0,5642,9757,4115
2020-11-04T18:00:00,5580.0,-2.728484105318785e-13,0.0,0.0,0.0,0.0,0.0,485.1630789302035,0.0,0.0,4624,10689,6065
2020-11-04T19:00:00,5580.0,-2.728484105318785e-13,0.0,0.0,0.0,0.0,0.0,1099.1630789302037,0.0,0.0,3766,10445,6679
2020-11-04T20:00:00,5580.0,-2.728484105318785e-13,0.0,0.0,0.0,0.0,0.0,939.1630789302036,0.0,0.0,3114,9633,6519
2020-11-04T21:00:00,5580.0,1.1368683772161607e-14,0.0,0.0,0.0,0.0,0.0,647.163078930203,0.0,0.0,2857,9084,6227
2020-11-04T22:00:00,5580.0,0.0,0.0,0.0,0.0,0.0,0.0,924.1630789302033,0.0,0.0,2785,9289,6504
2020-11-04T23:00:00,5580.0,0.0,0.0,0.0,0.0,0.0,0.0,1038.1630789302033,0.0,0.0,2821,9439,6618
2020-11-05T00:00:00,5580.0,-8.185452315956353e-13,0.0,0.0,0.0,563.163078930202,0.0,0.0,0.0,0.0,2780,8923,6143
2020-11-05T01:00:00,5580.0,0.0,0.0,0.0,0.0,196.16307893020212,0.0,0.0,0.0,0.0,2741,8517,5776
2020-11-05T02:00:00,5580.0,0.0,0.0,0.0,0.0,66.16307893020212,0.0,0.0,0.0,0.0,2561,8207,5646
2020-11-05T03:00:00,5580.0,-8.185452315956353e-13,0.0,0.0,0.0,0.0,99.83692106979834,0.0,0.0,0.0,2367,7847,5480
2020-11-05T04:00:00,5580.0,1.2505552149377767e-13,0.0,0.0,0.0,0.0,67.83692106979868,0.0,0.0,0.0,2295,7807,5512
2020-11-05T05:00:00,5580.0,2.728484105318785e-13,0.0,0.0,0.0,339.40769732550325,0.0,125.75538160469776,0.0,0.0,2227,8272,6045
2020-11-05T06:00:00,5580.0,1.818989403545857e-13,0.0,0.0,0.0,1455.1630789302037,0.0,0.0,0.0,0.0,2211,9246,7035
2020-11-05T07:00:00,5580.0,1.818989403545857e-13,0.0,0.0,0.0,1957.1630789302037,0.0,0.0,0.0,0.0,2315,9852,7537
2020-11-05T08:00:00,5580.0,1.818989403545857e-13,0.0,0.0,0.0,1685.1630789302037,0.0,0.0,0.0,0.0,2827,10092,7265
2020-11-05T09:00:00,5580.0,1.818989403545857e-13,0.0,0.0,0.0,1194.1630789302012,0.0,0.0,0.0,0.0,3390,10164,6774
2020-11-05T10:00:00,5580.0,1.818989403545857e-13,0.0,0.0,0.0,837.1630789302012,0.0,0.0,0.0,0.0,3712,10129,6417
2020-11-05T11:00:00,5580.0,1.818989403545857e-13,0.0,0.0,0.0,820.1630789302012,0.0,0.0,0.0,0.0,3821,10221,6400
2020-11-05T12:00:00,5580.0,1.818989403545857e-13,0.0,0.0,0.0,618.1630789302012,0.0,0.0,0.0,0.0,4079,10277,6198
2020-11-05T13:00:00,5580.0,2.728484105318785e-13,0.0,0.0,0.0,239.1630789302017,0.0,0.0,0.0,0.0,4152,9971,5819
2020-11-05T14:00:00,5580.0,1.818989403545857e-13,0.0,0.0,0.0,0.0,108.8369210697988,0.0,0.0,0.0,4269,9740,5471
2020-11-05T15:00:00,5580.0,1.818989403545857e-13,0.0,0.0,0.0,0.0,396.8369210697988,0.0,0.0,0.0,4304,9487,5183
2020-11-05T16:00:00,5580.0,1.818989403545857e-13,0.0,0.0,0.0,0.0,502.8369210697988,0.0,0.0,0.0,4236,9313,5077
2020-11-05T17:00:00,5580.0,1.818989403545857e-13,0.0,0.0,0.0,0.0,0.0,97.16307893020124,0.0,0.0,4038,9715,5677
2020-11-05T18:00:00,5580.0,2.728484105318785e-13,0.0,0.0,0.0,524.9430854533549,0.0,659.2199934768461,0.0,0.0,3549,10313,6764
2020-11-05T19:00:00,5580.0,2.728484105318785e-13,0.0,0.0,0.0,1641.163078930203,0.0,0.0,0.0,0.0,2861,10082,7221
2020-11-05T20:00:00,5580.0,0.0,0.0,0.0,0.0,1402.163078930202,0.0,0.0,0.0,0.0,2414,9396,6982
2020-11-05T21:00:00,5580.0,-8.185452315956353e-13,0.0,0.0,0.0,1163.1630789302017,0.0,0.0,0.0,0.0,2186,8929,6743
2020-11-05T22:00:00,5580.0,2.728484105318785e-13,0.0,0.0,0.0,1236.1630789302017,0.0,0.0,0.0,0.0,2328,9144,6816
2020-11-05T23:00:00,5580.0,0.0,0.0,0.0,0.0,1070.163078930202,0.0,0.0,0.0,0.0,2614,9264,6650
2020-11-06T00:00:00,5353.163078930203,0.0,0.0,0.0,0.0,0.0,0.0,0.0,0.0,0.0,3123,8476,5353
2020-11-06T01:00:00,4609.1630789302035,0.0,0.0,0.0,0.0,0.0,0.0,0.0,0.0,0.0,3437,8046,4609
2020-11-06T02:00:00,4560.1630789302035,-1.3642420526593928e-13,0.0,0.0,0.0,0.0,0.0,0.0,0.0,0.0,3130,7690,4560
2020-11-06T03:00:00,4531.163078930203,5.456968210637569e-13,0.0,0.0,0.0,0.0,0.0,0.0,0.0,0.0,2734,7265,4531
2020-11-11T00:00:00,5200.163078930203,1013.0,0.0,0.0,0.0,0.0,1200.0,0.0,0.0,0.0,4628,9641,5013
2020-11-11T01:00:00,5580.0,1012.9999999999999,0.0,0.0,0.0,0.0,0.0,314.1630789302021,0.0,0.0,2356,9263,6907
2020-11-11T02:00:00,5580.0,1012.9999999999999,0.0,0.0,0.0,0.0,18.83692106979788,0.0,0.0,0.0,2377,8951,6574
2020-11-11T03:00:00,5580.0,-8.185452315956353e-13,0.0,0.0,0.0,0.0,0.0,411.1630789302035,0.0,0.0,2575,8566,5991
2020-11-11T04:00:00,5580.0,1.818989403545856e-13,0.0,0.0,0.0,0.0,307.836921069797,0.0,0.0,0.0,3257,8529,5272
2020-11-11T05:00:00,5580.0,1.818989403545856e-13,0.0,0.0,0.0,0.0,0.0,684.1630789302031,0.0,0.0,2785,9049,6264
2020-11-11T06:00:00,5580.0,1.818989403545856e-13,0.0,0.0,0.0,528.0213633398346,0.0,112.14171559036856,0.0,0.0,3982,10202,6220
2020-11-11T07:00:00,5580.0,1.818989403545856e-13,0.0,0.0,0.0,955.1630789302033,0.0,0.0,0.0,0.0,4492,11027,6535
2020-11-11T08:00:00,5580.0,-1.4551915228366853e-12,0.0,0.0,0.0,1870.1630789302023,0.0,0.0,0.0,0.0,3751,11201,7450
2020-11-11T09:00:00,5580.0,-1.2732925824820995e-12,0.0,0.0,0.0,1585.1630789302037,0.0,0.0,0.0,0.0,4099,11264,7165
2020-11-11T10:00:00,5580.0,-1.2732925824820995e-12,0.0,0.0,0.0,359.16307893020354,0.0,0.0,0.0,0.0,5275,11214,5939
2020-11-11T11:00:00,5580.0,1.818989403545856e-13,0.0,0.0,0.0,310.16307893020314,0.0,0.0,0.0,0.0,5367,11257,5890
2020-11-11T12:00:00,5580.0,-1.0913936421275138e-12,0.0,0.0,0.0,134.16307893020428,0.0,0.0,0.0,0.0,5525,11239,5714
2020-11-11T13:00:00,5580.0,1.818989403545857e-13,896.163078930203,0.0,0.0,0.0,0.0,0.0,0.0,0.0,4495,10971,6476
2020-11-11T14:00:00,5580.0,-1.4551915228366853e-12,420.0,0.0,0.0,0.0,34.83692106979652,0.0,0.0,0.0,4800,10765,5965
2020-11-11T15:00:00,5580.0,1.818989403545856e-13,630.0,0.0,0.0,0.0,25.836921069796972,0.0,0.0,0.0,4336,10520,6184
2020-11-11T16:00:00,5580.0,-1.2732925824820995e-12,630.0,0.0,0.0,0.0,123.83692106979652,0.0,0.0,0.0,4374,10460,6086
2020-11-11T17:00:00,5580.0,-1.4551915228366853e-12,630.0,0.0,0.0,703.1630789302026,0.0,0.0,0.0,0.0,4011,10924,6913
2020-11-11T18:00:00,5580.0,-1.4551915228366853e-12,1100.1905131222502,0.0,0.0,1408.9725658079535,0.0,0.0,0.0,0.0,3563,11652,8089
2020-11-11T19:00:00,5580.0,-1.4551915228366853e-12,630.0,0.0,0.0,1977.7800065231595,0.0,138.3830724070425,0.0,0.0,3081,11407,8326
2020-11-11T20:00:00,5580.0,1.818989403545857e-13,1084.163078930203,0.0,0.0,0.0,0.0,0.0,0.0,0.0,3871,10535,6664
2020-11-11T21:00:00,5580.0,-1.4551915228366853e-12,1080.0,0.0,0.0,924.163078930204,0.0,0.0,0.0,0.0,2285,9869,7584
2020-11-11T22:00:00,5580.0,0.0,540.0,0.0,0.0,1832.163078930203,0.0,0.0,0.0,0.0,2052,10004,7952
2020-11-11T23:00:00,5580.0,-1.0913936421275138e-12,540.0,0.0,0.0,2133.1630789302017,0.0,0.0,0.0,0.0,1852,10105,8253
2020-11-12T00:00:00,5580.0,1.3642420526593928e-13,540.0,0.0,0.0,39.163078930203454,0.0,0.0,0.0,0.0,3300,9459,6159
2020-11-12T01:00:00,5580.0,1.3642420526593928e-13,0.0,0.0,0.0,1850.1630789302017,0.0,0.0,0.0,0.0,1605,9035,7430
2020-11-12T02:00:00,5580.0,1.3642420526593928e-13,0.0,0.0,0.0,1621.1630789302014,0.0,0.0,0.0,0.0,1479,8680,7201
2020-11-12T03:00:00,5580.0,-1.818989403545857e-13,0.0,0.0,0.0,0.0,167.83692106979652,0.0,0.0,0.0,2816,8228,5412
2020-11-12T04:00:00,5580.0,0.0,0.0,0.0,0.0,920.285388127856,0.0,125.8776908023474,0.0,0.0,1455,8081,6626
2020-11-12T05:00:00,5580.0,0.0,0.0,0.0,0.0,1271.1630789302014,0.0,0.0,0.0,0.0,1443,8294,6851
2020-11-12T06:00:00,5580.0,0.0,0.0,0.0,0.0,1684.1630789302014,0.0,0.0,0.0,0.0,1538,8802,7264
2020-11-12T07:00:00,5580.0,0.0,0.0,0.0,0.0,1769.1630789302014,0.0,0.0,0.0,0.0,1837,9186,7349
2020-11-12T08:00:00,5580.0,2.2737367544323226e-14,0.0,0.0,0.0,1518.163078930202,0.0,0.0,0.0,0.0,2492,9590,7098
2020-11-12T09:00:00,5580.0,1.3642420526593928e-13,0.0,0.0,0.0,1121.1630789302037,0.0,0.0,0.0,0.0,3230,9931,6701
2020-11-12T10:00:00,5580.0,-3.637978807091713e-13,0.0,0.0,0.0,475.1630789302035,0.0,0.0,0.0,0.0,3943,9998,6055
2020-11-12T11:00:00,5580.0,-3.637978807091713e-13,0.0,0.0,0.0,87.16307893020348,0.0,0.0,0.0,0.0,4411,10078,5667
2020-11-12T12:00:00,5580.0,1.3642420526593928e-13,0.0,0.0,0.0,109.1630789302033,0.0,0.0,0.0,0.0,4645,10334,5689
2020-11-12T13:00:00,5580.0,1.3642420526593928e-13,0.0,0.0,0.0,0.0,605.8369210697974,0.0,0.0,0.0,4954,9928,4974
2020-11-12T14:00:00,5580.0,1.3642420526593928e-13,0.0,0.0,0.0,0.0,1096.8369210697974,0.0,0.0,0.0,5108,9591,4483
2020-11-12T15:00:00,5380.163078930203,1.3642420526593928e-13,0.0,0.0,0.0,0.0,1200.0,0.0,0.0,0.0,5102,9282,4180
2020-11-12T16:00:00,5428.163078930203,1.3642420526593928e-13,0.0,0.0,0.0,0.0,1200.0,0.0,0.0,0.0,4949,9177,4228
2020-11-12T17:00:00,5580.0,1.3642420526593928e-13,0.0,0.0,0.0,0.0,551.8369210697965,0.0,0.0,0.0,4701,9729,5028
2020-11-12T18:00:00,5580.0,1.3642420526593928e-13,0.0,0.0,0.0,0.0,0.0,785.1630789302035,0.0,0.0,3912,10277,6365
2020-11-12T19:00:00,5580.0,1.3642420526593928e-13,0.0,0.0,0.0,242.1630789302015,0.0,1200.0,0.0,0.0,3111,10133,7022
2020-11-12T20:00:00,5580.0,1.3642420526593928e-13,0.0,0.0,0.0,0.0,0.0,678.1630789302035,0.0,0.0,3211,9469,6258
2020-11-12T21:00:00,5580.0,1.3642420526593928e-13,0.0,0.0,0.0,212.6061643835672,0.0,827.5569145466366,0.0,0.0,2347,8967,6620
2020-11-12T22:00:00,5580.0,1.3642420526593928e-13,0.0,0.0,0.0,72.1630789302026,0.0,0.0,0.0,0.0,3678,9330,5652
2020-11-12T23:00:00,5580.0,1.3642420526593928e-13,0.0,0.0,0.0,292.1630789302033,0.0,0.0,0.0,0.0,3790,9662,5872
2020-11-13T00:00:00,5580.0,1.3642420526593928e-13,0.0,0.0,0.0,1260.163078930201,0.0,0.0,0.0,0.0,2345,9185,6840
2020-11-13T01:00:00,5580.0,1.3642420526593928e-13,0.0,0.0,0.0,51.163078930203085,0.0,0.0,0.0,0.0,3170,8801,5631
2020-11-13T02:00:00,5580.0,1.3642420526593928e-13,0.0,0.0,0.0,0.0,51.83692106979697,0.0,0.0,0.0,2918,8446,5528
2020-11-13T03:00:00,5580.0,1.3642420526593928e-13,0.0,0.0,0.0,0.0,272.836921069797,0.0,0.0,0.0,2658,7965,5307
2020-11-13T04:00:00,5580.0,1.3642420526593928e-13,0.0,0.0,0.0,150.16307893020297,0.0,0.0,0.0,0.0,2034,7764,5730
2020-11-13T05:00:00,5580.0,1.3642420526593928e-13,0.0,0.0,0.0,0.0,974.836921069797,0.0,0.0,0.0,3236,7841,4605
2020-11-13T06:00:00,5070.163078930202,1.3642420526593928e-13,0.0,0.0,0.0,0.0,1200.0,0.0,0.0,0.0,4214,8084,3870
2020-11-13T07:00:00,4663.163078930202,1.3642420526593928e-13,0.0,0.0,0.0,0.0,1200.0,0.0,0.0,0.0,4795,8258,3463
2020-11-13T08:00:00,4573.163078930202,1.3642420526593928e-13,0.0,0.0,0.0,0.0,1200.0,0.0,0.0,0.0,5296,8669,3373
2020-11-13T09:00:00,5580.0,1.3642420526593928e-13,0.0,0.0,0.0,182.16307893020297,0.0,0.0,0.0,0.0,3387,9149,5762
2020-11-13T10:00:00,5580.0,1.3642420526593928e-13,0.0,0.0,0.0,190.16307893020308,0.0,0.0,0.0,0.0,3668,9438,5770
2020-11-13T11:00:00,5580.0,1.3642420526593928e-13,0.0,0.0,0.0,0.0,1169.836921069797,0.0,0.0,0.0,5264,9674,4410
2020-11-13T12:00:00,5580.0,0.0,0.0,0.0,0.0,99.16307893020294,0.0,0.0,0.0,0.0,4290,9969,5679
2020-11-13T13:00:00,5420.1630789302035,0.0,0.0,0.0,0.0,0.0,1200.0,0.0,0.0,0.0,5256,9476,4220
2020-11-13T14:00:00,5271.163078930202,0.0,0.0,0.0,0.0,0.0,1200.0,0.0,0.0,0.0,4976,9047,4071
2020-11-13T15:00:00,5580.0,0.0,0.0,0.0,0.0,0.0,914.836921069797,0.0,0.0,0.0,4154,8819,4665
2020-11-13T16:00:00,5580.0,-5.456968210637569e-13,0.0,0.0,0.0,0.0,1140.8369210697963,0.0,0.0,0.0,4385,8824,4439
2020-11-13T17:00:00,5580.0,0.0,0.0,0.0,0.0,0.0,425.836921069797,0.0,0.0,0.0,4325,9479,5154
2020-11-13T18:00:00,5580.0,0.0,0.0,0.0,0.0,0.0,0.0,180.16307893020297,0.0,0.0,4452,10212,5760
2020-11-13T19:00:00,5580.0,0.0,0.0,0.0,0.0,0.0,0.0,361.16307893020297,0.0,0.0,4408,10349,5941
2020-11-13T20:00:00,5580.0,1950.1630789302008,0.0,0.0,0.0,0.0,0.0,0.0,0.0,0.0,2336,9866,7530
2020-11-13T21:00:00,3164.1630789302026,3554.9999999999995,0.0,0.0,0.0,0.0,1200.0,0.0,0.0,0.0,3819,9338,5519
2020-11-13T22:00:00,5167.1630789302,3555.0000000000005,0.0,0.0,0.0,0.0,1200.0,0.0,0.0,0.0,2127,9649,7522
2020-11-13T23:00:00,5489.163078930202,3554.9999999999995,0.0,0.0,0.0,0.0,1200.0,0.0,0.0,0.0,2105,9949,7844
2020-11-14T00:00:00,5354.1630789302,3555.0000000000005,0.0,0.0,0.0,0.0,1200.0,0.0,0.0,0.0,2012,9721,7709
2020-11-14T01:00:00,3835.1630789302044,3554.999999999999,0.0,0.0,0.0,0.0,1200.0,0.0,0.0,0.0,3140,9330,6190
2020-11-14T02:00:00,5580.0,545.582644085805,0.0,0.0,0.0,10.580434844397775,0.0,0.0,0.0,0.0,2830,8966,6136
2020-11-14T03:00:00,5580.0,0.0,0.0,0.0,0.0,447.1630789302026,0.0,0.0,0.0,0.0,2438,8465,6027
2020-11-14T04:00:00,5580.0,0.0,0.0,0.0,0.0,683.1630789302026,0.0,0.0,0.0,0.0,1977,8240,6263
2020-11-14T05:00:00,5580.0,0.0,0.0,0.0,0.0,0.0,60.83692106979743,0.0,0.0,0.0,2779,8298,5519
2020-11-14T06:00:00,5580.0,0.0,0.0,0.0,0.0,853.1630789302026,0.0,0.0,0.0,0.0,2066,8499,6433
2020-11-14T07:00:00,5580.0,0.0,0.0,0.0,0.0,894.1630789302026,0.0,0.0,0.0,0.0,2140,8614,6474
2020-11-14T08:00:00,5580.0,0.0,0.0,0.0,0.0,921.1630789302026,0.0,0.0,0.0,0.0,2465,8966,6501
2020-11-14T09:00:00,5580.0,0.0,0.0,0.0,0.0,520.1630789302026,0.0,0.0,0.0,0.0,3325,9425,6100
2020-11-14T10:00:00,5580.0,0.0,0.0,0.0,0.0,930.1630789302036,0.0,0.0,0.0,0.0,3207,9717,6510
2020-11-14T11:00:00,5580.0,1.3642420526593928e-13,0.0,0.0,0.0,67.3816046966903,0.0,1056.7814742335122,0.0,0.0,3235,9939,6704
2020-11-14T12:00:00,5580.0,0.0,0.0,0.0,0.0,0.0,826.8369210697974,0.0,0.0,0.0,5472,10225,4753
2020-11-14T13:00:00,5580.0,0.0,0.0,0.0,0.0,0.0,1116.8369210697974,0.0,0.0,0.0,5252,9715,4463
2020-11-14T14:00:00,5293.163078930202,4.0927261579781777e-13,0.0,0.0,0.0,0.0,1200.0,0.0,0.0,0.0,5171,9264,4093
2020-11-14T15:00:00,5382.163078930203,1.818989403545857e-13,0.0,0.0,0.0,0.0,1200.0,0.0,0.0,0.0,4809,8991,4182
2020-11-14T16:00:00,5580.0,4.0927261579781777e-13,0.0,0.0,0.0,0.0,1191.8369210697972,0.0,0.0,0.0,4555,8943,4388
2020-11-14T17:00:00,5580.0,3.637978807091713e-13,0.0,0.0,0.0,516.1630789302018,0.0,0.0,0.0,0.0,3451,9547,6096
2020-11-14T18:00:00,5580.0,1.3642420526593928e-13,0.0,0.0,0.0,0.0,83.83692106979743,0.0,0.0,0.0,4769,10265,5496
2020-11-14T19:00:00,5580.0,-5.456968210637569e-13,0.0,0.0,0.0,209.16307893020448,0.0,0.0,0.0,0.0,4620,10409,5789
2020-11-14T20:00:00,5580.0,0.0,0.0,0.0,0.0,859.1630789302005,0.0,1200.0,0.0,0.0,2302,9941,7639
2020-11-14T21:00:00,5580.0,0.0,0.0,0.0,0.0,0.0,142.83692106979743,0.0,0.0,0.0,4004,9441,5437
2020-11-14T22:00:00,5580.0,0.0,0.0,0.0,0.0,1011.1630789302004,0.0,1200.0,0.0,0.0,1971,9762,7791
2020-11-14T23:00:00,5580.0,3.637978807091713e-13,0.0,0.0,0.0,0.0,0.0,14.163078930202571,0.0,0.0,4473,10067,5594
2020-11-15T00:00:00,5580.0,-3.637978807091713e-13,0.0,0.0,0.0,0.0,0.0,46.16307893020257,0.0,0.0,4017,9643,5626
2020-11-15T01:00:00,5580.0,5.002220859751106e-13,0.0,0.0,0.0,0.0,0.0,132.16307893020257,0.0,0.0,3634,9346,5712
2020-11-15T02:00:00,5580.0,5.002220859751106e-13,210.0,0.0,0.0,1408.1630789302023,0.0,0.0,0.0,0.0,1868,9066,7198
2020-11-15T03:00:00,5580.0,5.002220859751106e-13,540.0,0.0,0.0,0.0,0.0,736.1630789302026,0.0,0.0,1829,8685,6856
2020-11-15T04:00:00,5580.0,-5.45696821063757e-13,210.0,0.0,0.0,0.0,28.836921069798336,0.0,0.0,0.0,2944,8705,5761
2020-11-15T05:00:00,5580.0,1.3642420526593928e-13,540.0,0.0,0.0,0.0,0.0,1.1630789302016638,0.0,0.0,3227,9348,6121
2020-11-15T06:00:00,5580.0,5.002220859751106e-13,540.0,0.0,0.0,0.0,0.0,352.1630789302026,0.0,0.0,4084,10556,6472
2020-11-15T07:00:00,5580.0,1.3642420526593928e-13,540.0,0.0,0.0,0.0,0.0,499.16307893020235,0.0,0.0,4821,11440,6619
2020-11-15T08:00:00,5580.0,-1.818989403545857e-13,540.0,0.0,0.0,0.0,0.0,217.16307893020257,0.0,0.0,5318,11655,6337
2020-11-15T09:00:00,5580.0,-1.818989403545857e-13,540.0,0.0,0.0,0.0,0.0,121.16307893020256,0.0,0.0,5478,11719,6241
2020-11-15T10:00:00,5580.0,-1.818989403545857e-13,0.0,0.0,0.0,0.0,0.0,221.16307893020257,0.0,0.0,5848,11649,5801
2020-11-15T11:00:00,5580.0,1.3642420526593928e-13,0.0,0.0,0.0,0.0,0.0,217.16307893020257,0.0,0.0,5879,11676,5797
2020-11-15T12:00:00,5580.0,1.3642420526593928e-13,0.0,0.0,0.0,0.0,0.0,222.16307893020257,0.0,0.0,5865,11667,5802
2020-11-15T13:00:00,5580.0,-5.456968210637569e-13,210.0,0.0,0.0,0.0,55.836921069798336,0.0,0.0,0.0,5620,11354,5734
2020-11-15T14:00:00,5580.0,1.3642420526593928e-13,210.0,0.0,0.0,0.0,118.83692106979744,0.0,0.0,0.0,5393,11064,5671
2020-11-15T15:00:00,5580.0,0.0,210.0,0.0,0.0,149.16307893020212,0.0,0.0,0.0,0.0,4841,10780,5939
2020-11-15T16:00:00,5580.0,1.3642420526593928e-13,210.0,0.0,0.0,0.0,92.83692106979764,0.0,0.0,0.0,5038,10735,5697
2020-11-15T17:00:00,5580.0,0.0,630.0,0.0,0.0,447.1630789302021,0.0,0.0,0.0,0.0,4702,11359,6657
2020-11-15T18:00:00,5580.0,1.3642420526593928e-13,1516.1630789302026,0.0,0.0,0.0,0.0,0.0,0.0,0.0,5008,12104,7096
2020-11-15T19:00:00,5580.0,1.3642420526593928e-13,840.0,0.0,0.0,546.1630789302023,0.0,0.0,0.0,0.0,5113,12079,6966
2020-11-15T20:00:00,5580.0,1.3642420526593928e-13,2160.0,0.0,0.0,0.0,0.0,1006.1630789302026,0.0,0.0,2526,11272,8746
2020-11-15T21:00:00,5580.0,1.3642420526593928e-13,2160.0,0.0,0.0,0.0,0.0,422.1630789302026,0.0,0.0,2484,10646,8162
2020-11-15T22:00:00,5580.0,1.3642420526593928e-13,840.0,0.0,0.0,0.0,41.836921069798336,0.0,0.0,0.0,4469,10847,6378
2020-11-15T23:00:00,5580.0,1.3642420526593928e-13,2160.0,0.0,0.0,0.0,0.0,788.1630789302026,0.0,0.0,2457,10985,8528
2020-11-16T00:00:00,5580.0,0.0,884.1630789302017,0.0,0.0,0.0,0.0,0.0,0.0,0.0,4045,10509,6464
2020-11-16T01:00:00,5580.0,0.0,840.0,0.0,0.0,1061.1630789302037,0.0,0.0,0.0,0.0,2697,10178,7481
2020-11-16T02:00:00,5580.0,0.0,840.0,0.0,0.0,0.0,49.83692106979811,0.0,0.0,0.0,3564,9934,6370
2020-11-16T03:00:00,5580.0,0.0,840.0,0.0,0.0,0.0,30.83692106979811,0.0,0.0,0.0,3201,9590,6389
2020-11-16T04:00:00,5580.0,0.0,866.1630789302017,0.0,0.0,0.0,0.0,0.0,0.0,0.0,3158,9604,6446
2020-11-16T05:00:00,5580.0,0.0,840.0,0.0,0.0,189.163078930202,0.0,0.0,0.0,0.0,3601,10210,6609
2020-11-16T06:00:00,5580.0,0.0,840.0,0.0,0.0,718.1630789302035,0.0,0.0,0.0,0.0,4292,11430,7138
2020-11-16T07:00:00,5580.0,1.0913936421275138e-12,630.0,0.0,0.0,1001.1630789302028,0.0,0.0,0.0,0.0,5131,12342,7211
2020-11-16T08:00:00,5580.0,0.0,1620.0,0.0,0.0,1114.1630789302017,0.0,1200.0,0.0,0.0,2936,12450,9514
2020-11-16T09:00:00,5580.0,0.0,1080.0,0.0,0.0,1466.163078930202,0.0,1200.0,0.0,0.0,3036,12362,9326
2020-11-16T10:00:00,5580.0,0.0,1080.0,0.0,0.0,756.1630789302029,0.0,1200.0,0.0,0.0,3547,12163,8616
2020-11-16T11:00:00,5580.0,0.0,420.0,0.0,0.0,264.163078930202,0.0,0.0,0.0,0.0,5784,12048,6264
2020-11-16T12:00:00,5580.0,0.0,420.0,0.0,0.0,132.163078930202,0.0,0.0,0.0,0.0,5763,11895,6132
2020-11-16T13:00:00,5580.0,0.0,420.0,0.0,0.0,34.16307893020183,0.0,0.0,0.0,0.0,5517,11551,6034
2020-11-16T14:00:00,5580.0,0.0,210.0,0.0,0.0,260.1630789302017,0.0,0.0,0.0,0.0,5238,11288,6050
2020-11-16T15:00:00,5580.0,0.0,0.0,0.0,0.0,299.16307893020354,0.0,1200.0,0.0,0.0,4011,11090,7079
2020-11-16T16:00:00,5580.0,1.0913936421275138e-12,0.0,0.0,0.0,1748.163078930203,0.0,0.0,0.0,0.0,3827,11155,7328
2020-11-16T17:00:00,5580.0,0.0,0.0,0.0,0.0,946.1630789302036,0.0,1200.0,0.0,0.0,4154,11880,7726
2020-11-16T18:00:00,5580.0,0.0,0.0,0.0,0.0,1427.163078930202,0.0,1200.0,0.0,0.0,4465,12672,8207
2020-11-16T19:00:00,5580.0,1.818989403545856e-13,0.0,0.0,0.0,1354.1630789302028,0.0,1200.0,0.0,0.0,4537,12671,8134
2020-11-16T20:00:00,5580.0,0.0,0.0,0.0,0.0,2191.163078930204,0.0,0.0,0.0,0.0,4049,11820,7771
2020-11-16T21:00:00,5580.0,0.0,1080.0,0.0,0.0,660.1630789302038,0.0,0.0,0.0,0.0,3858,11178,7320
2020-11-16T22:00:00,5580.0,0.0,630.0,0.0,0.0,940.1630789302038,0.0,0.0,0.0,0.0,4207,11357,7150
2020-11-16T23:00:00,5580.0,0.0,1620.0,0.0,0.0,2456.163078930202,0.0,0.0,0.0,0.0,1832,11488,9656
2020-11-17T00:00:00,5580.0,0.0,1620.0,0.0,0.0,2031.1630789302012,0.0,0.0,0.0,0.0,1619,10850,9231
2020-11-17T01:00:00,5580.0,5.456968210637569e-13,630.0,0.0,0.0,848.1630789302014,0.0,0.0,0.0,0.0,3465,10523,7058
2020-11-17T02:00:00,5580.0,0.0,1371.1630789302012,0.0,0.0,0.0,0.0,0.0,0.0,0.0,3328,10279,6951
2020-11-17T03:00:00,5580.0,0.0,1620.0,0.0,0.0,1103.1630789302012,0.0,0.0,0.0,0.0,1622,9925,8303
2020-11-17T04:00:00,5580.0,0.0,1620.0,0.0,0.0,1053.1630789302012,0.0,0.0,0.0,0.0,1675,9928,8253
2020-11-17T05:00:00,5580.0,0.0,840.0,0.0,0.0,764.1630789302013,0.0,0.0,0.0,0.0,3345,10529,7184
2020-11-17T06:00:00,5580.0,0.0,1941.1630789302012,0.0,0.0,0.0,0.0,0.0,0.0,0.0,4224,11745,7521
2020-11-17T07:00:00,5580.0,0.0,2160.0,0.0,0.0,123.16307893020132,0.0,0.0,0.0,0.0,4787,12650,7863
2020-11-17T08:00:00,5580.0,0.0,1894.1630789302012,0.0,0.0,0.0,0.0,0.0,0.0,0.0,5279,12753,7474
2020-11-17T09:00:00,5580.0,0.0,1379.1630789302012,0.0,0.0,0.0,0.0,0.0,0.0,0.0,5729,12688,6959
2020-11-17T10:00:00,5580.0,5.456968210637569e-13,840.0,0.0,0.0,388.1630789302033,0.0,0.0,0.0,0.0,5716,12524,6808
2020-11-17T11:00:00,5580.0,0.0,1142.163078930203,0.0,0.0,0.0,0.0,0.0,0.0,0.0,5727,12449,6722
2020-11-17T12:00:00,5580.0,0.0,1229.163078930203,0.0,0.0,0.0,0.0,0.0,0.0,0.0,5551,12360,6809
2020-11-17T13:00:00,5580.0,0.0,2160.0,0.0,0.0,169.16307893020132,0.0,0.0,0.0,0.0,4111,12020,7909
2020-11-17T14:00:00,5580.0,0.0,840.0,0.0,0.0,437.1630789302013,0.0,0.0,0.0,0.0,4923,11780,6857
2020-11-17T15:00:00,5580.0,0.0,1561.1630789302012,0.0,0.0,0.0,0.0,0.0,0.0,0.0,4479,11620,7141
2020-11-17T16:00:00,5580.0,0.0,1618.1630789302012,0.0,0.0,0.0,0.0,0.0,0.0,0.0,4471,11669,7198
2020-11-17T17:00:00,5580.0,0.0,540.0,0.0,0.0,2004.1630789302012,0.0,0.0,0.0,0.0,4293,12417,8124
2020-11-17T18:00:00,5580.0,0.0,540.0,0.0,0.0,2755.163078930201,0.0,0.0,0.0,0.0,4244,13119,8875
2020-11-17T19:00:00,5580.0,5.456968210637569e-13,210.0,0.0,0.0,4178.163078930202,0.0,0.0,0.0,0.0,2918,12886,9968
2020-11-17T20:00:00,5580.0,0.0,540.0,0.0,0.0,2005.1630789302012,0.0,0.0,0.0,0.0,3801,11926,8125
2020-11-17T21:00:00,5580.0,0.0,540.0,0.0,0.0,1367.1630789302012,0.0,0.0,0.0,0.0,3743,11230,7487
2020-11-17T22:00:00,5580.0,0.0,540.0,0.0,0.0,1055.1630789302012,0.0,0.0,0.0,0.0,4191,11366,7175
2020-11-17T23:00:00,3536.1630789302,3555.0000000000005,0.0,0.0,0.0,0.0,0.0,0.0,0.0,0.0,4370,11461,7091
2020-11-18T00:00:00,5580.0,1013.0000000000002,0.0,0.0,0.0,1473.1630789302026,0.0,0.0,0.0,0.0,2732,10798,8066
2020-11-18T01:00:00,5580.0,1013.0000000000002,0.0,0.0,0.0,1534.1630789302026,0.0,0.0,0.0,0.0,2320,10447,8127
2020-11-18T02:00:00,5580.0,1013.0000000000002,0.0,0.0,0.0,557.1630789302025,0.0,0.0,0.0,0.0,3027,10177,7150
2020-11-18T03:00:00,5580.0,0.0,0.0,0.0,0.0,1438.163078930202,0.0,0.0,0.0,0.0,2780,9798,7018
2020-11-18T04:00:00,5580.0,0.0,0.0,0.0,0.0,2193.163078930204,0.0,0.0,0.0,0.0,2004,9777,7773
2020-11-18T05:00:00,5580.0,0.0,0.0,0.0,0.0,1944.1630789302017,0.0,0.0,0.0,0.0,2839,10363,7524
2020-11-18T06:00:00,5580.0,0.0,0.0,0.0,0.0,2832.1630789302017,0.0,0.0,0.0,0.0,3154,11566,8412
2020-11-18T07:00:00,5580.0,0.0,1620.0,0.0,0.0,1654.1630789302017,0.0,0.0,0.0,0.0,3626,12480,8854
2020-11-18T08:00:00,5580.0,0.0,1620.0,0.0,0.0,2227.1630789302017,0.0,0.0,0.0,0.0,3182,12609,9427
2020-11-18T09:00:00,5580.0,0.0,1620.0,0.0,0.0,1308.1630789302017,0.0,0.0,0.0,0.0,4079,12587,8508
2020-11-18T10:00:00,5580.0,0.0,1620.0,0.0,0.0,711.1630789302017,0.0,0.0,0.0,0.0,4549,12460,7911
2020-11-18T11:00:00,5580.0,0.0,1620.0,0.0,0.0,358.16307893020166,0.0,0.0,0.0,0.0,4870,12428,7558
2020-11-18T12:00:00,5580.0,0.0,1620.0,0.0,0.0,0.0,16.836921069798336,0.0,0.0,0.0,5168,12351,7183
2020-11-18T13:00:00,5580.0,0.0,1058.1630789302035,0.0,0.0,0.0,0.0,0.0,0.0,0.0,5421,12059,6638
2020-11-18T14:00:00,5580.0,0.0,630.0,0.0,0.0,0.0,20.836921069796517,0.0,0.0,0.0,5669,11858,6189
2020-11-18T15:00:00,5580.0,0.0,424.1630789302035,0.0,0.0,0.0,0.0,0.0,0.0,0.0,5694,11698,6004
2020-11-18T16:00:00,5580.0,0.0,872.1630789302035,0.0,0.0,0.0,0.0,0.0,0.0,0.0,5352,11804,6452
2020-11-18T17:00:00,5580.0,0.0,1620.0,0.0,0.0,415.9076973255055,0.0,28.25538160469614,0.0,0.0,4913,12557,7644
2020-11-18T18:00:00,5580.0,-1.818989403545857e-13,1620.0,0.0,0.0,2164.163078930202,0.0,0.0,0.0,0.0,3927,13291,9364
2020-11-18T19:00:00,5580.0,0.0,1620.0,0.0,0.0,2335.1630789302017,0.0,0.0,0.0,0.0,3525,13060,9535
2020-11-18T20:00:00,5580.0,0.0,1620.0,0.0,0.0,1718.1630789302017,0.0,0.0,0.0,0.0,3253,12171,8918
2020-11-18T21:00:00,5580.0,0.0,1620.0,0.0,0.0,1087.1630789302017,0.0,0.0,0.0,0.0,3218,11505,8287
2020-11-18T22:00:00,5580.0,0.0,1620.0,0.0,0.0,729.1630789302017,0.0,0.0,0.0,0.0,3718,11647,7929
2020-11-18T23:00:00,5580.0,0.0,1620.0,0.0,0.0,1544.1630789302017,0.0,0.0,0.0,0.0,3002,11746,8744
2020-11-19T00:00:00,5580.0,9.09494701772928e-14,2160.0,0.0,0.0,560.1630789302012,0.0,0.0,0.0,0.0,2877,11177,8300
2020-11-19T01:00:00,5580.0,1.818989403545856e-13,2160.0,0.0,0.0,96.16307893020256,0.0,0.0,0.0,0.0,3016,10852,7836
2020-11-19T02:00:00,5580.0,1.818989403545856e-13,1919.1630789302028,0.0,0.0,0.0,0.0,0.0,0.0,0.0,3107,10606,7499
2020-11-19T03:00:00,5580.0,0.0,2160.0,0.0,0.0,0.0,692.8369210697965,0.0,0.0,0.0,3184,10231,7047
2020-11-19T04:00:00,5580.0,-1.818989403545857e-13,2160.0,0.0,0.0,0.0,758.836921069797,0.0,0.0,0.0,3248,10229,6981
2020-11-19T05:00:00,5580.0,-1.818989403545857e-13,2160.0,0.0,0.0,0.0,154.8369210697967,0.0,0.0,0.0,3233,10818,7585
2020-11-19T06:00:00,5580.0,0.0,2160.0,0.0,0.0,0.0,0.0,1052.1630789302017,0.0,0.0,3215,12007,8792
2020-11-19T07:00:00,5580.0,0.0,2160.0,0.0,0.0,1602.4430854533605,0.0,152.71999347684118,0.0,0.0,3430,12925,9495
2020-11-19T08:00:00,5580.0,0.0,2160.0,0.0,0.0,1368.1630789302017,0.0,0.0,0.0,0.0,3966,13074,9108
2020-11-19T09:00:00,5580.0,0.0,2160.0,0.0,0.0,958.1630789302012,0.0,0.0,0.0,0.0,4403,13101,8698
2020-11-19T10:00:00,5580.0,0.0,1620.0,0.0,0.0,712.163078930203,0.0,0.0,0.0,0.0,4998,12910,7912
2020-11-19T11:00:00,5580.0,0.0,1620.0,0.0,0.0,371.163078930203,0.0,0.0,0.0,0.0,5231,12802,7571
2020-11-19T12:00:00,5580.0,0.0,1620.0,0.0,0.0,91.16307893020304,0.0,0.0,0.0,0.0,5383,12674,7291
2020-11-19T13:00:00,5580.0,0.0,1229.1630789302035,0.0,0.0,0.0,0.0,0.0,0.0,0.0,5486,12295,6809
2020-11-19T14:00:00,5580.0,0.0,833.163078930203,0.0,0.0,0.0,0.0,0.0,0.0,0.0,5598,12011,6413
2020-11-19T15:00:00,5580.0,0.0,1620.0,0.0,0.0,0.0,1002.836921069797,0.0,0.0,0.0,5545,11742,6197
2020-11-19T16:00:00,5580.0,0.0,903.163078930203,0.0,0.0,0.0,0.0,0.0,0.0,0.0,5260,11743,6483
2020-11-19T17:00:00,5580.0,-1.818989403545857e-13,1620.0,0.0,0.0,0.0,0.0,663.1630789302033,0.0,0.0,4603,12466,7863
2020-11-19T18:00:00,5580.0,0.0,2160.0,0.0,0.0,1609.1984670580564,0.0,88.96461187214447,0.0,0.0,3683,13121,9438
2020-11-19T19:00:00,5580.0,-1.818989403545857e-13,2160.0,0.0,0.0,2730.163078930201,0.0,0.0,0.0,0.0,2573,13043,10470
2020-11-19T20:00:00,5580.0,0.0,2160.0,0.0,0.0,2798.1630789302017,0.0,0.0,0.0,0.0,1795,12333,10538
2020-11-19T21:00:00,5580.0,1.3642420526593928e-13,2160.0,0.0,0.0,2432.1630789302008,0.0,0.0,0.0,0.0,1621,11793,10172
2020-11-19T22:00:00,5580.0,0.0,2160.0,0.0,0.0,2316.1630789302017,0.0,0.0,0.0,0.0,2009,12065,10056
2020-11-19T23:00:00,5580.0,1.3642420526593928e-13,2160.0,0.0,0.0,2260.1630789302008,0.0,0.0,0.0,0.0,2214,12214,10000
2020-11-20T00:00:00,5580.0,1.3642420526593928e-13,2160.0,0.0,0.0,1896.1630789302,0.0,0.0,0.0,0.0,1821,11457,9636
2020-11-20T01:00:00,5580.0,-3.637978807091713e-13,2160.0,0.0,0.0,1620.1630789302008,0.0,0.0,0.0,0.0,1765,11125,9360
2020-11-20T02:00:00,5580.0,-2.2737367544323216e-13,2160.0,0.0,0.0,1328.1630789302012,0.0,0.0,0.0,0.0,1787,10855,9068
2020-11-20T03:00:00,5580.0,1.3642420526593928e-13,2160.0,0.0,0.0,885.1630789302001,0.0,0.0,0.0,0.0,1809,10434,8625
2020-11-20T04:00:00,5580.0,5.456968210637569e-13,2160.0,0.0,0.0,734.1630789302008,0.0,0.0,0.0,0.0,1849,10323,8474
2020-11-20T05:00:00,5580.0,0.0,2160.0,0.0,0.0,999.1630789302012,0.0,0.0,0.0,0.0,1897,10636,8739
2020-11-20T06:00:00,5580.0,0.0,2160.0,0.0,0.0,1409.1630789302012,0.0,0.0,0.0,0.0,2067,11216,9149
2020-11-20T07:00:00,5580.0,5.456968210637569e-13,2160.0,0.0,0.0,1540.1630789301996,0.0,0.0,0.0,0.0,2445,11725,9280
2020-11-20T08:00:00,5580.0,0.0,2160.0,0.0,0.0,1366.1630789302012,0.0,0.0,0.0,0.0,2976,12082,9106
2020-11-20T09:00:00,5580.0,0.0,2160.0,0.0,0.0,1231.1630789302012,0.0,0.0,0.0,0.0,3369,12340,8971
2020-11-20T10:00:00,5580.0,0.0,2160.0,0.0,0.0,771.1630789302008,0.0,0.0,0.0,0.0,3805,12316,8511
2020-11-20T11:00:00,5580.0,0.0,2160.0,0.0,0.0,651.1630789302009,0.0,0.0,0.0,0.0,3941,12332,8391
2020-11-20T12:00:00,5580.0,0.0,2160.0,0.0,0.0,624.1630789302009,0.0,0.0,0.0,0.0,4137,12501,8364
2020-11-20T13:00:00,5580.0,0.0,2110.1630789302026,0.0,0.0,0.0,0.0,0.0,0.0,0.0,4324,12014,7690
2020-11-20T14:00:00,5580.0,0.0,2160.0,0.0,0.0,0.0,493.8369210697974,0.0,0.0,0.0,4330,11576,7246
2020-11-20T15:00:00,5580.0,0.0,1506.1630789302026,0.0,0.0,0.0,0.0,0.0,0.0,0.0,4245,11331,7086
2020-11-20T16:00:00,5580.0,5.456968210637569e-13,1763.1630789302014,0.0,0.0,0.0,0.0,0.0,0.0,0.0,3964,11307,7343
2020-11-20T17:00:00,5580.0,0.0,2160.0,0.0,0.0,11.785388127854503,0.0,370.37769080234807,0.0,0.0,3821,11943,8122
2020-11-20T18:00:00,5580.0,5.456968210637569e-13,2160.0,0.0,0.0,1436.1630789302008,0.0,0.0,0.0,0.0,3255,12431,9176
2020-11-20T19:00:00,5580.0,5.456968210637569e-13,2160.0,0.0,0.0,1669.1630789302008,0.0,0.0,0.0,0.0,2801,12210,9409
2020-11-20T20:00:00,5580.0,-3.1832314562052496e-13,2160.0,0.0,0.0,1030.1630789302012,0.0,0.0,0.0,0.0,2706,11476,8770
2020-11-20T21:00:00,5580.0,-3.637978807091713e-13,2160.0,0.0,0.0,494.1630789302007,0.0,0.0,0.0,0.0,2642,10876,8234
2020-11-20T22:00:00,5580.0,0.0,2160.0,0.0,0.0,630.1630789302008,0.0,0.0,0.0,0.0,2781,11151,8370
2020-11-20T23:00:00,5580.0,0.0,2160.0,0.0,0.0,516.1630789302008,0.0,0.0,0.0,0.0,3101,11357,8256
2020-11-21T00:00:00,5580.0,-3.6166625250189103e-13,2160.0,0.0,0.0,40.1630789302034,0.0,0.0,0.0,0.0,3074,10854,7780
2020-11-21T01:00:00,5580.0,0.0,1935.1630789302035,0.0,0.0,0.0,0.0,0.0,0.0,0.0,2972,10487,7515
2020-11-21T02:00:00,5580.0,0.0,1620.0,0.0,0.0,0.0,184.83692106979697,0.0,0.0,0.0,3088,10103,7015
2020-11-21T03:00:00,5580.0,-2.2737367544323203e-13,1620.0,0.0,0.0,0.0,738.8369210697967,0.0,0.0,0.0,3107,9568,6461
2020-11-21T04:00:00,5580.0,1.3642420526593928e-13,713.1630789302029,0.0,0.0,0.0,0.0,0.0,0.0,0.0,3002,9295,6293
2020-11-21T05:00:00,5580.0,-1.818989403545857e-13,718.3589910850258,0.0,0.0,0.0,141.1959121548225,0.0,0.0,0.0,3190,9347,6157
2020-11-21T06:00:00,5580.0,0.0,540.0,0.0,0.0,0.0,0.0,156.16307893020303,0.0,0.0,3250,9526,6276
2020-11-21T07:00:00,5580.0,0.0,540.0,0.0,0.0,0.0,0.0,18.163078930203035,0.0,0.0,3504,9642,6138
2020-11-21T08:00:00,5580.0,0.0,0.0,0.0,0.0,0.0,0.0,297.163078930203,0.0,0.0,4072,9949,5877
2020-11-21T09:00:00,5580.0,0.0,0.0,0.0,0.0,0.0,0.0,327.163078930203,0.0,0.0,4437,10344,5907
2020-11-21T10:00:00,5580.0,0.0,0.0,0.0,0.0,0.0,30.836921069796517,0.0,0.0,0.0,5022,10571,5549
2020-11-21T11:00:00,5580.0,0.0,0.0,0.0,0.0,0.0,8.836921069796972,0.0,0.0,0.0,5203,10774,5571
2020-11-21T12:00:00,5580.0,0.0,0.0,0.0,0.0,0.0,77.83692106979697,0.0,0.0,0.0,5605,11107,5502
2020-11-21T13:00:00,5580.0,0.0,0.0,0.0,0.0,0.0,893.836921069797,0.0,0.0,0.0,5851,10537,4686
2020-11-21T14:00:00,5299.1630789302035,0.0,0.0,0.0,0.0,0.0,1200.0,0.0,0.0,0.0,5929,10028,4099
2020-11-21T15:00:00,5169.163078930202,0.0,0.0,0.0,0.0,0.0,1200.0,0.0,0.0,0.0,5778,9747,3969
2020-11-21T16:00:00,5448.1630789302035,0.0,0.0,0.0,0.0,0.0,1200.0,0.0,0.0,0.0,5515,9763,4248
2020-11-21T17:00:00,5580.0,0.0,0.0,0.0,0.0,0.0,87.83692106979697,0.0,0.0,0.0,4942,10434,5492
2020-11-21T18:00:00,5580.0,-1.818989403545857e-13,1543.1630789302028,0.0,0.0,0.0,0.0,0.0,0.0,0.0,3958,11081,7123
2020-11-21T19:00:00,5580.0,1.2278178473934532e-12,2029.1630789302021,0.0,0.0,0.0,0.0,0.0,0.0,0.0,3202,10811,7609
2020-11-21T20:00:00,5580.0,1.3642420526593928e-13,2093.163078930203,0.0,0.0,0.0,0.0,0.0,0.0,0.0,2677,10350,7673
2020-11-21T21:00:00,5580.0,0.0,2085.163078930203,0.0,0.0,0.0,0.0,0.0,0.0,0.0,2205,9870,7665
2020-11-21T22:00:00,5580.0,1.3642420526593928e-13,1940.163078930203,0.0,0.0,0.0,0.0,0.0,0.0,0.0,2552,10072,7520
2020-11-21T23:00:00,5580.0,0.0,1986.163078930203,0.0,0.0,0.0,0.0,0.0,0.0,0.0,2678,10244,7566
2020-11-22T00:00:00,5580.0,-1.0913936421275138e-12,991.1630789302036,0.0,0.0,0.0,0.0,0.0,0.0,0.0,3264,9835,6571
2020-11-22T01:00:00,5580.0,0.0,1074.163078930203,0.0,0.0,0.0,0.0,0.0,0.0,0.0,2864,9518,6654
2020-11-22T02:00:00,5580.0,0.0,1085.1630789302026,0.0,0.0,0.0,0.0,0.0,0.0,0.0,2561,9226,6665
2020-11-22T03:00:00,5580.0,0.0,999.163078930203,0.0,0.0,0.0,0.0,0.0,0.0,0.0,2226,8805,6579
2020-11-22T04:00:00,5580.0,0.0,1027.1630789302028,0.0,0.0,0.0,0.0,0.0,0.0,0.0,2193,8800,6607
2020-11-22T05:00:00,5580.0,0.0,1419.1630789302028,0.0,0.0,0.0,0.0,0.0,0.0,0.0,2435,9434,6999
2020-11-22T06:00:00,5580.0,0.0,1909.1630789302028,0.0,0.0,0.0,0.0,0.0,0.0,0.0,3243,10732,7489
2020-11-22T07:00:00,5580.0,0.0,2160.0,0.0,0.0,0.0,0.0,227.16307893020303,0.0,0.0,3779,11746,7967
2020-11-22T08:00:00,5580.0,0.0,2160.0,0.0,0.0,0.0,0.0,21.163078930203028,0.0,0.0,4266,12027,7761
2020-11-22T09:00:00,5580.0,0.0,2067.1630789302026,0.0,0.0,0.0,0.0,0.0,0.0,0.0,4555,12202,7647
2020-11-22T10:00:00,5580.0,0.0,1912.1630789302028,0.0,0.0,0.0,0.0,0.0,0.0,0.0,4694,12186,7492
2020-11-22T11:00:00,5580.0,0.0,2160.0,0.0,0.0,56.16307893020103,0.0,1200.0,0.0,0.0,3251,12247,8996
2020-11-22T12:00:00,5580.0,0.0,1406.1630789302028,0.0,0.0,0.0,0.0,0.0,0.0,0.0,5257,12243,6986
2020-11-22T13:00:00,5580.0,0.0,1361.1630789302028,0.0,0.0,0.0,0.0,0.0,0.0,0.0,5067,12008,6941
2020-11-22T14:00:00,5580.0,0.0,1926.3989997825654,0.0,0.0,0.0,643.2359208523625,0.0,0.0,0.0,4901,11764,6863
2020-11-22T15:00:00,5580.0,0.0,1394.1630789302028,0.0,0.0,0.0,0.0,0.0,0.0,0.0,4584,11558,6974
2020-11-22T16:00:00,5580.0,0.0,1730.1630789302028,0.0,0.0,0.0,0.0,0.0,0.0,0.0,4335,11645,7310
2020-11-22T17:00:00,5580.0,-3.8653524825349454e-13,2160.0,0.0,0.0,0.0,0.0,559.1630789302014,0.0,0.0,3983,12282,8299
2020-11-22T18:00:00,5580.0,0.0,2160.0,0.0,0.0,732.1630789302001,0.0,1200.0,0.0,0.0,3247,12919,9672
2020-11-22T19:00:00,5580.0,-2.2737367544323226e-14,2160.0,0.0,0.0,0.0,0.0,515.163078930201,0.0,0.0,4282,12537,8255
2020-11-22T20:00:00,5580.0,0.0,2160.0,0.0,0.0,0.0,0.0,284.1630789302019,0.0,0.0,3721,11745,8024
2020-11-22T21:00:00,5580.0,0.0,2114.1630789302026,0.0,0.0,0.0,0.0,0.0,0.0,0.0,3405,11099,7694
2020-11-22T22:00:00,5580.0,0.0,1697.1630789302028,0.0,0.0,0.0,0.0,0.0,0.0,0.0,3949,11226,7277
2020-11-22T23:00:00,5580.0,-1.0913936421275138e-12,1652.1630789302042,0.0,0.0,0.0,0.0,0.0,0.0,0.0,4078,11310,7232
2020-11-23T00:00:00,5580.0,1.3642420526593928e-13,1739.163078930203,0.0,0.0,0.0,0.0,0.0,0.0,0.0,3475,10794,7319
2020-11-23T01:00:00,5580.0,-3.637978807091713e-13,1743.163078930203,0.0,0.0,0.0,0.0,0.0,0.0,0.0,3086,10409,7323
2020-11-23T02:00:00,5580.0,0.0,2116.264622744078,0.0,0.0,0.0,371.10154381387537,0.0,0.0,0.0,2789,10114,7325
2020-11-23T03:00:00,5580.0,-3.637978807091713e-13,1782.163078930203,0.0,0.0,0.0,0.0,0.0,0.0,0.0,2329,9691,7362
2020-11-23T04:00:00,5580.0,0.0,1790.163078930203,0.0,0.0,0.0,0.0,0.0,0.0,0.0,2258,9628,7370
2020-11-23T05:00:00,5580.0,0.0,1933.163078930203,0.0,0.0,0.0,0.0,0.0,0.0,0.0,2639,10152,7513
2020-11-23T06:00:00,5580.0,0.0,2160.0,0.0,0.0,0.0,0.0,107.16307893020304,0.0,0.0,3462,11309,7847
2020-11-23T07:00:00,5580.0,0.0,2160.0,0.0,0.0,0.0,0.0,171.16307893020348,0.0,0.0,4300,12211,7911
2020-11-23T08:00:00,5580.0,0.0,2116.163078930203,0.0,0.0,0.0,0.0,0.0,0.0,0.0,4632,12328,7696
2020-11-23T09:00:00,5580.0,0.0,2160.0,0.0,0.0,0.0,191.83692106979697,0.0,0.0,0.0,4811,12359,7548
2020-11-23T10:00:00,5580.0,0.0,1814.163078930203,0.0,0.0,0.0,0.0,0.0,0.0,0.0,4850,12244,7394
2020-11-23T11:00:00,5580.0,0.0,1720.163078930203,0.0,0.0,0.0,0.0,0.0,0.0,0.0,4924,12224,7300
2020-11-23T12:00:00,5580.0,0.0,1615.163078930203,0.0,0.0,0.0,0.0,0.0,0.0,0.0,4945,12140,7195
2020-11-23T13:00:00,5580.0,0.0,1633.666014350811,0.0,0.0,0.0,315.5029354206081,0.0,0.0,0.0,4949,11847,6898
2020-11-23T14:00:00,5580.0,0.0,2160.0,0.0,0.0,0.0,863.836921069797,0.0,0.0,0.0,4769,11645,6876
2020-11-23T15:00:00,5580.0,0.0,2160.0,0.0,0.0,0.0,724.836921069797,0.0,0.0,0.0,4450,11465,7015
2020-11-23T16:00:00,5580.0,0.0,1620.0,0.0,0.0,0.0,0.0,82.16307893020348,0.0,0.0,4200,11482,7282
2020-11-23T17:00:00,5580.0,0.0,1620.0,0.0,0.0,0.0,0.0,783.163078930203,0.0,0.0,4102,12085,7983
2020-11-23T18:00:00,5580.0,0.0,1620.0,0.0,0.0,500.4789628181083,0.0,706.6841161120929,0.0,0.0,4155,12562,8407
2020-11-23T19:00:00,5580.0,0.0,1620.0,0.0,0.0,1999.1630789302017,0.0,0.0,0.0,0.0,2984,12183,9199
2020-11-23T20:00:00,5580.0,0.0,1620.0,0.0,0.0,510.163078930203,0.0,0.0,0.0,0.0,3637,11347,7710
2020-11-23T21:00:00,5580.0,0.0,1620.0,0.0,0.0,170.16307893020303,0.0,0.0,0.0,0.0,3337,10707,7370
2020-11-23T22:00:00,5580.0,0.0,1508.163078930203,0.0,0.0,0.0,0.0,0.0,0.0,0.0,3733,10821,7088
2020-11-23T23:00:00,5580.0,0.0,1202.163078930203,0.0,0.0,0.0,0.0,0.0,0.0,0.0,4130,10912,6782
2020-11-24T00:00:00,5580.0,0.0,1170.1630789302021,0.0,0.0,0.0,0.0,0.0,0.0,0.0,3522,10272,6750
2020-11-24T01:00:00,5580.0,-2.728484105318785e-13,1135.163078930203,0.0,0.0,0.0,0.0,0.0,0.0,0.0,3164,9879,6715
2020-11-24T02:00:00,5580.0,0.0,2160.0,0.0,0.0,0.0,1032.8369210697983,0.0,0.0,0.0,2864,9571,6707
2020-11-24T03:00:00,5580.0,1.3642420526593928e-13,1162.1630789302017,0.0,0.0,0.0,0.0,0.0,0.0,0.0,2402,9144,6742
2020-11-24T04:00:00,5580.0,-9.094947017729285e-14,1095.1630789302021,0.0,0.0,0.0,0.0,0.0,0.0,0.0,2414,9089,6675
2020-11-24T05:00:00,5580.0,0.0,2160.0,0.0,0.0,0.0,0.0,79.16307893020166,0.0,0.0,1800,9619,7819
2020-11-24T06:00:00,5580.0,3.637978807091713e-13,1841.1630789302017,0.0,0.0,0.0,0.0,0.0,0.0,0.0,3379,10800,7421
2020-11-24T07:00:00,5580.0,3.637978807091713e-13,2160.0,0.0,0.0,0.0,0.0,291.16307893020166,0.0,0.0,3703,11734,8031
2020-11-24T08:00:00,5580.0,3.637978807091713e-13,2038.1630789302017,0.0,0.0,0.0,0.0,0.0,0.0,0.0,4280,11898,7618
2020-11-24T09:00:00,5580.0,3.637978807091713e-13,1080.0,0.0,0.0,164.86154598825615,0.0,404.3015329419454,0.0,0.0,4753,11982,7229
2020-11-24T10:00:00,5580.0,0.0,1080.0,0.0,0.0,339.16307893020274,0.0,0.0,0.0,0.0,4948,11947,6999
2020-11-24T11:00:00,5580.0,3.637978807091713e-13,1080.0,0.0,0.0,398.1630789302016,0.0,0.0,0.0,0.0,4952,12010,7058
2020-11-24T12:00:00,5580.0,3.637978807091713e-13,1080.0,0.0,0.0,377.1630789302016,0.0,0.0,0.0,0.0,4958,11995,7037
2020-11-24T13:00:00,5580.0,3.637978807091713e-13,1080.0,0.0,0.0,396.1630789302016,0.0,0.0,0.0,0.0,4666,11722,7056
2020-11-24T14:00:00,5580.0,3.637978807091713e-13,1080.0,0.0,0.0,251.1630789302016,0.0,0.0,0.0,0.0,4593,11504,6911
2020-11-24T15:00:00,5580.0,3.637978807091713e-13,876.1630789302017,0.0,0.0,0.0,0.0,0.0,0.0,0.0,4788,11244,6456
2020-11-24T16:00:00,5580.0,3.637978807091713e-13,577.1630789302017,0.0,0.0,0.0,0.0,0.0,0.0,0.0,4998,11155,6157
2020-11-24T17:00:00,5580.0,0.0,1198.163078930202,0.0,0.0,0.0,0.0,0.0,0.0,0.0,4848,11626,6778
2020-11-24T18:00:00,5580.0,3.637978807091713e-13,2160.0,0.0,0.0,0.0,76.83692106979834,0.0,0.0,0.0,4339,12002,7663
2020-11-24T19:00:00,5580.0,1.3642420526593928e-13,2160.0,0.0,0.0,0.0,0.0,41.1630789302028,0.0,0.0,3821,11602,7781
2020-11-24T20:00:00,5580.0,1.3642420526593928e-13,1608.163078930202,0.0,0.0,0.0,0.0,0.0,0.0,0.0,3588,10776,7188
2020-11-24T21:00:00,5580.0,1.3642420526593928e-13,841.1630789302019,0.0,0.0,0.0,0.0,0.0,0.0,0.0,3710,10131,6421
2020-11-24T22:00:00,5580.0,0.0,857.1630789302014,0.0,0.0,0.0,0.0,0.0,0.0,0.0,3794,10231,6437
2020-11-24T23:00:00,5580.0,0.0,826.163078930202,0.0,0.0,0.0,0.0,0.0,0.0,0.0,3913,10319,6406
2020-11-25T00:00:00,5580.0,-1.818989403545857e-13,630.0,0.0,0.0,0.0,307.836921069797,0.0,0.0,0.0,3756,9658,5902
2020-11-25T01:00:00,5580.0,3.637978807091713e-13,630.0,0.0,0.0,0.0,510.8369210697979,0.0,0.0,0.0,3543,9242,5699
2020-11-25T02:00:00,5580.0,0.0,630.0,0.0,0.0,0.0,948.836921069797,0.0,0.0,0.0,3650,8911,5261
2020-11-25T03:00:00,5357.1630789302035,0.0,630.0,0.0,0.0,0.0,1200.0,0.0,0.0,0.0,3684,8471,4787
2020-11-25T04:00:00,5286.163078930203,1.3642420526593928e-13,630.0,0.0,0.0,0.0,1200.0,0.0,0.0,0.0,3681,8397,4716
2020-11-25T05:00:00,5580.0,-3.637978807091713e-13,630.0,0.0,0.0,0.0,1191.836921069797,0.0,0.0,0.0,3877,8895,5018
2020-11-25T06:00:00,5580.0,9.09494701772928e-14,630.0,0.0,0.0,0.0,96.83692106979778,0.0,0.0,0.0,3937,10050,6113
2020-11-25T07:00:00,5580.0,0.0,1389.1630789302026,0.0,0.0,0.0,0.0,0.0,0.0,0.0,4008,10977,6969
2020-11-25T08:00:00,5580.0,0.0,1468.1630789302026,0.0,0.0,0.0,0.0,0.0,0.0,0.0,4128,11176,7048
2020-11-25T09:00:00,5580.0,0.0,1190.1630789302026,0.0,0.0,0.0,0.0,0.0,0.0,0.0,4546,11316,6770
2020-11-25T10:00:00,5580.0,0.0,718.1630789302026,0.0,0.0,0.0,0.0,0.0,0.0,0.0,5053,11351,6298
2020-11-25T11:00:00,5580.0,0.0,500.13655142421743,0.0,0.0,0.0,265.97347249401474,0.0,0.0,0.0,5654,11468,5814
2020-11-25T12:00:00,5580.0,5.456968210637569e-13,0.0,0.0,0.0,0.0,65.83692106979744,0.0,0.0,0.0,5979,11493,5514
2020-11-25T13:00:00,5580.0,0.0,0.0,0.0,0.0,0.0,413.83692106979703,0.0,0.0,0.0,6086,11252,5166
2020-11-25T14:00:00,5580.0,0.0,0.0,0.0,0.0,0.0,692.8369210697975,0.0,0.0,0.0,6164,11051,4887
2020-11-25T15:00:00,5580.0,0.0,0.0,0.0,0.0,0.0,962.8369210697977,0.0,0.0,0.0,6252,10869,4617
2020-11-25T16:00:00,5580.0,0.0,0.0,0.0,0.0,0.0,980.8369210697977,0.0,0.0,0.0,6286,10885,4599
2020-11-25T17:00:00,5580.0,0.0,0.0,0.0,0.0,0.0,321.8369210697975,0.0,0.0,0.0,6197,11455,5258
2020-11-25T18:00:00,5580.0,0.0,0.0,0.0,0.0,0.0,0.0,680.1630789302026,0.0,0.0,5657,11917,6260
2020-11-25T19:00:00,5580.0,3.637978807091713e-13,0.0,0.0,0.0,0.0,0.0,903.1630789302016,0.0,0.0,5061,11544,6483
2020-11-25T20:00:00,5580.0,1.364242052659392e-13,0.0,0.0,0.0,0.0,0.0,394.16307893020286,0.0,0.0,4763,10737,5974
2020-11-25T21:00:00,5580.0,1.3642420526593928e-13,0.0,0.0,0.0,0.0,296.8369210697972,0.0,0.0,0.0,4807,10090,5283
2020-11-25T22:00:00,5580.0,0.0,0.0,0.0,0.0,0.0,0.0,16.163078930203028,0.0,0.0,4620,10216,5596
2020-11-25T23:00:00,5580.0,1.3642420526593928e-13,0.0,0.0,0.0,0.0,0.0,445.1630789302028,0.0,0.0,4316,10341,6025
2020-11-26T00:00:00,5580.0,7.275957614183425e-13,0.0,0.0,0.0,0.0,99.83692106979832,0.0,0.0,0.0,4290,9770,5480
2020-11-26T01:00:00,5580.0,3.637978807091713e-13,0.0,0.0,0.0,0.0,385.83692106979834,0.0,0.0,0.0,4204,9398,5194
2020-11-26T02:00:00,5580.0,1.3642420526593928e-13,0.0,0.0,0.0,0.0,586.8369210697977,0.0,0.0,0.0,4088,9081,4993
2020-11-26T03:00:00,5580.0,0.0,0.0,0.0,0.0,0.0,929.836921069798,0.0,0.0,0.0,4044,8694,4650
2020-11-26T04:00:00,5580.0,0.0,0.0,0.0,0.0,0.0,982.836921069798,0.0,0.0,0.0,4072,8669,4597
2020-11-26T05:00:00,5580.0,-1.818989403545857e-13,0.0,0.0,0.0,0.0,437.83692106979754,0.0,0.0,0.0,4049,9191,5142
2020-11-26T06:00:00,5580.0,0.0,490.1630789302021,0.0,0.0,0.0,0.0,0.0,0.0,0.0,4266,10336,6070
2020-11-26T07:00:00,5580.0,0.0,540.0,0.0,0.0,0.0,0.0,756.1630789302035,0.0,0.0,4424,11300,6876
2020-11-26T08:00:00,5580.0,0.0,540.0,0.0,0.0,0.0,0.0,1069.1630789302026,0.0,0.0,4289,11478,7189
2020-11-26T09:00:00,5580.0,0.0,540.0,0.0,0.0,0.0,0.0,849.1630789302021,0.0,0.0,4610,11579,6969
2020-11-26T10:00:00,5580.0,0.0,540.0,0.0,0.0,0.0,0.0,383.1630789302021,0.0,0.0,5047,11550,6503
2020-11-26T11:00:00,5580.0,0.0,459.1630789302021,0.0,0.0,0.0,0.0,0.0,0.0,0.0,5535,11574,6039
2020-11-26T12:00:00,5580.0,0.0,227.16307893020212,0.0,0.0,0.0,0.0,0.0,0.0,0.0,5768,11575,5807
2020-11-26T13:00:00,5580.0,0.0,540.0,0.0,0.0,0.0,803.8369210697983,0.0,0.0,0.0,5965,11281,5316
2020-11-26T14:00:00,5580.0,0.0,0.0,0.0,0.0,0.0,470.8369210697979,0.0,0.0,0.0,5956,11065,5109
2020-11-26T15:00:00,5580.0,0.0,0.0,0.0,0.0,0.0,699.8369210697979,0.0,0.0,0.0,5967,10847,4880
2020-11-26T16:00:00,5580.0,0.0,0.0,0.0,0.0,0.0,391.8369210697974,0.0,0.0,0.0,5581,10769,5188
2020-11-26T17:00:00,5580.0,0.0,0.0,0.0,0.0,0.0,0.0,161.16307893020212,0.0,0.0,5568,11309,5741
2020-11-26T18:00:00,5580.0,0.0,0.0,0.0,0.0,0.0,0.0,932.163078930202,0.0,0.0,5168,11680,6512
2020-11-26T19:00:00,5580.0,3.637978807091713e-13,0.0,0.0,0.0,0.0,0.0,969.1630789302016,0.0,0.0,4916,11465,6549
2020-11-26T20:00:00,5580.0,5.456968210637569e-13,0.0,0.0,0.0,0.0,0.0,694.1630789302018,0.0,0.0,4447,10721,6274
2020-11-26T21:00:00,5580.0,1.3642420526593928e-13,0.0,0.0,0.0,0.0,0.0,321.16307893020235,0.0,0.0,4233,10134,5901
2020-11-26T22:00:00,5580.0,1.3642420526593928e-13,0.0,0.0,0.0,0.0,0.0,686.1630789302014,0.0,0.0,4099,10365,6266
2020-11-26T23:00:00,5580.0,1.3642420526593928e-13,0.0,0.0,0.0,0.0,0.0,792.1630789302023,0.0,0.0,4143,10515,6372
2020-11-27T00:00:00,5580.0,0.0,0.0,0.0,0.0,0.0,0.0,27.163078930202012,0.0,0.0,4222,9829,5607
2020-11-27T01:00:00,5580.0,3.637978807091713e-13,0.0,0.0,0.0,0.0,0.0,57.16307893020212,0.0,0.0,3743,9380,5637
2020-11-27T02:00:00,5580.0,1.3642420526593928e-13,0.0,0.0,0.0,0.0,55.83692106979811,0.0,0.0,0.0,3464,8988,5524
2020-11-27T03:00:00,5580.0,3.637978807091713e-13,0.0,0.0,0.0,0.0,313.83692106979834,0.0,0.0,0.0,3241,8507,5266
2020-11-27T04:00:00,5580.0,1.1368683772161607e-14,0.0,0.0,0.0,0.0,322.83692106979794,0.0,0.0,0.0,3044,8301,5257
2020-11-27T05:00:00,5580.0,0.0,0.0,0.0,0.0,0.0,198.83692106979805,0.0,0.0,0.0,3045,8426,5381
2020-11-27T06:00:00,5580.0,0.0,0.0,0.0,0.0,0.0,0.0,293.1630789302018,0.0,0.0,2897,8770,5873
2020-11-27T07:00:00,5580.0,5.456968210637569e-13,0.0,0.0,0.0,0.0,0.0,310.1630789302015,0.0,0.0,3192,9082,5890
2020-11-27T08:00:00,5580.0,0.0,0.0,0.0,0.0,0.0,343.8369210697982,0.0,0.0,0.0,4179,9415,5236
2020-11-27T09:00:00,5580.0,0.0,0.0,0.0,0.0,0.0,328.8369210697982,0.0,0.0,0.0,4505,9756,5251
2020-11-27T10:00:00,5580.0,0.0,0.0,0.0,0.0,0.0,0.0,559.1630789302031,0.0,0.0,3703,9842,6139
2020-11-27T11:00:00,5580.0,0.0,0.0,0.0,0.0,0.0,458.8369210697982,0.0,0.0,0.0,4835,9956,5121
2020-11-27T12:00:00,5580.0,0.0,0.0,0.0,0.0,0.0,0.0,593.1630789302018,0.0,0.0,4097,10270,6173
2020-11-27T13:00:00,5580.0,0.0,0.0,0.0,0.0,0.0,0.0,130.16307893020178,0.0,0.0,4108,9818,5710
2020-11-27T14:00:00,5580.0,0.0,0.0,0.0,0.0,0.0,270.8369210697982,0.0,0.0,0.0,4170,9479,5309
2020-11-27T15:00:00,5580.0,0.0,0.0,0.0,0.0,0.0,446.8369210697982,0.0,0.0,0.0,4128,9261,5133
2020-11-27T16:00:00,5580.0,5.456968210637569e-13,0.0,0.0,0.0,0.0,568.8369210697986,0.0,0.0,0.0,4175,9186,5011
2020-11-27T17:00:00,5580.0,-2.2737367544323207e-14,210.0,0.0,0.0,0.0,54.836921069798024,0.0,0.0,0.0,4059,9794,5735
2020-11-27T18:00:00,5580.0,1.3642420526593928e-13,540.0,0.0,0.0,0.0,0.0,833.1630789302019,0.0,0.0,3244,10197,6953
2020-11-27T19:00:00,5580.0,3.637978807091713e-13,369.1630789302021,0.0,0.0,0.0,0.0,0.0,0.0,0.0,4128,10077,5949
2020-11-27T20:00:00,5580.0,5.456968210637569e-13,318.16307893020144,0.0,0.0,0.0,0.0,0.0,0.0,0.0,3563,9461,5898
2020-11-27T21:00:00,5580.0,3.637978807091713e-13,210.0,0.0,0.0,0.0,55.836921069798336,0.0,0.0,0.0,3238,8972,5734
2020-11-27T22:00:00,5580.0,5.456968210637569e-13,210.0,0.0,0.0,0.0,52.836921069798336,0.0,0.0,0.0,3620,9357,5737
2020-11-27T23:00:00,5580.0,9.379164112033324e-14,540.0,0.0,0.0,111.1630789302016,0.0,1200.0,0.0,0.0,2287,9718,7431
2020-11-28T00:00:00,5580.0,0.0,540.0,0.0,0.0,923.1630789302036,0.0,0.0,0.0,0.0,2253,9296,7043
2020-11-28T01:00:00,5580.0,1.0913936421275138e-12,540.0,0.0,0.0,30.163078930201436,0.0,0.0,0.0,0.0,2761,8911,6150
2020-11-28T02:00:00,5580.0,0.0,0.0,0.0,0.0,489.1630789302019,0.0,0.0,0.0,0.0,2457,8526,6069
2020-11-28T03:00:00,5580.0,-1.4551915228366853e-12,0.0,0.0,0.0,158.16307893020257,0.0,0.0,0.0,0.0,2252,7990,5738
2020-11-28T04:00:00,5580.0,-2.273736754432321e-13,0.0,0.0,0.0,0.0,176.83692106979697,0.0,0.0,0.0,2357,7760,5403
2020-11-28T05:00:00,5580.0,-3.637978807091713e-13,0.0,0.0,0.0,0.0,122.83692106979788,0.0,0.0,0.0,2318,7775,5457
2020-11-28T06:00:00,5580.0,-3.637978807091713e-13,0.0,0.0,0.0,0.0,685.8369210697979,0.0,0.0,0.0,3069,7963,4894
2020-11-28T07:00:00,5394.1630789302035,-3.637978807091713e-13,0.0,0.0,0.0,0.0,1200.0,0.0,0.0,0.0,3938,8132,4194
2020-11-28T08:00:00,5212.1630789302035,-3.637978807091713e-13,0.0,0.0,0.0,0.0,1200.0,0.0,0.0,0.0,4445,8457,4012
2020-11-28T09:00:00,5338.1630789302035,-3.637978807091713e-13,0.0,0.0,0.0,0.0,1200.0,0.0,0.0,0.0,4731,8869,4138
2020-11-28T10:00:00,5580.0,5.456968210637569e-13,0.0,0.0,0.0,0.0,1108.8369210697983,0.0,0.0,0.0,4698,9169,4471
2020-11-28T11:00:00,5580.0,-3.637978807091713e-13,0.0,0.0,0.0,0.0,1039.8369210697972,0.0,0.0,0.0,4850,9390,4540
2020-11-28T12:00:00,5580.0,-3.637978807091713e-13,0.0,0.0,0.0,0.0,765.8369210697979,0.0,0.0,0.0,4907,9721,4814
2020-11-28T13:00:00,5580.0,-3.637978807091713e-13,0.0,0.0,0.0,0.0,1178.8369210697967,0.0,0.0,0.0,4737,9138,4401
2020-11-28T14:00:00,5251.1630789302035,-3.637978807091713e-13,0.0,0.0,0.0,0.0,1200.0,0.0,0.0,0.0,4614,8665,4051
2020-11-28T15:00:00,4872.1630789302035,-3.637978807091713e-13,0.0,0.0,0.0,0.0,1200.0,0.0,0.0,0.0,4739,8411,3672
2020-11-28T16:00:00,5002.1630789302035,-3.637978807091713e-13,0.0,0.0,0.0,0.0,1200.0,0.0,0.0,0.0,4613,8415,3802
2020-11-28T17:00:00,5580.0,-3.637978807091713e-13,0.0,0.0,0.0,0.0,863.836921069797,0.0,0.0,0.0,4463,9179,4716
2020-11-28T18:00:00,5580.0,-3.637978807091713e-13,0.0,0.0,0.0,0.0,0.0,137.16307893020212,0.0,0.0,4115,9832,5717
2020-11-28T19:00:00,5580.0,-5.456968210637569e-13,1080.0,0.0,0.0,0.0,0.0,56.16307893020257,0.0,0.0,3355,10071,6716
2020-11-28T20:00:00,5580.0,5.456968210637569e-13,824.8708414872804,0.0,0.0,0.0,26.70776255707945,0.0,0.0,0.0,3350,9728,6378
2020-11-28T21:00:00,5580.0,7.275957614183425e-13,630.0,0.0,0.0,0.0,11.836921069799246,0.0,0.0,0.0,3055,9253,6198
2020-11-28T22:00:00,5580.0,-3.637978807091713e-13,630.0,0.0,0.0,0.0,108.83692106979788,0.0,0.0,0.0,3464,9565,6101
2020-11-28T23:00:00,5580.0,-1.4551915228366853e-12,2160.0,0.0,0.0,0.0,0.0,33.16307893020439,0.0,0.0,2080,9853,7773
2020-11-29T00:00:00,5580.0,4.0927261579781777e-13,1899.163078930202,0.0,0.0,0.0,0.0,0.0,0.0,0.0,2027,9506,7479
2020-11-29T01:00:00,5580.0,0.0,968.1630789302023,0.0,0.0,0.0,0.0,0.0,0.0,0.0,2693,9241,6548
2020-11-29T02:00:00,5580.0,0.0,1021.1630789302023,0.0,0.0,0.0,0.0,0.0,0.0,0.0,2397,8998,6601
2020-11-29T03:00:00,5580.0,0.0,1019.1630789302023,0.0,0.0,0.0,0.0,0.0,0.0,0.0,2042,8641,6599
2020-11-29T04:00:00,5580.0,5.456968210637569e-13,1115.1630789302014,0.0,0.0,0.0,0.0,0.0,0.0,0.0,1973,8668,6695
2020-11-29T05:00:00,5580.0,1.818989403545857e-13,1431.1630789302021,0.0,0.0,0.0,0.0,0.0,0.0,0.0,2306,9317,7011
2020-11-29T06:00:00,5580.0,0.0,2101.163078930202,0.0,0.0,0.0,0.0,0.0,0.0,0.0,2920,10601,7681
2020-11-29T07:00:00,5580.0,0.0,2160.0,0.0,0.0,0.0,0.0,29.16307893020222,0.0,0.0,3782,11551,7769
2020-11-29T08:00:00,5580.0,0.0,1620.0,0.0,0.0,445.1630789302021,0.0,1200.0,0.0,0.0,2832,11677,8845
2020-11-29T09:00:00,5580.0,0.0,540.0,0.0,0.0,0.0,0.0,949.1630789302022,0.0,0.0,4532,11601,7069
2020-11-29T10:00:00,5580.0,0.0,540.0,0.0,0.0,0.0,0.0,637.1630789302022,0.0,0.0,4615,11372,6757
2020-11-29T11:00:00,5580.0,0.0,540.0,0.0,0.0,0.0,0.0,231.16307893020223,0.0,0.0,4902,11253,6351
2020-11-29T12:00:00,5580.0,0.0,0.0,0.0,0.0,0.0,0.0,896.1630789302022,0.0,0.0,4684,11160,6476
2020-11-29T13:00:00,5580.0,5.456968210637569e-13,0.0,0.0,0.0,0.0,0.0,355.1630789302015,0.0,0.0,4937,10872,5935
2020-11-29T14:00:00,5580.0,0.0,0.0,0.0,0.0,0.0,0.0,29.16307893020222,0.0,0.0,5050,10659,5609
2020-11-29T15:00:00,5580.0,0.0,0.0,0.0,0.0,0.0,429.83692106979777,0.0,0.0,0.0,5354,10504,5150
2020-11-29T16:00:00,5580.0,0.0,0.0,0.0,0.0,0.0,0.0,5.163078930202223,0.0,0.0,4994,10579,5585
2020-11-29T17:00:00,5580.0,1.818989403545857e-13,1079.1630789302021,0.0,0.0,0.0,0.0,0.0,0.0,0.0,4702,11361,6659
2020-11-29T18:00:00,5580.0,9.094947017729285e-14,1620.0,0.0,0.0,0.0,0.0,633.1630789302021,0.0,0.0,4205,12038,7833
2020-11-29T19:00:00,5580.0,3.637978807091713e-13,1620.0,0.0,0.0,0.0,0.0,607.1630789302017,0.0,0.0,4188,11995,7807
2020-11-29T20:00:00,5580.0,5.456968210637569e-13,1953.1630789302017,0.0,0.0,0.0,0.0,0.0,0.0,0.0,3623,11156,7533
2020-11-29T21:00:00,5580.0,5.456968210637569e-13,2160.0,0.0,0.0,0.0,0.0,814.1630789302017,0.0,0.0,1932,10486,8554
2020-11-29T22:00:00,5580.0,5.456968210637569e-13,2160.0,0.0,0.0,0.0,0.0,1173.1630789302017,0.0,0.0,1788,10701,8913
2020-11-29T23:00:00,5580.0,5.456968210637569e-13,2160.0,0.0,0.0,274.1630789302015,0.0,1200.0,0.0,0.0,1670,10884,9214
2020-11-30T00:00:00,5580.0,0.0,1898.1630789302017,0.0,0.0,0.0,0.0,0.0,0.0,0.0,2874,10352,7478
2020-11-30T01:00:00,5580.0,0.0,2160.0,0.0,0.0,0.0,0.0,707.1630789302012,0.0,0.0,1624,10071,8447
2020-11-30T02:00:00,5580.0,0.0,2160.0,0.0,0.0,0.0,0.0,512.1630789302017,0.0,0.0,1546,9798,8252
2020-11-30T03:00:00,5580.0,0.0,2160.0,0.0,0.0,0.0,0.0,84.16307893020166,0.0,0.0,1593,9417,7824
2020-11-30T04:00:00,5580.0,0.0,1915.1630789302017,0.0,0.0,0.0,0.0,0.0,0.0,0.0,1917,9412,7495
2020-11-30T05:00:00,5580.0,0.0,2135.1630789302017,0.0,0.0,0.0,0.0,0.0,0.0,0.0,2264,9979,7715
2020-11-30T06:00:00,5580.0,0.0,2160.0,0.0,0.0,412.16307893020166,0.0,0.0,0.0,0.0,3054,11206,8152
2020-11-30T07:00:00,5580.0,0.0,2160.0,0.0,0.0,2475.1630789302017,0.0,0.0,0.0,0.0,1896,12111,10215
2020-11-30T08:00:00,5580.0,0.0,2160.0,0.0,0.0,167.16307893020166,0.0,0.0,0.0,0.0,4246,12153,7907
2020-11-30T09:00:00,5580.0,0.0,1946.1630789302017,0.0,0.0,0.0,0.0,0.0,0.0,0.0,4474,12000,7526
2020-11-30T10:00:00,5580.0,0.0,1591.163078930203,0.0,0.0,0.0,0.0,0.0,0.0,0.0,4540,11711,7171
2020-11-30T11:00:00,5580.0,0.0,1319.1630789302017,0.0,0.0,0.0,0.0,0.0,0.0,0.0,4660,11559,6899
2020-11-30T12:00:00,5580.0,0.0,1736.1630789302017,0.0,0.0,0.0,0.0,0.0,0.0,0.0,4104,11420,7316
2020-11-30T13:00:00,5580.0,0.0,1316.1630789302017,0.0,0.0,0.0,0.0,0.0,0.0,0.0,4202,11098,6896
2020-11-30T14:00:00,5580.0,0.0,1136.1630789302035,0.0,0.0,0.0,0.0,0.0,0.0,0.0,4195,10911,6716
2020-11-30T15:00:00,5580.0,0.0,1147.713850837139,0.0,0.0,0.0,165.55077190693555,0.0,0.0,0.0,4245,10807,6562
2020-11-30T16:00:00,5580.0,0.0,1352.1630789302017,0.0,0.0,0.0,0.0,0.0,0.0,0.0,3996,10928,6932
2020-11-30T17:00:00,5580.0,0.0,2160.0,0.0,0.0,0.0,0.0,124.16307893020166,0.0,0.0,3858,11722,7864
2020-11-30T18:00:00,5580.0,5.456968210637569e-13,2160.0,0.0,0.0,580.1630789302012,0.0,0.0,0.0,0.0,4048,12368,8320
2020-11-30T19:00:00,5580.0,0.0,2160.0,0.0,0.0,495.1630789302012,0.0,0.0,0.0,0.0,4022,12257,8235
2020-11-30T20:00:00,5580.0,0.0,2160.0,0.0,0.0,173.16307893020166,0.0,0.0,0.0,0.0,3456,11369,7913
2020-11-30T21:00:00,5580.0,0.0,1916.1630789302012,0.0,0.0,0.0,0.0,0.0,0.0,0.0,3174,10670,7496
2020-11-30T22:00:00,5580.0,0.0,1844.1630789302012,0.0,0.0,0.0,0.0,0.0,0.0,0.0,3427,10851,7424
2020-11-30T23:00:00,5580.0,0.0,1880.1630789302012,0.0,0.0,0.0,0.0,0.0,0.0,0.0,3550,11010,7460
2020-12-01T00:00:00,5580.0,0.0,2160.0,0.0,0.0,1592.1630789302014,0.0,0.0,0.0,0.0,1181,10513,9332
2020-12-01T01:00:00,5580.0,1.3642420526593928e-13,2160.0,0.0,0.0,22.1630789302028,0.0,0.0,0.0,0.0,2481,10243,7762
2020-12-01T02:00:00,5580.0,1.818989403545857e-13,2160.0,0.0,0.0,58.163078930203184,0.0,0.0,0.0,0.0,2186,9984,7798
2020-12-01T03:00:00,5580.0,1.3642420526593928e-13,1978.1630789302033,0.0,0.0,0.0,0.0,0.0,0.0,0.0,2054,9612,7558
2020-12-01T04:00:00,5580.0,0.0,2057.1630789302026,0.0,0.0,0.0,0.0,0.0,0.0,0.0,1979,9616,7637
2020-12-01T05:00:00,5580.0,9.094947017729285e-14,2160.0,0.0,0.0,175.16307893020328,0.0,0.0,0.0,0.0,2286,10201,7915
2020-12-01T06:00:00,5580.0,3.637978807091713e-13,2160.0,0.0,0.0,671.1630789302012,0.0,0.0,0.0,0.0,3045,11456,8411
2020-12-01T07:00:00,5580.0,3.637978807091713e-13,2160.0,0.0,0.0,1141.1630789302017,0.0,0.0,0.0,0.0,3520,12401,8881
2020-12-01T08:00:00,5580.0,3.637978807091713e-13,2160.0,0.0,0.0,697.1630789302012,0.0,0.0,0.0,0.0,4050,12487,8437
2020-12-01T09:00:00,5580.0,3.637978807091713e-13,2160.0,0.0,0.0,176.16307893020303,0.0,0.0,0.0,0.0,4446,12362,7916
2020-12-01T10:00:00,5580.0,-5.456968210637569e-13,2160.0,0.0,0.0,1045.1630789302017,0.0,0.0,0.0,0.0,3314,12099,8785
2020-12-01T11:00:00,5580.0,3.637978807091713e-13,2160.0,0.0,0.0,0.0,464.836921069797,0.0,0.0,0.0,4648,11923,7275
2020-12-01T12:00:00,5580.0,3.637978807091713e-13,1453.163078930203,0.0,0.0,0.0,0.0,0.0,0.0,0.0,4711,11744,7033
2020-12-01T13:00:00,5580.0,3.637978807091713e-13,1251.1630789302021,0.0,0.0,0.0,0.0,0.0,0.0,0.0,4576,11407,6831
2020-12-01T14:00:00,5580.0,3.637978807091713e-13,1169.163078930203,0.0,0.0,0.0,0.0,0.0,0.0,0.0,4440,11189,6749
2020-12-01T15:00:00,5580.0,3.637978807091713e-13,1316.163078930203,0.0,0.0,0.0,0.0,0.0,0.0,0.0,4157,11053,6896
2020-12-01T16:00:00,5580.0,1.818989403545857e-13,1931.163078930203,0.0,0.0,0.0,0.0,0.0,0.0,0.0,3671,11182,7511
2020-12-01T17:00:00,5580.0,3.637978807091713e-13,2160.0,0.0,0.0,650.5353881278539,0.0,348.62769080234773,0.0,0.0,3253,11992,8739
2020-12-01T18:00:00,5580.0,3.8653524825349454e-13,2160.0,0.0,0.0,862.1630789302017,0.0,0.0,0.0,0.0,4061,12663,8602
2020-12-01T19:00:00,5580.0,1.3642420526593928e-13,2160.0,0.0,0.0,847.163078930201,0.0,0.0,0.0,0.0,3987,12574,8587
2020-12-01T20:00:00,5580.0,3.637978807091713e-13,2160.0,0.0,0.0,479.1630789302012,0.0,0.0,0.0,0.0,3489,11708,8219
2020-12-01T21:00:00,5580.0,1.3642420526593928e-13,2160.0,0.0,0.0,253.16307893020323,0.0,0.0,0.0,0.0,3021,11014,7993
2020-12-01T22:00:00,5580.0,0.0,2099.1630789302026,0.0,0.0,0.0,0.0,0.0,0.0,0.0,3517,11196,7679
2020-12-01T23:00:00,5580.0,3.637978807091713e-13,2160.0,0.0,0.0,1765.1630789302017,0.0,0.0,0.0,0.0,1842,11347,9505
2020-12-02T00:00:00,5580.0,0.0,2160.0,58.5,85.5,1284.1630789302012,0.0,0.0,0.0,0.0,1686,10854,9168
2020-12-02T01:00:00,5580.0,0.0,2160.0,58.5,85.5,291.163078930203,0.0,0.0,0.0,0.0,2414,10589,8175
2020-12-02T02:00:00,5580.0,0.0,2160.0,58.5,85.5,1226.1630789302008,0.0,0.0,0.0,0.0,1224,10334,9110
2020-12-02T03:00:00,5580.0,0.0,2160.0,58.5,85.5,387.16307893020166,0.0,0.0,0.0,0.0,1689,9960,8271
2020-12-02T04:00:00,5580.0,0.0,2160.0,58.5,85.5,938.1630789302012,0.0,0.0,0.0,0.0,1140,9962,8822
2020-12-02T05:00:00,5580.0,-2.728484105318785e-13,2160.0,58.5,85.5,1101.1630789302017,0.0,0.0,0.0,0.0,1566,10551,8985
2020-12-02T06:00:00,5580.0,-3.4106051316484814e-14,2160.0,58.5,85.5,2711.1630789302017,0.0,0.0,0.0,0.0,1204,11799,10595
2020-12-02T07:00:00,5580.0,0.0,2160.0,58.5,85.5,3317.1630789302017,0.0,0.0,0.0,0.0,1548,12749,11201
2020-12-02T08:00:00,5580.0,0.0,2160.0,58.5,85.5,2129.1630789302017,0.0,0.0,0.0,0.0,2818,12831,10013
2020-12-02T09:00:00,5580.0,0.0,2160.0,58.5,85.5,1492.1630789302017,0.0,0.0,0.0,0.0,3316,12692,9376
2020-12-02T10:00:00,5580.0,0.0,2160.0,58.5,85.5,1182.1630789302017,0.0,0.0,0.0,0.0,3347,12413,9066
2020-12-02T11:00:00,5580.0,0.0,2160.0,58.5,85.5,478.16307893020166,0.0,0.0,0.0,0.0,3843,12205,8362
2020-12-02T12:00:00,5580.0,0.0,2160.0,58.5,85.5,0.0,45.836921069798336,0.0,0.0,0.0,4169,12007,7838
2020-12-02T13:00:00,5580.0,0.0,2160.0,58.5,85.5,0.0,497.8369210697965,0.0,0.0,0.0,4263,11649,7386
2020-12-02T14:00:00,5580.0,0.0,2160.0,58.5,85.5,0.0,663.8369210697983,0.0,0.0,0.0,4184,11404,7220
2020-12-02T15:00:00,5580.0,0.0,2160.0,58.5,85.5,0.0,447.83692106979834,0.0,0.0,0.0,3845,11281,7436
2020-12-02T16:00:00,5580.0,0.0,2160.0,58.5,85.5,0.0,61.836921069798336,0.0,0.0,0.0,3604,11426,7822
2020-12-02T17:00:00,5580.0,0.0,2160.0,58.5,85.5,0.0,0.0,764.1630789302017,0.0,0.0,3605,12253,8648
2020-12-02T18:00:00,5580.0,0.0,2160.0,58.5,85.5,1860.437703848661,0.0,523.7253750815407,0.0,0.0,2644,12912,10268
2020-12-02T19:00:00,5580.0,0.0,2160.0,58.5,85.5,2597.1630789302008,0.0,0.0,0.0,0.0,2324,12805,10481
2020-12-02T20:00:00,5580.0,0.0,2160.0,58.5,85.5,2031.1630789302008,0.0,0.0,0.0,0.0,2006,11921,9915
2020-12-02T21:00:00,5580.0,272.0,2160.0,58.5,85.5,1181.163078930202,0.0,0.0,0.0,0.0,1890,11227,9337
2020-12-02T22:00:00,5580.0,1447.2,2160.0,58.5,85.5,198.9630789302014,0.0,0.0,0.0,0.0,1864,11394,9530
2020-12-02T23:00:00,5580.0,657.1630789302013,2160.0,58.5,85.5,0.0,0.0,0.0,0.0,0.0,2984,11525,8541
2020-12-03T00:00:00,5580.0,831.3990233193273,2160.0,58.5,85.5,537.7640556108738,0.0,0.0,0.0,0.0,1711,10964,9253
2020-12-03T01:00:00,5580.0,288.0,2160.0,58.5,85.5,1035.1630789302008,0.0,0.0,0.0,0.0,1470,10677,9207
2020-12-03T02:00:00,5580.0,0.0,2160.0,58.5,85.5,1073.1630789302008,0.0,0.0,0.0,0.0,1448,10405,8957
2020-12-03T03:00:00,5580.0,0.0,2160.0,58.5,85.5,608.1630789302017,0.0,0.0,0.0,0.0,1531,10023,8492
2020-12-03T04:00:00,5580.0,0.0,2160.0,58.5,85.5,626.1630789302017,0.0,0.0,0.0,0.0,1505,10015,8510
2020-12-03T05:00:00,5580.0,0.0,2160.0,58.5,85.5,1143.1630789302017,0.0,0.0,0.0,0.0,1560,10587,9027
2020-12-03T06:00:00,5580.0,0.0,2160.0,58.5,85.5,2315.1630789302017,0.0,0.0,0.0,0.0,1659,11858,10199
2020-12-03T07:00:00,5580.0,0.0,2160.0,58.5,85.5,2930.1630789302017,0.0,0.0,0.0,0.0,2036,12850,10814
2020-12-03T08:00:00,5580.0,0.0,2160.0,58.5,85.5,2290.1630789302017,0.0,0.0,0.0,0.0,2762,12936,10174
2020-12-03T09:00:00,5580.0,0.0,2160.0,58.5,85.5,1155.1630789302017,0.0,0.0,0.0,0.0,3790,12829,9039
2020-12-03T10:00:00,5580.0,0.0,2160.0,58.5,85.5,401.16307893020166,0.0,0.0,0.0,0.0,4304,12589,8285
2020-12-03T11:00:00,5580.0,0.0,2160.0,58.5,85.5,0.0,57.836921069798336,0.0,0.0,0.0,4586,12412,7826
2020-12-03T12:00:00,5580.0,0.0,2160.0,58.5,85.5,0.0,415.83692106979834,0.0,0.0,0.0,4756,12224,7468
2020-12-03T13:00:00,5580.0,0.0,2160.0,58.5,85.5,0.0,900.8369210697984,0.0,0.0,0.0,4813,11796,6983
2020-12-03T14:00:00,5580.0,0.0,2160.0,35.66307893020348,85.5,0.0,1200.0,0.0,0.0,0.0,4841,11502,6661
2020-12-03T15:00:00,5580.0,0.0,2160.0,58.5,85.5,0.0,1109.8369210697983,0.0,0.0,0.0,4500,11274,6774
2020-12-03T16:00:00,5580.0,0.0,2160.0,58.5,85.5,0.0,804.8369210697965,0.0,0.0,0.0,4205,11284,7079
2020-12-03T17:00:00,5580.0,0.0,2160.0,58.5,85.5,0.0,0.0,314.16307893020166,0.0,0.0,3831,12029,8198
2020-12-03T18:00:00,5580.0,0.0,2160.0,58.5,85.5,145.16307893020075,0.0,1200.0,0.0,0.0,3300,12529,9229
2020-12-03T19:00:00,5580.0,-3.637978807091713e-13,2160.0,58.5,85.5,351.16307893020166,0.0,1200.0,0.0,0.0,3003,12438,9435
2020-12-03T20:00:00,5580.0,560.0,2160.0,58.5,85.5,0.0,0.0,435.1630789302007,0.0,0.0,2818,11697,8879
2020-12-03T21:00:00,5580.0,560.0000000000001,2160.0,58.5,85.5,0.0,67.83692106979925,0.0,0.0,0.0,2756,11132,8376
2020-12-03T22:00:00,5580.0,1053.1630789302021,2160.0,58.5,85.5,0.0,0.0,0.0,0.0,0.0,2448,11385,8937
2020-12-03T23:00:00,5580.0,1116.1630789302017,2160.0,58.5,85.5,0.0,0.0,0.0,0.0,0.0,2546,11546,9000
2020-12-04T00:00:00,5580.0,0.0,2160.0,58.5,85.5,0.0,5.836921069796517,0.0,0.0,0.0,3034,10912,7878
2020-12-04T01:00:00,5580.0,0.0,2160.0,58.5,85.5,229.3454011741644,0.0,272.8176777560368,0.0,0.0,2161,10547,8386
2020-12-04T02:00:00,5580.0,0.0,2160.0,58.5,85.5,14.163078930203485,0.0,0.0,0.0,0.0,2327,10225,7898
2020-12-04T03:00:00,5580.0,1.3642420526593928e-13,2160.0,58.5,85.5,0.0,111.83692106979764,0.0,0.0,0.0,2000,9772,7772
2020-12-04T04:00:00,5580.0,1.3642420526593928e-13,2160.0,58.5,85.5,0.0,232.83692106979765,0.0,0.0,0.0,1962,9613,7651
2020-12-04T05:00:00,5580.0,-1.818989403545857e-13,2160.0,58.5,85.5,0.0,0.0,76.16307893020337,0.0,0.0,1855,9815,7960
2020-12-04T06:00:00,5580.0,0.0,2160.0,58.5,85.5,281.8207762557081,0.0,182.3423026744931,0.0,0.0,1900,10248,8348
2020-12-04T07:00:00,5580.0,0.0,2160.0,58.5,85.5,0.0,973.8369210697964,0.0,0.0,0.0,3766,10676,6910
2020-12-04T08:00:00,5580.0,0.0,2160.0,58.5,85.5,0.0,1110.836921069797,0.0,0.0,0.0,4310,11083,6773
2020-12-04T09:00:00,5580.0,0.0,2160.0,58.5,85.5,0.0,0.0,295.163078930203,0.0,0.0,3176,11355,8179
2020-12-04T10:00:00,5580.0,0.0,1867.1630789302012,0.0,0.0,0.0,1200.0,0.0,0.0,0.0,5053,11300,6247
2020-12-04T11:00:00,5580.0,0.0,2160.0,58.5,85.5,0.0,507.836921069797,0.0,0.0,0.0,3887,11263,7376
2020-12-04T12:00:00,5580.0,0.0,1585.163078930203,0.0,0.0,0.0,1200.0,0.0,0.0,0.0,5471,11436,5965
2020-12-04T13:00:00,5580.0,0.0,1132.163078930203,0.0,0.0,0.0,1200.0,0.0,0.0,0.0,5425,10937,5512
2020-12-04T14:00:00,5457.1630789302035,0.0,840.0,0.0,0.0,0.0,1200.0,0.0,0.0,0.0,5471,10568,5097
2020-12-04T15:00:00,5580.0,0.0,2090.163078930203,0.0,0.0,0.0,1200.0,0.0,0.0,0.0,3911,10381,6470
2020-12-04T16:00:00,5580.0,0.0,1047.1630789302035,0.0,0.0,0.0,1200.0,0.0,0.0,0.0,5025,10452,5427
2020-12-04T17:00:00,5580.0,0.0,2160.0,58.5,0.0,0.0,1140.336921069797,0.0,0.0,0.0,4552,11210,6658
2020-12-04T18:00:00,5580.0,1.818989403545856e-13,2160.0,58.5,85.5,0.0,1067.836921069797,0.0,0.0,0.0,4827,11643,6816
2020-12-04T19:00:00,5580.0,-1.818989403545857e-13,2160.0,58.5,85.5,0.0,734.8369210697986,0.0,0.0,0.0,4413,11562,7149
2020-12-04T20:00:00,5580.0,0.0,2160.0,58.5,85.5,0.0,907.8369210697964,0.0,0.0,0.0,3913,10889,6976
2020-12-04T21:00:00,5580.0,272.0,2160.0,58.5,85.5,0.0,0.0,422.1630789302007,0.0,0.0,1794,10372,8578
2020-12-04T22:00:00,5580.0,409.00000000000006,2160.0,20.0,36.16307893020244,0.0,1200.0,0.0,0.0,0.0,3723,10728,7005
2020-12-04T23:00:00,5580.0,1060.2000000000003,2160.0,58.5,85.5,627.9630789302005,0.0,0.0,0.0,0.0,1492,11064,9572
2020-12-05T00:00:00,5580.0,1060.2,2160.0,58.5,85.5,0.0,0.0,261.9630789302014,0.0,0.0,1420,10626,9206
2020-12-05T01:00:00,5580.0,137.00000000000023,2160.0,58.5,85.5,0.0,0.0,880.1630789302023,0.0,0.0,1371,10272,8901
2020-12-05T02:00:00,5580.0,0.0,2160.0,58.5,85.5,0.0,540.8369210697982,0.0,0.0,0.0,2569,9912,7343
2020-12-05T03:00:00,5580.0,0.0,2160.0,58.5,85.5,0.0,697.8369210697979,0.0,0.0,0.0,2202,9388,7186
2020-12-05T04:00:00,5580.0,0.0,2160.0,58.5,85.5,0.0,858.8369210697961,0.0,0.0,0.0,2110,9135,7025
2020-12-05T05:00:00,5580.0,2.2737367544323216e-13,2160.0,58.5,85.5,0.0,1058.8369210697983,0.0,0.0,0.0,2349,9174,6825
2020-12-05T06:00:00,5580.0,3.637978807091713e-13,2160.0,58.5,85.5,0.0,0.0,25.163078930201664,0.0,0.0,1473,9382,7909
2020-12-05T07:00:00,5580.0,3.637978807091713e-13,1344.1630789302014,0.0,0.0,0.0,1200.0,0.0,0.0,0.0,3888,9612,5724
2020-12-05T08:00:00,5580.0,3.637978807091713e-13,1209.1630789302012,0.0,0.0,0.0,1200.0,0.0,0.0,0.0,4400,9989,5589
2020-12-05T09:00:00,5580.0,3.637978807091713e-13,1292.1630789302014,0.0,0.0,0.0,1200.0,0.0,0.0,0.0,4771,10443,5672
2020-12-05T10:00:00,5580.0,5.456968210637569e-13,2160.0,58.5,85.5,0.0,550.8369210697983,0.0,0.0,0.0,3432,10765,7333
2020-12-05T11:00:00,5580.0,3.637978807091713e-13,2160.0,58.5,85.5,0.0,661.8369210697983,0.0,0.0,0.0,3746,10968,7222
2020-12-05T12:00:00,5580.0,3.637978807091713e-13,1528.1630789302012,0.0,0.0,0.0,1200.0,0.0,0.0,0.0,5374,11282,5908
2020-12-05T13:00:00,5580.0,3.637978807091713e-13,2160.0,58.5,85.5,0.0,939.8369210697964,0.0,0.0,0.0,3808,10752,6944
2020-12-05T14:00:00,5580.0,3.637978807091713e-13,2160.0,58.5,85.5,0.0,1186.8369210697983,0.0,0.0,0.0,3631,10328,6697
2020-12-05T15:00:00,5322.163078930202,3.637978807091713e-13,840.0,0.0,0.0,0.0,1200.0,0.0,0.0,0.0,5196,10158,4962
2020-12-05T16:00:00,5580.0,3.637978807091713e-13,2160.0,58.5,85.5,0.0,835.8369210697983,0.0,0.0,0.0,3196,10244,7048
2020-12-05T17:00:00,5580.0,-1.5916157281026248e-13,2160.0,58.5,85.5,0.0,0.0,173.16307893020212,0.0,0.0,2961,11018,8057
2020-12-05T18:00:00,5580.0,1.3642420526593928e-13,2160.0,58.5,85.5,126.16307893020098,0.0,1200.0,0.0,0.0,2365,11575,9210
2020-12-05T19:00:00,5580.0,1.3642420526593928e-13,2160.0,58.5,85.5,0.0,835.8369210697977,0.0,0.0,0.0,4540,11588,7048
2020-12-05T20:00:00,5580.0,3.637978807091713e-13,2160.0,58.5,85.5,523.1630789302017,0.0,1200.0,0.0,0.0,1496,11103,9607
2020-12-05T21:00:00,5580.0,4.638238099723923e-13,2160.0,0.0,73.1630789302013,0.0,1200.0,0.0,0.0,0.0,3929,10542,6613
2020-12-05T22:00:00,5580.0,-9.094947017729285e-14,2160.0,58.5,85.5,0.0,994.836921069796,0.0,0.0,0.0,3879,10768,6889
2020-12-05T23:00:00,5580.0,0.0,2160.0,58.5,85.5,0.0,805.8369210697983,0.0,0.0,0.0,3911,10989,7078
2020-12-06T00:00:00,5580.0,5.456968210637569e-13,2160.0,58.5,85.5,0.0,733.8369210697974,0.0,0.0,0.0,3477,10627,7150
2020-12-06T01:00:00,5580.0,5.456968210637569e-13,2160.0,58.5,85.5,0.0,555.8369210697974,0.0,0.0,0.0,3030,10358,7328
2020-12-06T02:00:00,5580.0,5.456968210637569e-13,2160.0,58.5,85.5,0.0,0.0,987.1630789302008,0.0,0.0,1239,10110,8871
2020-12-06T03:00:00,5580.0,-1.0913936421275138e-12,2160.0,58.5,85.5,0.0,0.0,596.1630789302017,0.0,0.0,1247,9727,8480
2020-12-06T04:00:00,5580.0,0.0,2160.0,58.5,85.5,0.0,246.83692106979743,0.0,0.0,0.0,2098,9735,7637
2020-12-06T05:00:00,5580.0,5.456968210637569e-13,2160.0,58.5,85.5,115.16307893020075,0.0,1200.0,0.0,0.0,1183,10382,9199
2020-12-06T06:00:00,5580.0,-3.907985046680551e-13,2160.0,58.5,85.5,0.0,0.0,741.163078930201,0.0,0.0,3045,11670,8625
2020-12-06T07:00:00,5580.0,-3.637978807091713e-13,2160.0,58.5,85.5,1987.1630789302008,0.0,1200.0,0.0,0.0,1648,12719,11071
2020-12-06T08:00:00,5580.0,-3.637978807091713e-13,2160.0,58.5,85.5,0.0,0.0,766.1630789302012,0.0,0.0,4317,12967,8650
2020-12-06T09:00:00,5580.0,-3.637978807091713e-13,2160.0,58.5,85.5,0.0,0.0,414.1630789302012,0.0,0.0,4692,12990,8298
2020-12-06T10:00:00,5580.0,-3.637978807091713e-13,2160.0,58.5,85.5,0.0,0.0,122.16307893020304,0.0,0.0,4931,12937,8006
2020-12-06T11:00:00,5580.0,-3.637978807091713e-13,2160.0,58.5,85.5,375.1630789302012,0.0,1200.0,0.0,0.0,3548,13007,9459
2020-12-06T12:00:00,5580.0,-3.637978807091713e-13,2160.0,58.5,85.5,0.0,282.836921069797,0.0,0.0,0.0,5401,13002,7601
2020-12-06T13:00:00,5580.0,5.456968210637569e-13,2160.0,58.5,85.5,0.0,460.8369210697974,0.0,0.0,0.0,5328,12751,7423
2020-12-06T14:00:00,5580.0,-3.637978807091713e-13,2160.0,58.5,85.5,0.0,761.836921069797,0.0,0.0,0.0,5402,12524,7122
2020-12-06T15:00:00,5580.0,-3.637978807091713e-13,2160.0,58.5,85.5,0.0,815.836921069797,0.0,0.0,0.0,5263,12331,7068
2020-12-06T16:00:00,5580.0,-3.637978807091713e-13,2160.0,58.5,85.5,0.0,628.836921069797,0.0,0.0,0.0,5074,12329,7255
2020-12-06T17:00:00,5580.0,-1.818989403545857e-13,2160.0,58.5,85.5,0.0,0.0,174.16307893020303,0.0,0.0,4846,12904,8058
2020-12-06T18:00:00,5580.0,-9.094947017729285e-14,2160.0,58.5,85.5,1860.1630789302008,0.0,1200.0,0.0,0.0,2305,13249,10944
2020-12-06T19:00:00,5580.0,-1.0913936421275138e-12,2160.0,58.5,85.5,1862.1630789302008,0.0,1200.0,0.0,0.0,2045,12991,10946
2020-12-06T20:00:00,5580.0,-1.0913936421275138e-12,2160.0,58.5,85.5,1389.1630789302008,0.0,1200.0,0.0,0.0,1611,12084,10473
2020-12-06T21:00:00,5580.0,5.456968210637569e-13,2160.0,58.5,85.5,0.0,176.83692106979743,0.0,0.0,0.0,3645,11352,7707
2020-12-06T22:00:00,5580.0,-1.3642420526593928e-13,2160.0,58.5,85.5,824.163078930201,0.0,1200.0,0.0,0.0,1559,11467,9908
2020-12-06T23:00:00,5580.0,0.0,2160.0,58.5,85.5,0.0,367.8369210697981,0.0,0.0,0.0,4025,11541,7516
2020-12-07T00:00:00,5580.0,0.0,2160.0,58.5,85.5,706.1630789302012,0.0,1200.0,0.0,0.0,1211,11001,9790
2020-12-07T01:00:00,5580.0,0.0,2160.0,58.5,85.5,435.1630789302026,0.0,1200.0,0.0,0.0,1127,10646,9519
2020-12-07T02:00:00,5580.0,-5.456968210637569e-13,2160.0,58.5,85.5,112.16307893020256,0.0,1200.0,0.0,0.0,1136,10332,9196
2020-12-07T03:00:00,5580.0,-5.456968210637569e-13,2160.0,58.5,85.5,0.0,209.83692106979743,0.0,0.0,0.0,2210,9884,7674
2020-12-07T04:00:00,5580.0,-5.456968210637569e-13,2160.0,58.5,85.5,0.0,0.0,731.1630789302026,0.0,0.0,1183,9798,8615
2020-12-07T05:00:00,5580.0,-3.637978807091713e-13,2160.0,58.5,85.5,14.163078930202118,0.0,1200.0,0.0,0.0,1219,10317,9098
2020-12-07T06:00:00,5580.0,-3.637978807091713e-13,2160.0,58.5,85.5,0.0,0.0,560.1630789302021,0.0,0.0,3068,11512,8444
2020-12-07T07:00:00,5580.0,-5.456968210637569e-13,2160.0,58.5,85.5,0.0,0.0,601.1630789302017,0.0,0.0,3991,12476,8485
2020-12-07T08:00:00,5580.0,-3.637978807091713e-13,2160.0,58.5,85.5,0.0,0.0,402.1630789302021,0.0,0.0,4349,12635,8286
2020-12-07T09:00:00,5580.0,-3.637978807091713e-13,2160.0,58.5,85.5,0.0,16.83692106979788,0.0,0.0,0.0,4731,12598,7867
2020-12-07T10:00:00,5580.0,-3.637978807091713e-13,2160.0,58.5,85.5,0.0,269.83692106979606,0.0,0.0,0.0,4977,12591,7614
2020-12-07T11:00:00,5580.0,-3.637978807091713e-13,2160.0,58.5,85.5,334.1630789302021,0.0,1200.0,0.0,0.0,3295,12713,9418
2020-12-07T12:00:00,5580.0,-3.637978807091713e-13,2160.0,58.5,85.5,315.1630789302021,0.0,1200.0,0.0,0.0,3334,12733,9399
2020-12-07T13:00:00,5580.0,-3.637978807091713e-13,2160.0,58.5,85.5,0.0,715.8369210697979,0.0,0.0,0.0,5299,12467,7168
2020-12-07T14:00:00,5580.0,-3.637978807091713e-13,2160.0,58.5,85.5,0.0,1022.836921069798,0.0,0.0,0.0,5377,12238,6861
2020-12-07T15:00:00,5580.0,-3.637978807091713e-13,2160.0,58.5,85.5,0.0,0.0,917.163078930202,0.0,0.0,3237,12038,8801
2020-12-07T16:00:00,5580.0,1.0231815394945445e-13,2160.0,58.5,85.5,0.0,924.8369210697988,0.0,0.0,0.0,5041,12000,6959
2020-12-07T17:00:00,5580.0,-3.637978807091713e-13,2160.0,58.5,85.5,0.0,267.83692106979834,0.0,0.0,0.0,4887,12503,7616
2020-12-07T18:00:00,5580.0,-3.637978807091713e-13,2160.0,58.5,85.5,0.0,0.0,15.163078930201664,0.0,0.0,4842,12741,7899
2020-12-07T19:00:00,5580.0,0.0,2160.0,58.5,85.5,0.0,144.8369210697956,0.0,0.0,0.0,4609,12348,7739
2020-12-07T20:00:00,5580.0,0.0,2160.0,58.5,85.5,110.1630789302012,0.0,1200.0,0.0,0.0,2324,11518,9194
2020-12-07T21:00:00,5580.0,-2.0463630789890893e-13,2160.0,58.5,85.5,0.0,0.0,831.1630789302019,0.0,0.0,2138,10853,8715
2020-12-07T22:00:00,5580.0,-3.637978807091713e-13,2160.0,58.5,85.5,0.0,1065.8369210697983,0.0,0.0,0.0,4119,10937,6818
2020-12-07T23:00:00,5580.0,0.0,2160.0,58.5,85.5,0.0,919.8369210697988,0.0,0.0,0.0,4040,11004,6964
2020-12-08T00:00:00,5580.0,0.0,2160.0,58.5,85.5,0.0,664.8369210697972,0.0,0.0,0.0,3186,10405,7219
2020-12-08T01:00:00,5580.0,-8.185452315956353e-13,2160.0,58.5,85.5,0.0,0.0,542.1630789302026,0.0,0.0,1622,10048,8426
2020-12-08T02:00:00,5580.0,0.0,2160.0,58.5,85.5,0.0,0.0,400.163078930201,0.0,0.0,1459,9743,8284
2020-12-08T03:00:00,5580.0,-9.094947017729281e-13,2160.0,58.5,85.5,0.0,3.836921069795608,0.0,0.0,0.0,1442,9322,7880
2020-12-08T04:00:00,5580.0,1.818989403545857e-13,2160.0,58.5,85.5,0.0,658.8369210697984,0.0,0.0,0.0,2043,9268,7225
2020-12-08T05:00:00,5580.0,5.456968210637569e-13,2160.0,58.5,85.5,0.0,339.8369210697965,0.0,0.0,0.0,2269,9813,7544
2020-12-08T06:00:00,5580.0,3.637978807091713e-13,2160.0,58.5,85.5,0.0,0.0,233.16307893020348,0.0,0.0,2942,11059,8117
2020-12-08T07:00:00,5580.0,-3.637978807091713e-13,2160.0,58.5,85.5,874.1630789302017,0.0,1200.0,0.0,0.0,2136,12094,9958
2020-12-08T08:00:00,5580.0,-3.637978807091713e-13,2160.0,58.5,85.5,816.1630789302017,0.0,1200.0,0.0,0.0,2426,12326,9900
2020-12-08T09:00:00,5580.0,-3.637978807091713e-13,2160.0,58.5,85.5,971.3481898238812,0.0,508.8148891063205,0.0,0.0,2956,12320,9364
2020-12-08T10:00:00,5580.0,5.456968210637569e-13,2160.0,58.5,85.5,0.0,561.8369210697965,0.0,0.0,0.0,5010,12332,7322
2020-12-08T11:00:00,5580.0,-3.637978807091713e-13,2160.0,58.5,85.5,327.7853881278543,0.0,421.3776908023474,0.0,0.0,3809,12442,8633
2020-12-08T12:00:00,5580.0,-3.637978807091713e-13,2160.0,58.5,85.5,0.0,778.8369210697961,0.0,0.0,0.0,5352,12457,7105
2020-12-08T13:00:00,5580.0,-3.637978807091713e-13,2160.0,58.5,85.5,0.0,0.0,452.1630789302021,0.0,0.0,3855,12191,8336
2020-12-08T14:00:00,5580.0,-3.637978807091713e-13,2160.0,58.5,85.5,61.19846705805901,0.0,131.96461187214493,0.0,0.0,3876,11953,8077
2020-12-08T15:00:00,5580.0,-3.637978807091713e-13,2160.0,58.5,85.5,48.16307893020394,0.0,0.0,0.0,0.0,3887,11819,7932
2020-12-08T16:00:00,5580.0,-3.637978807091713e-13,2160.0,58.5,85.5,0.0,864.8369210697961,0.0,0.0,0.0,4819,11838,7019
2020-12-08T17:00:00,5580.0,0.0,2160.0,58.5,85.5,0.0,88.83692106979606,0.0,0.0,0.0,4657,12452,7795
2020-12-08T18:00:00,5580.0,-3.637978807091713e-13,2160.0,58.5,85.5,0.0,0.0,360.1630789302021,0.0,0.0,4564,12808,8244
2020-12-08T19:00:00,5580.0,0.0,2160.0,58.5,85.5,1128.0707762557097,0.0,355.092302674492,0.0,0.0,3141,12508,9367
2020-12-08T20:00:00,5580.0,0.0,2160.0,58.5,85.5,1093.163078930201,0.0,0.0,0.0,0.0,2748,11725,8977
2020-12-08T21:00:00,5580.0,-3.637978807091713e-13,2160.0,58.5,85.5,456.1630789302021,0.0,0.0,0.0,0.0,2707,11047,8340
2020-12-08T22:00:00,5580.0,0.0,2160.0,58.5,85.5,474.16307893020166,0.0,0.0,0.0,0.0,2801,11159,8358
2020-12-08T23:00:00,5580.0,0.0,2160.0,58.5,85.5,0.0,581.8369210697964,0.0,0.0,0.0,3948,11250,7302
2020-12-09T00:00:00,5580.0,103.16307893020212,2160.0,58.5,85.5,0.0,0.0,0.0,0.0,0.0,2686,10673,7987
2020-12-09T01:00:00,5580.0,307.1630789302021,2160.0,58.5,85.5,0.0,0.0,0.0,0.0,0.0,2150,10341,8191
2020-12-09T02:00:00,5580.0,3.637978807091713e-13,2160.0,58.5,85.5,0.0,143.8369210697988,0.0,0.0,0.0,2327,10067,7740
2020-12-09T03:00:00,5580.0,2.728484105318785e-13,2160.0,58.5,85.5,0.0,392.8369210697973,0.0,0.0,0.0,2182,9673,7491
2020-12-09T04:00:00,5580.0,-1.818989403545857e-13,2160.0,58.5,85.5,0.0,401.836921069797,0.0,0.0,0.0,2167,9649,7482
2020-12-09T05:00:00,5580.0,2.273736754432321e-13,2160.0,58.5,85.5,0.0,0.0,77.16307893020259,0.0,0.0,2257,10218,7961
2020-12-09T06:00:00,5580.0,738.0000000000003,2160.0,58.5,85.5,0.0,0.0,490.163078930203,0.0,0.0,2358,11470,9112
2020-12-09T07:00:00,5580.0,1479.6000000000006,2160.0,58.5,85.5,358.0061643835627,0.0,136.55691454663952,0.0,0.0,2639,12497,9858
2020-12-09T08:00:00,5580.0,711.0000000000005,2160.0,58.5,85.5,1336.163078930202,0.0,0.0,0.0,0.0,2775,12706,9931
2020-12-09T09:00:00,5580.0,1370.1630789302028,2160.0,58.5,85.5,0.0,0.0,0.0,0.0,0.0,3429,12683,9254
2020-12-09T10:00:00,5580.0,635.163078930203,2160.0,58.5,85.5,0.0,0.0,0.0,0.0,0.0,4092,12611,8519
2020-12-09T11:00:00,5580.0,243.16307893020243,2160.0,58.5,85.5,0.0,0.0,0.0,0.0,0.0,4542,12669,8127
2020-12-09T12:00:00,5580.0,5.456968210637569e-13,2160.0,58.5,85.5,164.16307893020257,0.0,0.0,0.0,0.0,4562,12610,8048
2020-12-09T13:00:00,5580.0,3.637978807091713e-13,2160.0,58.5,85.5,0.0,153.83692106979788,0.0,0.0,0.0,4582,12312,7730
2020-12-09T14:00:00,5580.0,3.637978807091713e-13,2160.0,58.5,85.5,0.0,402.8369210697974,0.0,0.0,0.0,4624,12105,7481
2020-12-09T15:00:00,5580.0,3.637978807091713e-13,2160.0,58.5,85.5,0.0,501.8369210697974,0.0,0.0,0.0,4569,11951,7382
2020-12-09T16:00:00,5580.0,3.637978807091713e-13,2160.0,58.5,85.5,0.0,343.8369210697974,0.0,0.0,0.0,4422,11962,7540
2020-12-09T17:00:00,5580.0,297.1630789302026,2160.0,58.5,85.5,0.0,0.0,0.0,0.0,0.0,4381,12562,8181
2020-12-09T18:00:00,5580.0,787.1630789302033,2160.0,58.5,85.5,0.0,0.0,0.0,0.0,0.0,4235,12906,8671
2020-12-09T19:00:00,5580.0,1342.1630789302026,2160.0,58.5,85.5,0.0,0.0,0.0,0.0,0.0,3543,12769,9226
2020-12-09T20:00:00,5580.0,872.163078930204,2160.0,58.5,85.5,0.0,0.0,0.0,0.0,0.0,3190,11946,8756
2020-12-09T21:00:00,5580.0,1342.163078930203,2160.0,58.5,85.5,0.0,1200.0,0.0,0.0,0.0,3208,11234,8026
2020-12-09T22:00:00,5580.0,1386.1630789302021,2160.0,58.5,85.5,0.0,1200.0,0.0,0.0,0.0,3270,11340,8070
2020-12-09T23:00:00,5580.0,1549.1630789302026,2160.0,58.5,85.5,0.0,1200.0,0.0,0.0,0.0,3176,11409,8233
2020-12-10T00:00:00,5580.0,1094.1630789302021,2160.0,58.5,85.5,0.0,1200.0,0.0,0.0,0.0,3050,10828,7778
2020-12-10T01:00:00,5580.0,898.3008916135173,2160.0,58.5,85.5,0.0,1037.1378126833151,0.0,0.0,0.0,2661,10406,7745
2020-12-10T02:00:00,5580.0,2.2737367544323226e-14,2160.0,58.5,85.5,0.0,223.8369210697973,0.0,0.0,0.0,2411,10071,7660
2020-12-10T03:00:00,5580.0,-3.637978807091713e-13,2160.0,58.5,85.5,0.0,592.836921069797,0.0,0.0,0.0,2320,9611,7291
2020-12-10T04:00:00,5580.0,-3.637978807091713e-13,2160.0,58.5,85.5,0.0,648.836921069797,0.0,0.0,0.0,2277,9512,7235
2020-12-10T05:00:00,5580.0,-3.637978807091713e-13,2160.0,58.5,85.5,0.0,26.836921069796972,0.0,0.0,0.0,2137,9994,7857
2020-12-10T06:00:00,5580.0,134.99999999999963,2160.0,58.5,85.5,0.0,0.0,1040.1630789302008,0.0,0.0,2118,11177,9059
2020-12-10T07:00:00,5580.0,995.2000000000002,2160.0,58.5,85.5,0.0,0.0,877.9630789302014,0.0,0.0,2392,12149,9757
2020-12-10T08:00:00,5580.0,995.2,2160.0,58.5,85.5,0.0,0.0,676.9630789302014,0.0,0.0,2752,12308,9556
2020-12-10T09:00:00,5580.0,939.1630789302004,2160.0,58.5,85.5,0.0,0.0,0.0,0.0,0.0,3485,12308,8823
2020-12-10T10:00:00,5580.0,582.1630789302004,2160.0,58.5,85.5,0.0,0.0,0.0,0.0,0.0,3842,12308,8466
2020-12-10T11:00:00,5580.0,362.16307893020075,2160.0,58.5,85.5,0.0,0.0,0.0,0.0,0.0,4146,12392,8246
2020-12-10T12:00:00,5580.0,-3.637978807091713e-13,2160.0,58.5,85.5,0.0,0.0,276.163078930203,0.0,0.0,4271,12431,8160
2020-12-10T13:00:00,5580.0,5.456968210637569e-13,2160.0,58.5,85.5,0.0,74.83692106979743,0.0,0.0,0.0,4301,12110,7809
2020-12-10T14:00:00,5580.0,-3.637978807091713e-13,2160.0,58.5,85.5,0.0,356.836921069797,0.0,0.0,0.0,4335,11862,7527
2020-12-10T15:00:00,5580.0,-3.637978807091713e-13,2160.0,58.5,85.5,0.0,412.836921069797,0.0,0.0,0.0,4236,11707,7471
2020-12-10T16:00:00,5580.0,-3.637978807091713e-13,2160.0,58.5,85.5,0.0,211.83692106979697,0.0,0.0,0.0,3972,11644,7672
2020-12-10T17:00:00,5580.0,286.00000000000006,2160.0,58.5,85.5,0.0,0.0,590.1630789302008,0.0,0.0,3457,12217,8760
2020-12-10T18:00:00,5580.0,388.1630789301863,2160.0,58.5,85.5,0.0,0.0,1200.0,0.0,0.0,2974,12446,9472
2020-12-10T19:00:00,5580.0,1834.1999999999996,2160.0,58.5,85.5,0.0,0.0,76.96307893020048,0.0,0.0,2451,12246,9795
2020-12-10T20:00:00,5580.0,1677.1630789302017,2160.0,58.5,85.5,0.0,0.0,0.0,0.0,0.0,1970,11531,9561
2020-12-10T21:00:00,5580.0,1396.1630789302012,2160.0,58.5,85.5,0.0,0.0,0.0,0.0,0.0,1663,10943,9280
2020-12-10T22:00:00,5580.0,2608.199999999999,2160.0,58.5,85.5,0.0,1118.0369210697982,0.0,0.0,0.0,1781,11155,9374
2020-12-10T23:00:00,5580.0,2608.199999999999,2160.0,58.5,85.5,0.0,1077.036921069799,0.0,0.0,0.0,1878,11293,9415
2020-12-11T00:00:00,5580.0,2281.1630789302003,2160.0,58.5,85.5,0.0,1200.0,0.0,0.0,0.0,1632,10597,8965
2020-12-11T01:00:00,5580.0,244.16307893020297,2160.0,58.5,85.5,0.0,0.0,0.0,0.0,0.0,2036,10164,8128
2020-12-11T02:00:00,5580.0,0.0,2160.0,58.5,85.5,0.0,0.0,194.16307893020257,0.0,0.0,1720,9798,8078
2020-12-11T03:00:00,5580.0,3.637978807091713e-13,2160.0,58.5,85.5,0.0,0.0,10.163078930202571,0.0,0.0,1419,9313,7894
2020-12-11T04:00:00,5580.0,3.637978807091713e-13,2160.0,58.5,85.5,0.0,193.83692106979743,0.0,0.0,0.0,1446,9136,7690
2020-12-11T05:00:00,5580.0,3.637978807091713e-13,2160.0,58.5,85.5,0.0,223.83692106979743,0.0,0.0,0.0,1640,9300,7660
2020-12-11T06:00:00,5580.0,3.637978807091713e-13,2160.0,58.5,85.5,0.0,0.0,155.16307893020257,0.0,0.0,1634,9673,8039
2020-12-11T07:00:00,5580.0,5.456968210637569e-13,2160.0,58.5,85.5,0.0,0.0,216.1630789302017,0.0,0.0,1974,10074,8100
2020-12-11T08:00:00,5580.0,3.637978807091713e-13,2160.0,58.5,85.5,0.0,0.0,221.16307893020257,0.0,0.0,2409,10514,8105
2020-12-11T09:00:00,5580.0,3.637978807091713e-13,2160.0,58.5,85.5,0.0,0.0,2.1630789302025732,0.0,0.0,2954,10840,7886
2020-12-11T10:00:00,5580.0,3.637978807091713e-13,2160.0,58.5,85.5,0.0,488.8369210697965,0.0,0.0,0.0,3569,10964,7395
2020-12-11T11:00:00,5580.0,3.637978807091713e-13,2107.1630789302026,0.0,0.0,0.0,1200.0,0.0,0.0,0.0,4641,11128,6487
2020-12-11T12:00:00,5580.0,3.637978807091713e-13,2160.0,58.5,85.5,0.0,817.8369210697974,0.0,0.0,0.0,4378,11444,7066
2020-12-11T13:00:00,5580.0,3.637978807091713e-13,1812.1630789302023,0.0,0.0,0.0,1200.0,0.0,0.0,0.0,4822,11014,6192
2020-12-11T14:00:00,5580.0,3.637978807091713e-13,1633.1630789302023,0.0,0.0,0.0,1200.0,0.0,0.0,0.0,4626,10639,6013
2020-12-11T15:00:00,5580.0,3.637978807091713e-13,1505.1630789302023,0.0,0.0,0.0,1200.0,0.0,0.0,0.0,4557,10442,5885
2020-12-11T16:00:00,5580.0,5.456968210637569e-13,1466.1630789302014,0.0,0.0,0.0,1200.0,0.0,0.0,0.0,4490,10336,5846
2020-12-11T17:00:00,5580.0,3.637978807091713e-13,2160.0,58.5,85.5,0.0,1196.8369210697974,0.0,0.0,0.0,4210,10897,6687
2020-12-11T18:00:00,5580.0,5.456968210637569e-13,2160.0,58.5,85.5,0.0,570.8369210697974,0.0,0.0,0.0,3786,11099,7313
2020-12-11T19:00:00,5580.0,272.0,2160.0,20.0,68.16307893020334,0.0,1200.0,0.0,0.0,0.0,4114,11014,6900
2020-12-11T20:00:00,5580.0,271.9999999999999,2160.0,58.5,85.5,0.0,57.83692106979697,0.0,0.0,0.0,2347,10445,8098
2020-12-11T21:00:00,5580.0,1011.9999999999997,2160.0,58.5,85.5,0.0,1089.8369210697974,0.0,0.0,0.0,2140,9946,7806
2020-12-11T22:00:00,5580.0,1447.2000000000003,2160.0,58.5,85.5,0.0,1178.0369210697972,0.0,0.0,0.0,2058,10211,8153
2020-12-11T23:00:00,5580.0,444.1630789302027,2160.0,58.5,85.5,0.0,1200.0,0.0,0.0,0.0,3465,10593,7128
2020-12-12T00:00:00,5580.0,449.16307893020075,2160.0,58.5,85.5,0.0,1200.0,0.0,0.0,0.0,3015,10148,7133
2020-12-12T01:00:00,5580.0,187.81859276506856,2160.0,58.5,85.5,0.0,919.6555138348668,0.0,0.0,0.0,2579,9731,7152
2020-12-12T02:00:00,5580.0,1.3642420526593928e-13,2160.0,58.5,85.5,0.0,232.83692106980016,0.0,0.0,0.0,1654,9305,7651
2020-12-12T03:00:00,5580.0,1.3642420526593928e-13,2160.0,58.5,85.5,0.0,1036.8369210698002,0.0,0.0,0.0,1904,8751,6847
2020-12-12T04:00:00,5580.0,3.637978807091713e-13,2160.0,0.0,53.16307893020226,0.0,1200.0,0.0,0.0,0.0,1898,8491,6593
2020-12-12T05:00:00,5580.0,-3.637978807091713e-13,1999.163078930203,0.0,0.0,0.0,1200.0,0.0,0.0,0.0,2152,8531,6379
2020-12-12T06:00:00,5580.0,-3.637978807091713e-13,1530.163078930203,0.0,0.0,0.0,1200.0,0.0,0.0,0.0,2858,8768,5910
2020-12-12T07:00:00,5580.0,-3.637978807091713e-13,951.1630789302029,0.0,0.0,0.0,1200.0,0.0,0.0,0.0,3700,9031,5331
2020-12-12T08:00:00,5580.0,-3.637978807091713e-13,1038.163078930203,0.0,0.0,0.0,1200.0,0.0,0.0,0.0,4099,9517,5418
2020-12-12T09:00:00,5580.0,-3.637978807091713e-13,1292.163078930203,0.0,0.0,0.0,1200.0,0.0,0.0,0.0,4392,10064,5672
2020-12-12T10:00:00,5580.0,5.456968210637569e-13,1565.163078930203,0.0,0.0,0.0,1200.0,0.0,0.0,0.0,4540,10485,5945
2020-12-12T11:00:00,5580.0,-3.637978807091713e-13,1702.163078930203,0.0,0.0,0.0,1200.0,0.0,0.0,0.0,4720,10802,6082
2020-12-12T12:00:00,5580.0,-3.637978807091713e-13,2014.163078930203,0.0,0.0,0.0,1200.0,0.0,0.0,0.0,4801,11195,6394
2020-12-12T13:00:00,5580.0,-3.637978807091713e-13,2160.0,58.5,85.5,0.0,857.8369210697974,0.0,0.0,0.0,3662,10688,7026
2020-12-12T14:00:00,5580.0,-3.637978807091713e-13,1407.163078930203,0.0,0.0,0.0,1200.0,0.0,0.0,0.0,4513,10300,5787
2020-12-12T15:00:00,5580.0,-3.637978807091713e-13,2157.163078930203,0.0,0.0,0.0,1200.0,0.0,0.0,0.0,3606,10143,6537
2020-12-12T16:00:00,5580.0,-3.637978807091713e-13,1763.163078930203,0.0,0.0,0.0,1200.0,0.0,0.0,0.0,4059,10202,6143
2020-12-12T17:00:00,5580.0,5.456968210637569e-13,2160.0,58.5,85.5,0.0,858.8369210697992,0.0,0.0,0.0,3945,10970,7025
2020-12-12T18:00:00,5580.0,1003.1630789302009,2160.0,58.5,85.5,0.0,0.0,0.0,0.0,0.0,2555,11442,8887
2020-12-12T19:00:00,5580.0,408.99999999999966,2160.0,58.5,85.5,0.0,765.8369210697983,0.0,0.0,0.0,4010,11537,7527
2020-12-12T20:00:00,5580.0,408.9999999999998,2160.0,58.5,85.5,0.0,669.8369210697992,0.0,0.0,0.0,3430,11053,7623
2020-12-12T21:00:00,5580.0,650.1630789302,2160.0,58.5,85.5,0.0,1200.0,0.0,0.0,0.0,3110,10444,7334
2020-12-12T22:00:00,5580.0,382.1630789302027,2160.0,58.5,85.5,0.0,1200.0,0.0,0.0,0.0,3517,10583,7066
2020-12-12T23:00:00,5580.0,2449.1630789301994,2160.0,58.5,85.5,0.0,1200.0,0.0,0.0,0.0,1688,10821,9133
2020-12-13T00:00:00,5580.0,826.163078930202,2160.0,58.5,85.5,0.0,1200.0,0.0,0.0,0.0,2986,10496,7510
2020-12-13T01:00:00,5580.0,1898.9999999999995,2160.0,58.5,85.5,0.0,1144.8369210697983,0.0,0.0,0.0,1592,10230,8638
2020-12-13T02:00:00,5580.0,740.9999999999997,2160.0,58.5,85.5,0.0,106.83692106979788,0.0,0.0,0.0,1464,9982,8518
2020-12-13T03:00:00,5580.0,136.99999999999991,2160.0,58.5,85.5,0.0,300.83692106979834,0.0,0.0,0.0,1883,9603,7720
2020-12-13T04:00:00,5580.0,354.5999999999997,2160.0,58.5,85.5,0.0,0.0,18.563078930201183,0.0,0.0,1356,9613,8257
2020-12-13T05:00:00,5580.0,354.5999999999998,2160.0,58.5,85.5,0.0,0.0,146.56307893020173,0.0,0.0,1898,10283,8385
2020-12-13T06:00:00,5580.0,134.99999999999963,2160.0,58.5,85.5,0.0,0.0,994.1630789302016,0.0,0.0,2608,11621,9013
2020-12-13T07:00:00,5580.0,1511.9999999999995,2160.0,58.5,85.5,487.16307893020166,0.0,1200.0,0.0,0.0,1646,12729,11083
2020-12-13T08:00:00,5580.0,1224.1630789302023,2160.0,58.5,85.5,0.0,0.0,0.0,0.0,0.0,3976,13084,9108
2020-12-13T09:00:00,5580.0,1075.1630789302021,2160.0,58.5,85.5,0.0,0.0,0.0,0.0,0.0,4308,13267,8959
2020-12-13T10:00:00,5580.0,724.9999999999999,2160.0,58.5,85.5,0.0,15.836921069797882,0.0,0.0,0.0,4785,13378,8593
2020-12-13T11:00:00,5580.0,707.1630789302019,2160.0,58.5,85.5,0.0,0.0,0.0,0.0,0.0,4977,13568,8591
2020-12-13T12:00:00,5580.0,638.1630789302019,2160.0,58.5,85.5,0.0,0.0,0.0,0.0,0.0,5073,13595,8522
2020-12-13T13:00:00,5580.0,520.1630789302011,2160.0,58.5,85.5,0.0,0.0,0.0,0.0,0.0,4949,13353,8404
2020-12-13T14:00:00,5580.0,331.16307893020223,2160.0,58.5,85.5,0.0,0.0,0.0,0.0,0.0,4914,13129,8215
2020-12-13T15:00:00,5580.0,694.1630789302023,2160.0,58.5,85.5,0.0,0.0,0.0,0.0,0.0,4379,12957,8578
2020-12-13T16:00:00,5580.0,986.1630789302011,2160.0,58.5,85.5,0.0,0.0,0.0,0.0,0.0,4185,13055,8870
2020-12-13T17:00:00,5580.0,1092.6000000000004,2160.0,58.5,85.5,906.5630789302012,0.0,1200.0,0.0,0.0,2715,13798,11083
2020-12-13T18:00:00,5580.0,941.1630789302018,2160.0,58.5,85.5,0.0,0.0,1200.0,0.0,0.0,4208,14233,10025
2020-12-13T19:00:00,5580.0,1092.6000000000004,2160.0,58.5,85.5,1901.5630789302013,0.0,1200.0,0.0,0.0,2206,14284,12078
2020-12-13T20:00:00,5580.0,1876.163078930201,2160.0,58.5,85.5,0.0,0.0,0.0,0.0,0.0,3617,13377,9760
2020-12-13T21:00:00,5580.0,2608.1999999999994,2160.0,58.5,85.5,0.0,0.0,7.963078930202032,0.0,0.0,2060,12560,10500
2020-12-13T22:00:00,5580.0,1103.1630789302008,2160.0,58.5,85.5,0.0,0.0,0.0,0.0,0.0,3728,12715,8987
2020-12-13T23:00:00,5580.0,2356.1630789302008,2160.0,58.5,85.5,0.0,1200.0,0.0,0.0,0.0,3779,12819,9040
2020-12-14T00:00:00,5580.0,1449.1630789302017,2160.0,58.5,85.5,0.0,0.0,0.0,0.0,0.0,2996,12329,9333
2020-12-14T01:00:00,5580.0,2253.6,2160.0,58.5,85.5,0.0,0.0,154.56307893020175,0.0,0.0,1761,12053,10292
2020-12-14T02:00:00,5580.0,2196.1630789302017,2160.0,58.5,85.5,0.0,0.0,0.0,0.0,0.0,1751,11831,10080
2020-12-14T03:00:00,5580.0,656.600000000001,2160.0,58.5,85.5,0.0,0.0,936.5630789302012,0.0,0.0,1991,11468,9477
2020-12-14T04:00:00,5580.0,656.5999999999998,2160.0,58.5,85.5,0.0,0.0,1179.5630789302022,0.0,0.0,1732,11452,9720
2020-12-14T05:00:00,5580.0,802.1630789302004,2160.0,58.5,85.5,0.0,0.0,1200.0,0.0,0.0,2167,12053,9886
2020-12-14T06:00:00,5580.0,1048.0000000000002,2160.0,58.5,85.5,1375.1630789302017,0.0,1200.0,0.0,0.0,1863,13370,11507
2020-12-14T07:00:00,5580.0,1550.000000000001,2160.0,58.5,85.5,1568.1630789302017,0.0,1200.0,0.0,0.0,2240,14442,12202
2020-12-14T08:00:00,5580.0,1508.1630789302021,2160.0,58.5,85.5,0.0,0.0,1200.0,0.0,0.0,4099,14691,10592
2020-12-14T09:00:00,5580.0,2106.9156078310743,2160.0,58.5,85.5,609.2474710991264,0.0,1200.0,0.0,0.0,2928,14728,11800
2020-12-14T10:00:00,5580.0,1326.7904910863763,2160.0,58.5,85.5,0.0,0.0,867.3725878438258,0.0,0.0,4641,14719,10078
2020-12-14T11:00:00,5580.0,2106.9156078310743,2160.0,58.5,85.5,176.2474710991264,0.0,1200.0,0.0,0.0,3427,14794,11367
2020-12-14T12:00:00,5580.0,892.5999999999993,2160.0,58.5,85.5,0.0,0.0,905.5630789302012,0.0,0.0,5032,14714,9682
2020-12-14T13:00:00,5580.0,674.9999999999997,2160.0,58.5,85.5,781.1630789302017,0.0,1200.0,0.0,0.0,3850,14390,10540
2020-12-14T14:00:00,5580.0,860.1999999999994,2160.0,58.5,85.5,0.0,0.0,483.9630789302014,0.0,0.0,4900,14128,9228
2020-12-14T15:00:00,5580.0,424.99999999999983,2160.0,58.5,85.5,0.0,0.0,1008.1630789302012,0.0,0.0,4681,13998,9317
2020-12-14T16:00:00,5580.0,1163.000000000001,2160.0,58.5,85.5,527.1630789302017,0.0,1200.0,0.0,0.0,3315,14089,10774
2020-12-14T17:00:00,5580.0,1527.1630789302005,2160.0,58.5,85.5,0.0,0.0,1200.0,0.0,0.0,4247,14858,10611
2020-12-14T18:00:00,5580.0,1719.915607831074,2160.0,58.5,85.5,202.2474710991264,0.0,1200.0,0.0,0.0,4318,15324,11006
2020-12-14T19:00:00,5580.0,2207.1630789302008,2160.0,58.5,85.5,0.0,0.0,1200.0,0.0,0.0,4192,15483,11291
2020-12-14T20:00:00,5580.0,2608.1999999999994,2160.0,58.5,85.5,490.9630789302015,0.0,1200.0,0.0,0.0,2384,14567,12183
2020-12-14T21:00:00,5580.0,2351.1630789302017,2160.0,58.5,85.5,0.0,0.0,0.0,0.0,0.0,3500,13735,10235
2020-12-14T22:00:00,5580.0,2071.1630789302008,2160.0,58.5,85.5,0.0,0.0,0.0,0.0,0.0,3912,13867,9955
2020-12-14T23:00:00,5580.0,2608.199999999999,2160.0,58.5,85.5,0.0,488.03692106979827,0.0,0.0,0.0,3952,13956,10004
2020-12-15T00:00:00,5580.0,2409.163078930202,2160.0,58.5,85.5,0.0,0.0,0.0,0.0,0.0,3194,13487,10293
2020-12-15T01:00:00,5580.0,2608.2,2160.0,58.5,85.5,0.0,0.0,10.963078930202755,0.0,0.0,2748,13251,10503
2020-12-15T02:00:00,5580.0,2608.2000000000003,2160.0,58.5,85.5,0.0,0.0,47.96307893020138,0.0,0.0,2516,13056,10540
2020-12-15T03:00:00,5580.0,2425.163078930202,2160.0,58.5,85.5,0.0,0.0,0.0,0.0,0.0,2387,12696,10309
2020-12-15T04:00:00,5580.0,1169.163078930202,2160.0,58.5,85.5,0.0,0.0,1200.0,0.0,0.0,2423,12676,10253
2020-12-15T05:00:00,5580.0,1549.999999999999,2160.0,58.5,85.5,305.1630789302026,0.0,1200.0,0.0,0.0,2353,13292,10939
2020-12-15T06:00:00,5580.0,2112.460596982266,2160.0,58.5,85.5,369.70248194793567,0.0,1200.0,0.0,0.0,3040,14606,11566
2020-12-15T07:00:00,5580.0,1834.1999999999996,2160.0,58.5,85.5,1153.9630789302028,0.0,1200.0,0.0,0.0,3575,15647,12072
2020-12-15T08:00:00,5580.0,1479.5999999999995,2160.0,58.5,85.5,1125.5630789302031,0.0,1200.0,0.0,0.0,4101,15790,11689
2020-12-15T09:00:00,5580.0,1866.5999999999995,2160.0,58.5,85.5,272.5630789302031,0.0,1200.0,0.0,0.0,4475,15698,11223
2020-12-15T10:00:00,5580.0,1413.0000000000016,2160.0,58.5,85.5,2296.1630789302017,0.0,1200.0,0.0,0.0,2773,15566,12793
2020-12-15T11:00:00,5580.0,1426.999999999999,2160.0,58.5,85.5,2082.1630789302008,0.0,1200.0,0.0,0.0,2954,15547,12593
2020-12-15T12:00:00,5580.0,1898.9999999999995,2160.0,58.5,85.5,1561.1630789302008,0.0,1200.0,0.0,0.0,2869,15413,12544
2020-12-15T13:00:00,5580.0,1511.9999999999995,2160.0,58.5,85.5,2625.1630789302017,0.0,0.0,0.0,0.0,3047,15068,12021
2020-12-15T14:00:00,5580.0,1124.9999999999995,2160.0,58.5,85.5,1247.1630789302026,0.0,0.0,0.0,0.0,4575,14831,10256
2020-12-15T15:00:00,5580.0,1447.1999999999998,2160.0,58.5,85.5,1073.9630789302028,0.0,0.0,0.0,0.0,4299,14704,10405
2020-12-15T16:00:00,5580.0,1447.1999999999996,2160.0,58.5,85.5,1482.9630789302028,0.0,0.0,0.0,0.0,4015,14829,10814
2020-12-15T17:00:00,5580.0,1834.1999999999998,2160.0,58.5,85.5,2001.9630789302028,0.0,0.0,0.0,0.0,3874,15594,11720
2020-12-15T18:00:00,5580.0,1834.1999999999996,2160.0,58.5,85.5,3952.9630789302,0.0,0.0,0.0,0.0,2352,16023,13671
2020-12-15T19:00:00,5580.0,1533.2,2160.0,58.5,85.5,4353.963078930203,0.0,0.0,0.0,0.0,2226,15997,13771
2020-12-15T20:00:00,5580.0,2608.2000000000003,2160.0,58.5,85.5,1226.9630789302014,0.0,0.0,0.0,0.0,3287,15006,11719
2020-12-15T21:00:00,5580.0,2608.2000000000003,2160.0,58.5,85.5,1441.9630789302014,0.0,0.0,0.0,0.0,2251,14185,11934
2020-12-15T22:00:00,5580.0,2915.1630789302008,2160.0,58.5,85.5,0.0,0.0,0.0,0.0,0.0,3488,14287,10799
2020-12-15T23:00:00,5580.0,3402.0,2160.0,58.5,85.5,386.16307893020235,0.0,0.0,0.0,0.0,2660,14332,11672
2020-02-05T00:00:00,5580.0,3015.0,2160.0,58.5,85.5,0.0,978.8369210697984,0.0,0.0,0.0,2628,12548,9920
2020-02-05T01:00:00,5580.0,3091.5,2160.0,58.5,85.5,0.0,0.0,24.663078930201664,0.0,0.0,1296,12296,11000
2020-02-05T02:00:00,5580.0,3014.999999999999,2160.0,58.5,85.5,0.0,974.8369210697974,0.0,0.0,0.0,2147,12071,9924
2020-02-05T03:00:00,5580.0,3198.1630789302008,2160.0,58.5,85.5,0.0,1200.0,0.0,0.0,0.0,1776,11658,9882
2020-02-05T04:00:00,5580.0,2779.6923244183427,2160.0,58.5,85.5,0.0,204.5292454881419,0.0,0.0,0.0,1139,11598,10459
2020-02-05T05:00:00,5580.0,3170.1630789302008,2160.0,58.5,85.5,0.0,0.0,0.0,0.0,0.0,1083,12137,11054
2020-02-05T06:00:00,5580.0,3478.5,2160.0,58.5,85.5,0.0,0.0,814.6630789302004,0.0,0.0,1133,13310,12177
2020-02-05T07:00:00,5580.0,3401.999999999999,2160.0,58.5,85.5,0.0,0.0,1006.1630789302004,0.0,0.0,2038,14330,12292
2020-02-05T08:00:00,5580.0,3401.9999999999986,2160.0,58.5,85.5,0.0,0.0,673.1630789302008,0.0,0.0,2588,14547,11959
2020-02-05T09:00:00,5580.0,3401.999999999999,2160.0,58.5,85.5,31.16307893020075,0.0,0.0,0.0,0.0,3265,14582,11317
2020-02-05T10:00:00,5580.0,2939.1630789302,2160.0,58.5,85.5,0.0,0.0,0.0,0.0,0.0,3694,14517,10823
2020-02-05T11:00:00,5580.0,3093.1630789302008,2160.0,58.5,85.5,0.0,0.0,0.0,0.0,0.0,3552,14529,10977
2020-02-05T12:00:00,5580.0,2817.1630789302008,2160.0,58.5,85.5,0.0,0.0,0.0,0.0,0.0,3755,14456,10701
2020-02-05T13:00:00,5580.0,3197.1630789302008,2160.0,58.5,85.5,0.0,1200.0,0.0,0.0,0.0,4202,14083,9881
2020-02-05T14:00:00,5580.0,3215.1630789302003,2160.0,58.5,85.5,0.0,1200.0,0.0,0.0,0.0,3826,13725,9899
2020-02-05T15:00:00,5580.0,2640.1630789302,2160.0,58.5,85.5,0.0,1200.0,0.0,0.0,0.0,4062,13386,9324
2020-02-05T16:00:00,5580.0,2538.2470910647253,2160.0,58.5,85.5,0.0,619.0840121345245,0.0,0.0,0.0,3471,13274,9803
2020-02-05T17:00:00,5580.0,3246.5736825575086,2160.0,58.5,85.5,0.0,717.4106036273079,0.0,0.0,0.0,3146,13559,10413
2020-02-05T18:00:00,5580.0,3555.0,2160.0,58.5,85.5,0.0,0.0,374.1630789302004,0.0,0.0,2584,14397,11813
2020-02-05T19:00:00,5580.0,3402.0,2160.0,58.5,85.5,0.0,0.0,753.1630789302006,0.0,0.0,2212,14251,12039
2020-02-05T20:00:00,5580.0,3555.0,2160.0,58.5,85.5,0.0,0.0,80.16307893020041,0.0,0.0,1996,13515,11519
2020-02-05T21:00:00,5580.0,3061.1630789302008,2160.0,58.5,85.5,0.0,0.0,0.0,0.0,0.0,1959,12904,10945
2020-02-05T22:00:00,5580.0,3399.1630789302003,2160.0,58.5,85.5,0.0,1200.0,0.0,0.0,0.0,3054,13137,10083
2020-02-05T23:00:00,5580.0,3402.0,2160.0,58.5,85.5,0.0,1079.8369210697997,0.0,0.0,0.0,3049,13255,10206
2020-02-06T00:00:00,5580.0,2608.2,2160.0,58.5,85.5,0.0,376.03692106979815,0.0,0.0,0.0,2603,12719,10116
2020-02-06T01:00:00,5580.0,2859.1630789302008,2160.0,58.5,85.5,0.0,0.0,0.0,0.0,0.0,1642,12385,10743
2020-02-06T02:00:00,5580.0,2723.1630789302017,2160.0,58.5,85.5,0.0,0.0,0.0,0.0,0.0,1479,12086,10607
2020-02-06T03:00:00,5580.0,2561.6091678656944,2160.0,58.5,85.5,0.0,273.4460889354932,0.0,0.0,0.0,1414,11586,10172
2020-02-06T04:00:00,5580.0,2561.609167865695,2160.0,58.5,85.5,0.0,395.4460889354932,0.0,0.0,0.0,1326,11376,10050
2020-02-06T05:00:00,5580.0,3355.4091678656946,2160.0,58.5,85.5,0.0,1165.2460889354934,0.0,0.0,0.0,1476,11550,10074
2020-02-06T06:00:00,5580.0,2638.163078930201,2160.0,58.5,85.5,0.0,0.0,0.0,0.0,0.0,1368,11890,10522
2020-02-06T07:00:00,5580.0,3134.315714640658,2160.0,58.5,85.5,0.0,368.152635710457,0.0,0.0,0.0,1612,12262,10650
2020-02-06T08:00:00,5580.0,2763.163078930201,2160.0,58.5,85.5,0.0,0.0,0.0,0.0,0.0,2091,12738,10647
2020-02-06T09:00:00,5580.0,3355.4091678656946,2160.0,58.5,85.5,0.0,804.2460889354934,0.0,0.0,0.0,2731,13166,10435
2020-02-06T10:00:00,5580.0,3250.1630789302003,2160.0,58.5,85.5,0.0,1200.0,0.0,0.0,0.0,3232,13166,9934
2020-02-06T11:00:00,5580.0,2608.2,2160.0,58.5,85.5,0.0,1076.0369210697986,0.0,0.0,0.0,3763,13179,9416
2020-02-06T12:00:00,5580.0,2647.1630789302008,2160.0,58.5,85.5,0.0,1200.0,0.0,0.0,0.0,4005,13336,9331
2020-02-06T13:00:00,5580.0,1876.1630789302008,2160.0,58.5,85.5,0.0,1200.0,0.0,0.0,0.0,4270,12830,8560
2020-02-06T14:00:00,5580.0,1558.163078930202,2160.0,58.5,85.5,0.0,1200.0,0.0,0.0,0.0,4156,12398,8242
2020-02-06T15:00:00,5580.0,1286.1630789302017,2160.0,58.5,85.5,0.0,1200.0,0.0,0.0,0.0,4140,12110,7970
2020-02-06T16:00:00,5580.0,1374.1630789302023,2160.0,58.5,85.5,0.0,1200.0,0.0,0.0,0.0,4024,12082,8058
2020-02-06T17:00:00,5580.0,1933.1630789302017,2160.0,58.5,85.5,0.0,1200.0,0.0,0.0,0.0,3870,12487,8617
2020-02-06T18:00:00,5580.0,2253.6000000000004,2160.0,58.5,85.5,0.0,225.4369210697978,0.0,0.0,0.0,3577,13489,9912
2020-02-06T19:00:00,5580.0,2608.2,2160.0,58.5,85.5,0.0,302.0369210697986,0.0,0.0,0.0,3344,13534,10190
2020-02-06T20:00:00,5580.0,3343.1630789302017,2160.0,58.5,85.5,0.0,1200.0,0.0,0.0,0.0,2940,12967,10027
2020-02-06T21:00:00,5580.0,2608.2,2160.0,58.5,85.5,0.0,954.0369210697986,0.0,0.0,0.0,2890,12428,9538
2020-02-06T22:00:00,5580.0,3016.1630789302017,2160.0,58.5,85.5,0.0,1200.0,0.0,0.0,0.0,3122,12822,9700
2020-02-06T23:00:00,5580.0,3401.9999999999995,2160.0,58.5,85.5,0.0,996.836921069798,0.0,0.0,0.0,2867,13156,10289
2020-02-07T00:00:00,5580.0,2608.2000000000007,2160.0,58.5,85.5,0.0,341.03692106979815,0.0,0.0,0.0,2713,12864,10151
2020-02-07T01:00:00,5580.0,2608.2,2160.0,58.5,85.5,0.0,95.03692106979815,0.0,0.0,0.0,2222,12619,10397
2020-02-07T02:00:00,5580.0,3402.0,2160.0,58.5,85.5,0.0,990.8369210697988,0.0,0.0,0.0,2041,12336,10295
2020-02-07T03:00:00,5580.0,3336.1630789302017,2160.0,58.5,85.5,0.0,1200.0,0.0,0.0,0.0,1794,11814,10020
2020-02-07T04:00:00,5580.0,2601.5906383911815,2160.0,58.5,85.5,0.0,583.4275594609799,0.0,0.0,0.0,1650,11552,9902
2020-02-07T05:00:00,5580.0,2601.5906383911815,2160.0,58.5,85.5,0.0,831.4275594609799,0.0,0.0,0.0,1955,11609,9654
2020-02-07T06:00:00,5580.0,2601.5906383911815,2160.0,58.5,85.5,0.0,783.4275594609799,0.0,0.0,0.0,2084,11786,9702
2020-02-07T07:00:00,5580.0,3298.163078930201,2160.0,58.5,85.5,0.0,1200.0,0.0,0.0,0.0,1960,11942,9982
2020-02-07T08:00:00,5580.0,2601.5906383911815,2160.0,58.5,85.5,0.0,435.42755946097986,0.0,0.0,0.0,2256,12306,10050
2020-02-07T09:00:00,5580.0,3402.0,2160.0,58.5,85.5,0.0,1044.8369210697988,0.0,0.0,0.0,2564,12805,10241
2020-02-07T10:00:00,5580.0,2608.2,2160.0,58.5,85.5,0.0,351.03692106979815,0.0,0.0,0.0,2927,13068,10141
2020-02-07T11:00:00,5580.0,2003.1630789302021,2160.0,58.5,85.5,0.0,1200.0,0.0,0.0,0.0,4526,13213,8687
2020-02-07T12:00:00,5580.0,1834.1999999999998,2160.0,58.5,85.5,0.0,1074.0369210697982,0.0,0.0,0.0,4756,13400,8644
2020-02-07T13:00:00,5580.0,1834.1999999999998,2160.0,58.5,85.5,0.0,491.0369210697986,0.0,0.0,0.0,3494,12721,9227
2020-02-07T14:00:00,5580.0,1706.1630789302026,2160.0,58.5,85.5,0.0,1200.0,0.0,0.0,0.0,3698,12088,8390
2020-02-07T15:00:00,5580.0,559.9999999999998,1881.1630789302026,0.0,0.0,0.0,1200.0,0.0,0.0,0.0,4877,11698,6821
2020-02-07T16:00:00,5580.0,1473.1630789302017,2160.0,58.5,85.5,0.0,1200.0,0.0,0.0,0.0,3500,11657,8157
2020-02-07T17:00:00,5580.0,2236.163078930202,2160.0,58.5,85.5,0.0,1200.0,0.0,0.0,0.0,3181,12101,8920
2020-02-07T18:00:00,5580.0,2777.1630789302017,2160.0,58.5,85.5,0.0,0.0,0.0,0.0,0.0,2708,13369,10661
2020-02-07T19:00:00,5580.0,3307.1630789302017,2160.0,58.5,85.5,0.0,1200.0,0.0,0.0,0.0,3758,13749,9991
2020-02-07T20:00:00,5580.0,2608.2,2160.0,58.5,85.5,0.0,614.0369210697986,0.0,0.0,0.0,3474,13352,9878
2020-02-07T21:00:00,5580.0,2911.1630789302017,2160.0,58.5,85.5,0.0,0.0,0.0,0.0,0.0,2030,12825,10795
2020-02-07T22:00:00,5580.0,3402.0,2160.0,58.5,85.5,0.0,122.83692106979834,0.0,0.0,0.0,1972,13135,11163
2020-02-07T23:00:00,5580.0,3401.999999999999,2160.0,58.5,85.5,0.0,1101.8369210697972,0.0,0.0,0.0,3179,13363,10184
2020-02-08T00:00:00,5580.0,2614.1630789302017,2160.0,58.5,85.5,0.0,0.0,0.0,0.0,0.0,2628,13126,10498
2020-02-08T01:00:00,5580.0,3470.163078930201,2160.0,58.5,85.5,0.0,0.0,0.0,0.0,0.0,1633,12987,11354
2020-02-08T02:00:00,5580.0,2745.163078930201,2160.0,58.5,85.5,0.0,0.0,0.0,0.0,0.0,2202,12831,10629
2020-02-08T03:00:00,5580.0,3045.163078930201,2160.0,58.5,85.5,0.0,0.0,0.0,0.0,0.0,1502,12431,10929
2020-02-08T04:00:00,5580.0,3402.0,2160.0,58.5,85.5,0.0,727.8369210697983,0.0,0.0,0.0,1830,12388,10558
2020-02-08T05:00:00,5580.0,3469.1630789302008,2160.0,58.5,85.5,0.0,0.0,0.0,0.0,0.0,1676,13029,11353
2020-02-08T06:00:00,5580.0,3555.0000000000005,2160.0,58.5,85.5,0.0,0.0,447.16307893020144,0.0,0.0,2375,14261,11886
2020-02-08T07:00:00,5580.0,3553.926166163599,2160.0,58.5,85.5,851.236912766602,0.0,1200.0,0.0,0.0,1772,15261,13489
2020-02-08T08:00:00,5580.0,3553.9261661635996,2160.0,58.5,85.5,0.0,0.0,600.236912766602,0.0,0.0,3424,15462,12038
2020-02-08T09:00:00,5580.0,3553.926166163599,2160.0,58.5,85.5,0.0,0.0,1158.236912766602,0.0,0.0,2874,15470,12596
2020-02-08T10:00:00,5580.0,3553.926166163599,2160.0,58.5,85.5,0.0,0.0,583.2369127666017,0.0,0.0,3262,15283,12021
2020-02-08T11:00:00,5580.0,3555.0,2160.0,58.5,85.5,0.0,0.0,192.16307893020144,0.0,0.0,3576,15207,11631
2020-02-08T12:00:00,5580.0,3311.163078930202,2160.0,58.5,85.5,0.0,0.0,0.0,0.0,0.0,3884,15079,11195
2020-02-08T13:00:00,5580.0,2822.1630789302026,2160.0,58.5,85.5,0.0,0.0,0.0,0.0,0.0,4001,14707,10706
2020-02-08T14:00:00,5580.0,2608.1999999999994,2160.0,58.5,85.5,0.0,164.0369210697986,0.0,0.0,0.0,3966,14294,10328
2020-02-08T15:00:00,5580.0,2608.2,2160.0,58.5,85.5,0.0,410.0369210697986,0.0,0.0,0.0,3874,13956,10082
2020-02-08T16:00:00,5580.0,3401.9999999999995,2160.0,58.5,85.5,0.0,1059.8369210697988,0.0,0.0,0.0,3649,13875,10226
2020-02-08T17:00:00,5580.0,3172.1630789302026,2160.0,58.5,85.5,0.0,1200.0,0.0,0.0,0.0,4400,14256,9856
2020-02-08T18:00:00,5580.0,3555.0,2160.0,58.5,85.5,42.16307893020144,0.0,1200.0,0.0,0.0,2678,15359,12681
2020-02-08T19:00:00,5580.0,3553.926166163599,2160.0,58.5,85.5,0.0,0.0,459.23691276660173,0.0,0.0,3437,15334,11897
2020-02-08T20:00:00,5580.0,3554.9999999999995,2160.0,58.5,85.5,0.0,0.0,35.16307893020162,0.0,0.0,3050,14524,11474
2020-02-08T21:00:00,5580.0,3402.0,2160.0,58.5,85.5,0.0,331.83692106979925,0.0,0.0,0.0,2842,13796,10954
2020-02-08T22:00:00,5580.0,3554.999999999999,2160.0,58.5,85.5,0.0,0.0,1133.1630789302012,0.0,0.0,1444,14016,12572
2020-02-08T23:00:00,5580.0,3554.9999999999995,2160.0,58.5,85.5,178.1630789302016,0.0,1200.0,0.0,0.0,1310,14127,12817
2020-02-09T00:00:00,5580.0,3555.000000000001,2160.0,58.5,85.5,0.0,0.0,1092.1630789302008,0.0,0.0,1282,13813,12531
2020-02-09T01:00:00,5580.0,3555.0000000000005,2160.0,58.5,85.5,0.0,0.0,1026.1630789302008,0.0,0.0,1152,13617,12465
2020-02-09T02:00:00,5580.0,3555.0000000000005,2160.0,58.5,85.5,0.0,0.0,103.16307893020075,0.0,0.0,1875,13417,11542
2020-02-09T03:00:00,5580.0,3555.0000000000005,2160.0,58.5,85.5,0.0,0.0,393.1630789302007,0.0,0.0,1181,13013,11832
2020-02-09T04:00:00,5580.0,3554.9999999999995,2160.0,58.5,85.5,0.0,0.0,289.16307893020166,0.0,0.0,1219,12947,11728
2020-02-09T05:00:00,5580.0,3555.0000000000005,2160.0,58.5,85.5,0.0,0.0,876.1630789302008,0.0,0.0,1199,13514,12315
2020-02-09T06:00:00,5580.0,3555.0000000000005,2160.0,58.5,85.5,0.0,0.0,1094.1630789302008,0.0,0.0,2192,14725,12533
2020-02-09T07:00:00,5580.0,3555.0000000000005,2160.0,58.5,85.5,295.16307893020075,0.0,1200.0,0.0,0.0,2773,15707,12934
2020-02-09T08:00:00,5580.0,3555.0000000000005,2160.0,58.5,85.5,23.16307893020075,0.0,1200.0,0.0,0.0,3296,15958,12662
2020-02-09T09:00:00,5580.0,3555.0000000000005,2160.0,58.5,85.5,950.1630789302008,0.0,1200.0,0.0,0.0,2393,15982,13589
2020-02-09T10:00:00,5580.0,3555.0000000000005,2160.0,58.5,85.5,209.16307893020075,0.0,1200.0,0.0,0.0,2984,15832,12848
2020-02-09T11:00:00,5580.0,3402.0000000000005,2160.0,58.5,85.5,0.0,44.836921069799246,0.0,0.0,0.0,4551,15792,11241
2020-02-09T12:00:00,5580.0,2967.163078930201,2160.0,58.5,85.5,0.0,0.0,0.0,0.0,0.0,4786,15637,10851
2020-02-09T13:00:00,5580.0,3554.9999999999995,2160.0,58.5,85.5,0.0,0.0,12.163078930201664,0.0,0.0,3798,15249,11451
2020-02-09T14:00:00,5580.0,3216.163078930201,2160.0,58.5,85.5,0.0,0.0,0.0,0.0,0.0,3756,14856,11100
2020-02-09T15:00:00,5580.0,3402.0000000000005,2160.0,58.5,85.5,0.0,479.8369210697993,0.0,0.0,0.0,3718,14524,10806
2020-02-09T16:00:00,5580.0,3203.163078930201,2160.0,58.5,85.5,0.0,1200.0,0.0,0.0,0.0,4637,14524,9887
2020-02-09T17:00:00,5580.0,3555.0000000000005,2160.0,58.5,85.5,0.0,0.0,378.1630789302007,0.0,0.0,3121,14938,11817
2020-02-09T18:00:00,5580.0,3555.0000000000005,2160.0,58.5,85.5,0.0,0.0,487.1630789302007,0.0,0.0,4120,16046,11926
2020-02-09T19:00:00,5580.0,3555.0000000000005,2160.0,58.5,85.5,1385.1630789302026,0.0,1200.0,0.0,0.0,1898,15922,14024
2020-02-09T20:00:00,5580.0,3555.0000000000005,2160.0,58.5,85.5,141.16307893020075,0.0,1200.0,0.0,0.0,2287,15067,12780
2020-02-09T21:00:00,5580.0,3555.0000000000005,2160.0,58.5,85.5,214.16307893020075,0.0,1200.0,0.0,0.0,1497,14350,12853
2020-02-09T22:00:00,5580.0,3554.999999999999,2160.0,58.5,85.5,371.16307893020394,0.0,1200.0,0.0,0.0,1524,14534,13010
2020-02-09T23:00:00,5580.0,3555.0,2160.0,58.5,85.5,0.0,0.0,183.16307893020092,0.0,0.0,3019,14641,11622
2020-02-10T00:00:00,5580.0,3555.0,2160.0,58.5,85.5,0.0,0.0,4.163078930201664,0.0,0.0,2735,14178,11443
2020-02-10T01:00:00,5580.0,3554.999999999999,2160.0,58.5,85.5,143.16307893020257,0.0,1200.0,0.0,0.0,1199,13981,12782
2020-02-10T02:00:00,5580.0,3555.0,2160.0,58.5,85.5,5.163078930201664,0.0,1200.0,0.0,0.0,1132,13776,12644
2020-02-10T03:00:00,5580.0,3554.999999999999,2160.0,58.5,85.5,0.0,0.0,785.1630789302026,0.0,0.0,1142,13366,12224
2020-02-10T04:00:00,5580.0,3555.0,2160.0,58.5,85.5,0.0,0.0,685.1630789302017,0.0,0.0,1160,13284,12124
2020-02-10T05:00:00,5580.0,3554.999999999999,2160.0,58.5,85.5,0.0,0.0,620.1630789302026,0.0,0.0,1791,13850,12059
2020-02-10T06:00:00,5580.0,3555.0,2160.0,58.5,85.5,1175.1630789302037,0.0,1200.0,0.0,0.0,1245,15059,13814
2020-02-10T07:00:00,5580.0,3555.0,2160.0,58.5,85.5,697.1630789302035,0.0,1200.0,0.0,0.0,2712,16048,13336
2020-02-10T08:00:00,5580.0,3555.0,2160.0,58.5,85.5,1818.1630789302037,0.0,1200.0,0.0,0.0,1862,16319,14457
2020-02-10T09:00:00,5580.0,3555.0,2160.0,58.5,85.5,0.0,0.0,1023.1630789302016,0.0,0.0,3943,16405,12462
2020-02-10T10:00:00,5580.0,3554.999999999999,2160.0,58.5,85.5,0.0,0.0,543.1630789302026,0.0,0.0,4350,16332,11982
2020-02-10T11:00:00,5580.0,3555.0,2160.0,58.5,85.5,0.0,0.0,271.16307893020166,0.0,0.0,4646,16356,11710
2020-02-10T12:00:00,5580.0,3554.999999999999,2160.0,58.5,85.5,0.0,0.0,1008.1630789302026,0.0,0.0,3838,16285,12447
2020-02-10T13:00:00,5580.0,3402.0,2160.0,58.5,85.5,0.0,126.83692106979834,0.0,0.0,0.0,4783,15942,11159
2020-02-10T14:00:00,5580.0,3554.999999999999,2160.0,58.5,85.5,0.0,0.0,14.163078930202571,0.0,0.0,4096,15549,11453
2020-02-10T15:00:00,5580.0,3402.0,2160.0,58.5,85.5,0.0,784.8369210697983,0.0,0.0,0.0,4695,15196,10501
2020-02-10T16:00:00,5580.0,3555.0,2160.0,58.5,85.5,0.0,0.0,101.16307893020166,0.0,0.0,3605,15145,11540
2020-02-10T17:00:00,5580.0,3402.0,2160.0,58.5,85.5,0.0,315.83692106979834,0.0,0.0,0.0,4435,15405,10970
2020-02-10T18:00:00,5580.0,3555.0,2160.0,58.5,85.5,976.1630789302016,0.0,1200.0,0.0,0.0,2739,16354,13615
2020-02-10T19:00:00,5580.0,3554.999999999999,2160.0,58.5,85.5,561.1729045851769,0.0,487.9901743450257,0.0,0.0,3639,16127,12488
2020-02-10T20:00:00,5580.0,3555.0,2160.0,58.5,85.5,2009.1630789302017,0.0,0.0,0.0,0.0,1792,15240,13448
2020-02-10T21:00:00,5580.0,3475.163078930202,2160.0,58.5,85.5,0.0,0.0,0.0,0.0,0.0,3127,14486,11359
2020-02-10T22:00:00,5580.0,3555.0,2160.0,58.5,85.5,143.16307893020166,0.0,0.0,0.0,0.0,3068,14650,11582
2020-02-10T23:00:00,5580.0,3554.999999999999,2160.0,58.5,85.5,409.1630789302026,0.0,0.0,0.0,0.0,2901,14749,11848
2020-02-11T00:00:00,5580.0,3555.0,2160.0,58.5,85.5,8.163078930200754,0.0,0.0,0.0,0.0,2835,14282,11447
2020-02-11T01:00:00,5580.0,3555.000000000001,2160.0,58.5,85.5,191.16307893019984,0.0,0.0,0.0,0.0,2455,14085,11630
2020-02-11T02:00:00,5580.0,3555.0,2160.0,58.5,85.5,282.16307893020075,0.0,0.0,0.0,0.0,2157,13878,11721
2020-02-11T03:00:00,5580.0,3555.0,2160.0,58.5,85.5,956.1630789302008,0.0,0.0,0.0,0.0,1066,13461,12395
2020-02-11T04:00:00,5580.0,3555.0,2160.0,58.5,85.5,869.1630789302008,0.0,0.0,0.0,0.0,1064,13372,12308
2020-02-11T05:00:00,5580.0,3555.0,2160.0,58.5,85.5,711.1630789302008,0.0,0.0,0.0,0.0,1782,13932,12150
2020-02-11T06:00:00,5580.0,3555.0,2160.0,58.5,85.5,1579.1630789302008,0.0,0.0,0.0,0.0,2111,15129,13018
2020-02-11T07:00:00,5580.0,3555.0,2160.0,58.5,85.5,1990.1630789302008,0.0,0.0,0.0,0.0,2681,16110,13429
2020-02-11T08:00:00,5580.0,3555.0,2160.0,58.5,85.5,3202.1630789302008,0.0,0.0,0.0,0.0,1718,16359,14641
2020-02-11T09:00:00,5580.0,3555.0,2160.0,58.5,85.5,2566.1630789302008,0.0,0.0,0.0,0.0,2400,16405,14005
2020-02-11T10:00:00,5580.0,3555.000000000001,2160.0,58.5,85.5,1886.1630789302017,0.0,0.0,0.0,0.0,2953,16278,13325
2020-02-11T11:00:00,5580.0,3555.0,2160.0,58.5,85.5,1490.1630789302008,0.0,0.0,0.0,0.0,3328,16257,12929
2020-02-11T12:00:00,5580.0,3555.0,2160.0,58.5,85.5,1161.1630789302008,0.0,0.0,0.0,0.0,3508,16108,12600
2020-02-11T13:00:00,5580.0,3555.0,2160.0,58.5,85.5,678.1630789302008,0.0,0.0,0.0,0.0,3615,15732,12117
2020-02-11T14:00:00,5580.0,3555.0,2160.0,58.5,85.5,310.16307893020075,0.0,0.0,0.0,0.0,3574,15323,11749
2020-02-11T15:00:00,5580.0,3402.0,2160.0,58.5,85.5,0.0,1042.8369210697997,0.0,0.0,0.0,4719,14962,10243
2020-02-11T16:00:00,5580.0,3402.0,2160.0,58.5,85.5,0.0,937.8369210697996,0.0,0.0,0.0,4575,14923,10348
2020-02-11T17:00:00,5580.0,3555.0,2160.0,58.5,85.5,0.0,0.0,888.1630789302008,0.0,0.0,2923,15250,12327
2020-02-11T18:00:00,5580.0,3555.0,2160.0,58.5,85.5,275.82077625570196,0.0,597.3423026744988,0.0,0.0,3976,16288,12312
2020-02-11T19:00:00,5580.0,3555.000000000001,2160.0,58.5,85.5,1269.1630789301998,0.0,0.0,0.0,0.0,3408,16116,12708
2020-02-11T20:00:00,5580.0,3555.0,2160.0,58.5,85.5,753.1630789302008,0.0,0.0,0.0,0.0,3126,15318,12192
2020-02-11T21:00:00,5580.0,3507.1630789302,2160.0,58.5,85.5,0.0,0.0,0.0,0.0,0.0,3234,14625,11391
2020-02-11T22:00:00,5580.0,3555.0,2160.0,58.5,85.5,144.16307893020075,0.0,0.0,0.0,0.0,3226,14809,11583
2020-02-11T23:00:00,5580.0,3555.0,2160.0,58.5,85.5,312.16307893019984,0.0,0.0,0.0,0.0,3160,14911,11751
2020-12-16T00:00:00,5580.0,3401.999999999999,2160.0,58.5,85.5,9.163078930202571,0.0,0.0,0.0,0.0,2552,13847,11295
2020-12-16T01:00:00,5580.0,3333.1630789302008,2160.0,58.5,85.5,0.0,0.0,0.0,0.0,0.0,2373,13590,11217
2020-12-16T02:00:00,5580.0,2608.2,2160.0,58.5,85.5,541.9630789302009,0.0,0.0,0.0,0.0,2328,13362,11034
2020-12-16T03:00:00,5580.0,2608.2,2160.0,58.5,85.5,74.96307893020003,0.0,0.0,0.0,0.0,2394,12961,10567
2020-12-16T04:00:00,5580.0,1476.1075630515847,2160.0,58.5,85.5,696.0555158786152,0.0,0.0,0.0,0.0,2834,12890,10056
2020-12-16T05:00:00,5580.0,1743.4712438360652,2160.0,58.5,85.5,619.6918350941351,0.0,0.0,0.0,0.0,3226,13473,10247
2020-12-16T06:00:00,5580.0,1092.6000000000006,2160.0,58.5,85.5,2258.5630789302004,0.0,0.0,0.0,0.0,3516,14751,11235
2020-12-16T07:00:00,5580.0,523.9999999999999,2160.0,58.5,85.5,3252.163078930201,0.0,0.0,0.0,0.0,4097,15757,11660
2020-12-16T08:00:00,5580.0,1128.6000000000004,2160.0,58.5,85.5,2237.5630789302004,0.0,0.0,0.0,0.0,4639,15889,11250
2020-12-16T09:00:00,5580.0,656.6000000000006,2160.0,58.5,85.5,2289.5630789302,0.0,0.0,0.0,0.0,4936,15766,10830
2020-12-16T10:00:00,5580.0,892.6000000000001,2160.0,58.5,85.5,1906.5630789302008,0.0,0.0,0.0,0.0,4973,15656,10683
2020-12-16T11:00:00,5580.0,1743.4712438360652,2160.0,58.5,85.5,1360.691835094135,0.0,0.0,0.0,0.0,4648,15636,10988
2020-12-16T12:00:00,5580.0,711.0000000000006,2160.0,58.5,85.5,2324.1630789302,0.0,0.0,0.0,0.0,4610,15529,10919
2020-12-16T13:00:00,5580.0,1743.4712438360652,2160.0,58.5,85.5,1093.691835094136,0.0,0.0,0.0,0.0,4464,15185,10721
2020-12-16T14:00:00,5580.0,2130.4712438360652,2160.0,58.5,85.5,319.69183509413506,0.0,0.0,0.0,0.0,4537,14871,10334
2020-12-16T15:00:00,5580.0,2130.471243836065,2160.0,58.5,85.5,50.69183509413506,0.0,0.0,0.0,0.0,4623,14688,10065
2020-12-16T16:00:00,5580.0,1098.0000000000005,2160.0,58.5,85.5,993.1630789302004,0.0,0.0,0.0,0.0,4745,14720,9975
2020-12-16T17:00:00,5580.0,2130.471243836065,2160.0,58.5,85.5,814.6918350941351,0.0,0.0,0.0,0.0,4570,15399,10829
2020-12-16T18:00:00,5580.0,2130.4712438360652,2160.0,58.5,85.5,1818.691835094135,0.0,0.0,0.0,0.0,3975,15808,11833
2020-12-16T19:00:00,5580.0,2608.1999999999994,2160.0,58.5,85.5,1747.963078930201,0.0,0.0,0.0,0.0,3289,15529,12240
2020-12-16T20:00:00,5580.0,2608.2000000000003,2160.0,58.5,85.5,1308.9630789302,0.0,0.0,0.0,0.0,2858,14659,11801
2020-12-16T21:00:00,5580.0,2608.2000000000003,2160.0,58.5,85.5,804.9630789302,0.0,0.0,0.0,0.0,2660,13957,11297
2020-12-16T22:00:00,5580.0,3325.1630789302008,2160.0,58.5,85.5,0.0,0.0,0.0,0.0,0.0,2850,14059,11209
2020-12-16T23:00:00,5580.0,3133.1630789302003,2160.0,58.5,85.5,0.0,0.0,0.0,0.0,0.0,3090,14107,11017
2020-12-17T00:00:00,5580.0,2491.1630789302017,2160.0,58.5,85.5,0.0,0.0,0.0,0.0,0.0,3201,13576,10375
2020-12-17T01:00:00,5580.0,2127.1630789302017,2160.0,58.5,85.5,0.0,0.0,0.0,0.0,0.0,3320,13331,10011
2020-12-17T02:00:00,5580.0,1812.1630789302026,2160.0,58.5,85.5,0.0,0.0,0.0,0.0,0.0,3399,13095,9696
2020-12-17T03:00:00,5580.0,1338.1630789302023,2160.0,58.5,85.5,0.0,0.0,0.0,0.0,0.0,3468,12690,9222
2020-12-17T04:00:00,5580.0,1176.1630789302017,2160.0,58.5,85.5,0.0,0.0,0.0,0.0,0.0,3569,12629,9060
2020-12-17T05:00:00,5580.0,1409.163078930202,2160.0,58.5,85.5,0.0,0.0,0.0,0.0,0.0,3911,13204,9293
2020-12-17T06:00:00,5580.0,2123.677389935563,2160.0,58.5,85.5,720.4856889946386,0.0,0.0,0.0,0.0,3716,14444,10728
2020-12-17T07:00:00,5580.0,1736.6773899355628,2160.0,58.5,85.5,1623.4856889946386,0.0,0.0,0.0,0.0,4214,15458,11244
2020-12-17T08:00:00,5580.0,1736.6773899355628,2160.0,58.5,85.5,1306.4856889946386,0.0,0.0,0.0,0.0,4682,15609,10927
2020-12-17T09:00:00,5580.0,1385.6773899355628,2160.0,58.5,85.5,794.4856889946386,0.0,0.0,0.0,0.0,5475,15539,10064
2020-12-17T10:00:00,5580.0,1367.163078930202,2160.0,58.5,85.5,0.0,0.0,0.0,0.0,0.0,6139,15390,9251
2020-12-17T11:00:00,5580.0,354.6000000000004,2160.0,58.5,85.5,547.5630789302013,0.0,0.0,0.0,0.0,6549,15335,8786
2020-12-17T12:00:00,5580.0,354.6000000000004,2160.0,58.5,85.5,129.56307893020175,0.0,0.0,0.0,0.0,6828,15196,8368
2020-12-17T13:00:00,5580.0,5.456968210637569e-13,2160.0,58.5,85.5,86.16307893020166,0.0,0.0,0.0,0.0,6857,14827,7970
2020-12-17T14:00:00,5580.0,3.637978807091713e-13,2160.0,58.5,85.5,0.0,275.83692106979834,0.0,0.0,0.0,6899,14507,7608
2020-12-17T15:00:00,5580.0,3.637978807091713e-13,2160.0,58.5,85.5,0.0,455.83692106979834,0.0,0.0,0.0,6891,14319,7428
2020-12-17T16:00:00,5580.0,3.637978807091713e-13,2160.0,58.5,85.5,0.0,282.836921069797,0.0,0.0,0.0,6695,14296,7601
2020-12-17T17:00:00,5580.0,1031.163078930202,2160.0,58.5,85.5,0.0,0.0,0.0,0.0,0.0,6051,14966,8915
2020-12-17T18:00:00,5580.0,1092.6000000000004,2160.0,58.5,85.5,377.680006523157,0.0,760.8830724070452,0.0,0.0,5158,15273,10115
2020-12-17T19:00:00,5580.0,2608.2,2160.0,58.5,85.5,193.96307893020185,0.0,0.0,0.0,0.0,4268,14954,10686
2020-12-17T20:00:00,5580.0,2608.1999999999994,2160.0,58.5,85.5,270.9630789302023,0.0,0.0,0.0,0.0,3509,14272,10763
2020-12-17T21:00:00,5580.0,2608.2000000000003,2160.0,58.5,85.5,37.96307893020139,0.0,0.0,0.0,0.0,3186,13716,10530
2020-12-17T22:00:00,5580.0,3079.163078930202,2160.0,58.5,85.5,0.0,0.0,0.0,0.0,0.0,2932,13895,10963
2020-12-17T23:00:00,5580.0,3378.1630789302017,2160.0,58.5,85.5,0.0,0.0,0.0,0.0,0.0,2677,13939,11262
2020-12-18T00:00:00,5580.0,2824.163078930199,2160.0,58.5,85.5,0.0,0.0,0.0,0.0,0.0,2601,13309,10708
2020-12-18T01:00:00,5580.0,2598.1630789302003,2160.0,58.5,85.5,0.0,0.0,0.0,0.0,0.0,2518,13000,10482
2020-12-18T02:00:00,5580.0,2514.1630789301994,2160.0,58.5,85.5,0.0,0.0,0.0,0.0,0.0,2282,12680,10398
2020-12-18T03:00:00,5580.0,1447.1999999999994,2160.0,58.5,85.5,817.9630789302,0.0,0.0,0.0,0.0,2035,12184,10149
2020-12-18T04:00:00,5580.0,1447.1999999999996,2160.0,58.5,85.5,828.9630789302,0.0,0.0,0.0,0.0,1814,11974,10160
2020-12-18T05:00:00,5580.0,1447.1999999999996,2160.0,58.5,85.5,1038.9630789302,0.0,0.0,0.0,0.0,1814,12184,10370
2020-12-18T06:00:00,5580.0,559.9999999999999,2160.0,58.5,85.5,1599.1630789302003,0.0,0.0,0.0,0.0,2511,12554,10043
2020-12-18T07:00:00,5580.0,1162.9999999999998,2160.0,58.5,85.5,602.1630789302008,0.0,0.0,0.0,0.0,3344,12993,9649
2020-12-18T08:00:00,5580.0,1742.0770242822011,2160.0,58.5,85.5,110.08605464799804,0.0,0.0,0.0,0.0,3726,13462,9736
2020-12-18T09:00:00,5580.0,1734.1630789302003,2160.0,58.5,85.5,0.0,0.0,0.0,0.0,0.0,4129,13747,9618
2020-12-18T10:00:00,5580.0,1553.1630789302017,2160.0,58.5,85.5,0.0,0.0,0.0,0.0,0.0,4283,13720,9437
2020-12-18T11:00:00,5580.0,1161.0000000000005,2160.0,58.5,85.5,245.16307893019984,0.0,0.0,0.0,0.0,4448,13738,9290
2020-12-18T12:00:00,5580.0,1161.0000000000005,2160.0,58.5,85.5,326.16307893019984,0.0,0.0,0.0,0.0,4538,13909,9371
2020-12-18T13:00:00,5580.0,387.00000000000034,2160.0,58.5,85.5,1279.1630789302003,0.0,0.0,0.0,0.0,3806,13356,9550
2020-12-18T14:00:00,5580.0,663.1630789302003,2160.0,58.5,85.5,0.0,0.0,0.0,0.0,0.0,4309,12856,8547
2020-12-18T15:00:00,5580.0,634.1630789302001,2160.0,58.5,85.5,0.0,0.0,0.0,0.0,0.0,4036,12554,8518
2020-12-18T16:00:00,5580.0,864.1630789302014,2160.0,58.5,85.5,0.0,0.0,0.0,0.0,0.0,3794,12542,8748
2020-12-18T17:00:00,5580.0,1680.1630789302003,2160.0,58.5,85.5,0.0,0.0,0.0,0.0,0.0,3679,13243,9564
2020-12-18T18:00:00,5580.0,2129.0770242822014,2160.0,58.5,85.5,1005.086054647998,0.0,0.0,0.0,0.0,2666,13684,11018
2020-12-18T19:00:00,5580.0,2608.2,2160.0,58.5,85.5,884.9630789302003,0.0,0.0,0.0,0.0,2180,13557,11377
2020-12-18T20:00:00,5580.0,2028.1630789301998,2160.0,58.5,85.5,0.0,0.0,0.0,0.0,0.0,3193,13105,9912
2020-12-18T21:00:00,5580.0,1979.1630789302,2160.0,58.5,85.5,0.0,0.0,0.0,0.0,0.0,2820,12683,9863
2020-12-18T22:00:00,5580.0,3380.1630789301994,2160.0,58.5,85.5,0.0,0.0,0.0,0.0,0.0,1732,12996,11264
2020-12-18T23:00:00,5580.0,2608.2,2160.0,58.5,85.5,0.0,449.0369210698,0.0,0.0,0.0,3262,13305,10043
2020-12-19T00:00:00,5580.0,2608.2,2160.0,58.5,85.5,0.0,541.0369210698008,0.0,0.0,0.0,2972,12923,9951
2020-12-19T01:00:00,5580.0,2186.1630789302008,2160.0,58.5,85.5,0.0,0.0,0.0,0.0,0.0,2566,12636,10070
2020-12-19T02:00:00,5580.0,2164.1630789301994,2160.0,58.5,85.5,0.0,0.0,0.0,0.0,0.0,2264,12312,10048
2020-12-19T03:00:00,5580.0,1972.1630789301998,2160.0,58.5,85.5,0.0,0.0,0.0,0.0,0.0,1909,11765,9856
2020-12-19T04:00:00,5580.0,1824.1630789302012,2160.0,58.5,85.5,0.0,0.0,0.0,0.0,0.0,1755,11463,9708
2020-12-19T05:00:00,5580.0,1527.1630789301994,2160.0,58.5,85.5,0.0,0.0,0.0,0.0,0.0,2106,11517,9411
2020-12-19T06:00:00,5580.0,973.1630789302001,2160.0,58.5,85.5,0.0,0.0,0.0,0.0,0.0,2827,11684,8857
2020-12-19T07:00:00,5580.0,151.0000000000001,2160.0,58.5,85.5,0.0,0.0,244.1630789301994,0.0,0.0,3603,11882,8279
2020-12-19T08:00:00,5580.0,355.16307893019996,2160.0,58.5,85.5,0.0,0.0,0.0,0.0,0.0,3990,12229,8239
2020-12-19T09:00:00,5580.0,248.1630789302018,2160.0,58.5,85.5,0.0,0.0,0.0,0.0,0.0,4525,12657,8132
2020-12-19T10:00:00,5580.0,151.00000000000017,2160.0,58.5,85.5,0.0,0.0,248.16307893020075,0.0,0.0,4663,12946,8283
2020-12-19T11:00:00,5580.0,151.0000000000001,2160.0,58.5,85.5,637.9338551858995,0.0,250.2292237443004,0.0,0.0,4204,13127,8923
2020-12-19T12:00:00,5580.0,387.00000000000034,2160.0,58.5,85.5,239.16307893019984,0.0,0.0,0.0,0.0,4871,13381,8510
2020-12-19T13:00:00,5580.0,3.637978807091713e-13,2160.0,58.5,85.5,187.16307893020257,0.0,0.0,0.0,0.0,4755,12826,8071
2020-12-19T14:00:00,5580.0,3.637978807091713e-13,2160.0,58.5,85.5,0.0,612.8369210697983,0.0,0.0,0.0,5026,12297,7271
2020-12-19T15:00:00,5580.0,3.637978807091713e-13,2160.0,58.5,85.5,0.0,737.8369210697983,0.0,0.0,0.0,4884,12030,7146
2020-12-19T16:00:00,5580.0,3.637978807091713e-13,2160.0,58.5,85.5,0.0,725.8369210697983,0.0,0.0,0.0,4784,11942,7158
2020-12-19T17:00:00,5580.0,302.00000000000057,2160.0,58.5,85.5,0.0,72.83692106979788,0.0,0.0,0.0,4484,12597,8113
2020-12-19T18:00:00,5580.0,936.1630789302002,2160.0,58.5,85.5,0.0,0.0,0.0,0.0,0.0,4157,12977,8820
2020-12-19T19:00:00,5580.0,951.1630789302014,2160.0,58.5,85.5,0.0,0.0,0.0,0.0,0.0,3934,12769,8835
2020-12-19T20:00:00,5580.0,1119.163078930199,2160.0,58.5,85.5,0.0,0.0,0.0,0.0,0.0,3381,12384,9003
2020-12-19T21:00:00,5580.0,1009.1630789302,2160.0,58.5,85.5,0.0,0.0,0.0,0.0,0.0,3046,11939,8893
2020-12-19T22:00:00,5580.0,2608.2,2160.0,58.5,85.5,0.0,1195.0369210698,0.0,0.0,0.0,2717,12014,9297
2020-12-19T23:00:00,5580.0,1879.1630789301998,2160.0,58.5,85.5,0.0,1200.0,0.0,0.0,0.0,3601,12164,8563
2020-12-20T00:00:00,5580.0,1447.2000000000003,2160.0,58.5,85.5,0.0,70.03692106979861,0.0,0.0,0.0,2558,11819,9261
2020-12-20T01:00:00,5580.0,988.1630789302011,2160.0,58.5,85.5,0.0,0.0,0.0,0.0,0.0,2650,11522,8872
2020-12-20T02:00:00,5580.0,706.1630789302018,2160.0,58.5,85.5,0.0,0.0,0.0,0.0,0.0,2629,11219,8590
2020-12-20T03:00:00,5580.0,274.00000000000017,2160.0,58.5,85.5,0.0,50.83692106979743,0.0,0.0,0.0,2660,10767,8107
2020-12-20T04:00:00,5580.0,438.99999999999966,2160.0,58.5,85.5,0.0,250.8369210697965,0.0,0.0,0.0,2622,10694,8072
2020-12-20T05:00:00,5580.0,606.1630789302014,2160.0,58.5,85.5,0.0,0.0,0.0,0.0,0.0,2806,11296,8490
2020-12-20T06:00:00,5580.0,439.0000000000001,2160.0,58.5,85.5,0.0,0.0,1183.163078930202,0.0,0.0,2990,12496,9506
2020-12-20T07:00:00,5580.0,1125.0000000000005,2160.0,58.5,85.5,98.16307893020166,0.0,1200.0,0.0,0.0,3238,13545,10307
2020-12-20T08:00:00,5580.0,1125.0000000000005,2160.0,58.5,85.5,81.16307893020166,0.0,1200.0,0.0,0.0,3590,13880,10290
2020-12-20T09:00:00,5580.0,351.00000000000034,2160.0,58.5,85.5,1012.2546314416144,0.0,103.90844748858729,0.0,0.0,4617,13968,9351
2020-12-20T10:00:00,5580.0,1092.6000000000004,2160.0,58.5,85.5,518.5630789302008,0.0,0.0,0.0,0.0,4463,13958,9495
2020-12-20T11:00:00,5580.0,1092.6000000000004,2160.0,58.5,85.5,621.5630789302008,0.0,0.0,0.0,0.0,4436,14034,9598
2020-12-20T12:00:00,5580.0,1092.6000000000004,2160.0,58.5,85.5,366.5630789302009,0.0,0.0,0.0,0.0,4633,13976,9343
2020-12-20T13:00:00,5580.0,940.1630789302011,2160.0,58.5,85.5,0.0,0.0,0.0,0.0,0.0,4868,13692,8824
2020-12-20T14:00:00,5580.0,3.637978807091713e-13,2160.0,58.5,85.5,590.1630789302012,0.0,0.0,0.0,0.0,4977,13451,8474
2020-12-20T15:00:00,5580.0,3.637978807091713e-13,2160.0,58.5,85.5,338.1630789302012,0.0,0.0,0.0,0.0,5039,13261,8222
2020-12-20T16:00:00,5580.0,387.00000000000034,2160.0,58.5,85.5,72.16307893020212,0.0,0.0,0.0,0.0,4975,13318,8343
2020-12-20T17:00:00,5580.0,387.00000000000034,2160.0,58.5,85.5,864.1630789302017,0.0,0.0,0.0,0.0,4839,13974,9135
2020-12-20T18:00:00,5580.0,2105.918147565145,2160.0,58.5,85.5,67.24493136505589,0.0,0.0,0.0,0.0,4350,14407,10057
2020-12-20T19:00:00,5580.0,2473.163078930201,2160.0,58.5,85.5,0.0,0.0,0.0,0.0,0.0,3626,13983,10357
2020-12-20T20:00:00,5580.0,2316.1630789302017,2160.0,58.5,85.5,0.0,0.0,0.0,0.0,0.0,3112,13312,10200
2020-12-20T21:00:00,5580.0,2196.163078930201,2160.0,58.5,85.5,0.0,0.0,0.0,0.0,0.0,2614,12694,10080
2020-12-20T22:00:00,5580.0,1464.163078930201,2160.0,58.5,85.5,0.0,0.0,0.0,0.0,0.0,3461,12809,9348
2020-12-20T23:00:00,5580.0,2608.2000000000003,2160.0,58.5,85.5,0.0,999.0369210697986,0.0,0.0,0.0,3368,12861,9493
2020-12-21T00:00:00,5580.0,2077.1630789302,2160.0,58.5,85.5,0.0,0.0,0.0,0.0,0.0,2412,12373,9961
2020-12-21T01:00:00,5580.0,1505.1630789302008,2160.0,58.5,85.5,0.0,0.0,0.0,0.0,0.0,2658,12047,9389
2020-12-21T02:00:00,5580.0,1536.1630789302003,2160.0,58.5,85.5,0.0,0.0,0.0,0.0,0.0,2356,11776,9420
2020-12-21T03:00:00,5580.0,1347.1630789302003,2160.0,58.5,85.5,0.0,0.0,0.0,0.0,0.0,2088,11319,9231
2020-12-21T04:00:00,5580.0,1276.1630789301998,2160.0,58.5,85.5,0.0,0.0,0.0,0.0,0.0,2047,11207,9160
2020-12-21T05:00:00,5580.0,1479.6000000000004,2160.0,58.5,85.5,0.0,0.0,127.56307893019948,0.0,0.0,2201,11692,9491
2020-12-21T06:00:00,5580.0,1125.0000000000005,2160.0,58.5,85.5,933.1630789302004,0.0,0.0,0.0,0.0,2841,12783,9942
2020-12-21T07:00:00,5580.0,588.0000000000005,2160.0,58.5,85.5,2030.4484670580512,0.0,621.7146118721495,0.0,0.0,2561,13685,11124
2020-12-21T08:00:00,5580.0,925.0000000000001,2160.0,58.5,85.5,896.1630789301998,0.0,0.0,0.0,0.0,4209,13914,9705
2020-12-21T09:00:00,5580.0,994.3605005616022,2160.0,58.5,85.5,500.8025783685971,0.0,0.0,0.0,0.0,4523,13902,9379
2020-12-21T10:00:00,5580.0,994.3605005616021,2160.0,58.5,85.5,339.8025783685989,0.0,0.0,0.0,0.0,4656,13874,9218
2020-12-21T11:00:00,5580.0,994.3605005616021,2160.0,58.5,85.5,149.8025783685971,0.0,0.0,0.0,0.0,4895,13923,9028
2020-12-21T12:00:00,5580.0,1033.1630789301998,2160.0,58.5,85.5,0.0,0.0,0.0,0.0,0.0,4944,13861,8917
2020-12-21T13:00:00,5580.0,939.1630789302004,2160.0,58.5,85.5,0.0,0.0,0.0,0.0,0.0,4769,13592,8823
2020-12-21T14:00:00,5580.0,668.1630789302008,2160.0,58.5,85.5,0.0,0.0,0.0,0.0,0.0,4787,13339,8552
2020-12-21T15:00:00,5580.0,522.1630789302003,2160.0,58.5,85.5,0.0,0.0,0.0,0.0,0.0,4701,13107,8406
2020-12-21T16:00:00,5580.0,772.1630789302011,2160.0,58.5,85.5,0.0,0.0,0.0,0.0,0.0,4413,13069,8656
2020-12-21T17:00:00,5580.0,1470.1630789302003,2160.0,58.5,85.5,0.0,0.0,0.0,0.0,0.0,4225,13579,9354
2020-12-21T18:00:00,5580.0,1852.1630789302,2160.0,58.5,85.5,0.0,0.0,0.0,0.0,0.0,4117,13853,9736
2020-12-21T19:00:00,5580.0,1640.1630789302012,2160.0,58.5,85.5,0.0,0.0,0.0,0.0,0.0,4056,13580,9524
2020-12-21T20:00:00,5580.0,1466.1630789301996,2160.0,58.5,85.5,0.0,0.0,0.0,0.0,0.0,3494,12844,9350
2020-12-21T21:00:00,5580.0,1375.1630789301998,2160.0,58.5,85.5,0.0,0.0,0.0,0.0,0.0,2935,12194,9259
2020-12-21T22:00:00,5580.0,2479.1630789302,2160.0,58.5,85.5,0.0,1200.0,0.0,0.0,0.0,3143,12306,9163
2020-12-21T23:00:00,5580.0,2679.1630789302,2160.0,58.5,85.5,0.0,0.0,0.0,0.0,0.0,1801,12364,10563
2020-12-22T00:00:00,5580.0,2300.16307893016,2160.0,58.5,85.5,0.0,1200.0,0.0,0.0,0.0,2794,11778,8984
2020-12-22T01:00:00,5580.0,1180.1630789302017,2160.0,58.5,85.5,0.0,0.0,0.0,0.0,0.0,2373,11437,9064
2020-12-22T02:00:00,5580.0,882.1630789302016,2160.0,58.5,85.5,0.0,0.0,0.0,0.0,0.0,2379,11145,8766
2020-12-22T03:00:00,5580.0,764.1630789302022,2160.0,58.5,85.5,0.0,0.0,0.0,0.0,0.0,2032,10680,8648
2020-12-22T04:00:00,5580.0,731.1630789302012,2160.0,58.5,85.5,0.0,0.0,0.0,0.0,0.0,1951,10566,8615
2020-12-22T05:00:00,5580.0,950.1630789302019,2160.0,58.5,85.5,0.0,0.0,0.0,0.0,0.0,2210,11044,8834
2020-12-22T06:00:00,5580.0,673.0000000000001,2160.0,58.5,85.5,0.0,0.0,678.1630789302021,0.0,0.0,2908,12143,9235
2020-12-22T07:00:00,5580.0,386.99999999999966,2160.0,58.5,85.5,2094.326157860404,0.0,1121.836921069798,0.0,0.0,1570,13057,11487
2020-12-22T08:00:00,5580.0,1386.909197743525,2160.0,58.5,85.5,179.25388118667615,0.0,0.0,0.0,0.0,3860,13310,9450
2020-12-22T09:00:00,5580.0,1228.1630789302021,2160.0,58.5,85.5,0.0,0.0,0.0,0.0,0.0,4230,13342,9112
2020-12-22T10:00:00,5580.0,1125.1630789302014,2160.0,58.5,85.5,0.0,0.0,0.0,0.0,0.0,4349,13358,9009
2020-12-22T11:00:00,5580.0,1088.1630789302017,2160.0,58.5,85.5,0.0,0.0,0.0,0.0,0.0,4495,13467,8972
2020-12-22T12:00:00,5580.0,1999.1630789302021,2160.0,58.5,85.5,0.0,0.0,0.0,0.0,0.0,3580,13463,9883
2020-12-22T13:00:00,5580.0,894.1630789302026,2160.0,58.5,85.5,0.0,0.0,0.0,0.0,0.0,4433,13211,8778
2020-12-22T14:00:00,5580.0,802.1630789302014,2160.0,58.5,85.5,0.0,0.0,0.0,0.0,0.0,4305,12991,8686
2020-12-22T15:00:00,5580.0,1310.163078930202,2160.0,58.5,85.5,0.0,0.0,0.0,0.0,0.0,3581,12775,9194
2020-12-22T16:00:00,5580.0,1479.5999999999995,2160.0,58.5,85.5,61.56307893020221,0.0,0.0,0.0,0.0,3361,12786,9425
2020-12-22T17:00:00,5580.0,1490.163078930202,2160.0,58.5,85.5,0.0,0.0,0.0,0.0,0.0,3973,13347,9374
2020-12-22T18:00:00,5580.0,1724.163078930202,2160.0,58.5,85.5,0.0,0.0,0.0,0.0,0.0,4056,13664,9608
2020-12-22T19:00:00,5580.0,1479.5999999999995,2160.0,58.5,85.5,129.5630789302022,0.0,0.0,0.0,0.0,3905,13398,9493
2020-12-22T20:00:00,5580.0,1377.1630789302017,2160.0,58.5,85.5,0.0,0.0,0.0,0.0,0.0,3421,12682,9261
2020-12-22T21:00:00,5580.0,996.1630789302013,2160.0,58.5,85.5,0.0,0.0,0.0,0.0,0.0,3140,12020,8880
2020-12-22T22:00:00,5580.0,1479.6,2160.0,58.5,85.5,0.0,849.4369210697993,0.0,0.0,0.0,3633,12147,8514
2020-12-22T23:00:00,5580.0,1772.1630789302012,2160.0,58.5,85.5,0.0,1200.0,0.0,0.0,0.0,3775,12231,8456
2020-12-23T00:00:00,5580.0,1834.1999999999994,2160.0,58.5,85.5,0.0,604.0369210697982,0.0,0.0,0.0,2544,11658,9114
2020-12-23T01:00:00,5580.0,1834.1999999999994,2160.0,58.5,85.5,0.0,427.03692106979815,0.0,0.0,0.0,2042,11333,9291
2020-12-23T02:00:00,5580.0,1285.1630789302017,2160.0,58.5,85.5,0.0,0.0,0.0,0.0,0.0,1897,11066,9169
2020-12-23T03:00:00,5580.0,931.1630789302033,2160.0,58.5,85.5,0.0,0.0,0.0,0.0,0.0,1820,10635,8815
2020-12-23T04:00:00,5580.0,771.1630789302019,2160.0,58.5,85.5,0.0,0.0,0.0,0.0,0.0,1902,10557,8655
2020-12-23T05:00:00,5580.0,-1.932676241267473e-13,2160.0,58.5,85.5,0.0,0.0,1184.1630789302023,0.0,0.0,2003,11071,9068
2020-12-23T06:00:00,5580.0,-3.637978807091713e-13,2160.0,58.5,85.5,1953.9430854533584,0.0,226.21999347684437,0.0,0.0,2149,12213,10064
2020-12-23T07:00:00,5580.0,-3.637978807091713e-13,2160.0,58.5,85.5,2848.1630789302026,0.0,0.0,0.0,0.0,2460,13192,10732
2020-12-23T08:00:00,5580.0,-3.637978807091713e-13,2160.0,58.5,85.5,2779.1630789302026,0.0,0.0,0.0,0.0,2834,13497,10663
2020-12-23T09:00:00,5580.0,-3.637978807091713e-13,2160.0,58.5,85.5,2450.1630789302026,0.0,0.0,0.0,0.0,3258,13592,10334
2020-12-23T10:00:00,5580.0,-3.637978807091713e-13,2160.0,58.5,85.5,2185.1630789302026,0.0,0.0,0.0,0.0,3576,13645,10069
2020-12-23T11:00:00,5580.0,-3.637978807091713e-13,2160.0,58.5,85.5,2097.1630789302026,0.0,0.0,0.0,0.0,3786,13767,9981
2020-12-23T12:00:00,5580.0,5.456968210637569e-13,2160.0,58.5,85.5,1954.1630789302023,0.0,0.0,0.0,0.0,3928,13766,9838
2020-12-23T13:00:00,5580.0,-3.637978807091713e-13,2160.0,58.5,85.5,1642.1630789302017,0.0,0.0,0.0,0.0,4023,13549,9526
2020-12-23T14:00:00,5580.0,-3.637978807091713e-13,2160.0,58.5,85.5,1363.1630789302026,0.0,0.0,0.0,0.0,4094,13341,9247
2020-12-23T15:00:00,5580.0,-3.637978807091713e-13,2160.0,58.5,85.5,1251.1630789302026,0.0,0.0,0.0,0.0,4064,13199,9135
2020-12-23T16:00:00,5580.0,-3.637978807091713e-13,2160.0,58.5,85.5,1391.1630789302026,0.0,0.0,0.0,0.0,3967,13242,9275
2020-12-23T17:00:00,5580.0,2128.8953307765114,2160.0,58.5,85.5,171.26774815369026,0.0,0.0,0.0,0.0,3657,13841,10184
2020-12-23T18:00:00,5580.0,1544.9277029616978,2160.0,58.5,85.5,1391.2353759685045,0.0,0.0,0.0,0.0,3344,14164,10820
2020-12-23T19:00:00,5580.0,2608.199999999999,2160.0,58.5,85.5,548.9630789302024,0.0,0.0,0.0,0.0,3000,14041,11041
2020-12-23T20:00:00,5580.0,2608.1999999999994,2160.0,58.5,85.5,136.9630789302022,0.0,0.0,0.0,0.0,2622,13251,10629
2020-12-23T21:00:00,5580.0,2000.1630789302014,2160.0,58.5,85.5,0.0,0.0,0.0,0.0,0.0,2617,12501,9884
2020-12-23T22:00:00,5580.0,2608.2,2160.0,58.5,85.5,0.0,353.0369210697986,0.0,0.0,0.0,2514,12653,10139
2020-12-23T23:00:00,5580.0,2608.2000000000003,2160.0,58.5,85.5,0.0,128.0369210697986,0.0,0.0,0.0,2389,12753,10364
2020-12-24T00:00:00,5580.0,2608.1999999999994,2160.0,58.5,85.5,0.0,685.0369210697977,0.0,0.0,0.0,2422,12229,9807
2020-12-24T01:00:00,5580.0,1846.1630789302023,2160.0,58.5,85.5,0.0,0.0,0.0,0.0,0.0,2184,11914,9730
2020-12-24T02:00:00,5580.0,1694.1630789302017,2160.0,58.5,85.5,0.0,0.0,0.0,0.0,0.0,2091,11669,9578
2020-12-24T03:00:00,5580.0,1422.1630789302014,2160.0,58.5,85.5,0.0,0.0,0.0,0.0,0.0,1940,11246,9306
2020-12-24T04:00:00,5580.0,-4.547473508864643e-14,2160.0,58.5,85.5,661.5800065231552,0.0,874.5830724070462,0.0,0.0,1747,11167,9420
2020-12-24T05:00:00,5580.0,-3.637978807091713e-13,2160.0,58.5,85.5,1899.1630789302017,0.0,0.0,0.0,0.0,1864,11647,9783
2020-12-24T06:00:00,5580.0,-3.637978807091713e-13,2160.0,58.5,85.5,2803.1630789302017,0.0,0.0,0.0,0.0,1995,12682,10687
2020-12-24T07:00:00,5580.0,-3.637978807091713e-13,2160.0,58.5,85.5,3644.1630789302026,0.0,0.0,0.0,0.0,2077,13605,11528
2020-12-24T08:00:00,5580.0,-3.637978807091713e-13,2160.0,58.5,85.5,3676.1630789302017,0.0,0.0,0.0,0.0,2319,13879,11560
2020-12-24T09:00:00,5580.0,136.9999999999998,2160.0,58.5,85.5,3348.163078930202,0.0,0.0,0.0,0.0,2574,13943,11369
2020-12-24T10:00:00,5580.0,354.6000000000003,2160.0,58.5,85.5,2690.5630789302018,0.0,0.0,0.0,0.0,3015,13944,10929
2020-12-24T11:00:00,5580.0,287.9999999999996,2160.0,58.5,85.5,2580.1630789302017,0.0,0.0,0.0,0.0,3187,13939,10752
2020-12-24T12:00:00,5580.0,741.6000000000003,2160.0,58.5,85.5,2134.5630789302018,0.0,0.0,0.0,0.0,3120,13880,10760
2020-12-24T13:00:00,5580.0,151.00000000000017,2160.0,58.5,85.5,2318.1630789302017,0.0,0.0,0.0,0.0,3235,13588,10353
2020-12-24T14:00:00,5580.0,151.00000000000009,2160.0,58.5,85.5,2293.1630789302017,0.0,0.0,0.0,0.0,3039,13367,10328
2020-12-24T15:00:00,5580.0,386.99999999999966,2160.0,58.5,85.5,1806.1630789302017,0.0,0.0,0.0,0.0,3081,13158,10077
2020-12-24T16:00:00,5580.0,-3.637978807091713e-13,2160.0,58.5,85.5,2157.1630789302026,0.0,0.0,0.0,0.0,3143,13184,10041
2020-12-24T17:00:00,5580.0,-3.637978807091713e-13,2160.0,58.5,85.5,2871.1630789302017,0.0,0.0,0.0,0.0,3124,13879,10755
2020-12-24T18:00:00,5580.0,-3.637978807091713e-13,2160.0,58.5,85.5,3268.1630789302017,0.0,0.0,0.0,0.0,3068,14220,11152
2020-12-24T19:00:00,5580.0,737.9999999999997,2160.0,58.5,85.5,2469.1630789302017,0.0,0.0,0.0,0.0,3039,14130,11091
2020-12-24T20:00:00,5580.0,2598.1630789302017,2160.0,58.5,85.5,0.0,0.0,0.0,0.0,0.0,2931,13413,10482
2020-12-24T21:00:00,5580.0,1864.1630789302017,2160.0,58.5,85.5,0.0,0.0,0.0,0.0,0.0,3050,12798,9748
2020-12-24T22:00:00,5580.0,2450.1479358810257,2160.0,58.5,85.5,0.0,328.9848569508241,0.0,0.0,0.0,3017,13022,10005
2020-12-24T23:00:00,5580.0,2608.2000000000003,2160.0,58.5,85.5,0.0,436.0369210697986,0.0,0.0,0.0,3098,13154,10056
2020-12-25T00:00:00,5580.0,1561.1630789302005,2160.0,58.5,85.5,0.0,0.0,0.0,0.0,0.0,3265,12710,9445
2020-12-25T01:00:00,5580.0,1314.163078930201,2160.0,58.5,85.5,0.0,0.0,0.0,0.0,0.0,3204,12402,9198
2020-12-25T02:00:00,5580.0,1219.163078930201,2160.0,58.5,85.5,0.0,0.0,0.0,0.0,0.0,3000,12103,9103
2020-12-25T03:00:00,5580.0,893.1630789302008,2160.0,58.5,85.5,0.0,0.0,0.0,0.0,0.0,2844,11621,8777
2020-12-25T04:00:00,5580.0,286.0000000000001,2160.0,58.5,85.5,0.0,0.0,424.1630789302007,0.0,0.0,2855,11449,8594
2020-12-25T05:00:00,5580.0,521.9999999999997,2160.0,58.5,85.5,334.5598243449345,0.0,149.60325458526626,0.0,0.0,2785,11675,8890
2020-12-25T06:00:00,5580.0,-3.637978807091713e-13,2160.0,58.5,85.5,1300.1630789302008,0.0,0.0,0.0,0.0,2897,12081,9184
2020-12-25T07:00:00,5580.0,5.456968210637569e-13,2160.0,58.5,85.5,1184.1630789302008,0.0,0.0,0.0,0.0,3461,12529,9068
2020-12-25T08:00:00,5580.0,-3.637978807091713e-13,2160.0,58.5,85.5,1539.1630789302008,0.0,0.0,0.0,0.0,3564,12987,9423
2020-12-25T09:00:00,5580.0,-3.637978807091713e-13,2160.0,58.5,85.5,975.1630789302008,0.0,0.0,0.0,0.0,4431,13290,8859
2020-12-25T10:00:00,5580.0,-3.637978807091713e-13,2160.0,58.5,85.5,1131.1630789302017,0.0,0.0,0.0,0.0,4292,13307,9015
2020-12-25T11:00:00,5580.0,354.5999999999996,2160.0,58.5,85.5,308.56307893020085,0.0,0.0,0.0,0.0,4818,13365,8547
2020-12-25T12:00:00,5580.0,136.9999999999998,2160.0,58.5,85.5,675.1630789302008,0.0,0.0,0.0,0.0,4903,13599,8696
2020-12-25T13:00:00,5580.0,354.5999999999996,2160.0,58.5,85.5,256.56307893020085,0.0,0.0,0.0,0.0,4610,13105,8495
2020-12-25T14:00:00,5580.0,227.16307893020291,2160.0,58.5,85.5,0.0,0.0,0.0,0.0,0.0,4597,12708,8111
2020-12-25T15:00:00,5580.0,-3.637978807091713e-13,2160.0,58.5,85.5,0.0,17.836921069796972,0.0,0.0,0.0,4714,12580,7866
2020-12-25T16:00:00,5580.0,293.1630789302029,2160.0,58.5,85.5,0.0,0.0,0.0,0.0,0.0,4552,12729,8177
2020-12-25T17:00:00,5580.0,354.5999999999996,2160.0,58.5,85.5,953.1853881278532,0.0,13.377690802347727,0.0,0.0,4326,13531,9205
2020-12-25T18:00:00,5580.0,354.5999999999996,2160.0,58.5,85.5,1735.5630789302008,0.0,0.0,0.0,0.0,4042,14016,9974
2020-12-25T19:00:00,5580.0,2608.2,2160.0,58.5,85.5,420.9630789302005,0.0,0.0,0.0,0.0,3059,13972,10913
2020-12-25T20:00:00,5580.0,2608.2,2160.0,58.5,85.5,283.9630789302005,0.0,0.0,0.0,0.0,2548,13324,10776
2020-12-25T21:00:00,5580.0,2435.1630789302003,2160.0,58.5,85.5,0.0,0.0,0.0,0.0,0.0,2323,12642,10319
2020-12-25T22:00:00,5580.0,2655.1630789302008,2160.0,58.5,85.5,0.0,0.0,0.0,0.0,0.0,2363,12902,10539
2020-12-25T23:00:00,5580.0,2828.1630789302003,2160.0,58.5,85.5,0.0,0.0,0.0,0.0,0.0,2436,13148,10712
2020-12-26T00:00:00,5580.0,2608.2,2160.0,58.5,85.5,0.0,829.0369210697985,0.0,0.0,0.0,2962,12625,9663
2020-12-26T01:00:00,5580.0,1904.1630789302017,2160.0,58.5,85.5,0.0,0.0,0.0,0.0,0.0,2627,12415,9788
2020-12-26T02:00:00,5580.0,1481.163078930202,2160.0,58.5,85.5,0.0,0.0,0.0,0.0,0.0,2684,12049,9365
2020-12-26T03:00:00,5580.0,931.163078930202,2160.0,58.5,85.5,0.0,0.0,0.0,0.0,0.0,2559,11374,8815
2020-12-26T04:00:00,5580.0,151.00000000000017,2160.0,58.5,85.5,0.0,0.0,526.1630789302021,0.0,0.0,2373,10934,8561
2020-12-26T05:00:00,5580.0,386.99999999999966,2160.0,58.5,85.5,223.5484670580554,0.0,95.61461187214672,0.0,0.0,2240,10830,8590
2020-12-26T06:00:00,5580.0,-3.637978807091713e-13,2160.0,58.5,85.5,772.1630789302021,0.0,0.0,0.0,0.0,2156,10812,8656
2020-12-26T07:00:00,5580.0,-3.637978807091713e-13,2160.0,58.5,85.5,0.0,603.8369210697961,0.0,0.0,0.0,3478,10758,7280
2020-12-26T08:00:00,5580.0,-3.637978807091713e-13,2160.0,58.5,85.5,0.0,1079.836921069796,0.0,0.0,0.0,4017,10821,6804
2020-12-26T09:00:00,5580.0,-3.637978807091713e-13,2160.0,58.5,85.5,0.0,1182.836921069798,0.0,0.0,0.0,4348,11049,6701
2020-12-26T10:00:00,5580.0,5.456968210637569e-13,2160.0,58.5,85.5,0.0,1013.8369210697964,0.0,0.0,0.0,4476,11346,6870
2020-12-26T11:00:00,5580.0,-3.637978807091713e-13,2160.0,58.5,85.5,0.0,996.836921069796,0.0,0.0,0.0,4637,11524,6887
2020-12-26T12:00:00,5580.0,-3.637978807091713e-13,2160.0,58.5,85.5,0.0,0.0,500.1630789302021,0.0,0.0,3394,11778,8384
2020-12-26T13:00:00,5580.0,-3.637978807091713e-13,2160.0,58.5,85.5,0.0,129.83692106979788,0.0,0.0,0.0,3517,11271,7754
2020-12-26T14:00:00,5580.0,-3.637978807091713e-13,2160.0,58.5,85.5,0.0,705.8369210697961,0.0,0.0,0.0,3574,10752,7178
2020-12-26T15:00:00,5580.0,-3.637978807091713e-13,2031.1630789302026,0.0,0.0,0.0,1200.0,0.0,0.0,0.0,4066,10477,6411
2020-12-26T16:00:00,5580.0,-3.637978807091713e-13,2160.0,58.5,85.5,0.0,639.8369210697961,0.0,0.0,0.0,3210,10454,7244
2020-12-26T17:00:00,5580.0,-3.637978807091713e-13,2160.0,58.5,85.5,0.0,352.83692106979606,0.0,0.0,0.0,3556,11087,7531
2020-12-26T18:00:00,5580.0,-3.637978807091713e-13,2160.0,58.5,85.5,0.0,366.83692106979606,0.0,0.0,0.0,3957,11474,7517
2020-12-26T19:00:00,5580.0,-1.0913936421275138e-12,2160.0,58.5,85.5,0.0,0.0,4.163078930204392,0.0,0.0,3571,11459,7888
2020-12-26T20:00:00,5580.0,0.0,2160.0,58.5,85.5,0.0,0.0,89.1630789302028,0.0,0.0,3227,11200,7973
2020-12-26T21:00:00,5580.0,-7.275957614183425e-13,2160.0,58.5,85.5,0.0,0.0,41.16307893020439,0.0,0.0,2950,10875,7925
2020-12-26T22:00:00,5580.0,301.99999999999994,2160.0,58.5,85.5,0.0,182.83692106979743,0.0,0.0,0.0,3142,11145,8003
2020-12-26T23:00:00,5580.0,1609.1630789302017,2160.0,58.5,85.5,0.0,1200.0,0.0,0.0,0.0,3074,11367,8293
2020-12-27T00:00:00,5580.0,2182.1630789301435,2160.0,58.5,85.5,0.0,0.0,0.0,0.0,0.0,1333,11399,10066
2020-12-27T01:00:00,5580.0,1012.9999999999997,2160.0,58.5,85.5,0.0,127.83692106979925,0.0,0.0,0.0,2399,11168,8769
2020-12-27T02:00:00,5580.0,1551.1630789302003,2160.0,58.5,85.5,0.0,0.0,0.0,0.0,0.0,1353,10788,9435
2020-12-27T03:00:00,5580.0,151.00000000000017,2160.0,58.5,85.5,0.0,0.0,244.16307893020075,0.0,0.0,1845,10124,8279
2020-12-27T04:00:00,5580.0,0.0,2160.0,58.5,85.5,0.0,0.0,423.1630789302016,0.0,0.0,1405,9712,8307
2020-12-27T05:00:00,5580.0,-3.637978807091713e-13,2160.0,58.5,85.5,0.0,338.83692106979925,0.0,0.0,0.0,2083,9628,7545
2020-12-27T06:00:00,5580.0,-3.637978807091713e-13,2160.0,58.5,85.5,0.0,973.8369210697992,0.0,0.0,0.0,2767,9677,6910
2020-12-27T07:00:00,5580.0,-3.637978807091713e-13,1881.163078930203,0.0,0.0,0.0,1200.0,0.0,0.0,0.0,3446,9707,6261
2020-12-27T08:00:00,5580.0,-3.637978807091713e-13,2160.0,58.5,85.5,0.0,137.83692106979925,0.0,0.0,0.0,2142,9888,7746
2020-12-27T09:00:00,5580.0,-3.637978807091713e-13,1512.163078930203,0.0,0.0,0.0,1200.0,0.0,0.0,0.0,4302,10194,5892
2020-12-27T10:00:00,5580.0,-3.637978807091713e-13,1751.163078930203,0.0,0.0,0.0,1200.0,0.0,0.0,0.0,4415,10546,6131
2020-12-27T11:00:00,5580.0,-3.637978807091713e-13,1834.163078930203,0.0,0.0,0.0,1200.0,0.0,0.0,0.0,4571,10785,6214
2020-12-27T12:00:00,5580.0,-3.637978807091713e-13,2160.0,58.5,85.5,0.0,50.836921069799246,0.0,0.0,0.0,3270,11103,7833
2020-12-27T13:00:00,5580.0,5.456968210637569e-13,1746.163078930203,0.0,0.0,0.0,1200.0,0.0,0.0,0.0,4488,10614,6126
2020-12-27T14:00:00,5580.0,-3.637978807091713e-13,1369.163078930203,0.0,0.0,0.0,1200.0,0.0,0.0,0.0,4358,10107,5749
2020-12-27T15:00:00,5580.0,-3.637978807091713e-13,1449.163078930203,0.0,0.0,0.0,1200.0,0.0,0.0,0.0,4064,9893,5829
2020-12-27T16:00:00,5580.0,-3.637978807091713e-13,2160.0,0.0,0.0,0.0,1190.8369210697974,0.0,0.0,0.0,3325,9874,6549
2020-12-27T17:00:00,5580.0,5.456968210637569e-13,2160.0,58.5,85.5,0.0,979.8369210697992,0.0,0.0,0.0,3597,10501,6904
2020-12-27T18:00:00,5580.0,5.456968210637569e-13,2160.0,58.5,85.5,0.0,829.8369210697992,0.0,0.0,0.0,3790,10844,7054
2020-12-27T19:00:00,5580.0,5.456968210637569e-13,2160.0,58.5,85.5,0.0,957.8369210697992,0.0,0.0,0.0,3746,10672,6926
2020-12-27T20:00:00,5580.0,1.3642420526593928e-13,2160.0,58.5,85.5,0.0,594.8369210698002,0.0,0.0,0.0,3196,10485,7289
2020-12-27T21:00:00,5580.0,136.99999999999943,2160.0,58.5,85.5,0.0,682.836921069799,0.0,0.0,0.0,2860,10198,7338
2020-12-27T22:00:00,5580.0,429.16307893020144,2160.0,58.5,85.5,0.0,1200.0,0.0,0.0,0.0,3335,10448,7113
2020-12-27T23:00:00,5580.0,684.1630789302,2160.0,58.5,85.5,0.0,1200.0,0.0,0.0,0.0,3304,10672,7368
2020-12-28T00:00:00,5580.0,625.0000000000007,2160.0,58.5,85.5,0.0,863.8369210697997,0.0,0.0,0.0,2809,10454,7645
2020-12-28T01:00:00,5580.0,409.0,2160.0,58.5,85.5,0.0,503.836921069797,0.0,0.0,0.0,2402,10191,7789
2020-12-28T02:00:00,5580.0,408.99999999999983,2160.0,58.5,85.5,0.0,491.8369210697982,0.0,0.0,0.0,2108,9909,7801
2020-12-28T03:00:00,5580.0,441.1630789302013,2160.0,58.5,85.5,0.0,0.0,0.0,0.0,0.0,1124,9449,8325
2020-12-28T04:00:00,5580.0,3.637978807091712e-13,2160.0,58.5,85.5,0.0,351.8369210697988,0.0,0.0,0.0,1795,9327,7532
2020-12-28T05:00:00,5580.0,0.0,2160.0,58.5,85.5,0.0,334.8369210697984,0.0,0.0,0.0,2104,9653,7549
2020-12-28T06:00:00,5580.0,-3.637978807091713e-13,2160.0,58.5,85.5,0.0,371.83692106979834,0.0,0.0,0.0,2789,10301,7512
2020-12-28T07:00:00,5580.0,5.456968210637569e-13,2160.0,58.5,85.5,0.0,229.8369210697983,0.0,0.0,0.0,3249,10903,7654
2020-12-28T08:00:00,5580.0,-3.637978807091713e-13,2160.0,58.5,85.5,242.1630789302017,0.0,1200.0,0.0,0.0,2042,11368,9326
2020-12-28T09:00:00,5580.0,-3.637978807091713e-13,2160.0,58.5,85.5,0.0,470.83692106979834,0.0,0.0,0.0,4267,11680,7413
2020-12-28T10:00:00,5580.0,-3.637978807091713e-13,2160.0,58.5,85.5,0.0,376.836921069797,0.0,0.0,0.0,4368,11875,7507
2020-12-28T11:00:00,5580.0,-3.637978807091713e-13,2160.0,58.5,85.5,0.0,0.0,641.1630789302017,0.0,0.0,3536,12061,8525
2020-12-28T12:00:00,5580.0,-3.637978807091713e-13,2160.0,58.5,85.5,0.0,0.0,488.16307893020166,0.0,0.0,3899,12271,8372
2020-12-28T13:00:00,5580.0,-3.637978807091713e-13,2160.0,58.5,85.5,0.0,139.83692106979834,0.0,0.0,0.0,4201,11945,7744
2020-12-28T14:00:00,5580.0,-3.637978807091713e-13,2160.0,58.5,85.5,0.0,574.8369210697983,0.0,0.0,0.0,4352,11661,7309
2020-12-28T15:00:00,5580.0,-3.637978807091713e-13,2160.0,58.5,85.5,0.0,905.8369210697984,0.0,0.0,0.0,4437,11415,6978
2020-12-28T16:00:00,5580.0,5.456968210637569e-13,2160.0,58.5,85.5,0.0,713.8369210697983,0.0,0.0,0.0,4209,11379,7170
2020-12-28T17:00:00,5580.0,-1.5347723092418165e-13,2160.0,58.5,85.5,0.0,0.0,226.1630789302018,0.0,0.0,3883,11993,8110
2020-12-28T18:00:00,5580.0,0.0,2160.0,58.5,85.5,0.0,0.0,1190.1630789302008,0.0,0.0,3306,12380,9074
2020-12-28T19:00:00,5580.0,339.1630789302012,2160.0,58.5,85.5,0.0,0.0,0.0,0.0,0.0,3899,12122,8223
2020-12-28T20:00:00,5580.0,323.16307893020127,2160.0,58.5,85.5,0.0,0.0,0.0,0.0,0.0,3352,11559,8207
2020-12-28T21:00:00,5580.0,152.16307893020075,2160.0,58.5,85.5,0.0,0.0,0.0,0.0,0.0,3023,11059,8036
2020-12-28T22:00:00,5580.0,1125.0000000000007,2160.0,58.5,85.5,0.0,1157.8369210697997,0.0,0.0,0.0,3457,11308,7851
2020-12-28T23:00:00,5580.0,1125.0,2160.0,58.5,85.5,0.0,1151.836921069799,0.0,0.0,0.0,3580,11437,7857
2020-12-29T00:00:00,5580.0,1495.1630789302035,2160.0,58.5,85.5,0.0,1200.0,0.0,0.0,0.0,2883,11062,8179
2020-12-29T01:00:00,5580.0,949.1630789302016,2160.0,58.5,85.5,0.0,0.0,0.0,0.0,0.0,1923,10756,8833
2020-12-29T02:00:00,5580.0,386.99999999999926,2160.0,58.5,85.5,0.0,0.0,44.16307893020144,0.0,0.0,2167,10482,8315
2020-12-29T03:00:00,5580.0,316.16307893020166,2160.0,58.5,85.5,0.0,0.0,0.0,0.0,0.0,1850,10050,8200
2020-12-29T04:00:00,5580.0,-3.637978807091713e-13,2160.0,58.5,85.5,0.0,0.0,172.16307893020212,0.0,0.0,1873,9929,8056
2020-12-29T05:00:00,5580.0,-3.637978807091713e-13,2160.0,58.5,85.5,0.0,0.0,262.16307893020394,0.0,0.0,2122,10268,8146
2020-12-29T06:00:00,5580.0,-3.637978807091713e-13,2160.0,58.5,85.5,0.0,0.0,290.16307893020394,0.0,0.0,2767,10941,8174
2020-12-29T07:00:00,5580.0,-3.637978807091713e-13,2160.0,58.5,85.5,0.0,0.0,108.16307893020394,0.0,0.0,3581,11573,7992
2020-12-29T08:00:00,5580.0,-3.637978807091713e-13,2160.0,58.5,85.5,59.16307893020212,0.0,1200.0,0.0,0.0,2899,12042,9143
2020-12-29T09:00:00,5580.0,-3.637978807091713e-13,2160.0,58.5,85.5,0.0,88.83692106979606,0.0,0.0,0.0,4553,12348,7795
2020-12-29T10:00:00,5580.0,5.456968210637569e-13,2160.0,58.5,85.5,0.0,0.0,700.1630789302017,0.0,0.0,3932,12516,8584
2020-12-29T11:00:00,5580.0,-3.637978807091713e-13,2160.0,58.5,85.5,0.0,64.83692106979606,0.0,0.0,0.0,4844,12663,7819
2020-12-29T12:00:00,5580.0,-3.637978807091713e-13,2160.0,58.5,85.5,0.0,0.0,7.1630789302039375,0.0,0.0,4905,12796,7891
2020-12-29T13:00:00,5580.0,-3.637978807091713e-13,2160.0,58.5,85.5,0.0,457.8369210697979,0.0,0.0,0.0,5023,12449,7426
2020-12-29T14:00:00,5580.0,-3.637978807091713e-13,2160.0,58.5,85.5,0.0,846.8369210697961,0.0,0.0,0.0,5085,12122,7037
2020-12-29T15:00:00,5580.0,-3.637978807091713e-13,2160.0,58.5,85.5,0.0,973.836921069796,0.0,0.0,0.0,5002,11912,6910
2020-12-29T16:00:00,5580.0,-3.637978807091713e-13,2160.0,58.5,85.5,0.0,1010.836921069796,0.0,0.0,0.0,4979,11852,6873
2020-12-29T17:00:00,5580.0,-3.637978807091713e-13,2160.0,58.5,85.5,0.0,20.836921069796063,0.0,0.0,0.0,4623,12486,7863
2020-12-29T18:00:00,5580.0,7.275957614183425e-13,2160.0,58.5,85.5,0.0,0.0,956.1630789302008,0.0,0.0,3997,12837,8840
2020-12-29T19:00:00,5580.0,1039.1630789302028,2160.0,58.5,85.5,0.0,0.0,0.0,0.0,0.0,3765,12688,8923
2020-12-29T20:00:00,5580.0,902.1630789302014,2160.0,58.5,85.5,0.0,0.0,0.0,0.0,0.0,3285,12071,8786
2020-12-29T21:00:00,5580.0,710.9999999999998,2160.0,58.5,85.5,0.0,116.8369210697976,0.0,0.0,0.0,3045,11523,8478
2020-12-29T22:00:00,5580.0,1832.163078930202,2160.0,58.5,85.5,0.0,1200.0,0.0,0.0,0.0,3257,11773,8516
2020-12-29T23:00:00,5580.0,2037.1630789302005,2160.0,58.5,85.5,0.0,1200.0,0.0,0.0,0.0,3218,11939,8721
2020-02-12T00:00:00,5580.0,3402.0,2160.0,58.5,85.5,1703.1630789302026,0.0,0.0,0.0,0.0,1538,14527,12989
2020-02-12T01:00:00,5580.0,3402.0,2160.0,58.5,85.5,1557.1630789302026,0.0,0.0,0.0,0.0,1507,14350,12843
2020-02-12T02:00:00,5580.0,3402.0,2160.0,58.5,85.5,1416.1630789302026,0.0,0.0,0.0,0.0,1450,14152,12702
2020-02-12T03:00:00,5580.0,2608.2000000000003,2160.0,58.5,85.5,1526.963078930201,0.0,0.0,0.0,0.0,1740,13759,12019
2020-02-12T04:00:00,5580.0,2608.2000000000003,2160.0,58.5,85.5,1589.963078930201,0.0,0.0,0.0,0.0,1611,13693,12082
2020-02-12T05:00:00,5580.0,3401.9999999999995,2160.0,58.5,85.5,1349.1630789302008,0.0,0.0,0.0,0.0,1635,14270,12635
2020-02-12T06:00:00,5580.0,3401.9999999999995,2160.0,58.5,85.5,2536.1630789302008,0.0,0.0,0.0,0.0,1662,15484,13822
2020-02-12T07:00:00,5580.0,2608.2000000000003,2160.0,58.5,85.5,4041.963078930201,0.0,0.0,0.0,0.0,1976,16510,14534
2020-02-12T08:00:00,5580.0,3402.0,2160.0,58.5,85.5,2939.1630789302008,0.0,0.0,0.0,0.0,2574,16799,14225
2020-02-12T09:00:00,5580.0,3401.9999999999995,2160.0,58.5,85.5,2352.1630789302008,0.0,0.0,0.0,0.0,3296,16934,13638
2020-02-12T10:00:00,5580.0,2608.2000000000003,2160.0,58.5,85.5,2560.963078930201,0.0,0.0,0.0,0.0,3774,16827,13053
2020-02-12T11:00:00,5580.0,2608.2000000000003,2160.0,58.5,85.5,3041.963078930201,0.0,0.0,0.0,0.0,3240,16774,13534
2020-02-12T12:00:00,5580.0,3402.0000000000005,2160.0,58.5,85.5,1778.1630789302017,0.0,0.0,0.0,0.0,3530,16594,13064
2020-02-12T13:00:00,5580.0,3402.0,2160.0,58.5,85.5,826.1630789302008,0.0,0.0,0.0,0.0,4027,16139,12112
2020-02-12T14:00:00,5580.0,2608.2000000000003,2160.0,58.5,85.5,759.9630789302009,0.0,0.0,0.0,0.0,4400,15652,11252
2020-02-12T15:00:00,5580.0,2671.1630789302017,2160.0,58.5,85.5,0.0,0.0,0.0,0.0,0.0,4682,15237,10555
2020-02-12T16:00:00,5580.0,2383.163078930201,2160.0,58.5,85.5,0.0,0.0,0.0,0.0,0.0,4881,15148,10267
2020-02-12T17:00:00,5580.0,2608.2000000000003,2160.0,58.5,85.5,456.96307893020094,0.0,0.0,0.0,0.0,4562,15511,10949
2020-02-12T18:00:00,5580.0,3401.9999999999995,2160.0,58.5,85.5,1243.1630789302008,0.0,0.0,0.0,0.0,3977,16506,12529
2020-02-12T19:00:00,5580.0,3402.0,2160.0,58.5,85.5,1521.1630789302008,0.0,0.0,0.0,0.0,3614,16421,12807
2020-02-12T20:00:00,5580.0,3401.9999999999995,2160.0,58.5,85.5,1160.1630789302008,0.0,0.0,0.0,0.0,3227,15673,12446
2020-02-12T21:00:00,5580.0,3401.9999999999995,2160.0,58.5,85.5,607.1630789302008,0.0,0.0,0.0,0.0,3131,15024,11893
2020-02-12T22:00:00,5580.0,2608.2000000000003,2160.0,58.5,85.5,1856.9630789302016,0.0,0.0,0.0,0.0,2950,15299,12349
2020-02-12T23:00:00,5580.0,3402.0,2160.0,58.5,85.5,1569.163078930201,0.0,0.0,0.0,0.0,2581,15436,12855
2020-02-13T00:00:00,5580.0,3401.999999999999,2160.0,58.5,85.5,1338.1630789302008,0.0,0.0,0.0,0.0,2341,14965,12624
2020-02-13T01:00:00,5580.0,3401.9999999999995,2160.0,58.5,85.5,1354.1630789302008,0.0,0.0,0.0,0.0,2080,14720,12640
2020-02-13T02:00:00,5580.0,3401.999999999999,2160.0,58.5,85.5,1175.1630789302008,0.0,0.0,0.0,0.0,1989,14450,12461
2020-02-13T03:00:00,5580.0,3401.9999999999995,2160.0,58.5,85.5,1556.1630789302008,0.0,0.0,0.0,0.0,1153,13995,12842
2020-02-13T04:00:00,5580.0,3401.999999999999,2160.0,58.5,85.5,1022.1630789302008,0.0,0.0,0.0,0.0,1457,13765,12308
2020-02-13T05:00:00,5580.0,3401.9999999999995,2160.0,58.5,85.5,1293.1630789302008,0.0,0.0,0.0,0.0,1389,13968,12579
2020-02-13T06:00:00,5580.0,3401.9999999999995,2160.0,58.5,85.5,1693.1630789302008,0.0,0.0,0.0,0.0,1350,14329,12979
2020-02-13T07:00:00,5580.0,2608.2000000000003,2160.0,58.5,85.5,2820.963078930201,0.0,0.0,0.0,0.0,1435,14748,13313
2020-02-13T08:00:00,5580.0,2608.2000000000003,2160.0,58.5,85.5,2717.963078930201,0.0,0.0,0.0,0.0,2021,15231,13210
2020-02-13T09:00:00,5580.0,3401.999999999999,2160.0,58.5,85.5,1804.1630789302008,0.0,0.0,0.0,0.0,2574,15664,13090
2020-02-13T10:00:00,5580.0,3401.9999999999995,2160.0,58.5,85.5,1174.1630789302008,0.0,0.0,0.0,0.0,3188,15648,12460
2020-02-13T11:00:00,5580.0,2859.25629484661,2160.0,58.5,85.5,1156.9067840835903,0.0,0.0,0.0,0.0,3726,15626,11900
2020-02-13T12:00:00,5580.0,3401.9999999999995,2160.0,58.5,85.5,145.16307893020075,0.0,0.0,0.0,0.0,4248,15679,11431
2020-02-13T13:00:00,5580.0,2670.1630789302017,2160.0,58.5,85.5,0.0,0.0,0.0,0.0,0.0,4479,15033,10554
2020-02-13T14:00:00,5580.0,2028.1630789302,2160.0,58.5,85.5,0.0,0.0,0.0,0.0,0.0,4481,14393,9912
2020-02-13T15:00:00,5580.0,1695.163078930201,2160.0,58.5,85.5,0.0,0.0,0.0,0.0,0.0,4355,13934,9579
2020-02-13T16:00:00,5580.0,1769.1630789302005,2160.0,58.5,85.5,0.0,0.0,0.0,0.0,0.0,4141,13794,9653
2020-02-13T17:00:00,5580.0,2441.1630789302008,2160.0,58.5,85.5,0.0,0.0,0.0,0.0,0.0,3817,14142,10325
2020-02-13T18:00:00,5580.0,3401.999999999999,2160.0,58.5,85.5,522.1630789302008,0.0,0.0,0.0,0.0,3397,15205,11808
2020-02-13T19:00:00,5580.0,3401.9999999999995,2160.0,58.5,85.5,1549.1630789302008,0.0,0.0,0.0,0.0,2499,15334,12835
2020-02-13T20:00:00,5580.0,3401.999999999999,2160.0,58.5,85.5,588.1630789302008,0.0,0.0,0.0,0.0,2948,14822,11874
2020-02-13T21:00:00,5580.0,3401.9999999999995,2160.0,58.5,85.5,170.16307893020075,0.0,0.0,0.0,0.0,2896,14352,11456
2020-02-13T22:00:00,5580.0,3401.999999999999,2160.0,58.5,85.5,1540.1630789302026,0.0,0.0,0.0,0.0,1940,14766,12826
2020-02-13T23:00:00,5580.0,3401.9999999999995,2160.0,58.5,85.5,924.1630789301998,0.0,0.0,0.0,0.0,2805,15015,12210
2020-02-14T00:00:00,5580.0,2608.2,2160.0,58.5,85.5,2209.963078930201,0.0,0.0,0.0,0.0,1980,14682,12702
2020-02-14T01:00:00,5580.0,3402.0,2160.0,58.5,85.5,875.1630789302008,0.0,0.0,0.0,0.0,2303,14464,12161
2020-02-14T02:00:00,5580.0,3401.9999999999995,2160.0,58.5,85.5,880.1630789302008,0.0,0.0,0.0,0.0,2001,14167,12166
2020-02-14T03:00:00,5580.0,3402.0,2160.0,58.5,85.5,616.1630789302008,0.0,0.0,0.0,0.0,1693,13595,11902
2020-02-14T04:00:00,5580.0,3401.9999999999995,2160.0,58.5,85.5,274.16307893020075,0.0,0.0,0.0,0.0,1697,13257,11560
2020-02-14T05:00:00,5580.0,3402.0,2160.0,58.5,85.5,333.16307893020075,0.0,0.0,0.0,0.0,1638,13257,11619
2020-02-14T06:00:00,5580.0,3310.1630789302003,2160.0,58.5,85.5,0.0,0.0,0.0,0.0,0.0,2162,13356,11194
2020-02-14T07:00:00,5580.0,2985.1630789302026,2160.0,58.5,85.5,0.0,0.0,0.0,0.0,0.0,2586,13455,10869
2020-02-14T08:00:00,5580.0,2798.163078930201,2160.0,58.5,85.5,0.0,0.0,0.0,0.0,0.0,3123,13805,10682
2020-02-14T09:00:00,5580.0,3401.9999999999995,2160.0,58.5,85.5,61.163078930200754,0.0,0.0,0.0,0.0,2981,14328,11347
2020-02-14T10:00:00,5580.0,2424.1630789302017,2160.0,58.5,85.5,0.0,0.0,0.0,0.0,0.0,4284,14592,10308
2020-02-14T11:00:00,5580.0,2278.1630789302017,2160.0,58.5,85.5,0.0,0.0,0.0,0.0,0.0,4600,14762,10162
2020-02-14T12:00:00,5580.0,2130.1630789302017,2160.0,58.5,85.5,0.0,0.0,0.0,0.0,0.0,4916,14930,10014
2020-02-14T13:00:00,5580.0,1401.1630789302017,2160.0,58.5,85.5,0.0,0.0,0.0,0.0,0.0,4877,14162,9285
2020-02-14T14:00:00,5580.0,580.1630789302014,2160.0,58.5,85.5,0.0,0.0,0.0,0.0,0.0,4919,13383,8464
2020-02-14T15:00:00,5580.0,150.99999999999994,2160.0,58.5,85.5,0.0,38.83692106979697,0.0,0.0,0.0,4826,12822,7996
2020-02-14T16:00:00,5580.0,151.00000000000045,2160.0,58.5,85.5,0.0,76.83692106979652,0.0,0.0,0.0,4655,12613,7958
2020-02-14T17:00:00,5580.0,446.16307893020155,2160.0,58.5,85.5,0.0,0.0,0.0,0.0,0.0,4524,12854,8330
2020-02-14T18:00:00,5580.0,1834.2000000000003,2160.0,58.5,85.5,169.96307893020094,0.0,0.0,0.0,0.0,4147,14035,9888
2020-02-14T19:00:00,5580.0,2509.1630789302026,2160.0,58.5,85.5,0.0,0.0,0.0,0.0,0.0,3809,14202,10393
2020-02-14T20:00:00,5580.0,3065.1630789302003,2160.0,58.5,85.5,0.0,0.0,0.0,0.0,0.0,2888,13837,10949
2020-02-14T21:00:00,5580.0,1966.1630789302023,2160.0,58.5,85.5,0.0,0.0,0.0,0.0,0.0,3555,13405,9850
2020-02-14T22:00:00,5580.0,1961.163078930202,2160.0,58.5,85.5,0.0,0.0,0.0,0.0,0.0,3824,13669,9845
2020-02-14T23:00:00,5580.0,2608.2000000000003,2160.0,58.5,85.5,0.0,350.0369210697986,0.0,0.0,0.0,3675,13817,10142
2020-02-15T00:00:00,5580.0,2989.1630789302017,2160.0,58.5,85.5,0.0,0.0,0.0,0.0,0.0,2614,13487,10873
2020-02-15T01:00:00,5580.0,2608.1999999999994,2160.0,58.5,85.5,382.6800065231582,0.0,349.2830724070441,0.0,0.0,2085,13309,11224
2020-02-15T02:00:00,5580.0,2608.2000000000003,2160.0,58.5,85.5,757.9630789302014,0.0,0.0,0.0,0.0,1833,13083,11250
2020-02-15T03:00:00,5580.0,3027.163078930201,2160.0,58.5,85.5,0.0,0.0,0.0,0.0,0.0,1720,12631,10911
2020-02-15T04:00:00,5580.0,3034.163078930202,2160.0,58.5,85.5,0.0,0.0,0.0,0.0,0.0,1603,12521,10918
2020-02-15T05:00:00,5580.0,2608.2000000000003,2160.0,58.5,85.5,997.9630789302014,0.0,0.0,0.0,0.0,1583,13073,11490
2020-02-15T06:00:00,5580.0,3402.0,2160.0,58.5,85.5,1381.1630789302017,0.0,0.0,0.0,0.0,1540,14207,12667
2020-02-15T07:00:00,5580.0,3402.0000000000005,2160.0,58.5,85.5,2071.1630789302008,0.0,0.0,0.0,0.0,1656,15013,13357
2020-02-15T08:00:00,5580.0,3402.0,2160.0,58.5,85.5,1816.1630789302017,0.0,0.0,0.0,0.0,2113,15215,13102
2020-02-15T09:00:00,5580.0,2608.2000000000003,2160.0,58.5,85.5,2120.9630789302014,0.0,0.0,0.0,0.0,2638,15251,12613
2020-02-15T10:00:00,5580.0,3401.9999999999995,2160.0,58.5,85.5,554.1630789302017,0.0,0.0,0.0,0.0,3297,15137,11840
2020-02-15T11:00:00,5580.0,2608.2000000000003,2160.0,58.5,85.5,965.9630789302014,0.0,0.0,0.0,0.0,3656,15114,11458
2020-02-15T12:00:00,5580.0,3270.163078930201,2160.0,58.5,85.5,0.0,0.0,0.0,0.0,0.0,3877,15031,11154
2020-02-15T13:00:00,5580.0,2572.163078930201,2160.0,58.5,85.5,0.0,0.0,0.0,0.0,0.0,4232,14688,10456
2020-02-15T14:00:00,5580.0,1946.1630789302021,2160.0,58.5,85.5,0.0,0.0,0.0,0.0,0.0,4442,14272,9830
2020-02-15T15:00:00,5580.0,1493.163078930202,2160.0,58.5,85.5,0.0,0.0,0.0,0.0,0.0,4440,13817,9377
2020-02-15T16:00:00,5580.0,1196.1630789302017,2160.0,58.5,85.5,0.0,0.0,0.0,0.0,0.0,4470,13550,9080
2020-02-15T17:00:00,5580.0,1411.163078930202,2160.0,58.5,85.5,0.0,0.0,0.0,0.0,0.0,4288,13583,9295
2020-02-15T18:00:00,5580.0,2608.2000000000003,2160.0,58.5,85.5,130.9630789302014,0.0,0.0,0.0,0.0,3776,14399,10623
2020-02-15T19:00:00,5580.0,2828.1630789302017,2160.0,58.5,85.5,0.0,0.0,0.0,0.0,0.0,3305,14017,10712
2020-02-15T20:00:00,5580.0,2444.163078930202,2160.0,58.5,85.5,0.0,0.0,0.0,0.0,0.0,2966,13294,10328
2020-02-15T21:00:00,5580.0,1857.1630789302067,2160.0,58.5,85.5,0.0,0.0,0.0,0.0,0.0,2953,12694,9741
2020-02-15T22:00:00,5580.0,2099.163078930202,2160.0,58.5,85.5,0.0,0.0,0.0,0.0,0.0,2864,12847,9983
2020-02-15T23:00:00,5580.0,2608.2000000000003,2160.0,58.5,85.5,0.0,339.03692106979935,0.0,0.0,0.0,2778,12931,10153
2020-02-16T00:00:00,5580.0,1712.1630789302014,2160.0,58.5,85.5,0.0,0.0,0.0,0.0,0.0,2821,12417,9596
2020-02-16T01:00:00,5580.0,1850.1630789302021,2160.0,58.5,85.5,0.0,0.0,0.0,0.0,0.0,2414,12148,9734
2020-02-16T02:00:00,5580.0,1758.1630789302017,2160.0,58.5,85.5,0.0,0.0,0.0,0.0,0.0,2187,11829,9642
2020-02-16T03:00:00,5580.0,1419.1630789302017,2160.0,58.5,85.5,0.0,0.0,0.0,0.0,0.0,2017,11320,9303
2020-02-16T04:00:00,5580.0,1334.1630789302026,2160.0,58.5,85.5,0.0,0.0,0.0,0.0,0.0,1919,11137,9218
2020-02-16T05:00:00,5580.0,1716.1630789302017,2160.0,58.5,85.5,0.0,0.0,0.0,0.0,0.0,1965,11565,9600
2020-02-16T06:00:00,5580.0,2608.1999999999994,2160.0,58.5,85.5,0.0,0.0,10.963078930201393,0.0,0.0,2127,12630,10503
2020-02-16T07:00:00,5580.0,2608.2,2160.0,58.5,85.5,47.6115459882551,0.0,191.35153294194672,0.0,0.0,2692,13423,10731
2020-02-16T08:00:00,5580.0,2486.163078930202,2160.0,58.5,85.5,0.0,0.0,0.0,0.0,0.0,3321,13691,10370
2020-02-16T09:00:00,5580.0,2221.2,2160.0,58.5,85.5,0.0,0.0,51.96307893020139,0.0,0.0,3627,13784,10157
2020-02-16T10:00:00,5580.0,1866.6,2160.0,58.5,85.5,24.563078930201755,0.0,0.0,0.0,0.0,3952,13727,9775
2020-02-16T11:00:00,5580.0,1317.163078930202,2160.0,58.5,85.5,0.0,0.0,0.0,0.0,0.0,4562,13763,9201
2020-02-16T12:00:00,5580.0,985.1630789302019,2160.0,58.5,85.5,0.0,0.0,0.0,0.0,0.0,4812,13681,8869
2020-02-16T13:00:00,5580.0,372.16307893020286,2160.0,58.5,85.5,0.0,0.0,0.0,0.0,0.0,5083,13339,8256
2020-02-16T14:00:00,5580.0,12.163078930201483,2160.0,58.5,85.5,0.0,0.0,0.0,0.0,0.0,5081,12977,7896
2020-02-16T15:00:00,5580.0,-1.818989403545857e-13,2160.0,58.5,85.5,0.0,364.83692106979834,0.0,0.0,0.0,5109,12628,7519
2020-02-16T16:00:00,5580.0,-1.818989403545857e-13,2160.0,58.5,85.5,0.0,261.83692106979834,0.0,0.0,0.0,4834,12456,7622
2020-02-16T17:00:00,5580.0,-1.818989403545857e-13,2160.0,58.5,85.5,0.0,0.0,178.16307893020166,0.0,0.0,4582,12644,8062
2020-02-16T18:00:00,5580.0,1614.1630789302014,2160.0,58.5,85.5,0.0,0.0,0.0,0.0,0.0,4162,13660,9498
2020-02-16T19:00:00,5580.0,1670.1630789302017,2160.0,58.5,85.5,0.0,0.0,0.0,0.0,0.0,3854,13408,9554
2020-02-16T20:00:00,5580.0,1633.163078930202,2160.0,58.5,85.5,0.0,0.0,0.0,0.0,0.0,3323,12840,9517
2020-02-16T21:00:00,5580.0,1780.163078930202,2160.0,58.5,85.5,0.0,0.0,0.0,0.0,0.0,2660,12324,9664
2020-02-16T22:00:00,5580.0,1748.1630789302026,2160.0,58.5,85.5,0.0,0.0,0.0,0.0,0.0,2874,12506,9632
2020-02-16T23:00:00,5580.0,2608.2,2160.0,58.5,85.5,0.0,445.03692106979855,0.0,0.0,0.0,2618,12665,10047
2020-02-17T00:00:00,5580.0,1683.1630789302021,2160.0,58.5,85.5,0.0,0.0,0.0,0.0,0.0,2675,12242,9567
2020-02-17T01:00:00,5580.0,2091.163078930202,2160.0,58.5,85.5,0.0,0.0,0.0,0.0,0.0,2044,12019,9975
2020-02-17T02:00:00,5580.0,2062.1630789302017,2160.0,58.5,85.5,0.0,0.0,0.0,0.0,0.0,1825,11771,9946
2020-02-17T03:00:00,5580.0,1829.1630789302021,2160.0,58.5,85.5,0.0,0.0,0.0,0.0,0.0,1632,11345,9713
2020-02-17T04:00:00,5580.0,1628.1630789302021,2160.0,58.5,85.5,0.0,0.0,0.0,0.0,0.0,1733,11245,9512
2020-02-17T05:00:00,5580.0,2180.163078930202,2160.0,58.5,85.5,0.0,0.0,0.0,0.0,0.0,1674,11738,10064
2020-02-17T06:00:00,5580.0,2986.163078930201,2160.0,58.5,85.5,0.0,0.0,0.0,0.0,0.0,1980,12850,10870
2020-02-17T07:00:00,5580.0,3286.1630789302026,2160.0,58.5,85.5,0.0,0.0,0.0,0.0,0.0,2499,13669,11170
2020-02-17T08:00:00,5580.0,2608.1999999999994,2160.0,58.5,85.5,442.3430854533571,0.0,625.6199934768447,0.0,0.0,2373,13933,11560
2020-02-17T09:00:00,5580.0,2991.163078930201,2160.0,58.5,85.5,0.0,0.0,0.0,0.0,0.0,3123,13998,10875
2020-02-17T10:00:00,5580.0,2173.163078930202,2160.0,58.5,85.5,0.0,0.0,0.0,0.0,0.0,3824,13881,10057
2020-02-17T11:00:00,5580.0,1551.1630789302023,2160.0,58.5,85.5,0.0,0.0,0.0,0.0,0.0,4429,13864,9435
2020-02-17T12:00:00,5580.0,1163.1630789302021,2160.0,58.5,85.5,0.0,0.0,0.0,0.0,0.0,4694,13741,9047
2020-02-17T13:00:00,5580.0,583.1630789302023,2160.0,58.5,85.5,0.0,0.0,0.0,0.0,0.0,4880,13347,8467
2020-02-17T14:00:00,5580.0,194.16307893020195,2160.0,58.5,85.5,0.0,0.0,0.0,0.0,0.0,4869,12947,8078
2020-02-17T15:00:00,5580.0,-1.818989403545857e-13,2160.0,58.5,85.5,0.0,75.83692106979788,0.0,0.0,0.0,4729,12537,7808
2020-02-17T16:00:00,5580.0,2.728484105318785e-13,2160.0,58.5,85.5,0.0,151.83692106979788,0.0,0.0,0.0,4534,12266,7732
2020-02-17T17:00:00,5580.0,272.0000000000001,2160.0,58.5,85.5,0.0,74.83692106979788,0.0,0.0,0.0,4226,12307,8081
2020-02-17T18:00:00,5580.0,1160.443085453359,2160.0,58.5,85.5,0.0,0.0,165.71999347684311,0.0,0.0,3963,13173,9210
2020-02-17T19:00:00,5580.0,1814.1630789302021,2160.0,58.5,85.5,0.0,0.0,0.0,0.0,0.0,3500,13198,9698
2020-02-17T20:00:00,5580.0,1505.1630789302021,2160.0,58.5,85.5,0.0,0.0,0.0,0.0,0.0,3093,12482,9389
2020-02-17T21:00:00,5580.0,1057.163078930203,2160.0,58.5,85.5,0.0,0.0,0.0,0.0,0.0,2892,11833,8941
2020-02-17T22:00:00,5580.0,1323.163078930202,2160.0,58.5,85.5,0.0,0.0,0.0,0.0,0.0,2803,12010,9207
2020-02-17T23:00:00,5580.0,2515.163078930202,2160.0,58.5,85.5,0.0,0.0,0.0,0.0,0.0,1776,12175,10399
2020-02-18T00:00:00,5580.0,1180.163078930202,2160.0,58.5,85.5,0.0,0.0,0.0,0.0,0.0,2673,11737,9064
2020-02-18T01:00:00,5580.0,1270.1630789302023,2160.0,58.5,85.5,0.0,0.0,0.0,0.0,0.0,2332,11486,9154
2020-02-18T02:00:00,5580.0,1582.1630789302026,2160.0,58.5,85.5,0.0,0.0,0.0,0.0,0.0,1733,11199,9466
2020-02-18T03:00:00,5580.0,1312.1630789302026,2160.0,58.5,85.5,0.0,0.0,0.0,0.0,0.0,1551,10747,9196
2020-02-18T04:00:00,5580.0,1080.1630789302021,2160.0,58.5,85.5,0.0,0.0,0.0,0.0,0.0,1668,10632,8964
2020-02-18T05:00:00,5580.0,1347.1630789302023,2160.0,58.5,85.5,0.0,0.0,0.0,0.0,0.0,1872,11103,9231
2020-02-18T06:00:00,5580.0,2113.1630789302026,2160.0,58.5,85.5,0.0,0.0,0.0,0.0,0.0,2206,12203,9997
2020-02-18T07:00:00,5580.0,2588.163078930202,2160.0,58.5,85.5,0.0,0.0,0.0,0.0,0.0,2516,12988,10472
2020-02-18T08:00:00,5580.0,2521.1630789302026,2160.0,58.5,85.5,0.0,0.0,0.0,0.0,0.0,2797,13202,10405
2020-02-18T09:00:00,5580.0,1955.1630789302021,2160.0,58.5,85.5,0.0,0.0,0.0,0.0,0.0,3400,13239,9839
2020-02-18T10:00:00,5580.0,1550.1630789302021,2160.0,58.5,85.5,0.0,0.0,0.0,0.0,0.0,3701,13135,9434
2020-02-18T11:00:00,5580.0,1160.9999999999998,2160.0,58.5,85.5,0.0,0.0,61.16307893020212,0.0,0.0,4024,13130,9106
2020-02-18T12:00:00,5580.0,758.1630789302021,2160.0,58.5,85.5,0.0,0.0,0.0,0.0,0.0,4380,13022,8642
2020-02-18T13:00:00,5580.0,730.163078930202,2160.0,58.5,85.5,0.0,0.0,0.0,0.0,0.0,4037,12651,8614
2020-02-18T14:00:00,5580.0,162.16307893020195,2160.0,58.5,85.5,0.0,0.0,0.0,0.0,0.0,4247,12293,8046
2020-02-18T15:00:00,5580.0,152.16307893020195,2160.0,58.5,85.5,0.0,0.0,0.0,0.0,0.0,3903,11939,8036
2020-02-18T16:00:00,5580.0,-1.818989403545857e-13,2160.0,58.5,85.5,0.0,200.83692106979788,0.0,0.0,0.0,4081,11764,7683
2020-02-18T17:00:00,5580.0,-1.818989403545857e-13,2160.0,58.5,85.5,0.0,0.0,131.16307893020212,0.0,0.0,3863,11878,8015
2020-02-18T18:00:00,5580.0,2350.163078930202,2160.0,58.5,85.5,0.0,0.0,0.0,0.0,0.0,2569,12803,10234
2020-02-18T19:00:00,5580.0,1773.1630789302023,2160.0,58.5,85.5,0.0,0.0,0.0,0.0,0.0,3153,12810,9657
2020-02-18T20:00:00,5580.0,1435.1630789302021,2160.0,58.5,85.5,0.0,0.0,0.0,0.0,0.0,2768,12087,9319
2020-02-18T21:00:00,5580.0,876.0000000000001,2160.0,58.5,85.5,0.0,44.83692106979757,0.0,0.0,0.0,2719,11434,8715
2020-02-18T22:00:00,5580.0,1097.1630789302021,2160.0,58.5,85.5,0.0,0.0,0.0,0.0,0.0,2635,11616,8981
2020-02-18T23:00:00,5580.0,1512.0000000000002,2160.0,58.5,85.5,0.0,132.83692106979814,0.0,0.0,0.0,2542,11805,9263
2020-02-19T00:00:00,5580.0,763.2349967382972,2160.0,0.0,85.5,104.3357795174104,0.0,53.09230267449447,0.0,0.0,2567,11313,8746
2020-02-19T01:00:00,5580.0,588.0000000000001,2160.0,0.0,85.5,1288.6630789302028,0.0,0.0,0.0,0.0,1329,11031,9702
2020-02-19T02:00:00,5580.0,587.9999999999998,2160.0,58.5,85.5,443.163078930203,0.0,0.0,0.0,0.0,1854,10769,8915
2020-02-19T03:00:00,5580.0,-6.821210263296964e-14,2160.0,58.5,85.5,1257.1630789302012,0.0,0.0,0.0,0.0,1200,10341,9141
2020-02-19T04:00:00,5580.0,-1.818989403545857e-13,2160.0,58.5,0.0,1003.663078930202,0.0,0.0,0.0,0.0,1425,10227,8802
2020-02-19T05:00:00,5580.0,-1.818989403545857e-13,2160.0,0.0,85.5,1330.663078930202,0.0,0.0,0.0,0.0,1544,10700,9156
2020-02-19T06:00:00,5580.0,-1.818989403545857e-13,2160.0,0.0,0.0,2245.1630789302017,0.0,0.0,0.0,0.0,1761,11746,9985
2020-02-19T07:00:00,5580.0,-1.818989403545857e-13,2160.0,58.5,85.5,3338.1630789302017,0.0,0.0,0.0,0.0,1327,12549,11222
2020-02-19T08:00:00,5580.0,-1.818989403545857e-13,2160.0,58.5,0.0,2251.6630789302017,0.0,0.0,0.0,0.0,2720,12770,10050
2020-02-19T09:00:00,5580.0,-1.818989403545857e-13,2160.0,58.5,85.5,1594.163078930202,0.0,0.0,0.0,0.0,3358,12836,9478
2020-02-19T10:00:00,5580.0,-1.818989403545857e-13,2160.0,58.5,85.5,1779.163078930202,0.0,0.0,0.0,0.0,3052,12715,9663
2020-02-19T11:00:00,5580.0,-1.818989403545857e-13,2160.0,58.5,85.5,1406.163078930202,0.0,0.0,0.0,0.0,3382,12672,9290
2020-02-19T12:00:00,5580.0,-2.728484105318785e-13,2160.0,58.5,0.0,426.6630789302012,0.0,0.0,0.0,0.0,4382,12607,8225
2020-02-19T13:00:00,5580.0,-1.818989403545857e-13,2160.0,0.0,0.0,636.1630789302019,0.0,0.0,0.0,0.0,3806,12182,8376
2020-02-19T14:00:00,5580.0,-1.818989403545857e-13,2160.0,0.0,0.0,295.1630789302019,0.0,0.0,0.0,0.0,3792,11827,8035
2020-02-19T15:00:00,5580.0,-1.818989403545857e-13,2160.0,0.0,85.5,0.0,24.33692106979788,0.0,0.0,0.0,3668,11469,7801
2020-02-19T16:00:00,5580.0,-1.818989403545857e-13,2160.0,0.0,0.0,0.0,520.8369210697961,0.0,0.0,0.0,4039,11258,7219
2020-02-19T17:00:00,5580.0,-1.818989403545857e-13,2160.0,58.5,0.0,196.78269732550643,0.0,408.88038160469546,0.0,0.0,2970,11374,8404
2020-02-19T18:00:00,5580.0,-1.818989403545857e-13,2160.0,58.5,0.0,736.6630789302019,0.0,0.0,0.0,0.0,3652,12187,8535
2020-02-19T19:00:00,5580.0,-1.818989403545857e-13,2160.0,58.5,85.5,1384.163078930202,0.0,0.0,0.0,0.0,3046,12314,9268
2020-02-19T20:00:00,5580.0,-2.728484105318785e-13,2160.0,58.5,0.0,1277.663078930202,0.0,0.0,0.0,0.0,2603,11679,9076
2020-02-19T21:00:00,5580.0,0.0,2160.0,58.5,85.5,2006.1630789302012,0.0,0.0,0.0,0.0,1202,11092,9890
2020-02-19T22:00:00,5580.0,0.0,2160.0,58.5,85.5,1078.1630789302017,0.0,0.0,0.0,0.0,2411,11373,8962
2020-02-19T23:00:00,5580.0,0.0,2160.0,58.5,0.0,1410.6630789302012,0.0,0.0,0.0,0.0,2421,11630,9209
2020-02-20T00:00:00,5580.0,-2.046363078989089e-13,2160.0,58.5,0.0,1070.663078930202,0.0,0.0,0.0,0.0,2273,11142,8869
2020-02-20T01:00:00,5580.0,-1.3642420526593928e-13,2160.0,0.0,0.0,935.1630789302016,0.0,0.0,0.0,0.0,2172,10847,8675
2020-02-20T02:00:00,5580.0,4.5474735088646414e-14,2160.0,0.0,85.5,1735.6630789302017,0.0,0.0,0.0,0.0,1013,10574,9561
2020-02-20T03:00:00,5580.0,-1.3642420526593928e-13,2160.0,58.5,85.5,742.1630789302017,0.0,0.0,0.0,0.0,1488,10114,8626
2020-02-20T04:00:00,5580.0,-1.3642420526593928e-13,2160.0,58.5,85.5,718.1630789302017,0.0,0.0,0.0,0.0,1330,9932,8602
2020-02-20T05:00:00,5580.0,-1.3642420526593928e-13,2160.0,0.0,85.5,1275.6630789302017,0.0,0.0,0.0,0.0,1014,10115,9101
2020-02-20T06:00:00,5580.0,-1.3642420526593928e-13,2160.0,58.5,0.0,1370.6630789302017,0.0,0.0,0.0,0.0,1348,10517,9169
2020-02-20T07:00:00,5580.0,-1.3642420526593928e-13,2160.0,0.0,85.5,1498.6630789302026,0.0,0.0,0.0,0.0,1514,10838,9324
2020-02-20T08:00:00,5580.0,-1.3642420526593928e-13,2160.0,58.5,0.0,1961.6630789302017,0.0,0.0,0.0,0.0,1529,11289,9760
2020-02-20T09:00:00,5580.0,-1.3642420526593928e-13,2160.0,58.5,85.5,1223.1630789302017,0.0,0.0,0.0,0.0,2620,11727,9107
2020-02-20T10:00:00,5580.0,-1.3642420526593928e-13,2160.0,0.0,0.0,1326.1630789302017,0.0,0.0,0.0,0.0,2714,11780,9066
2020-02-20T11:00:00,5580.0,-1.3642420526593928e-13,2160.0,58.5,85.5,478.16307893020166,0.0,0.0,0.0,0.0,3490,11852,8362
2020-02-20T12:00:00,5580.0,-1.3642420526593928e-13,2160.0,0.0,0.0,768.1630789302017,0.0,0.0,0.0,0.0,3536,12044,8508
2020-02-20T13:00:00,5580.0,-2.046363078989089e-13,2160.0,0.0,85.5,0.0,21.336921069797427,0.0,0.0,0.0,3737,11541,7804
2020-02-20T14:00:00,5580.0,-1.3642420526593928e-13,2160.0,0.0,0.0,0.0,234.8369210697963,0.0,0.0,0.0,3571,11076,7505
2020-02-20T15:00:00,5580.0,-1.3642420526593928e-13,2160.0,0.0,0.0,0.0,621.8369210697963,0.0,0.0,0.0,3632,10750,7118
2020-02-20T16:00:00,5580.0,-1.3642420526593928e-13,2160.0,0.0,0.0,0.0,305.83692106979765,0.0,0.0,0.0,3103,10537,7434
2020-02-20T17:00:00,5580.0,-1.3642420526593928e-13,2160.0,0.0,0.0,0.0,454.8369210697963,0.0,0.0,0.0,3357,10642,7285
2020-02-20T18:00:00,5580.0,-1.3642420526593928e-13,2160.0,58.5,85.5,135.1630789302019,0.0,1200.0,0.0,0.0,2168,11387,9219
2020-02-20T19:00:00,5580.0,-1.3642420526593928e-13,2160.0,0.0,85.5,1070.6496249184638,0.0,29.01345401173785,0.0,0.0,2788,11713,8925
2020-02-20T20:00:00,5580.0,2.2737367544323226e-14,2160.0,58.5,85.5,599.1630789302018,0.0,0.0,0.0,0.0,2559,11042,8483
2020-02-20T21:00:00,5580.0,3.410605131648481e-13,2160.0,58.5,85.5,143.16307893020348,0.0,0.0,0.0,0.0,2423,10450,8027
2020-02-20T22:00:00,5580.0,-4.774847184307872e-13,2160.0,58.5,0.0,562.6630789302012,0.0,0.0,0.0,0.0,2434,10795,8361
2020-02-20T23:00:00,5580.0,-9.322320693172516e-13,2160.0,0.0,85.5,909.6630789302036,0.0,0.0,0.0,0.0,2375,11110,8735
2020-02-21T00:00:00,5580.0,-1.3642420526593928e-13,2160.0,58.5,0.0,1683.663078930202,0.0,0.0,0.0,0.0,1208,10690,9482
2020-02-21T01:00:00,5580.0,-1.3642420526593928e-13,2160.0,0.0,85.5,570.6630789302017,0.0,0.0,0.0,0.0,1954,10350,8396
2020-02-21T02:00:00,5580.0,-4.5474735088646414e-14,2160.0,58.5,85.5,1062.163078930202,0.0,0.0,0.0,0.0,1018,9964,8946
2020-02-21T03:00:00,5580.0,-1.3642420526593928e-13,2160.0,0.0,85.5,8.663078930202118,0.0,0.0,0.0,0.0,1535,9369,7834
2020-02-21T04:00:00,5580.0,-1.3642420526593928e-13,2160.0,0.0,85.5,160.66307893020212,0.0,0.0,0.0,0.0,1040,9026,7986
2020-02-21T05:00:00,5580.0,-1.3642420526593928e-13,2160.0,58.5,0.0,103.66307893020212,0.0,0.0,0.0,0.0,1068,8970,7902
2020-02-21T06:00:00,5580.0,-1.3642420526593928e-13,2160.0,0.0,85.5,143.66307893020212,0.0,0.0,0.0,0.0,1095,9064,7969
2020-02-21T07:00:00,5580.0,3.410605131648481e-13,2160.0,58.5,0.0,28.66307893020212,0.0,0.0,0.0,0.0,1220,9047,7827
2020-02-21T08:00:00,5580.0,-1.3642420526593928e-13,2160.0,0.0,0.0,0.0,379.8369210697979,0.0,0.0,0.0,1936,9296,7360
2020-02-21T09:00:00,5580.0,-1.3642420526593928e-13,1290.1630789302021,0.0,0.0,0.0,1200.0,0.0,0.0,0.0,3989,9659,5670
2020-02-21T10:00:00,5580.0,-1.3642420526593928e-13,983.1630789302026,0.0,0.0,0.0,1200.0,0.0,0.0,0.0,4558,9921,5363
2020-02-21T11:00:00,5554.163078930202,-1.3642420526593928e-13,840.0,0.0,0.0,0.0,1200.0,0.0,0.0,0.0,4906,10100,5194
2020-02-21T12:00:00,5580.0,-1.3642420526593928e-13,2160.0,0.0,0.0,0.0,937.8369210697978,0.0,0.0,0.0,3585,10387,6802
2020-02-21T13:00:00,4951.163078930202,-1.3642420526593928e-13,840.0,0.0,0.0,0.0,1200.0,0.0,0.0,0.0,5174,9765,4591
2020-02-21T14:00:00,4230.163078930202,-1.3642420526593928e-13,840.0,0.0,0.0,0.0,1200.0,0.0,0.0,0.0,5339,9209,3870
2020-02-21T15:00:00,3974.163078930202,-1.3642420526593928e-13,840.0,0.0,0.0,0.0,1200.0,0.0,0.0,0.0,5221,8835,3614
2020-02-21T16:00:00,3931.1630789302017,3.410605131648481e-13,840.0,0.0,0.0,0.0,1200.0,0.0,0.0,0.0,5067,8638,3571
2020-02-21T17:00:00,5580.0,-1.3642420526593928e-13,1337.1630789302021,0.0,0.0,0.0,1200.0,0.0,0.0,0.0,3079,8796,5717
2020-02-21T18:00:00,5580.0,-1.3642420526593928e-13,2160.0,0.0,0.0,0.0,521.8369210697979,0.0,0.0,0.0,2535,9753,7218
2020-02-21T19:00:00,5580.0,-1.3642420526593928e-13,1963.1630789302026,0.0,0.0,0.0,1200.0,0.0,0.0,0.0,3757,10100,6343
2020-02-21T20:00:00,5580.0,-1.3642420526593928e-13,2160.0,0.0,0.0,0.0,0.0,69.16307893020212,0.0,0.0,1903,9712,7809
2020-02-21T21:00:00,5580.0,3.410605131648481e-13,2160.0,0.0,0.0,0.0,368.8369210697979,0.0,0.0,0.0,1957,9328,7371
2020-02-21T22:00:00,5580.0,3.410605131648481e-13,1601.1630789302017,0.0,0.0,0.0,1200.0,0.0,0.0,0.0,3637,9618,5981
2020-02-21T23:00:00,5580.0,6.821210263296964e-14,2160.0,0.0,0.0,0.0,0.0,343.1630789302012,0.0,0.0,1823,9906,8083
2020-02-22T00:00:00,5580.0,3.410605131648481e-13,2160.0,0.0,0.0,0.0,1111.836921069798,0.0,0.0,0.0,2934,9562,6628
2020-02-22T01:00:00,5580.0,6.821210263296964e-14,2160.0,0.0,0.0,0.0,0.0,174.16307893020303,0.0,0.0,1445,9359,7914
2020-02-22T02:00:00,5580.0,2.273736754432321e-13,2160.0,0.0,0.0,0.0,0.0,69.16307893020212,0.0,0.0,1320,9129,7809
2020-02-22T03:00:00,5580.0,2.273736754432321e-13,2160.0,0.0,0.0,0.0,1028.836921069798,0.0,0.0,0.0,2033,8744,6711
2020-02-22T04:00:00,5580.0,2.273736754432321e-13,2160.0,0.0,0.0,0.0,408.8369210697974,0.0,0.0,0.0,1400,8731,7331
2020-02-22T05:00:00,5580.0,2.273736754432321e-13,2160.0,0.0,0.0,0.0,0.0,167.16307893020212,0.0,0.0,1405,9312,7907
2020-02-22T06:00:00,5580.0,2.273736754432321e-13,2160.0,0.0,85.5,24.6630789302003,0.0,1200.0,0.0,0.0,1424,10474,9050
2020-02-22T07:00:00,5580.0,2.273736754432321e-13,2160.0,58.5,0.0,859.6630789302003,0.0,1200.0,0.0,0.0,1467,11325,9858
2020-02-22T08:00:00,5580.0,2.273736754432321e-13,2160.0,58.5,85.5,807.1630789302003,0.0,1200.0,0.0,0.0,1793,11684,9891
2020-02-22T09:00:00,5580.0,2.273736754432321e-13,2160.0,0.0,0.0,0.0,0.0,104.16307893020212,0.0,0.0,4006,11850,7844
2020-02-22T10:00:00,5580.0,-2.046363078989089e-13,2160.0,0.0,0.0,0.0,439.836921069797,0.0,0.0,0.0,4570,11870,7300
2020-02-22T11:00:00,5580.0,2.273736754432321e-13,2160.0,0.0,0.0,0.0,744.8369210697979,0.0,0.0,0.0,4971,11966,6995
2020-02-22T12:00:00,5580.0,2.273736754432321e-13,2160.0,0.0,0.0,0.0,0.0,568.1630789302003,0.0,0.0,3669,11977,8308
2020-02-22T13:00:00,5580.0,2.273736754432321e-13,2160.0,0.0,0.0,0.0,0.0,88.16307893020257,0.0,0.0,3868,11696,7828
2020-02-22T14:00:00,5580.0,2.273736754432321e-13,1586.1630789302021,0.0,0.0,0.0,1200.0,0.0,0.0,0.0,5411,11377,5966
2020-02-22T15:00:00,5580.0,2.273736754432321e-13,1198.1630789302021,0.0,0.0,0.0,1200.0,0.0,0.0,0.0,5467,11045,5578
2020-02-22T16:00:00,5580.0,2.273736754432321e-13,2160.0,0.0,0.0,0.0,643.8369210697979,0.0,0.0,0.0,3752,10848,7096
2020-02-22T17:00:00,5580.0,2.273736754432321e-13,1464.1630789302021,0.0,0.0,0.0,1200.0,0.0,0.0,0.0,5192,11036,5844
2020-02-22T18:00:00,5580.0,2.273736754432321e-13,2160.0,0.0,0.0,0.0,677.8369210697979,0.0,0.0,0.0,4923,11985,7062
2020-02-22T19:00:00,5580.0,-2.046363078989089e-13,2160.0,0.0,0.0,0.0,0.0,1105.1630789302012,0.0,0.0,3276,12121,8845
2020-02-22T20:00:00,5580.0,8.86757334228605e-13,2160.0,0.0,0.0,0.0,0.0,366.16307893020166,0.0,0.0,3205,11311,8106
2020-02-22T21:00:00,5580.0,2.5011104298755534e-13,2160.0,0.0,0.0,0.0,600.8369210697979,0.0,0.0,0.0,3454,10593,7139
2020-02-22T22:00:00,5580.0,1.818989403545857e-13,2160.0,0.0,0.0,0.0,431.8369210697974,0.0,0.0,0.0,3521,10829,7308
2020-02-22T23:00:00,5580.0,-2.27373675443232e-14,2160.0,0.0,0.0,0.0,1028.836921069798,0.0,0.0,0.0,4316,11027,6711
2020-02-23T00:00:00,5580.0,4.3200998334214094e-13,2160.0,0.0,0.0,0.0,772.8369210697981,0.0,0.0,0.0,3701,10668,6967
2020-02-23T01:00:00,5580.0,4.3200998334214094e-13,2160.0,0.0,0.0,0.0,449.8369210697981,0.0,0.0,0.0,3115,10405,7290
2020-02-23T02:00:00,5580.0,-2.27373675443232e-14,2160.0,0.0,0.0,0.0,726.8369210697971,0.0,0.0,0.0,3154,10167,7013
2020-02-23T03:00:00,5580.0,-2.2737367544323226e-14,2160.0,0.0,0.0,0.0,1042.836921069797,0.0,0.0,0.0,3091,9788,6697
2020-02-23T04:00:00,5580.0,-2.0463630789890893e-13,2160.0,0.0,0.0,0.0,986.8369210697964,0.0,0.0,0.0,3007,9760,6753
2020-02-23T05:00:00,5580.0,-1.5916157281026248e-13,2160.0,0.0,0.0,0.0,454.836921069797,0.0,0.0,0.0,3014,10299,7285
2020-02-23T06:00:00,5580.0,-1.5916157281026248e-13,2160.0,0.0,0.0,0.0,0.0,528.1630789302014,0.0,0.0,3182,11450,8268
2020-02-23T07:00:00,5580.0,-1.3642420526593928e-13,2160.0,0.0,0.0,0.0,0.0,989.163078930202,0.0,0.0,3542,12271,8729
2020-02-23T08:00:00,5580.0,-1.5916157281026248e-13,2160.0,58.5,0.0,296.66307893020144,0.0,1200.0,0.0,0.0,3284,12579,9295
2020-02-23T09:00:00,5580.0,-1.5916157281026248e-13,2160.0,0.0,0.0,0.0,0.0,1131.1630789302014,0.0,0.0,3759,12630,8871
2020-02-23T10:00:00,5580.0,-1.5916157281026248e-13,2160.0,0.0,0.0,0.0,282.836921069797,0.0,0.0,0.0,5042,12499,7457
2020-02-23T11:00:00,5580.0,-1.5916157281026248e-13,2160.0,0.0,0.0,0.0,69.83692106979697,0.0,0.0,0.0,4796,12466,7670
2020-02-23T12:00:00,5580.0,-1.5916157281026248e-13,2160.0,0.0,0.0,0.0,305.836921069797,0.0,0.0,0.0,4855,12289,7434
2020-02-23T13:00:00,5580.0,-2.0463630789890893e-13,2096.1630789302035,0.0,0.0,0.0,1200.0,0.0,0.0,0.0,5421,11897,6476
2020-02-23T14:00:00,5580.0,-1.5916157281026248e-13,1502.163078930203,0.0,0.0,0.0,1200.0,0.0,0.0,0.0,5672,11554,5882
2020-02-23T15:00:00,5580.0,-1.5916157281026248e-13,1352.1630789302035,0.0,0.0,0.0,1200.0,0.0,0.0,0.0,5483,11215,5732
2020-02-23T16:00:00,5580.0,-1.3642420526593928e-13,1415.163078930203,0.0,0.0,0.0,1200.0,0.0,0.0,0.0,5269,11064,5795
2020-02-23T17:00:00,5580.0,-1.5916157281026248e-13,1803.1630789302035,0.0,0.0,0.0,1200.0,0.0,0.0,0.0,5089,11272,6183
2020-02-23T18:00:00,5580.0,-1.5916157281026248e-13,2160.0,0.0,0.0,0.0,0.0,98.16307893020304,0.0,0.0,4415,12253,7838
2020-02-23T19:00:00,5580.0,-1.5916157281026248e-13,2160.0,0.0,0.0,0.0,0.0,977.1630789302014,0.0,0.0,3990,12707,8717
2020-02-23T20:00:00,5580.0,-1.1368683772161605e-13,2160.0,0.0,0.0,0.0,0.0,478.16307893020127,0.0,0.0,3706,11924,8218
2020-02-23T21:00:00,5580.0,3.410605131648481e-13,2160.0,0.0,0.0,0.0,397.8369210697974,0.0,0.0,0.0,3894,11236,7342
2020-02-23T22:00:00,5580.0,6.139089236967266e-13,2160.0,0.0,0.0,0.0,172.8369210697972,0.0,0.0,0.0,3913,11480,7567
2020-02-23T23:00:00,5580.0,-3.979039320256561e-14,2160.0,0.0,0.0,0.0,0.0,230.16307893020303,0.0,0.0,3725,11695,7970
2020-02-24T00:00:00,5580.0,2.5011104298755534e-13,2160.0,0.0,0.0,0.0,31.83692106979879,0.0,0.0,0.0,3500,11208,7708
2020-02-24T01:00:00,5580.0,3.637978807091713e-13,2160.0,0.0,0.0,0.0,0.0,11.163078930202571,0.0,0.0,3200,10951,7751
2020-02-24T02:00:00,5580.0,2.273736754432321e-13,2160.0,0.0,0.0,0.0,197.83692106979697,0.0,0.0,0.0,3162,10704,7542
2020-02-24T03:00:00,5580.0,2.273736754432321e-13,2160.0,0.0,0.0,0.0,496.836921069797,0.0,0.0,0.0,3061,10304,7243
2020-02-24T04:00:00,5580.0,2.273736754432321e-13,2160.0,0.0,0.0,0.0,500.836921069797,0.0,0.0,0.0,3008,10247,7239
2020-02-24T05:00:00,5580.0,2.273736754432321e-13,2160.0,0.0,0.0,0.0,0.0,296.1630789302012,0.0,0.0,2723,10759,8036
2020-02-24T06:00:00,5580.0,2.273736754432321e-13,2160.0,0.0,0.0,164.1630789302012,0.0,1200.0,0.0,0.0,2764,11868,9104
2020-02-24T07:00:00,5580.0,-2.046363078989089e-13,2160.0,58.5,0.0,848.6630789302021,0.0,1200.0,0.0,0.0,2779,12626,9847
2020-02-24T08:00:00,5580.0,2.273736754432321e-13,2160.0,58.5,0.0,761.663078930201,0.0,1200.0,0.0,0.0,3081,12841,9760
2020-02-24T09:00:00,5580.0,2.273736754432321e-13,2160.0,58.5,85.5,19.16307893020121,0.0,1200.0,0.0,0.0,3738,12841,9103
2020-02-24T10:00:00,5580.0,2.273736754432321e-13,2160.0,0.0,0.0,0.0,0.0,263.1630789302026,0.0,0.0,4714,12717,8003
2020-02-24T11:00:00,5580.0,2.273736754432321e-13,2160.0,0.0,0.0,0.0,0.0,11.163078930201207,0.0,0.0,4954,12705,7751
2020-02-24T12:00:00,5580.0,2.273736754432321e-13,2160.0,0.0,0.0,0.0,291.836921069797,0.0,0.0,0.0,5118,12566,7448
2020-02-24T13:00:00,5580.0,2.273736754432321e-13,2160.0,0.0,0.0,0.0,526.836921069797,0.0,0.0,0.0,4989,12202,7213
2020-02-24T14:00:00,5580.0,2.273736754432321e-13,2160.0,0.0,0.0,0.0,1008.8369210697972,0.0,0.0,0.0,5131,11862,6731
2020-02-24T15:00:00,5580.0,2.273736754432321e-13,2015.1630789302026,0.0,0.0,0.0,1200.0,0.0,0.0,0.0,5114,11509,6395
2020-02-24T16:00:00,5580.0,-2.046363078989089e-13,2017.163078930204,0.0,0.0,0.0,1200.0,0.0,0.0,0.0,4906,11303,6397
2020-02-24T17:00:00,5580.0,2.273736754432321e-13,2160.0,0.0,0.0,0.0,1066.836921069797,0.0,0.0,0.0,4690,11363,6673
2020-02-24T18:00:00,5580.0,2.273736754432321e-13,2160.0,0.0,0.0,0.0,0.0,381.163078930201,0.0,0.0,4010,12131,8121
2020-02-24T19:00:00,5580.0,2.273736754432321e-13,2160.0,58.5,0.0,0.0,0.0,631.663078930201,0.0,0.0,3918,12348,8430
2020-02-24T20:00:00,5580.0,9.094947017729285e-14,2160.0,0.0,0.0,0.0,0.0,949.163078930201,0.0,0.0,2740,11429,8689
2020-02-24T21:00:00,5580.0,2.273736754432321e-13,2160.0,0.0,0.0,0.0,221.83692106979697,0.0,0.0,0.0,3188,10706,7518
2020-02-24T22:00:00,5580.0,2.273736754432321e-13,2160.0,0.0,0.0,0.0,0.0,4.163078930201209,0.0,0.0,3128,10872,7744
2020-02-24T23:00:00,5580.0,2.955857780762017e-13,2160.0,0.0,0.0,0.0,0.0,365.163078930201,0.0,0.0,2944,11049,8105
2020-02-25T00:00:00,5580.0,7.048583938740194e-13,2160.0,0.0,0.0,0.0,0.0,586.1630789302017,0.0,0.0,2192,10518,8326
2020-02-25T01:00:00,5580.0,1.0231815394945445e-13,2160.0,58.5,0.0,0.0,29.336921069798905,0.0,0.0,0.0,2450,10219,7769
2020-02-25T02:00:00,5580.0,-1.3642420526593928e-13,2160.0,0.0,0.0,0.0,0.0,358.1630789302019,0.0,0.0,1833,9931,8098
2020-02-25T03:00:00,5580.0,-1.3642420526593928e-13,2160.0,0.0,0.0,0.0,0.0,15.163078930202118,0.0,0.0,1746,9501,7755
2020-02-25T04:00:00,5580.0,-1.3642420526593928e-13,2160.0,0.0,0.0,0.0,7.836921069796517,0.0,0.0,0.0,1699,9431,7732
2020-02-25T05:00:00,5580.0,-1.3642420526593928e-13,2160.0,0.0,0.0,0.0,0.0,516.1630789302019,0.0,0.0,1678,9934,8256
2020-02-25T06:00:00,5580.0,-1.3642420526593928e-13,2160.0,0.0,0.0,0.0,0.0,1061.163078930202,0.0,0.0,2264,11065,8801
2020-02-25T07:00:00,5580.0,-1.3642420526593928e-13,2160.0,0.0,85.5,194.66307893020212,0.0,1200.0,0.0,0.0,2657,11877,9220
2020-02-25T08:00:00,5580.0,-1.3642420526593928e-13,2160.0,58.5,85.5,32.16307893020212,0.0,1200.0,0.0,0.0,3073,12189,9116
2020-02-25T09:00:00,5580.0,-1.3642420526593928e-13,2160.0,58.5,85.5,411.1630789302019,0.0,1200.0,0.0,0.0,2781,12276,9495
2020-02-25T10:00:00,5580.0,-2.046363078989089e-13,2160.0,0.0,0.0,0.0,0.0,955.1630789302012,0.0,0.0,3525,12220,8695
2020-02-25T11:00:00,5580.0,-1.3642420526593928e-13,2160.0,58.5,0.0,0.0,0.0,515.6630789302019,0.0,0.0,3966,12280,8314
2020-02-25T12:00:00,5580.0,-1.3642420526593928e-13,2160.0,58.5,85.5,0.0,3.8369210697978815,0.0,0.0,0.0,4329,12209,7880
2020-02-25T13:00:00,5580.0,-1.3642420526593928e-13,2160.0,0.0,0.0,0.0,469.8369210697965,0.0,0.0,0.0,4593,11863,7270
2020-02-25T14:00:00,5580.0,-1.3642420526593928e-13,2160.0,0.0,0.0,0.0,668.8369210697961,0.0,0.0,0.0,4471,11542,7071
2020-02-25T15:00:00,5580.0,-1.3642420526593928e-13,2160.0,0.0,0.0,0.0,979.8369210697962,0.0,0.0,0.0,4408,11168,6760
2020-02-25T16:00:00,5580.0,-1.3642420526593928e-13,2160.0,0.0,0.0,0.0,1050.836921069796,0.0,0.0,0.0,4272,10961,6689
2020-02-25T17:00:00,5580.0,-1.3642420526593928e-13,2160.0,0.0,0.0,0.0,865.8369210697962,0.0,0.0,0.0,4197,11071,6874
2020-02-25T18:00:00,5580.0,-1.3642420526593928e-13,2160.0,58.5,85.5,0.0,0.0,45.16307893020212,0.0,0.0,3982,11911,7929
2020-02-25T19:00:00,5580.0,-2.0463630789890888e-13,2160.0,58.5,85.5,0.0,0.0,704.1630789302012,0.0,0.0,3478,12066,8588
2020-02-25T20:00:00,5580.0,-2.046363078989089e-13,2160.0,58.5,0.0,22.66307893020212,0.0,1200.0,0.0,0.0,2261,11282,9021
2020-02-25T21:00:00,5580.0,-2.046363078989089e-13,2160.0,58.5,85.5,0.0,0.0,667.1630789302021,0.0,0.0,2105,10656,8551
2020-02-25T22:00:00,5580.0,0.0,2160.0,58.5,0.0,0.0,0.0,77.66307893020348,0.0,0.0,2973,10849,7876
2020-02-25T23:00:00,5580.0,6.821210263296964e-14,2160.0,0.0,0.0,332.1630789302012,0.0,1200.0,0.0,0.0,1764,11036,9272
2020-02-26T00:00:00,5580.0,0.0,2160.0,0.0,0.0,0.0,0.0,1092.1630789302026,0.0,0.0,1740,10572,8832
2020-02-26T01:00:00,5580.0,0.0,2160.0,0.0,0.0,0.0,0.0,255.16307893020257,0.0,0.0,2277,10272,7995
2020-02-26T02:00:00,5580.0,0.0,2160.0,0.0,0.0,0.0,0.0,995.1630789302023,0.0,0.0,1270,10005,8735
2020-02-26T03:00:00,5580.0,-2.046363078989089e-13,2160.0,0.0,0.0,0.0,0.0,605.1630789302017,0.0,0.0,1263,9608,8345
2020-02-26T04:00:00,5580.0,-1.3642420526593928e-13,2160.0,0.0,0.0,0.0,0.0,502.1630789302019,0.0,0.0,1328,9570,8242
2020-02-26T05:00:00,5580.0,-1.3642420526593928e-13,2160.0,0.0,0.0,0.0,0.0,954.163078930202,0.0,0.0,1367,10061,8694
2020-02-26T06:00:00,5580.0,-1.3642420526593928e-13,2160.0,0.0,0.0,1231.1874592302606,0.0,850.975619699941,0.0,0.0,1314,11136,9822
2020-02-26T07:00:00,5580.0,-1.3642420526593928e-13,2160.0,0.0,0.0,2770.1630789302026,0.0,0.0,0.0,0.0,1424,11934,10510
2020-02-26T08:00:00,5580.0,-1.3642420526593928e-13,2160.0,0.0,0.0,2742.1630789302026,0.0,0.0,0.0,0.0,1776,12258,10482
2020-02-26T09:00:00,5580.0,-1.3642420526593928e-13,2160.0,0.0,0.0,1848.163078930202,0.0,0.0,0.0,0.0,2769,12357,9588
2020-02-26T10:00:00,5580.0,-1.3642420526593928e-13,2160.0,0.0,0.0,1332.163078930202,0.0,0.0,0.0,0.0,3176,12248,9072
2020-02-26T11:00:00,5580.0,-1.3642420526593928e-13,2160.0,0.0,0.0,892.1630789302019,0.0,0.0,0.0,0.0,3636,12268,8632
2020-02-26T12:00:00,5580.0,-2.046363078989089e-13,2160.0,0.0,0.0,549.1630789302017,0.0,0.0,0.0,0.0,3896,12185,8289
2020-02-26T13:00:00,5580.0,-1.3642420526593928e-13,2160.0,0.0,0.0,43.163078930202346,0.0,0.0,0.0,0.0,3989,11772,7783
2020-02-26T14:00:00,5580.0,-1.3642420526593928e-13,1828.1630789302021,0.0,0.0,0.0,0.0,0.0,0.0,0.0,3999,11407,7408
2020-02-26T15:00:00,5580.0,-1.3642420526593928e-13,2160.0,0.0,0.0,0.0,578.8369210697981,0.0,0.0,0.0,3876,11037,7161
2020-02-26T16:00:00,5580.0,-1.3642420526593928e-13,1542.1630789302021,0.0,0.0,0.0,0.0,0.0,0.0,0.0,3652,10774,7122
2020-02-26T17:00:00,5580.0,-1.3642420526593928e-13,2160.0,0.0,0.0,0.0,0.0,52.16307893020371,0.0,0.0,3092,10884,7792
2020-02-26T18:00:00,5580.0,-1.3642420526593928e-13,2160.0,0.0,0.0,1116.198467058057,0.0,381.96461187214487,0.0,0.0,2392,11630,9238
2020-02-26T19:00:00,5580.0,-1.3642420526593928e-13,2160.0,0.0,0.0,2268.1630789302017,0.0,0.0,0.0,0.0,1898,11906,10008
2020-02-26T20:00:00,5580.0,-1.3642420526593928e-13,2160.0,0.0,0.0,1772.163078930202,0.0,0.0,0.0,0.0,1685,11197,9512
2020-02-26T21:00:00,5580.0,-1.3642420526593928e-13,2160.0,0.0,0.0,472.1630789302019,0.0,0.0,0.0,0.0,2423,10635,8212
2020-02-26T22:00:00,5580.0,3.637978807091713e-13,2160.0,0.0,0.0,785.163078930202,0.0,0.0,0.0,0.0,2367,10892,8525
2020-02-26T23:00:00,5580.0,6.821210263296964e-14,2160.0,0.0,0.0,1092.1630789302012,0.0,0.0,0.0,0.0,2248,11080,8832
2020-02-27T00:00:00,5580.0,1.5916157281026238e-13,2160.0,0.0,0.0,1384.163078930202,0.0,0.0,0.0,0.0,1423,10547,9124
2020-02-27T01:00:00,5580.0,-9.094947017729285e-14,2160.0,0.0,0.0,564.1630789302019,0.0,0.0,0.0,0.0,1878,10182,8304
2020-02-27T02:00:00,5580.0,-1.3642420526593928e-13,2160.0,0.0,0.0,904.163078930202,0.0,0.0,0.0,0.0,1201,9845,8644
2020-02-27T03:00:00,5580.0,-1.3642420526593928e-13,2160.0,0.0,0.0,332.1630789302021,0.0,0.0,0.0,0.0,1295,9367,8072
2020-02-27T04:00:00,5580.0,-1.3642420526593928e-13,2160.0,0.0,0.0,154.16307893020212,0.0,0.0,0.0,0.0,1269,9163,7894
2020-02-27T05:00:00,5580.0,-1.3642420526593928e-13,2160.0,0.0,0.0,350.1630789302021,0.0,0.0,0.0,0.0,1234,9324,8090
2020-02-27T06:00:00,5580.0,-1.3642420526593928e-13,2160.0,0.0,0.0,784.1630789302019,0.0,0.0,0.0,0.0,1208,9732,8524
2020-02-27T07:00:00,5580.0,-1.3642420526593928e-13,2160.0,0.0,0.0,996.163078930202,0.0,0.0,0.0,0.0,1280,10016,8736
2020-02-27T08:00:00,5580.0,-1.3642420526593928e-13,2160.0,0.0,0.0,979.163078930202,0.0,0.0,0.0,0.0,1772,10491,8719
2020-02-27T09:00:00,5580.0,-1.3642420526593928e-13,2160.0,0.0,0.0,704.1630789302019,0.0,0.0,0.0,0.0,2407,10851,8444
2020-02-27T10:00:00,5580.0,-1.3642420526593928e-13,2160.0,0.0,0.0,70.16307893020212,0.0,0.0,0.0,0.0,3074,10884,7810
2020-02-27T11:00:00,5580.0,-1.3642420526593928e-13,1870.163078930204,0.0,0.0,0.0,0.0,0.0,0.0,0.0,3512,10962,7450
2020-02-27T12:00:00,5580.0,-1.3642420526593928e-13,1944.699499891285,0.0,0.0,0.0,218.53642096108123,0.0,0.0,0.0,3850,11156,7306
2020-02-27T13:00:00,5580.0,6.821210263296964e-14,1012.1630789302029,0.0,0.0,0.0,0.0,0.0,0.0,0.0,4006,10598,6592
2020-02-27T14:00:00,5580.0,-1.3642420526593928e-13,840.0,0.0,0.0,0.0,353.8369210697969,0.0,0.0,0.0,4020,10086,6066
2020-02-27T15:00:00,5580.0,-1.3642420526593928e-13,840.0,0.0,0.0,0.0,680.8369210697971,0.0,0.0,0.0,4003,9742,5739
2020-02-27T16:00:00,5580.0,-1.3642420526593928e-13,840.0,0.0,0.0,0.0,671.8369210697974,0.0,0.0,0.0,3771,9519,5748
2020-02-27T17:00:00,5580.0,-1.3642420526593928e-13,840.0,0.0,0.0,0.0,29.83692106979693,0.0,0.0,0.0,3297,9687,6390
2020-02-27T18:00:00,5580.0,-1.3642420526593928e-13,2160.0,0.0,0.0,0.0,0.0,266.1630789302022,0.0,0.0,2603,10609,8006
2020-02-27T19:00:00,5580.0,-1.3642420526593928e-13,2160.0,0.0,0.0,217.16307893020212,0.0,1200.0,0.0,0.0,1866,11023,9157
2020-02-27T20:00:00,5580.0,-1.3642420526593928e-13,2160.0,0.0,0.0,432.1630789302019,0.0,0.0,0.0,0.0,2357,10529,8172
2020-02-27T21:00:00,5580.0,-6.821210263296964e-14,2160.0,0.0,0.0,858.1630789302021,0.0,0.0,0.0,0.0,1495,10093,8598
2020-02-27T22:00:00,5580.0,6.821210263296964e-14,2160.0,0.0,0.0,1229.1630789302012,0.0,0.0,0.0,0.0,1533,10502,8969
2020-02-27T23:00:00,5580.0,4.320099833421408e-13,2160.0,0.0,0.0,607.1630789302016,0.0,0.0,0.0,0.0,2501,10848,8347
2020-02-28T00:00:00,5580.0,6.821210263296964e-14,2160.0,0.0,0.0,920.1630789302016,0.0,0.0,0.0,0.0,1800,10460,8660
2020-02-28T01:00:00,5580.0,0.0,2160.0,0.0,0.0,388.163078930203,0.0,0.0,0.0,0.0,2040,10168,8128
2020-02-28T02:00:00,5580.0,6.821210263296964e-14,2160.0,0.0,0.0,689.1630789302017,0.0,0.0,0.0,0.0,1429,9858,8429
2020-02-28T03:00:00,5580.0,4.5474735088646414e-14,2160.0,0.0,0.0,256.16307893020166,0.0,0.0,0.0,0.0,1368,9364,7996
2020-02-28T04:00:00,5580.0,4.5474735088646414e-14,2160.0,0.0,0.0,77.16307893020166,0.0,0.0,0.0,0.0,1318,9135,7817
2020-02-28T05:00:00,5580.0,4.5474735088646414e-14,2160.0,0.0,0.0,190.1630789302017,0.0,0.0,0.0,0.0,1251,9181,7930
2020-02-28T06:00:00,5580.0,4.5474735088646414e-14,2117.0471841704716,0.0,0.0,0.0,638.8841052402701,0.0,0.0,0.0,2333,9391,7058
2020-02-28T07:00:00,5580.0,6.821210263296964e-14,2160.0,0.0,0.0,0.0,0.0,479.1630789302026,0.0,0.0,1259,9478,8219
2020-02-28T08:00:00,5580.0,4.5474735088646414e-14,1087.780495759775,0.0,0.0,0.0,88.61741682957351,0.0,0.0,0.0,3319,9898,6579
2020-02-28T09:00:00,5580.0,4.5474735088646414e-14,840.0,0.0,0.0,0.0,92.83692106979834,0.0,0.0,0.0,3971,10298,6327
2020-02-28T10:00:00,5580.0,4.5474735088646414e-14,1999.163078930203,0.0,0.0,0.0,0.0,0.0,0.0,0.0,2867,10446,7579
2020-02-28T11:00:00,5580.0,4.5474735088646414e-14,420.0,0.0,0.0,0.0,340.83692106979834,0.0,0.0,0.0,4860,10519,5659
2020-02-28T12:00:00,5580.0,4.5474735088646414e-14,420.0,0.0,0.0,0.0,371.83692106979834,0.0,0.0,0.0,5085,10713,5628
2020-02-28T13:00:00,5580.0,4.5474735088646414e-14,586.1630789302017,0.0,0.0,0.0,0.0,0.0,0.0,0.0,3865,10031,6166
2020-02-28T14:00:00,5328.163078930202,4.5474735088646414e-14,210.0,0.0,0.0,0.0,1200.0,0.0,0.0,0.0,5128,9466,4338
2020-02-28T15:00:00,5097.163078930202,4.5474735088646414e-14,210.0,0.0,0.0,0.0,1200.0,0.0,0.0,0.0,5006,9113,4107
2020-02-28T16:00:00,5580.0,6.821210263296964e-14,540.0,0.0,0.0,0.0,670.8369210697974,0.0,0.0,0.0,3500,8949,5449
2020-02-28T17:00:00,5580.0,4.5474735088646414e-14,540.0,0.0,0.0,0.0,0.0,20.163078930201667,0.0,0.0,3028,9168,6140
2020-02-28T18:00:00,5580.0,4.5474735088646414e-14,466.16307893020166,0.0,0.0,0.0,0.0,0.0,0.0,0.0,4119,10165,6046
2020-02-28T19:00:00,5580.0,0.0,1620.0,0.0,0.0,0.0,0.0,300.163078930203,0.0,0.0,3402,10902,7500
2020-02-28T20:00:00,5580.0,-2.046363078989089e-13,1620.0,0.0,0.0,0.0,0.0,224.16307893020203,0.0,0.0,3111,10535,7424
2020-02-28T21:00:00,5580.0,4.5474735088646414e-14,1588.1630789302017,0.0,0.0,0.0,0.0,0.0,0.0,0.0,2914,10082,7168
2020-02-28T22:00:00,5580.0,-2.046363078989089e-13,1950.1630789302021,0.0,0.0,0.0,0.0,0.0,0.0,0.0,2812,10342,7530
2020-02-28T23:00:00,5580.0,6.821210263296964e-14,2160.0,0.0,0.0,443.1630789302007,0.0,1200.0,0.0,0.0,1206,10589,9383
2020-02-29T00:00:00,5580.0,3.410605131648481e-13,1639.1630789302021,0.0,0.0,0.0,0.0,0.0,0.0,0.0,3011,10230,7219
2020-02-29T01:00:00,5580.0,-2.046363078989089e-13,1788.1630789302021,0.0,0.0,0.0,0.0,0.0,0.0,0.0,2618,9986,7368
2020-02-29T02:00:00,5580.0,4.5474735088646414e-14,2160.0,0.0,0.0,0.0,0.0,909.163078930202,0.0,0.0,1100,9749,8649
2020-02-29T03:00:00,5580.0,4.5474735088646414e-14,1765.163078930202,0.0,0.0,0.0,0.0,0.0,0.0,0.0,1981,9326,7345
2020-02-29T04:00:00,5580.0,4.5474735088646414e-14,2160.0,0.0,0.0,137.09156881943545,0.0,320.0715101107658,0.0,0.0,1096,9293,8197
2020-02-29T05:00:00,5580.0,4.5474735088646414e-14,2160.0,0.0,0.0,992.163078930202,0.0,0.0,0.0,0.0,1135,9867,8732
2020-02-29T06:00:00,5580.0,4.5474735088646414e-14,2160.0,0.0,0.0,2035.163078930202,0.0,0.0,0.0,0.0,1208,10983,9775
2020-02-29T07:00:00,5580.0,4.5474735088646414e-14,2160.0,0.0,0.0,2653.163078930202,0.0,0.0,0.0,0.0,1314,11707,10393
2020-02-29T08:00:00,5580.0,4.5474735088646414e-14,2160.0,0.0,0.0,2524.163078930202,0.0,0.0,0.0,0.0,1684,11948,10264
2020-02-29T09:00:00,5580.0,4.5474735088646414e-14,2160.0,0.0,0.0,1846.163078930202,0.0,0.0,0.0,0.0,2352,11938,9586
2020-02-29T10:00:00,5580.0,-2.046363078989089e-13,1168.1630789302021,0.0,0.0,0.0,0.0,0.0,0.0,0.0,4962,11710,6748
2020-02-29T11:00:00,5580.0,4.5474735088646414e-14,2160.0,0.0,0.0,375.16307893020195,0.0,0.0,0.0,0.0,3515,11630,8115
2020-02-29T12:00:00,5580.0,4.5474735088646414e-14,840.0,0.0,0.0,0.0,362.8369210697981,0.0,0.0,0.0,5457,11514,6057
2020-02-29T13:00:00,5580.0,4.5474735088646414e-14,1631.163078930203,0.0,0.0,0.0,0.0,0.0,0.0,0.0,3933,11144,7211
2020-02-29T14:00:00,5580.0,4.5474735088646414e-14,840.0,0.0,0.0,0.0,378.83692106979805,0.0,0.0,0.0,4741,10782,6041
2020-02-29T15:00:00,5580.0,4.5474735088646414e-14,1748.5364209610773,0.0,0.0,0.0,639.3733420308753,0.0,0.0,0.0,3730,10419,6689
2020-02-29T16:00:00,5580.0,4.5474735088646414e-14,1234.163078930202,0.0,0.0,0.0,0.0,0.0,0.0,0.0,3392,10206,6814
2020-02-29T17:00:00,5580.0,4.5474735088646414e-14,2160.0,0.0,0.0,0.0,261.83692106979805,0.0,0.0,0.0,2825,10303,7478
2020-02-29T18:00:00,5580.0,4.5474735088646414e-14,1216.163078930202,0.0,0.0,0.0,0.0,0.0,0.0,0.0,4433,11229,6796
2020-02-29T19:00:00,5580.0,-2.046363078989089e-13,2160.0,0.0,0.0,0.0,0.0,32.16307893020211,0.0,0.0,3899,11671,7772
2020-02-29T20:00:00,5580.0,4.5474735088646414e-14,2160.0,0.0,0.0,225.16307893020195,0.0,1200.0,0.0,0.0,1786,10951,9165
2020-02-29T21:00:00,5580.0,4.5474735088646414e-14,2160.0,0.0,0.0,757.1630789302019,0.0,0.0,0.0,0.0,1872,10369,8497
2020-02-29T22:00:00,5580.0,-1.818989403545857e-13,1056.1630789302021,0.0,0.0,0.0,0.0,0.0,0.0,0.0,3956,10592,6636
2020-02-29T23:00:00,5580.0,5.229594535194337e-13,2160.0,0.0,0.0,1336.1630789302008,0.0,0.0,0.0,0.0,1730,10806,9076
2020-03-01T00:00:00,5580.0,5.684341886080802e-14,2160.0,0.0,0.0,902.163078930202,0.0,0.0,0.0,0.0,1757,10399,8642
2020-03-01T01:00:00,5580.0,5.684341886080802e-14,2160.0,0.0,0.0,1018.163078930202,0.0,0.0,0.0,0.0,1371,10129,8758
2020-03-01T02:00:00,5580.0,5.684341886080802e-14,2160.0,0.0,0.0,777.1630789302019,0.0,0.0,0.0,0.0,1373,9890,8517
2020-03-01T03:00:00,5580.0,5.684341886080802e-14,1701.163078930202,0.0,0.0,0.0,0.0,0.0,0.0,0.0,2229,9510,7281
2020-03-01T04:00:00,5580.0,6.821210263296963e-14,1738.1630789302014,0.0,0.0,0.0,0.0,0.0,0.0,0.0,2176,9494,7318
2020-03-01T05:00:00,5580.0,5.684341886080802e-14,2160.0,0.0,0.0,0.0,3.836921069798109,0.0,0.0,0.0,2298,10034,7736
2020-03-01T06:00:00,5580.0,5.684341886080802e-14,2160.0,0.0,0.0,536.2853881278534,0.0,2.8776908023485817,0.0,0.0,2917,11196,8279
2020-03-01T07:00:00,5580.0,4.5474735088646414e-14,2160.0,0.0,0.0,2764.163078930202,0.0,0.0,0.0,0.0,1461,11965,10504
2020-03-01T08:00:00,5580.0,5.684341886080802e-14,2160.0,0.0,0.0,805.1630789302019,0.0,0.0,0.0,0.0,3723,12268,8545
2020-03-01T09:00:00,5580.0,5.684341886080802e-14,2160.0,0.0,0.0,2326.1630789302017,0.0,0.0,0.0,0.0,2255,12321,10066
2020-03-01T10:00:00,5580.0,5.684341886080802e-14,2160.0,0.0,0.0,0.0,178.8369210697981,0.0,0.0,0.0,4618,12179,7561
2020-03-01T11:00:00,5580.0,5.684341886080802e-14,2160.0,0.0,0.0,1100.0353881278531,0.0,134.12769080234858,0.0,0.0,3165,12139,8974
2020-03-01T12:00:00,5580.0,5.684341886080802e-14,2160.0,0.0,0.0,892.1630789302019,0.0,0.0,0.0,0.0,3386,12018,8632
2020-03-01T13:00:00,5580.0,6.821210263296963e-14,2160.0,0.0,0.0,369.1630789302033,0.0,0.0,0.0,0.0,3542,11651,8109
2020-03-01T14:00:00,5580.0,5.684341886080802e-14,2111.1630789302017,0.0,0.0,0.0,0.0,0.0,0.0,0.0,3604,11295,7691
2020-03-01T15:00:00,5580.0,5.684341886080802e-14,1739.163078930202,0.0,0.0,0.0,0.0,0.0,0.0,0.0,3623,10942,7319
2020-03-01T16:00:00,5580.0,4.5474735088646414e-14,1647.1630789302023,0.0,0.0,0.0,0.0,0.0,0.0,0.0,3555,10782,7227
2020-03-01T17:00:00,5580.0,5.684341886080802e-14,840.0,0.0,0.0,0.0,693.8369210697981,0.0,0.0,0.0,5178,10904,5726
2020-03-01T18:00:00,5580.0,5.684341886080802e-14,1290.163078930202,0.0,0.0,0.0,0.0,0.0,0.0,0.0,4869,11739,6870
2020-03-01T19:00:00,5580.0,5.684341886080802e-14,2160.0,0.0,0.0,1208.7853881278531,0.0,520.3776908023485,0.0,0.0,2675,12144,9469
2020-03-01T20:00:00,5580.0,5.684341886080802e-14,1311.163078930202,0.0,0.0,0.0,0.0,0.0,0.0,0.0,4465,11356,6891
2020-03-01T21:00:00,5580.0,5.684341886080802e-14,891.1630789302019,0.0,0.0,0.0,0.0,0.0,0.0,0.0,4247,10718,6471
2020-03-01T22:00:00,5580.0,6.821210263296963e-14,2160.0,0.0,0.0,489.1630789302015,0.0,0.0,0.0,0.0,2698,10927,8229
2020-03-01T23:00:00,5580.0,5.684341886080802e-14,2160.0,0.0,0.0,995.163078930202,0.0,0.0,0.0,0.0,2399,11134,8735
2020-03-02T00:00:00,5580.0,-1.3642420526593928e-13,2160.0,0.0,0.0,548.1630789302026,0.0,0.0,0.0,0.0,2399,10687,8288
2020-03-02T01:00:00,5580.0,-1.3642420526593928e-13,2160.0,0.0,0.0,914.163078930202,0.0,0.0,0.0,0.0,1762,10416,8654
2020-03-02T02:00:00,5580.0,-1.3642420526593928e-13,2160.0,0.0,0.0,814.1630789302028,0.0,0.0,0.0,0.0,1620,10174,8554
2020-03-02T03:00:00,5580.0,-1.3642420526593928e-13,1950.1630789302026,0.0,0.0,0.0,0.0,0.0,0.0,0.0,2258,9788,7530
2020-03-02T04:00:00,5580.0,-1.3642420526593928e-13,2160.0,0.0,0.0,527.1630789302026,0.0,0.0,0.0,0.0,1490,9757,8267
2020-03-02T05:00:00,5580.0,-1.3642420526593928e-13,2160.0,0.0,0.0,1126.1630789302028,0.0,0.0,0.0,0.0,1419,10285,8866
2020-03-02T06:00:00,5580.0,-1.3642420526593928e-13,2160.0,0.0,0.0,2280.1630789302026,0.0,0.0,0.0,0.0,1413,11433,10020
2020-03-02T07:00:00,5580.0,6.821210263296964e-14,2160.0,0.0,0.0,1190.1630789302026,0.0,0.0,0.0,0.0,3258,12188,8930
2020-03-02T08:00:00,5580.0,-1.3642420526593928e-13,2160.0,0.0,0.0,1210.1630789302028,0.0,0.0,0.0,0.0,3547,12497,8950
2020-03-02T09:00:00,5580.0,-1.3642420526593928e-13,2160.0,0.0,0.0,732.1630789302026,0.0,0.0,0.0,0.0,4106,12578,8472
2020-03-02T10:00:00,5580.0,-1.3642420526593928e-13,2160.0,0.0,0.0,1676.163078930202,0.0,0.0,0.0,0.0,3031,12447,9416
2020-03-02T11:00:00,5580.0,-1.3642420526593928e-13,1620.0,0.0,0.0,24.163078930202545,0.0,0.0,0.0,0.0,5161,12385,7224
2020-03-02T12:00:00,5580.0,-1.3642420526593928e-13,997.1630789302026,0.0,0.0,0.0,0.0,0.0,0.0,0.0,5644,12221,6577
2020-03-02T13:00:00,5580.0,-1.3642420526593928e-13,630.0,0.0,0.0,0.0,105.83692106979744,0.0,0.0,0.0,5699,11803,6104
2020-03-02T14:00:00,5580.0,-1.3642420526593928e-13,630.0,0.0,0.0,0.0,639.8369210697973,0.0,0.0,0.0,5811,11381,5570
2020-03-02T15:00:00,5580.0,-1.3642420526593928e-13,630.0,0.0,0.0,0.0,903.8369210697972,0.0,0.0,0.0,5654,10960,5306
2020-03-02T16:00:00,5580.0,6.821210263296964e-14,1091.1630789302026,0.0,0.0,0.0,0.0,0.0,0.0,0.0,4094,10765,6671
2020-03-02T17:00:00,5580.0,-1.3642420526593928e-13,1546.1630789302026,0.0,0.0,0.0,0.0,0.0,0.0,0.0,3760,10886,7126
2020-03-02T18:00:00,5580.0,-1.3642420526593928e-13,1151.1630789302026,0.0,0.0,0.0,0.0,0.0,0.0,0.0,5079,11810,6731
2020-03-02T19:00:00,5580.0,-1.3642420526593928e-13,2077.1630789302035,0.0,0.0,0.0,0.0,0.0,0.0,0.0,4698,12355,7657
2020-03-02T20:00:00,5580.0,-1.3642420526593928e-13,2160.0,0.0,0.0,0.0,0.0,593.1630789302026,0.0,0.0,3266,11599,8333
2020-03-02T21:00:00,5580.0,-1.3642420526593928e-13,2160.0,0.0,0.0,0.0,11.836921069797429,0.0,0.0,0.0,3241,10969,7728
2020-03-02T22:00:00,5580.0,-1.1368683772161608e-13,1263.1630789302028,0.0,0.0,0.0,0.0,0.0,0.0,0.0,4361,11204,6843
2020-03-02T23:00:00,5580.0,-2.955857780762017e-13,2160.0,0.0,0.0,43.315394651012184,0.0,652.8476842791895,0.0,0.0,2982,11418,8436
2020-03-03T00:00:00,5580.0,3.4106051316484827e-14,2160.0,0.0,0.0,0.0,92.83692106979812,0.0,0.0,0.0,3284,10931,7647
2020-03-03T01:00:00,5580.0,6.821210263296964e-14,2160.0,0.0,0.0,0.0,6.836921069798109,0.0,0.0,0.0,2888,10621,7733
2020-03-03T02:00:00,5580.0,3.4106051316484827e-14,2160.0,0.0,0.0,275.4076973255049,0.0,74.75538160469716,0.0,0.0,2256,10346,8090
2020-03-03T03:00:00,5580.0,3.4106051316484827e-14,2160.0,0.0,0.0,99.16307893020196,0.0,0.0,0.0,0.0,2086,9925,7839
2020-03-03T04:00:00,5580.0,4.5474735088646414e-14,2160.0,0.0,0.0,184.16307893020308,0.0,0.0,0.0,0.0,1940,9864,7924
2020-03-03T05:00:00,5580.0,3.4106051316484827e-14,2160.0,0.0,0.0,152.16307893020195,0.0,0.0,0.0,0.0,2468,10360,7892
2020-03-03T06:00:00,5580.0,3.4106051316484827e-14,2160.0,0.0,0.0,1816.163078930202,0.0,0.0,0.0,0.0,1889,11445,9556
2020-03-03T07:00:00,5580.0,3.4106051316484827e-14,2160.0,0.0,0.0,2354.163078930202,0.0,0.0,0.0,0.0,1961,12055,10094
2020-03-03T08:00:00,5580.0,3.4106051316484827e-14,2160.0,0.0,0.0,802.163078930202,0.0,0.0,0.0,0.0,3558,12100,8542
2020-03-03T09:00:00,5580.0,3.4106051316484827e-14,2160.0,0.0,0.0,1044.163078930202,0.0,0.0,0.0,0.0,3112,11896,8784
2020-03-03T10:00:00,5580.0,6.821210263296964e-14,2160.0,0.0,0.0,324.16307893020183,0.0,0.0,0.0,0.0,3495,11559,8064
2020-03-03T11:00:00,5580.0,3.4106051316484827e-14,1620.0,0.0,0.0,108.16307893020196,0.0,0.0,0.0,0.0,4089,11397,7308
2020-03-03T12:00:00,5580.0,3.4106051316484827e-14,1193.163078930202,0.0,0.0,0.0,0.0,0.0,0.0,0.0,4461,11234,6773
2020-03-03T13:00:00,5580.0,4.5474735088646414e-14,791.1630789302021,0.0,0.0,0.0,0.0,0.0,0.0,0.0,4530,10901,6371
2020-03-03T14:00:00,5580.0,3.4106051316484827e-14,630.0,0.0,0.0,0.0,5.836921069798109,0.0,0.0,0.0,4423,10627,6204
2020-03-03T15:00:00,5580.0,3.4106051316484827e-14,630.0,0.0,0.0,0.0,374.8369210697981,0.0,0.0,0.0,4499,10334,5835
2020-03-03T16:00:00,5580.0,3.4106051316484827e-14,630.0,0.0,0.0,0.0,355.8369210697981,0.0,0.0,0.0,4343,10197,5854
2020-03-03T17:00:00,5580.0,3.4106051316484827e-14,630.0,0.0,0.0,0.0,812.8369210697981,0.0,0.0,0.0,4950,10347,5397
2020-03-03T18:00:00,5580.0,3.4106051316484827e-14,1009.1630789302019,0.0,0.0,0.0,0.0,0.0,0.0,0.0,4616,11205,6589
2020-03-03T19:00:00,5580.0,6.821210263296964e-14,1880.163078930202,0.0,0.0,0.0,0.0,0.0,0.0,0.0,3969,11429,7460
2020-03-03T20:00:00,5580.0,3.4106051316484827e-14,2160.0,0.0,0.0,0.0,0.0,205.1630789302019,0.0,0.0,2638,10583,7945
2020-03-03T21:00:00,5580.0,3.4106051316484827e-14,840.0,0.0,0.0,0.0,226.8369210697981,0.0,0.0,0.0,3789,9982,6193
2020-03-03T22:00:00,5580.0,4.5474735088646414e-14,850.1630789302021,0.0,0.0,0.0,0.0,0.0,0.0,0.0,3722,10152,6430
2020-03-03T23:00:00,5580.0,5.229594535194337e-13,2160.0,0.0,0.0,0.0,0.0,89.16307893020075,0.0,0.0,2508,10337,7829
2020-03-04T00:00:00,5580.0,0.0,1613.163078930202,0.0,0.0,0.0,0.0,0.0,0.0,0.0,2597,9790,7193
2020-03-04T01:00:00,5580.0,0.0,1650.1630789302021,0.0,0.0,0.0,0.0,0.0,0.0,0.0,2245,9475,7230
2020-03-04T02:00:00,5580.0,0.0,1346.1630789302028,0.0,0.0,0.0,0.0,0.0,0.0,0.0,2255,9181,6926
2020-03-04T03:00:00,5580.0,6.821210263296964e-14,1138.163078930202,0.0,0.0,0.0,0.0,0.0,0.0,0.0,2070,8788,6718
2020-03-04T04:00:00,5580.0,4.5474735088646414e-14,1072.1630789302023,0.0,0.0,0.0,0.0,0.0,0.0,0.0,2095,8747,6652
2020-03-04T05:00:00,5580.0,4.5474735088646414e-14,1670.1630789302014,0.0,0.0,0.0,0.0,0.0,0.0,0.0,1991,9241,7250
2020-03-04T06:00:00,5580.0,4.5474735088646414e-14,2160.0,0.0,0.0,0.0,0.0,544.1630789302014,0.0,0.0,2042,10326,8284
2020-03-04T07:00:00,5580.0,4.5474735088646414e-14,2160.0,0.0,0.0,620.3507827788619,0.0,582.8122961513395,0.0,0.0,2067,11010,8943
2020-03-04T08:00:00,5580.0,4.5474735088646414e-14,1620.0,0.0,0.0,1541.1630789302014,0.0,0.0,0.0,0.0,2539,11280,8741
2020-03-04T09:00:00,5580.0,4.5474735088646414e-14,1620.0,0.0,0.0,707.1630789302014,0.0,0.0,0.0,0.0,3334,11241,7907
2020-03-04T10:00:00,5580.0,4.5474735088646414e-14,1460.1630789302014,0.0,0.0,0.0,0.0,0.0,0.0,0.0,3987,11027,7040
2020-03-04T11:00:00,5580.0,4.5474735088646414e-14,946.1630789302023,0.0,0.0,0.0,0.0,0.0,0.0,0.0,4393,10919,6526
2020-03-04T12:00:00,5580.0,6.821210263296964e-14,0.0,0.0,0.0,486.1630789302019,0.0,0.0,0.0,0.0,4752,10818,6066
2020-03-04T13:00:00,5580.0,4.5474735088646414e-14,0.0,0.0,0.0,0.0,15.8369210697972,0.0,0.0,0.0,4838,10402,5564
2020-03-04T14:00:00,5580.0,4.5474735088646414e-14,0.0,0.0,0.0,0.0,403.83692106979765,0.0,0.0,0.0,4872,10048,5176
2020-03-04T15:00:00,5580.0,4.5474735088646414e-14,0.0,0.0,0.0,0.0,895.8369210697977,0.0,0.0,0.0,4995,9679,4684
2020-03-04T16:00:00,5506.163078930203,4.5474735088646414e-14,210.0,0.0,0.0,0.0,1200.0,0.0,0.0,0.0,4899,9415,4516
2020-03-04T17:00:00,5580.0,4.5474735088646414e-14,210.0,0.0,0.0,0.0,1051.8369210697977,0.0,0.0,0.0,4715,9453,4738
2020-03-04T18:00:00,5580.0,4.5474735088646414e-14,441.1630789302024,0.0,0.0,0.0,0.0,0.0,0.0,0.0,4089,10110,6021
2020-03-04T19:00:00,5580.0,4.5474735088646414e-14,1080.0,0.0,0.0,0.0,0.0,545.1630789302014,0.0,0.0,3265,10470,7205
2020-03-04T20:00:00,5580.0,4.5474735088646414e-14,1067.1630789302023,0.0,0.0,0.0,0.0,0.0,0.0,0.0,3250,9897,6647
2020-03-04T21:00:00,5580.0,4.5474735088646414e-14,835.1630789302023,0.0,0.0,0.0,0.0,0.0,0.0,0.0,3048,9463,6415
2020-03-04T22:00:00,5580.0,4.5474735088646414e-14,1399.1630789302028,0.0,0.0,0.0,0.0,0.0,0.0,0.0,2764,9743,6979
2020-03-04T23:00:00,5580.0,4.5474735088646414e-14,697.0492498369215,0.0,0.0,0.0,0.0,1181.11382909328,0.0,0.0,2511,9969,7458
2020-03-05T00:00:00,5580.0,4.5474735088646414e-14,1355.1630789302026,0.0,0.0,0.0,0.0,0.0,0.0,0.0,2443,9378,6935
2020-03-05T01:00:00,5580.0,4.5474735088646414e-14,975.1630789302026,0.0,0.0,0.0,0.0,0.0,0.0,0.0,2435,8990,6555
2020-03-05T02:00:00,5580.0,4.5474735088646414e-14,641.1630789302026,0.0,0.0,0.0,0.0,0.0,0.0,0.0,2420,8641,6221
2020-03-05T03:00:00,5580.0,4.5474735088646414e-14,420.0,0.0,0.0,0.0,147.83692106979748,0.0,0.0,0.0,2319,8171,5852
2020-03-05T04:00:00,5580.0,4.5474735088646414e-14,210.0,0.0,0.0,0.0,109.8369210697975,0.0,0.0,0.0,2331,8011,5680
2020-03-05T05:00:00,5580.0,4.5474735088646414e-14,322.1630789302025,0.0,0.0,0.0,0.0,0.0,0.0,0.0,2249,8151,5902
2020-03-05T06:00:00,5580.0,4.5474735088646414e-14,540.0,0.0,0.0,0.0,0.0,182.16307893020252,0.0,0.0,2236,8538,6302
2020-03-05T07:00:00,5580.0,4.5474735088646414e-14,540.0,0.0,0.0,0.0,0.0,396.16307893020274,0.0,0.0,2216,8732,6516
2020-03-05T08:00:00,5580.0,4.5474735088646414e-14,540.0,0.0,0.0,0.0,0.0,564.1630789302025,0.0,0.0,2482,9166,6684
2020-03-05T09:00:00,5580.0,4.5474735088646414e-14,540.0,0.0,0.0,119.16307893020256,0.0,0.0,0.0,0.0,3188,9427,6239
2020-03-05T10:00:00,5580.0,4.5474735088646414e-14,0.0,0.0,0.0,0.0,46.83692106979743,0.0,0.0,0.0,3817,9350,5533
2020-03-05T11:00:00,5580.0,4.5474735088646414e-14,0.0,0.0,0.0,0.0,564.8369210697974,0.0,0.0,0.0,4325,9340,5015
2020-03-05T12:00:00,5580.0,4.5474735088646414e-14,0.0,0.0,0.0,0.0,596.8369210697974,0.0,0.0,0.0,4583,9566,4983
2020-03-05T13:00:00,5580.0,6.821210263296964e-14,0.0,0.0,0.0,0.0,974.836921069798,0.0,0.0,0.0,4519,9124,4605
2020-03-05T14:00:00,5551.163078930203,4.5474735088646414e-14,0.0,0.0,0.0,0.0,1200.0,0.0,0.0,0.0,4406,8757,4351
2020-03-05T15:00:00,5471.163078930203,4.5474735088646414e-14,0.0,0.0,0.0,0.0,1200.0,0.0,0.0,0.0,4231,8502,4271
2020-03-05T16:00:00,5553.163078930203,4.5474735088646414e-14,0.0,0.0,0.0,0.0,1200.0,0.0,0.0,0.0,3992,8345,4353
2020-03-05T17:00:00,5580.0,4.5474735088646414e-14,0.0,0.0,0.0,0.0,481.8369210697974,0.0,0.0,0.0,3476,8574,5098
2020-03-05T18:00:00,5580.0,4.5474735088646414e-14,866.1630789302026,0.0,0.0,0.0,0.0,0.0,0.0,0.0,2877,9323,6446
2020-03-05T19:00:00,5580.0,4.5474735088646414e-14,1620.0,0.0,0.0,0.0,0.0,334.1630789302026,0.0,0.0,2232,9766,7534
2020-03-05T20:00:00,5580.0,4.5474735088646414e-14,1426.1630789302026,0.0,0.0,0.0,0.0,0.0,0.0,0.0,2261,9267,7006
2020-03-05T21:00:00,5580.0,4.5474735088646414e-14,1026.1630789302026,0.0,0.0,0.0,0.0,0.0,0.0,0.0,2282,8888,6606
2020-03-05T22:00:00,5580.0,3.4106051316484814e-13,872.4623287671238,0.0,0.0,0.0,0.0,951.7007501630778,0.0,0.0,1874,9278,7404
2020-03-05T23:00:00,5580.0,1.591615728102624e-13,1620.0,0.0,0.0,0.0,0.0,210.16307893020257,0.0,0.0,2221,9631,7410
2020-03-06T00:00:00,5580.0,2.273736754432321e-13,1620.0,0.0,0.0,0.0,0.0,226.1630789302016,0.0,0.0,1850,9276,7426
2020-03-06T01:00:00,5580.0,2.273736754432321e-13,1117.1630789302028,0.0,0.0,0.0,0.0,0.0,0.0,0.0,2218,8915,6697
2020-03-06T02:00:00,5580.0,2.273736754432321e-13,1300.1630789302026,0.0,0.0,0.0,0.0,0.0,0.0,0.0,1654,8534,6880
2020-03-06T03:00:00,5580.0,2.273736754432321e-13,855.1630789302026,0.0,0.0,0.0,0.0,0.0,0.0,0.0,1579,8014,6435
2020-03-06T04:00:00,5580.0,2.273736754432321e-13,540.0,0.0,0.0,0.0,0.0,304.1630789302025,0.0,0.0,1350,7774,6424
2020-03-06T05:00:00,5580.0,2.273736754432321e-13,540.0,0.0,0.0,0.0,0.0,423.1630789302025,0.0,0.0,1248,7791,6543
2020-03-06T06:00:00,5580.0,2.273736754432321e-13,0.0,0.0,0.0,0.0,200.83692106979748,0.0,0.0,0.0,2615,7994,5379
2020-03-06T07:00:00,5580.0,6.821210263296964e-14,0.0,0.0,0.0,131.16307893020303,0.0,1200.0,0.0,0.0,1163,8074,6911
2020-03-06T08:00:00,5580.0,2.273736754432321e-13,0.0,0.0,0.0,236.1630789302017,0.0,1200.0,0.0,0.0,1607,8623,7016
2020-03-06T09:00:00,5580.0,2.273736754432321e-13,0.0,0.0,0.0,1261.1630789302026,0.0,0.0,0.0,0.0,2352,9193,6841
2020-03-06T10:00:00,5580.0,2.273736754432321e-13,0.0,0.0,0.0,0.0,592.8369210697973,0.0,0.0,0.0,4481,9468,4987
2020-03-06T11:00:00,5580.0,2.273736754432321e-13,0.0,0.0,0.0,0.0,903.8369210697974,0.0,0.0,0.0,5013,9689,4676
2020-03-06T12:00:00,5580.0,2.273736754432321e-13,0.0,0.0,0.0,0.0,865.8369210697974,0.0,0.0,0.0,5248,9962,4714
2020-03-06T13:00:00,5580.0,2.273736754432321e-13,0.0,0.0,0.0,0.0,28.836921069797427,0.0,0.0,0.0,3880,9431,5551
2020-03-06T14:00:00,5580.0,2.273736754432321e-13,0.0,0.0,0.0,0.0,508.8369210697974,0.0,0.0,0.0,3849,8920,5071
2020-03-06T15:00:00,5580.0,2.273736754432321e-13,0.0,0.0,0.0,0.0,724.8369210697974,0.0,0.0,0.0,3777,8632,4855
2020-03-06T16:00:00,4663.163078930202,6.821210263296964e-14,0.0,0.0,0.0,0.0,1200.0,0.0,0.0,0.0,5014,8477,3463
2020-03-06T17:00:00,5580.0,2.273736754432321e-13,0.0,0.0,0.0,0.0,0.0,34.16307893020257,0.0,0.0,3073,8687,5614
2020-03-06T18:00:00,5580.0,2.273736754432321e-13,630.0,0.0,0.0,0.0,0.0,697.1630789302025,0.0,0.0,2599,9506,6907
2020-03-06T19:00:00,5580.0,2.273736754432321e-13,945.3840508805098,0.0,0.0,0.0,0.0,323.7790280496929,0.0,0.0,3534,10383,6849
2020-03-06T20:00:00,5580.0,2.273736754432321e-13,1620.0,0.0,0.0,0.0,0.0,906.1630789302034,0.0,0.0,1888,9994,8106
2020-03-06T21:00:00,5580.0,2.273736754432321e-13,653.1630789302026,0.0,0.0,0.0,0.0,0.0,0.0,0.0,3276,9509,6233
2020-03-06T22:00:00,5580.0,2.273736754432321e-13,2160.0,0.0,0.0,0.0,0.0,145.1630789302016,0.0,0.0,1884,9769,7885
2020-03-06T23:00:00,5580.0,1.591615728102624e-13,2160.0,0.0,0.0,0.0,0.0,429.1630789302026,0.0,0.0,1865,10034,8169
2020-03-07T00:00:00,5580.0,-1.1368683772161608e-13,2160.0,0.0,0.0,0.0,0.0,25.163078930202182,0.0,0.0,1916,9681,7765
2020-03-07T01:00:00,5580.0,6.821210263296964e-14,1105.1630789302026,0.0,0.0,0.0,0.0,0.0,0.0,0.0,2737,9422,6685
2020-03-07T02:00:00,5580.0,4.5474735088646414e-14,1147.1630789302021,0.0,0.0,0.0,0.0,0.0,0.0,0.0,2449,9176,6727
2020-03-07T03:00:00,5580.0,4.5474735088646414e-14,1932.1630789302021,0.0,0.0,0.0,0.0,0.0,0.0,0.0,1294,8806,7512
2020-03-07T04:00:00,5580.0,4.5474735088646414e-14,1158.1630789302023,0.0,0.0,0.0,0.0,0.0,0.0,0.0,2075,8813,6738
2020-03-07T05:00:00,5580.0,4.5474735088646414e-14,1450.1630789302021,0.0,0.0,0.0,0.0,0.0,0.0,0.0,2392,9422,7030
2020-03-07T06:00:00,5580.0,4.5474735088646414e-14,2160.0,0.0,0.0,391.1544357470211,0.0,1058.008643183181,0.0,0.0,1450,10639,9189
2020-03-07T07:00:00,5580.0,4.5474735088646414e-14,2160.0,0.0,0.0,2153.163078930202,0.0,0.0,0.0,0.0,1495,11388,9893
2020-03-07T08:00:00,5580.0,4.5474735088646414e-14,2160.0,0.0,0.0,570.1630789302021,0.0,0.0,0.0,0.0,3449,11759,8310
2020-03-07T09:00:00,5580.0,4.5474735088646414e-14,2017.1630789302021,0.0,0.0,0.0,0.0,0.0,0.0,0.0,4340,11937,7597
2020-03-07T10:00:00,5580.0,6.821210263296964e-14,1080.0,0.0,0.0,1955.1630789302008,0.0,0.0,0.0,0.0,3297,11912,8615
2020-03-07T11:00:00,5580.0,4.5474735088646414e-14,1080.0,0.0,0.0,1642.163078930202,0.0,0.0,0.0,0.0,3648,11950,8302
2020-03-07T12:00:00,5580.0,4.5474735088646414e-14,540.0,0.0,0.0,201.16307893020215,0.0,0.0,0.0,0.0,5653,11974,6321
2020-03-07T13:00:00,5580.0,4.5474735088646414e-14,468.16307893020235,0.0,0.0,0.0,0.0,0.0,0.0,0.0,5611,11659,6048
2020-03-07T14:00:00,5580.0,4.5474735088646414e-14,0.0,0.0,0.0,98.16307893020216,0.0,0.0,0.0,0.0,5674,11352,5678
2020-03-07T15:00:00,5580.0,4.5474735088646414e-14,0.0,0.0,0.0,1184.163078930202,0.0,0.0,0.0,0.0,4247,11011,6764
2020-03-07T16:00:00,5580.0,4.5474735088646414e-14,0.0,0.0,0.0,1250.163078930202,0.0,0.0,0.0,0.0,3983,10813,6830
2020-03-07T17:00:00,5580.0,4.5474735088646414e-14,0.0,0.0,0.0,70.16307893020215,0.0,0.0,0.0,0.0,5268,10918,5650
2020-03-07T18:00:00,5580.0,4.5474735088646414e-14,1080.0,0.0,0.0,2127.163078930202,0.0,0.0,0.0,0.0,2965,11752,8787
2020-03-07T19:00:00,5580.0,6.821210263296964e-14,1080.0,0.0,0.0,1770.1630789302008,0.0,0.0,0.0,0.0,4039,12469,8430
2020-03-07T20:00:00,5580.0,4.5474735088646414e-14,1620.0,0.0,0.0,2140.163078930202,0.0,0.0,0.0,0.0,2215,11555,9340
2020-03-07T21:00:00,5580.0,4.5474735088646414e-14,1611.1630789302021,0.0,0.0,0.0,0.0,0.0,0.0,0.0,3616,10807,7191
2020-03-07T22:00:00,5580.0,4.5474735088646414e-14,2160.0,0.0,0.0,1587.163078930202,0.0,0.0,0.0,0.0,1692,11019,9327
2020-03-07T23:00:00,5580.0,4.5474735088646414e-14,2160.0,0.0,0.0,1643.163078930202,0.0,0.0,0.0,0.0,1804,11187,9383
2020-03-08T00:00:00,5580.0,4.5474735088646414e-14,2160.0,0.0,0.0,1157.1630789302023,0.0,0.0,0.0,0.0,1837,10734,8897
2020-03-08T01:00:00,5580.0,4.5474735088646414e-14,2160.0,0.0,0.0,1064.1630789302023,0.0,0.0,0.0,0.0,1675,10479,8804
2020-03-08T02:00:00,5580.0,4.5474735088646414e-14,2160.0,0.0,0.0,1060.1630789302023,0.0,0.0,0.0,0.0,1444,10244,8800
2020-03-08T03:00:00,5580.0,4.5474735088646414e-14,2043.1630789302023,0.0,0.0,0.0,0.0,0.0,0.0,0.0,2247,9870,7623
2020-03-08T04:00:00,5580.0,6.821210263296964e-14,2072.1630789302017,0.0,0.0,0.0,0.0,0.0,0.0,0.0,2193,9845,7652
2020-03-08T05:00:00,5580.0,4.5474735088646414e-14,2160.0,0.0,0.0,1180.1630789302023,0.0,0.0,0.0,0.0,1488,10408,8920
2020-03-08T06:00:00,5580.0,4.5474735088646414e-14,2160.0,0.0,0.0,2367.163078930202,0.0,0.0,0.0,0.0,1503,11610,10107
2020-03-08T07:00:00,5580.0,4.5474735088646414e-14,2160.0,0.0,0.0,1358.1630789302014,0.0,0.0,0.0,0.0,3210,12308,9098
2020-03-08T08:00:00,5580.0,4.5474735088646414e-14,2160.0,0.0,0.0,2983.163078930202,0.0,0.0,0.0,0.0,1831,12554,10723
2020-03-08T09:00:00,5580.0,4.5474735088646414e-14,2160.0,0.0,0.0,355.16307893020235,0.0,0.0,0.0,0.0,4424,12519,8095
2020-03-08T10:00:00,5580.0,4.5474735088646414e-14,2160.0,0.0,0.0,1285.1630789302023,0.0,0.0,0.0,0.0,3251,12276,9025
2020-03-08T11:00:00,5580.0,4.5474735088646414e-14,1219.1630789302023,0.0,0.0,0.0,0.0,0.0,0.0,0.0,5385,12184,6799
2020-03-08T12:00:00,5580.0,4.5474735088646414e-14,1620.0,0.0,0.0,842.1630789302023,0.0,0.0,0.0,0.0,4057,12099,8042
2020-03-08T13:00:00,5580.0,6.821210263296964e-14,771.1630789302023,0.0,0.0,0.0,0.0,0.0,0.0,0.0,5468,11819,6351
2020-03-08T14:00:00,5580.0,4.5474735088646414e-14,630.0,0.0,0.0,0.0,265.83692106979765,0.0,0.0,0.0,5587,11531,5944
2020-03-08T15:00:00,5580.0,4.5474735088646414e-14,630.0,0.0,0.0,0.0,327.83692106979765,0.0,0.0,0.0,5387,11269,5882
2020-03-08T16:00:00,5580.0,4.5474735088646414e-14,1620.0,0.0,0.0,0.0,0.0,420.1630789302035,0.0,0.0,3550,11170,7620
2020-03-08T17:00:00,5580.0,4.5474735088646414e-14,1620.0,0.0,0.0,948.0707762557092,0.0,25.092302674493,0.0,0.0,3109,11282,8173
2020-03-08T18:00:00,5580.0,4.5474735088646414e-14,1620.0,0.0,0.0,603.1630789302023,0.0,0.0,0.0,0.0,4215,12018,7803
2020-03-08T19:00:00,5580.0,4.5474735088646414e-14,2160.0,0.0,0.0,2496.163078930202,0.0,0.0,0.0,0.0,2221,12457,10236
2020-03-08T20:00:00,5580.0,4.5474735088646414e-14,2160.0,0.0,0.0,411.16307893020235,0.0,0.0,0.0,0.0,3282,11433,8151
2020-03-08T21:00:00,5580.0,4.5474735088646414e-14,2160.0,0.0,0.0,1474.1630789302023,0.0,0.0,0.0,0.0,1453,10667,9214
2020-03-08T22:00:00,5580.0,-2.0463630789890888e-13,2160.0,0.0,0.0,1512.1630789302014,0.0,0.0,0.0,0.0,1540,10792,9252
2020-03-08T23:00:00,5580.0,-2.046363078989089e-13,2160.0,0.0,0.0,219.1630789302017,0.0,0.0,0.0,0.0,2960,10919,7959
2020-03-09T00:00:00,5580.0,4.5474735088646414e-14,2160.0,0.0,0.0,1411.1630789302012,0.0,0.0,0.0,0.0,1251,10402,9151
2020-03-09T01:00:00,5580.0,4.5474735088646414e-14,1804.163078930203,0.0,0.0,0.0,0.0,0.0,0.0,0.0,2694,10078,7384
2020-03-09T02:00:00,5580.0,4.5474735088646414e-14,2160.0,0.0,0.0,852.1630789302013,0.0,0.0,0.0,0.0,1178,9770,8592
2020-03-09T03:00:00,5580.0,4.5474735088646414e-14,2160.0,0.0,0.0,465.1630789302014,0.0,0.0,0.0,0.0,1126,9331,8205
2020-03-09T04:00:00,5580.0,4.5474735088646414e-14,2160.0,0.0,0.0,211.1630789302032,0.0,0.0,0.0,0.0,1294,9245,7951
2020-03-09T05:00:00,5580.0,4.5474735088646414e-14,1752.1630789302033,0.0,0.0,0.0,0.0,0.0,0.0,0.0,2426,9758,7332
2020-03-09T06:00:00,5580.0,4.5474735088646414e-14,2160.0,0.0,0.0,305.1630789302014,0.0,0.0,0.0,0.0,2890,10935,8045
2020-03-09T07:00:00,5580.0,-2.046363078989089e-13,2160.0,0.0,0.0,2485.1630789302026,0.0,0.0,0.0,0.0,1424,11649,10225
2020-03-09T08:00:00,5580.0,4.5474735088646414e-14,2160.0,0.0,0.0,2441.163078930201,0.0,0.0,0.0,0.0,1780,11961,10181
2020-03-09T09:00:00,5580.0,4.5474735088646414e-14,2160.0,0.0,0.0,282.1630789302014,0.0,0.0,0.0,0.0,3970,11992,8022
2020-03-09T10:00:00,5580.0,4.5474735088646414e-14,1567.1630789302021,0.0,0.0,0.0,0.0,0.0,0.0,0.0,4691,11838,7147
2020-03-09T11:00:00,5580.0,4.5474735088646414e-14,1620.0,0.0,0.0,877.1630789302013,0.0,0.0,0.0,0.0,3779,11856,8077
2020-03-09T12:00:00,5580.0,4.5474735088646414e-14,870.1630789302023,0.0,0.0,0.0,0.0,0.0,0.0,0.0,5411,11861,6450
2020-03-09T13:00:00,5580.0,4.5474735088646414e-14,1080.0,0.0,0.0,540.1630789302031,0.0,0.0,0.0,0.0,4408,11608,7200
2020-03-09T14:00:00,5580.0,4.5474735088646414e-14,1080.0,0.0,0.0,129.1630789302023,0.0,0.0,0.0,0.0,4526,11315,6789
2020-03-09T15:00:00,5580.0,4.5474735088646414e-14,1080.0,0.0,0.0,75.16307893020227,0.0,0.0,0.0,0.0,4294,11029,6735
2020-03-09T16:00:00,5580.0,-2.046363078989089e-13,210.0,0.0,0.0,0.0,96.83692106979674,0.0,0.0,0.0,5181,10874,5693
2020-03-09T17:00:00,5580.0,4.5474735088646414e-14,318.1630789302023,0.0,0.0,0.0,0.0,0.0,0.0,0.0,5038,10936,5898
2020-03-09T18:00:00,5580.0,4.5474735088646414e-14,1080.0,0.0,0.0,1924.5353881278536,0.0,72.62769080234756,0.0,0.0,2975,11632,8657
2020-03-09T19:00:00,5580.0,4.5474735088646414e-14,1080.0,0.0,0.0,1068.163078930203,0.0,0.0,0.0,0.0,4193,11921,7728
2020-03-09T20:00:00,5580.0,4.5474735088646414e-14,1080.0,0.0,0.0,1808.1630789302012,0.0,0.0,0.0,0.0,2549,11017,8468
2020-03-09T21:00:00,5580.0,4.5474735088646414e-14,772.1630789302023,0.0,0.0,0.0,0.0,0.0,0.0,0.0,3983,10335,6352
2020-03-09T22:00:00,5580.0,4.5474735088646414e-14,963.1630789302023,0.0,0.0,0.0,0.0,0.0,0.0,0.0,3914,10457,6543
2020-03-09T23:00:00,5580.0,4.5474735088646414e-14,1620.0,0.0,0.0,1068.1630789302012,0.0,0.0,0.0,0.0,2316,10584,8268
2020-03-10T00:00:00,5580.0,-1.3642420526593928e-13,1391.1630789302021,0.0,0.0,0.0,0.0,0.0,0.0,0.0,3088,10059,6971
2020-03-10T01:00:00,5580.0,6.821210263296964e-14,2160.0,0.0,0.0,189.16307893020291,0.0,0.0,0.0,0.0,1808,9737,7929
2020-03-10T02:00:00,5580.0,-1.3642420526593928e-13,2102.163078930202,0.0,0.0,0.0,0.0,0.0,0.0,0.0,1763,9445,7682
2020-03-10T03:00:00,5580.0,-1.3642420526593928e-13,1188.1630789302021,0.0,0.0,0.0,0.0,0.0,0.0,0.0,2264,9032,6768
2020-03-10T04:00:00,5580.0,-1.3642420526593928e-13,1769.163078930203,0.0,0.0,0.0,0.0,0.0,0.0,0.0,1626,8975,7349
2020-03-10T05:00:00,5580.0,-1.3642420526593928e-13,2160.0,0.0,0.0,38.16307893020219,0.0,0.0,0.0,0.0,1732,9510,7778
2020-03-10T06:00:00,5580.0,-1.3642420526593928e-13,2013.1630789302021,0.0,0.0,0.0,0.0,0.0,0.0,0.0,3112,10705,7593
2020-03-10T07:00:00,5580.0,-1.3642420526593928e-13,2160.0,0.0,0.0,1976.1630789302023,0.0,0.0,0.0,0.0,1694,11410,9716
2020-03-10T08:00:00,5580.0,-1.3642420526593928e-13,2160.0,0.0,0.0,771.1630789302022,0.0,0.0,0.0,0.0,3178,11689,8511
2020-03-10T09:00:00,5580.0,-1.3642420526593928e-13,2160.0,0.0,0.0,344.1630789302022,0.0,0.0,0.0,0.0,3572,11656,8084
2020-03-10T10:00:00,5580.0,6.821210263296964e-14,1620.0,0.0,0.0,1443.1630789302028,0.0,0.0,0.0,0.0,2757,11400,8643
2020-03-10T11:00:00,5580.0,-1.3642420526593928e-13,1620.0,0.0,0.0,830.1630789302022,0.0,0.0,0.0,0.0,3263,11293,8030
2020-03-10T12:00:00,5580.0,-1.3642420526593928e-13,1620.0,0.0,0.0,268.1630789302022,0.0,0.0,0.0,0.0,3712,11180,7468
2020-03-10T13:00:00,5580.0,-1.3642420526593928e-13,420.0,0.0,0.0,0.0,186.83692106979777,0.0,0.0,0.0,5088,10901,5813
2020-03-10T14:00:00,5580.0,-1.3642420526593928e-13,768.1630789302022,0.0,0.0,0.0,0.0,0.0,0.0,0.0,4292,10640,6348
2020-03-10T15:00:00,5580.0,-1.3642420526593928e-13,354.1630789302022,0.0,0.0,0.0,0.0,0.0,0.0,0.0,4411,10345,5934
2020-03-10T16:00:00,5580.0,-1.3642420526593928e-13,477.1630789302022,0.0,0.0,0.0,0.0,0.0,0.0,0.0,4114,10171,6057
2020-03-10T17:00:00,5580.0,-1.3642420526593928e-13,210.0,0.0,0.0,0.0,77.83692106979788,0.0,0.0,0.0,4539,10251,5712
2020-03-10T18:00:00,5580.0,-1.3642420526593928e-13,1080.0,0.0,0.0,733.6576973255056,0.0,198.5053816046967,0.0,0.0,3402,10994,7592
2020-03-10T19:00:00,5580.0,6.821210263296964e-14,1080.0,0.0,0.0,817.1630789302029,0.0,0.0,0.0,0.0,3877,11354,7477
2020-03-10T20:00:00,5580.0,-1.3642420526593928e-13,1080.0,0.0,0.0,1574.1630789302023,0.0,0.0,0.0,0.0,2281,10515,8234
2020-03-10T21:00:00,5580.0,-1.3642420526593928e-13,765.1630789302022,0.0,0.0,0.0,0.0,0.0,0.0,0.0,3542,9887,6345
2020-03-10T22:00:00,5580.0,-1.818989403545857e-13,1620.0,0.0,0.0,858.1630789302031,0.0,0.0,0.0,0.0,1975,10033,8058
2020-03-10T23:00:00,5580.0,4.3200998334214094e-13,2160.0,0.0,0.0,577.1630789302008,0.0,0.0,0.0,0.0,1865,10182,8317
